{"type":"FeatureCollection","features":[{"type":"Feature","id":13458,"geometry":{"type":"LineString","coordinates":[[59.7276602,55.2039412],[59.7266732,55.2035371]]},"properties":{"name":"Златоуст","type":"Обособленные","lanes":1,"length":77.2848466455187,"population":158597,"short_name":"Златоуст","lanes_length":77.2848466455187}},{"type":"Feature","id":13459,"geometry":{"type":"LineString","coordinates":[[59.7120727,55.1985547],[59.7110642,55.1979423],[59.7106779,55.1973177]]},"properties":{"name":"Златоуст","type":"Обособленные","lanes":1,"length":167.41802693804644,"population":158597,"short_name":"Златоуст","lanes_length":167.41802693804644}},{"type":"Feature","id":13460,"geometry":{"type":"LineString","coordinates":[[59.7104204,55.1952663],[59.7092617,55.1917817],[59.7064288,55.1852031],[59.7062677,55.1821648],[59.702191,55.1796595],[59.6999564,55.1770023],[59.6961772,55.1757664],[59.6868298,55.1748245],[59.6818817,55.1729755]]},"properties":{"name":"Златоуст","type":"Обособленные","lanes":1,"length":3455.5342057159323,"population":158597,"short_name":"Златоуст","lanes_length":3455.5342057159323}},{"type":"Feature","id":13461,"geometry":{"type":"LineString","coordinates":[[59.6757387,55.1714486],[59.6729814,55.1713138],[59.6728526,55.1718898],[59.6729063,55.1738199]]},"properties":{"name":"Златоуст","type":"Обособленные","lanes":1,"length":455.88402072959803,"population":158597,"short_name":"Златоуст","lanes_length":455.88402072959803}},{"type":"Feature","id":13462,"geometry":{"type":"LineString","coordinates":[[59.6517275,55.1802619],[59.649732,55.1816096],[59.6495174,55.1850767],[59.6517061,55.1905769],[59.6543239,55.1923285]]},"properties":{"name":"Златоуст","type":"Обособленные","lanes":1,"length":1467.4227104840115,"population":158597,"short_name":"Златоуст","lanes_length":1467.4227104840115}},{"type":"Feature","id":13463,"geometry":{"type":"LineString","coordinates":[[59.6526288,55.19566],[59.6477793,55.1960029],[59.6379517,55.1946557],[59.6353124,55.194031]]},"properties":{"name":"Златоуст","type":"Обособленные","lanes":1,"length":1136.648259802589,"population":158597,"short_name":"Златоуст","lanes_length":1136.648259802589}},{"type":"Feature","id":13464,"geometry":{"type":"LineString","coordinates":[[59.6729814,55.1713138],[59.671389,55.1707836],[59.6712258,55.1705859],[59.6714059,55.1702473],[59.6766845,55.1665889],[59.6771995,55.1647381],[59.6797101,55.1626789],[59.6779076,55.1605337],[59.6722428,55.1562431],[59.6701829,55.1561695],[59.6681543,55.1550388],[59.667896,55.1547112],[59.6695262,55.1515238],[59.6678197,55.1404031],[59.6693192,55.1379794],[59.6949675,55.1248901],[59.6981956,55.1190761],[59.7187952,55.1043081]]},"properties":{"name":"Златоуст","type":"Обособленные","lanes":1,"length":9287.292429035493,"population":158597,"short_name":"Златоуст","lanes_length":9287.292429035493}},{"type":"Feature","id":13465,"geometry":{"type":"LineString","coordinates":[[49.0912958,55.7957793],[49.092948,55.7951762],[49.0953298,55.7937649],[49.0976482,55.7923162],[49.0985708,55.7915682],[49.1011672,55.7894932]]},"properties":{"name":"Казань","type":"Обособленные","lanes":1,"length":941.5522952045047,"population":1318604,"short_name":"Казань","lanes_length":941.5522952045047}},{"type":"Feature","id":13466,"geometry":{"type":"LineString","coordinates":[[49.0701927,55.8008276],[49.0708536,55.8013719],[49.0716046,55.8018845],[49.0732315,55.8029888],[49.0740791,55.8035797],[49.0745833,55.8040501],[49.0747765,55.8044721],[49.0748945,55.8052138],[49.0750447,55.8061062],[49.0751949,55.8084576],[49.0754196,55.810108],[49.0755591,55.8120915],[49.0756986,55.8130742],[49.0761277,55.8153468],[49.0769968,55.8190057],[49.0773938,55.8207718],[49.0775225,55.8211394],[49.0777693,55.8214167],[49.0783272,55.821706],[49.0793571,55.8221399]]},"properties":{"name":"Казань","type":"Обособленные","lanes":1,"length":2529.2908097255668,"population":1318604,"short_name":"Казань","lanes_length":2529.2908097255668}},{"type":"Feature","id":13467,"geometry":{"type":"LineString","coordinates":[[49.0793571,55.8221399],[49.0767152,55.8232179],[49.0765329,55.8234348],[49.0767474,55.8238507],[49.0771551,55.8243328],[49.0773268,55.8247667],[49.0780349,55.8255261],[49.078228,55.8258877],[49.0785284,55.8278041],[49.0788074,55.8293347],[49.0790863,55.8298168],[49.0800263,55.8306566],[49.0801604,55.8309398],[49.0801873,55.8315394],[49.0802946,55.8324552],[49.0804769,55.833576],[49.080713,55.8355522],[49.0808632,55.8373416],[49.0811529,55.8401129],[49.0813674,55.8404984],[49.0819253,55.8410285],[49.0834381,55.8421611],[49.0840604,55.8424141],[49.0846505,55.8426008],[49.0850796,55.8428659],[49.0852513,55.8431671],[49.0851547,55.8435767],[49.0841247,55.8471365],[49.0840067,55.848305],[49.0842428,55.850148],[49.0844895,55.8529063],[49.0846075,55.8541469],[49.0847363,55.8544119],[49.0853478,55.8545504],[49.0859486,55.8545203],[49.0863885,55.8546347],[49.0904655,55.8578985],[49.0917744,55.8590908],[49.0926971,55.8595725],[49.0935339,55.8596447],[49.0945854,55.8593075],[49.0969457,55.8584043],[49.0977396,55.8582839],[49.0997567,55.8584284],[49.1016878,55.8586452],[49.1031577,55.8597772],[49.106033,55.8619448],[49.1072427,55.8627501]]},"properties":{"name":"Казань","type":"Обособленные","lanes":1,"length":5803.960986275806,"population":1318604,"short_name":"Казань","lanes_length":5803.960986275806}},{"type":"Feature","id":13468,"geometry":{"type":"LineString","coordinates":[[49.0459814,55.8661892],[49.0417409,55.8662826],[49.0325409,55.8665294],[49.0262752,55.866722],[49.0191942,55.8668966],[49.0113622,55.8670893],[49.0031761,55.8669327],[49.0017169,55.8669026],[49.0014165,55.8668063],[49.0013092,55.8664933],[49.0013092,55.8663127]]},"properties":{"name":"Казань","type":"Обособленные","lanes":1,"length":2851.226932890193,"population":1318604,"short_name":"Казань","lanes_length":2851.226932890193}},{"type":"Feature","id":13469,"geometry":{"type":"LineString","coordinates":[[49.0793571,55.8221399],[49.0849378,55.8243939],[49.0883496,55.8256535],[49.090828,55.8264851],[49.091933,55.8267081],[49.095141,55.8270335],[49.0998402,55.8270998],[49.108552,55.8270938],[49.1204717,55.8270757],[49.1307071,55.8270878],[49.1363933,55.8270697],[49.1440859,55.8270938],[49.1488602,55.8271119],[49.1501477,55.8269672],[49.151403,55.8267563],[49.1537955,55.8261356],[49.1578081,55.8249785],[49.1654256,55.822833],[49.1731825,55.820627],[49.1743305,55.8202413],[49.175457,55.8197591],[49.1763797,55.8191503],[49.1771951,55.8185536],[49.1793194,55.8170828],[49.179888,55.8166609]]},"properties":{"name":"Казань","type":"Обособленные","lanes":1,"length":6817.745091925488,"population":1318604,"short_name":"Казань","lanes_length":6817.745091925488}},{"type":"Feature","id":13470,"geometry":{"type":"LineString","coordinates":[[37.829096,59.1359158],[37.8297075,59.1354645],[37.8354474,59.1336922],[37.8402432,59.1326298],[37.8437194,59.1326628],[37.8453287,59.1330261],[37.8507575,59.1352168],[37.8525385,59.135536],[37.8641685,59.1355911],[37.8902522,59.1353758],[37.8935048,59.1355992],[37.8979501,59.1351649],[37.9090702,59.132357],[37.9145726,59.131595]]},"properties":{"name":"Череповец","type":"Обособленные","lanes":1,"length":5188.29726923573,"population":298790,"short_name":"Череповец","lanes_length":5188.29726923573}},{"type":"Feature","id":13471,"geometry":{"type":"LineString","coordinates":[[20.5226215,54.6852965],[20.5235764,54.6918577],[20.5237051,54.6921678],[20.5240699,54.6943876],[20.5240377,54.6945302]]},"properties":{"name":"Калининград","type":"Обособленные","lanes":1,"length":1032.7025489445148,"population":489584,"short_name":"Калининград","lanes_length":1032.7025489445148}},{"type":"Feature","id":13472,"geometry":{"type":"LineString","coordinates":[[37.9222451,59.1307147],[37.9246162,59.1304395]]},"properties":{"name":"Череповец","type":"Обособленные","lanes":1,"length":139.18158151838304,"population":298790,"short_name":"Череповец","lanes_length":139.18158151838304}},{"type":"Feature","id":13473,"geometry":{"type":"LineString","coordinates":[[37.9328881,59.1294651],[37.959045,59.1263433],[38.0082796,59.1196429]]},"properties":{"name":"Череповец","type":"Обособленные","lanes":1,"length":4454.432645116512,"population":298790,"short_name":"Череповец","lanes_length":4454.432645116512}},{"type":"Feature","id":13474,"geometry":{"type":"LineString","coordinates":[[20.5147037,54.7077539],[20.51476,54.7083352],[20.5149638,54.7085894],[20.5154895,54.708639],[20.517013,54.7087071],[20.5184078,54.7087939],[20.5211114,54.7090047],[20.5221307,54.7090976],[20.5223453,54.7092154],[20.522238,54.7094633],[20.5221092,54.710046],[20.5222165,54.7101947],[20.5225169,54.7106038],[20.5226028,54.7108331],[20.5225384,54.7112422],[20.5223882,54.7122029],[20.5222809,54.7127669],[20.5222594,54.7134734],[20.5223989,54.714025],[20.5226993,54.7147192],[20.5230426,54.715184],[20.5236005,54.7157727],[20.5242443,54.7162561],[20.5247378,54.7166341],[20.5250811,54.7171485],[20.5251884,54.7176814],[20.5250489,54.7183755],[20.5249524,54.71946],[20.5249631,54.7205568],[20.5249738,54.7210711],[20.5249095,54.7212694],[20.5247271,54.7213871],[20.5243408,54.7214615],[20.5238258,54.7215482]]},"properties":{"name":"Калининград","type":"Обособленные","lanes":1,"length":2056.4074729186914,"population":489584,"short_name":"Калининград","lanes_length":2056.4074729186914}},{"type":"Feature","id":13475,"geometry":{"type":"LineString","coordinates":[[37.9344561,59.1339254],[37.925358,59.1372829],[37.9216673,59.1385597],[37.9198863,59.137481],[37.917247,59.1315145]]},"properties":{"name":"Череповец","type":"Обособленные","lanes":1,"length":1735.1260313637279,"population":298790,"short_name":"Череповец","lanes_length":1735.1260313637279}},{"type":"Feature","id":13476,"geometry":{"type":"LineString","coordinates":[[20.499034,54.7219659],[20.4991179,54.7222646],[20.4991501,54.7226239]]},"properties":{"name":"Калининград","type":"Обособленные","lanes":1,"length":73.73790901112184,"population":489584,"short_name":"Калининград","lanes_length":73.73790901112184}},{"type":"Feature","id":13477,"geometry":{"type":"LineString","coordinates":[[20.4988658,54.7233024],[20.4987961,54.7233985]]},"properties":{"name":"Калининград","type":"Обособленные","lanes":1,"length":11.602160679247456,"population":489584,"short_name":"Калининград","lanes_length":11.602160679247456}},{"type":"Feature","id":13478,"geometry":{"type":"LineString","coordinates":[[20.4976642,54.7246501],[20.4973155,54.7249103],[20.4967898,54.7252573],[20.4959476,54.725818]]},"properties":{"name":"Калининград","type":"Обособленные","lanes":1,"length":170.7378057908195,"population":489584,"short_name":"Калининград","lanes_length":170.7378057908195}},{"type":"Feature","id":13479,"geometry":{"type":"LineString","coordinates":[[20.4929328,54.7282808],[20.4919406,54.7290633],[20.4915651,54.7294475],[20.491093,54.729782]]},"properties":{"name":"Калининград","type":"Обособленные","lanes":1,"length":205.25986903946801,"population":489584,"short_name":"Калининград","lanes_length":205.25986903946801}},{"type":"Feature","id":13480,"geometry":{"type":"LineString","coordinates":[[20.4898803,54.7302714],[20.4886465,54.7300112],[20.4879492,54.7298873],[20.4868226,54.7297386],[20.4859643,54.7296209],[20.4855459,54.7295341],[20.4815119,54.7285739],[20.4743879,54.7269878],[20.4691415,54.7258416],[20.464217,54.7247759],[20.4629295,54.7245033],[20.4620927,54.7242926],[20.4613524,54.7239766],[20.4606765,54.7236173],[20.4597967,54.7229976],[20.4594963,54.7229047],[20.4588955,54.7228117],[20.457726,54.7225701],[20.4573076,54.7223594],[20.4572969,54.7221642],[20.4573076,54.7219567],[20.4569106,54.7216406],[20.4567282,54.7215291],[20.455945,54.7213246],[20.455312,54.7212379],[20.4546576,54.7211697],[20.4536598,54.7210272],[20.4529517,54.7209157],[20.4521899,54.7209033],[20.4506557,54.7209033]]},"properties":{"name":"Калининград","type":"Обособленные","lanes":1,"length":2803.937797329177,"population":489584,"short_name":"Калининград","lanes_length":2803.937797329177}},{"type":"Feature","id":13481,"geometry":{"type":"LineString","coordinates":[[91.3836194,52.8344593],[91.3870312,52.8353667],[91.3917519,52.8362546],[91.3988973,52.8384193],[91.4154841,52.8489819],[91.4221145,52.8562381],[91.4212079,52.8619969]]},"properties":{"name":"Черёмушки","type":"Обособленные","lanes":1,"length":4311.180464685459,"population":241057,"short_name":"Черёмушки","lanes_length":4311.180464685459}},{"type":"Feature","id":13482,"geometry":{"type":"LineString","coordinates":[[39.8115456,57.6374581],[39.813981,57.6381128],[39.8141795,57.6381358],[39.8146087,57.6381358],[39.8239267,57.6379721],[39.833529,57.63784],[39.836297,57.6377998],[39.8395157,57.6377223],[39.8468864,57.637573],[39.8542785,57.6374552],[39.8579585,57.6373863],[39.8583179,57.6373375],[39.8591065,57.6372026],[39.860115,57.637082],[39.8616171,57.6367029],[39.8644602,57.6361171],[39.8658657,57.635807],[39.8661393,57.6356405],[39.866268,57.6354509],[39.8662412,57.635247],[39.8661714,57.6350288],[39.8657745,57.634018],[39.8651898,57.6326252],[39.8650717,57.6323638],[39.8650717,57.6321829],[39.8651629,57.632091],[39.8654097,57.6319532],[39.8658013,57.6319216],[39.8696798,57.6315827],[39.8699695,57.631508],[39.8701518,57.6313644],[39.8701572,57.6312409],[39.8700928,57.6310772],[39.8697763,57.6302788],[39.869492,57.6296441],[39.8694867,57.6296642]]},"properties":{"name":"Ярославль","type":"Обособленные","lanes":1,"length":4243.1071625495415,"population":567443,"short_name":"Ярославль","lanes_length":4243.1071625495415}},{"type":"Feature","id":13483,"geometry":{"type":"LineString","coordinates":[[39.8595388,57.6371369],[39.8592706,57.6372517],[39.8589916,57.6374642],[39.8587449,57.6377686],[39.8531659,57.6438669],[39.8523934,57.6449119],[39.8512347,57.6462899],[39.8473187,57.6506647],[39.8454411,57.6527428],[39.8451622,57.653202],[39.8449583,57.653954],[39.8434348,57.6603653],[39.8431881,57.6609277],[39.8430057,57.6618517],[39.8426623,57.6635791],[39.8423083,57.6649449],[39.8419006,57.665536],[39.8413856,57.6659033],[39.8408706,57.6661672],[39.8397656,57.6665517],[39.8389609,57.6668329],[39.8385639,57.6669993],[39.8378558,57.6675387],[39.8374589,57.6680149],[39.8370941,57.6686117],[39.8366971,57.66891],[39.8360212,57.6694551],[39.833457,57.6709355],[39.8322554,57.6714461],[39.8303135,57.6722723],[39.8291226,57.6726452],[39.8246701,57.6738328],[39.8244341,57.6740279],[39.8242517,57.6744467],[39.8238547,57.6747794],[39.8223741,57.6757375],[39.8190589,57.6778428],[39.8147781,57.6806192],[39.81142,57.6826898],[39.8112913,57.6828045],[39.8111625,57.6829136]]},"properties":{"name":"Ярославль","type":"Обособленные","lanes":1,"length":6094.60752339642,"population":567443,"short_name":"Ярославль","lanes_length":6094.60752339642}},{"type":"Feature","id":13484,"geometry":{"type":"LineString","coordinates":[[39.8111625,57.6829136],[39.8108701,57.6832471]]},"properties":{"name":"Ярославль","type":"Обособленные","lanes":1,"length":41.034465951451175,"population":567443,"short_name":"Ярославль","lanes_length":41.034465951451175}},{"type":"Feature","id":13485,"geometry":{"type":"LineString","coordinates":[[39.8108701,57.6832471],[39.8042719,57.6870807],[39.8033814,57.6873388],[39.802684,57.6877517],[39.8009781,57.6887152],[39.7993473,57.6894779],[39.7933821,57.6921444],[39.7931139,57.6921903],[39.7928457,57.6921329]]},"properties":{"name":"Ярославль","type":"Обособленные","lanes":1,"length":1477.5616191796046,"population":567443,"short_name":"Ярославль","lanes_length":1477.5616191796046}},{"type":"Feature","id":13486,"geometry":{"type":"LineString","coordinates":[[39.8246701,57.6738328],[39.8221555,57.6744224],[39.8179498,57.6751682],[39.8152462,57.6755124],[39.8126927,57.6757648],[39.8030153,57.6766024],[39.8011914,57.6767515],[39.8001829,57.6767745],[39.7996035,57.6768892],[39.7988954,57.6771875],[39.79808,57.6776694],[39.7973934,57.6777956],[39.7967711,57.6777382],[39.7960416,57.6774629],[39.7895613,57.675042],[39.7890464,57.6749731],[39.7885957,57.6751223],[39.7875872,57.6757992],[39.7873083,57.675914],[39.7853771,57.6766712],[39.7845617,57.6771416],[39.784154,57.6774514],[39.7841111,57.6777382],[39.7842398,57.6785528],[39.7840896,57.6788281],[39.7835317,57.6790232],[39.778854,57.6804113],[39.7766653,57.6810423],[39.7737685,57.6818912],[39.7726098,57.6822927],[39.7716013,57.6827286],[39.7703996,57.6834628],[39.768447,57.6845525],[39.7594348,57.6897714],[39.7575894,57.6908839],[39.7571817,57.691205],[39.7573748,57.6914917],[39.7579756,57.6918014],[39.7630397,57.6943129],[39.7635332,57.6945767],[39.7637048,57.6948748],[39.7634473,57.6951386],[39.7632971,57.6953221],[39.7633401,57.6955514],[39.7637048,57.6957693],[39.7639194,57.6959642],[39.7637907,57.696228],[39.7631899,57.6966179],[39.7630611,57.6968587],[39.7632757,57.6971453],[39.7636405,57.6973747],[39.7722665,57.7016974],[39.7743049,57.7026605],[39.7748843,57.7026605],[39.7756138,57.7024197],[39.7765365,57.7017891],[39.7775236,57.7011814]]},"properties":{"name":"Ярославль","type":"Обособленные","lanes":1,"length":7030.499801878602,"population":567443,"short_name":"Ярославль","lanes_length":7030.499801878602}},{"type":"Feature","id":13487,"geometry":{"type":"LineString","coordinates":[[103.6520351,52.7300887],[103.6600388,52.7333566],[103.6689008,52.7380144],[103.6693944,52.7390667],[103.6688579,52.7437564],[103.6652316,52.7498808],[103.6568631,52.7527576],[103.6489023,52.7583677],[103.6386884,52.7661974],[103.6202247,52.7768931]]},"properties":{"name":"Усолье-Сибирское","type":"Обособленные","lanes":1,"length":7120.071924099109,"population":72594,"short_name":"Усолье-Сибирское","lanes_length":7120.071924099109}},{"type":"Feature","id":13488,"geometry":{"type":"LineString","coordinates":[[103.6083728,52.7713669],[103.6270839,52.7804792]]},"properties":{"name":"Усолье-Сибирское","type":"Обособленные","lanes":1,"length":1619.4729515948059,"population":72594,"short_name":"Усолье-Сибирское","lanes_length":1619.4729515948059}},{"type":"Feature","id":13489,"geometry":{"type":"LineString","coordinates":[[103.6486683,52.758283],[103.6392055,52.7568415],[103.6333582,52.7538871],[103.6304936,52.7536663],[103.6275539,52.7521078],[103.6331651,52.7481204]]},"properties":{"name":"Усолье-Сибирское","type":"Обособленные","lanes":1,"length":2214.480699986115,"population":72594,"short_name":"Усолье-Сибирское","lanes_length":2214.480699986115}},{"type":"Feature","id":13490,"geometry":{"type":"LineString","coordinates":[[35.9882694,52.9182857],[36.001895,52.9184022],[36.004942,52.9164356],[36.0154777,52.9222834],[36.0201555,52.9242433],[36.0216361,52.9256921],[36.0485654,52.9409989]]},"properties":{"name":"Орёл","type":"Обособленные","lanes":1,"length":5236.935495265079,"population":292406,"short_name":"Орёл","lanes_length":5236.935495265079}},{"type":"Feature","id":13491,"geometry":{"type":"LineString","coordinates":[[36.0485512,52.9410893],[36.0418994,52.9451624],[36.0481608,52.948567],[36.0469338,52.9497477],[36.0523551,52.950661]]},"properties":{"name":"Орёл","type":"Обособленные","lanes":1,"length":1736.461331840811,"population":292406,"short_name":"Орёл","lanes_length":1736.461331840811}},{"type":"Feature","id":13492,"geometry":{"type":"LineString","coordinates":[[36.1073109,52.9679935],[36.1118733,52.9676608]]},"properties":{"name":"Орёл","type":"Обособленные","lanes":1,"length":308.7624452441535,"population":292406,"short_name":"Орёл","lanes_length":308.7624452441535}},{"type":"Feature","id":13493,"geometry":{"type":"LineString","coordinates":[[36.1101379,52.9727201],[36.1124553,52.972817],[36.1119618,52.9752721],[36.1120476,52.9768807]]},"properties":{"name":"Орёл","type":"Обособленные","lanes":1,"length":610.3835334879278,"population":292406,"short_name":"Орёл","lanes_length":610.3835334879278}},{"type":"Feature","id":13494,"geometry":{"type":"LineString","coordinates":[[36.0958469,52.9577294],[36.0973918,52.955784],[36.1020803,52.9494041],[36.1023807,52.9481112]]},"properties":{"name":"Орёл","type":"Обособленные","lanes":1,"length":1162.171666377042,"population":292406,"short_name":"Орёл","lanes_length":1162.171666377042}},{"type":"Feature","id":13495,"geometry":{"type":"LineString","coordinates":[[38.749053,55.1028504],[38.7679485,55.0926457],[38.7637401,55.0840514],[38.7599628,55.07359],[38.7604172,55.0710887],[38.7590999,55.0695617],[38.7545685,55.0680548],[38.74931,55.0655195],[38.7414456,55.0616341],[38.7275361,55.0591994],[38.7260718,55.0626876]]},"properties":{"name":"Коломна","type":"Обособленные","lanes":1,"length":7074.769125806079,"population":132247,"short_name":"Коломна","lanes_length":7074.769125806079}},{"type":"Feature","id":13496,"geometry":{"type":"LineString","coordinates":[[38.740791,55.0614],[38.7479257,55.0563982],[38.7481832,55.0558943],[38.7486982,55.055796],[38.7490415,55.0560418],[38.7491488,55.0563613],[38.7575602,55.0605521],[38.7561011,55.0654674],[38.7533545,55.0672859]]},"properties":{"name":"Коломна","type":"Обособленные","lanes":1,"length":2418.815826098851,"population":132247,"short_name":"Коломна","lanes_length":2418.815826098851}},{"type":"Feature","id":13497,"geometry":{"type":"LineString","coordinates":[[38.7626886,55.0807379],[38.7872147,55.073736],[38.7942528,55.0737606],[38.8022136,55.0750751],[38.8102817,55.0747803],[38.8147449,55.0762053],[38.8166761,55.0783672],[38.8165044,55.0802097],[38.7686109,55.0939397],[38.7680261,55.0928038]]},"properties":{"name":"Коломна","type":"Обособленные","lanes":1,"length":7597.74465841607,"population":132247,"short_name":"Коломна","lanes_length":7597.74465841607}},{"type":"Feature","id":13498,"geometry":{"type":"LineString","coordinates":[[38.7715934,55.0932112],[38.7727843,55.094789],[38.7709282,55.095802],[38.7762926,55.0992152],[38.778138,55.0994362]]},"properties":{"name":"Коломна","type":"Обособленные","lanes":1,"length":986.8517342811248,"population":132247,"short_name":"Коломна","lanes_length":986.8517342811248}},{"type":"Feature","id":13499,"geometry":{"type":"LineString","coordinates":[[43.0023533,44.0457969],[43.006487,44.044719],[43.009364,44.043977],[43.012206,44.043228],[43.015622,44.042322],[43.018505,44.04158],[43.021439,44.040806],[43.024273,44.040065],[43.025895,44.03963],[43.027537,44.039202],[43.027587,44.039189]]},"properties":{"name":"г. о. Пятигорск","type":"Обособленные","lanes":1,"length":2151.619949268683,"population":142895,"short_name":"г. о. Пятигорск","lanes_length":2151.619949268683}},{"type":"Feature","id":13500,"geometry":{"type":"LineString","coordinates":[[43.079119,44.034766],[43.07925,44.034639],[43.079401,44.034506],[43.079519,44.03444],[43.080162,44.034267],[43.080819,44.034104],[43.081476,44.033973],[43.081876,44.03398],[43.083542,44.034233],[43.084386,44.034284],[43.084768,44.034308],[43.085227,44.034383]]},"properties":{"name":"г. о. Пятигорск","type":"Обособленные","lanes":1,"length":518.9051157400838,"population":142895,"short_name":"г. о. Пятигорск","lanes_length":518.9051157400838}},{"type":"Feature","id":13501,"geometry":{"type":"LineString","coordinates":[[43.101842,44.040264],[43.101847,44.040265],[43.102098,44.040452],[43.102514,44.040799],[43.102773,44.040972],[43.103029,44.041118],[43.10335,44.041262],[43.103702,44.041396],[43.104091,44.041536],[43.104487,44.041669],[43.104814,44.041781],[43.105132,44.041896],[43.105952,44.042336],[43.10671,44.04275],[43.106902,44.042856],[43.1076255,44.0431459]]},"properties":{"name":"г. о. Пятигорск","type":"Обособленные","lanes":1,"length":568.1668777244736,"population":142895,"short_name":"г. о. Пятигорск","lanes_length":568.1668777244736}},{"type":"Feature","id":13502,"geometry":{"type":"LineString","coordinates":[[43.0884594,44.031409],[43.0890614,44.030853],[43.0891624,44.030761],[43.0896424,44.030313],[43.0899274,44.030119],[43.0902854,44.029961],[43.0906514,44.029885],[43.0909314,44.029841],[43.0918684,44.029734],[43.0923444,44.029679],[43.0925414,44.029681],[43.0944444,44.029841],[43.0946774,44.029875],[43.0955744,44.030111],[43.0962804,44.030241],[43.0965284,44.030221],[43.0996429,44.0292273],[43.1000099,44.0291141],[43.1003117,44.0290117],[43.1007714,44.0288613]]},"properties":{"name":"г. о. Пятигорск","type":"Обособленные","lanes":1,"length":1103.2014834458816,"population":142895,"short_name":"г. о. Пятигорск","lanes_length":1103.2014834458816}},{"type":"Feature","id":13503,"geometry":{"type":"LineString","coordinates":[[43.10702,44.027405],[43.107309,44.027542],[43.1078,44.02779],[43.107901,44.027816],[43.108053,44.027811],[43.108175,44.027797],[43.108941,44.027641]]},"properties":{"name":"г. о. Пятигорск","type":"Обособленные","lanes":1,"length":170.2794601114511,"population":142895,"short_name":"г. о. Пятигорск","lanes_length":170.2794601114511}},{"type":"Feature","id":13504,"geometry":{"type":"LineString","coordinates":[[42.988621,44.046982],[42.989468,44.046412],[42.990581,44.04569],[42.991097,44.045469],[42.993251,44.044837],[42.993736,44.044704],[42.998134,44.043501],[42.999122,44.043245],[43.001809,44.042548],[43.00195,44.042513],[43.002038,44.042505],[43.002147,44.0425],[43.002232,44.042516],[43.002287,44.042535],[43.002362,44.042566],[43.0024,44.042636],[43.003036,44.043952],[43.003615,44.04512],[43.003646,44.045185],[43.003706,44.04527],[43.003798,44.045322],[43.00393,44.045365]]},"properties":{"name":"г. о. Пятигорск","type":"Обособленные","lanes":1,"length":1565.7557439782909,"population":142895,"short_name":"г. о. Пятигорск","lanes_length":1565.7557439782909}},{"type":"Feature","id":13505,"geometry":{"type":"LineString","coordinates":[[43.121987,44.032664],[43.122252,44.032834]]},"properties":{"name":"г. о. Пятигорск","type":"Обособленные","lanes":1,"length":28.426471356077176,"population":142895,"short_name":"г. о. Пятигорск","lanes_length":28.426471356077176}},{"type":"Feature","id":13506,"geometry":{"type":"LineString","coordinates":[[43.027587,44.039189],[43.0282433,44.0388837],[43.0290355,44.0386848],[43.029833,44.038563]]},"properties":{"name":"г. о. Пятигорск","type":"Обособленные","lanes":1,"length":195.16799871944482,"population":142895,"short_name":"г. о. Пятигорск","lanes_length":195.16799871944482}},{"type":"Feature","id":13507,"geometry":{"type":"LineString","coordinates":[[43.0502158,44.049908],[43.0482846,44.049036],[43.0467627,44.0483428],[43.0464471,44.0481548],[43.0462485,44.0479888],[43.0461392,44.0477998],[43.046134,44.046646],[43.046132,44.046556],[43.046123,44.046488],[43.046079,44.046417],[43.04604,44.046373],[43.045935,44.046311],[43.0458614,44.0463]]},"properties":{"name":"г. о. Пятигорск","type":"Обособленные","lanes":1,"length":583.9016521191853,"population":142895,"short_name":"г. о. Пятигорск","lanes_length":583.9016521191853}},{"type":"Feature","id":13508,"geometry":{"type":"LineString","coordinates":[[43.029833,44.038563],[43.030304,44.038533],[43.032758,44.038567],[43.032939,44.038564],[43.033071,44.038543],[43.034044,44.038369],[43.034235,44.038337],[43.034394,44.038306],[43.037813,44.03769],[43.038668,44.037554],[43.041808,44.037033],[43.042116,44.03698],[43.042772,44.036867],[43.043098,44.036815],[43.04347,44.036778],[43.043806,44.036757],[43.044066,44.036721],[43.044411,44.036646],[43.044756,44.036549],[43.045104,44.036461],[43.045305,44.036412],[43.045478,44.036384],[43.045701,44.036358],[43.04595,44.036346],[43.04625,44.036359],[43.046505,44.036397]]},"properties":{"name":"г. о. Пятигорск","type":"Обособленные","lanes":1,"length":1367.1303772032238,"population":142895,"short_name":"г. о. Пятигорск","lanes_length":1367.1303772032238}},{"type":"Feature","id":13509,"geometry":{"type":"LineString","coordinates":[[43.046765,44.036408],[43.047202,44.036406],[43.047698,44.03643],[43.048008,44.036443],[43.049364,44.036482],[43.050217,44.036483],[43.051274,44.036476],[43.052197,44.03646],[43.052688,44.036431]]},"properties":{"name":"г. о. Пятигорск","type":"Обособленные","lanes":1,"length":475.1453180732145,"population":142895,"short_name":"г. о. Пятигорск","lanes_length":475.1453180732145}},{"type":"Feature","id":13510,"geometry":{"type":"LineString","coordinates":[[43.060609,44.058499],[43.060586,44.058485],[43.060463,44.05838],[43.060373,44.058272],[43.060324,44.058173],[43.060292,44.058075],[43.060277,44.057981],[43.060275,44.057968],[43.060248,44.057725],[43.060246,44.057702],[43.060245,44.057622],[43.060251,44.057563],[43.060266,44.057499],[43.060289,44.057448],[43.061457,44.055785],[43.062107,44.054882],[43.06276,44.053968],[43.062962,44.053627],[43.062978,44.05359],[43.063023,44.053487],[43.063072,44.053304],[43.063107,44.053104],[43.063113,44.052974]]},"properties":{"name":"г. о. Пятигорск","type":"Обособленные","lanes":1,"length":674.2955960760993,"population":142895,"short_name":"г. о. Пятигорск","lanes_length":674.2955960760993}},{"type":"Feature","id":13511,"geometry":{"type":"LineString","coordinates":[[43.046765,44.036408],[43.046505,44.036397]]},"properties":{"name":"г. о. Пятигорск","type":"Обособленные","lanes":1,"length":20.876665162759977,"population":142895,"short_name":"г. о. Пятигорск","lanes_length":20.876665162759977}},{"type":"Feature","id":13512,"geometry":{"type":"LineString","coordinates":[[43.064511,44.061095],[43.063967,44.060548],[43.063842,44.06044],[43.063696,44.060312],[43.063512,44.060196]]},"properties":{"name":"г. о. Пятигорск","type":"Обособленные","lanes":1,"length":128.42175644299192,"population":142895,"short_name":"г. о. Пятигорск","lanes_length":128.42175644299192}},{"type":"Feature","id":13513,"geometry":{"type":"LineString","coordinates":[[43.109525,44.027519],[43.109622,44.027501],[43.109981,44.027446],[43.110175,44.027434],[43.1103,44.027434],[43.110457,44.027456],[43.110718,44.027488],[43.111252,44.027588],[43.11176,44.027684]]},"properties":{"name":"г. о. Пятигорск","type":"Обособленные","lanes":1,"length":183.4570783220278,"population":142895,"short_name":"г. о. Пятигорск","lanes_length":183.4570783220278}},{"type":"Feature","id":13514,"geometry":{"type":"LineString","coordinates":[[43.108941,44.027641],[43.109525,44.027519]]},"properties":{"name":"г. о. Пятигорск","type":"Обособленные","lanes":1,"length":48.7416714316504,"population":142895,"short_name":"г. о. Пятигорск","lanes_length":48.7416714316504}},{"type":"Feature","id":13515,"geometry":{"type":"LineString","coordinates":[[43.122252,44.032834],[43.122702,44.033101],[43.122732,44.033124]]},"properties":{"name":"г. о. Пятигорск","type":"Обособленные","lanes":1,"length":50.214490857663826,"population":142895,"short_name":"г. о. Пятигорск","lanes_length":50.214490857663826}},{"type":"Feature","id":13516,"geometry":{"type":"LineString","coordinates":[[43.03503,44.046848],[43.035038,44.04822],[43.035071,44.049557],[43.035074,44.049847],[43.035081,44.049962]]},"properties":{"name":"г. о. Пятигорск","type":"Обособленные","lanes":1,"length":346.04455565207144,"population":142895,"short_name":"г. о. Пятигорск","lanes_length":346.04455565207144}},{"type":"Feature","id":13517,"geometry":{"type":"LineString","coordinates":[[42.988621,44.046982],[42.9814986,44.049933],[42.9832593,44.0530382],[42.990825,44.051179],[42.990875,44.051129],[42.990746,44.050877],[42.988844,44.047168],[42.9888,44.047081],[42.988772,44.047011],[42.988792,44.046865]]},"properties":{"name":"г. о. Пятигорск","type":"Обособленные","lanes":1,"length":2182.338170012737,"population":142895,"short_name":"г. о. Пятигорск","lanes_length":2182.338170012737}},{"type":"Feature","id":13518,"geometry":{"type":"LineString","coordinates":[[43.085227,44.034383],[43.085348,44.03436],[43.0855,44.034299],[43.086086,44.033813],[43.086794,44.033422],[43.086955,44.033287],[43.087038,44.033212]]},"properties":{"name":"г. о. Пятигорск","type":"Обособленные","lanes":1,"length":197.471192308435,"population":142895,"short_name":"г. о. Пятигорск","lanes_length":197.471192308435}},{"type":"Feature","id":13519,"geometry":{"type":"LineString","coordinates":[[43.0550623,44.0364033],[43.05581,44.035683],[43.055932,44.035625],[43.056018,44.035586],[43.056113,44.035554],[43.056217,44.035544]]},"properties":{"name":"г. о. Пятигорск","type":"Обособленные","lanes":1,"length":136.65679946927855,"population":142895,"short_name":"г. о. Пятигорск","lanes_length":136.65679946927855}},{"type":"Feature","id":13520,"geometry":{"type":"LineString","coordinates":[[90.5034554,56.2766188],[90.5029404,56.2753858],[90.5026829,56.274945],[90.5023288,56.2745161],[90.5022323,56.2743017],[90.5022323,56.274111],[90.5022752,56.2739979],[90.502479,56.273837],[90.5029726,56.2736404],[90.5045175,56.2731043],[90.5055904,56.2727052],[90.5058908,56.2725503],[90.5060947,56.2723239],[90.5065345,56.2716686],[90.5066955,56.2713946],[90.5066311,56.2712576],[90.5065024,56.2711325],[90.5030959,56.2689639]]},"properties":{"name":"Ачинск","type":"Обособленные","lanes":1,"length":1072.1816706728273,"population":99665,"short_name":"Ачинск","lanes_length":1072.1816706728273}},{"type":"Feature","id":13521,"geometry":{"type":"LineString","coordinates":[[90.4789292,56.253751],[90.4760862,56.2536908],[90.4750026,56.2536729],[90.4735006,56.2536371],[90.4719342,56.2535179],[90.4705072,56.2534405],[90.4698528,56.2533868]]},"properties":{"name":"Ачинск","type":"Обособленные","lanes":1,"length":564.5900625270181,"population":99665,"short_name":"Ачинск","lanes_length":564.5900625270181}},{"type":"Feature","id":13522,"geometry":{"type":"LineString","coordinates":[[90.4680576,56.2532378],[90.4650629,56.2529925],[90.4638076,56.2528733],[90.4629493,56.2527362],[90.4624772,56.2526229]]},"properties":{"name":"Ачинск","type":"Обособленные","lanes":1,"length":353.77166237569793,"population":99665,"short_name":"Ачинск","lanes_length":353.77166237569793}},{"type":"Feature","id":13523,"geometry":{"type":"LineString","coordinates":[[90.4599988,56.2518243],[90.4592049,56.251568],[90.4585505,56.2512878],[90.4584324,56.2512342]]},"properties":{"name":"Ачинск","type":"Обособленные","lanes":1,"length":117.50731480798434,"population":99665,"short_name":"Ачинск","lanes_length":117.50731480798434}},{"type":"Feature","id":13524,"geometry":{"type":"LineString","coordinates":[[90.4574454,56.250656],[90.4572845,56.2504712],[90.4571772,56.2501374],[90.4560828,56.2468351],[90.4559433,56.2466563],[90.4556644,56.2464298],[90.4533041,56.2446712],[90.4526496,56.2441823]]},"properties":{"name":"Ачинск","type":"Обособленные","lanes":1,"length":799.1602982878996,"population":99665,"short_name":"Ачинск","lanes_length":799.1602982878996}},{"type":"Feature","id":13525,"geometry":{"type":"LineString","coordinates":[[90.4511224,56.2430986],[90.4508113,56.2429853],[90.4501032,56.2429257],[90.4482042,56.2428601],[90.4392778,56.2428661],[90.4377114,56.2428422],[90.4373144,56.2427826],[90.4369174,56.2426574],[90.4364132,56.2424368],[90.4336237,56.2412504],[90.4330873,56.2410715],[90.4326259,56.241],[90.4320251,56.2410179],[90.4205345,56.2410835],[90.4199552,56.2410596],[90.416994,56.241006],[90.4159748,56.2409583],[90.4152452,56.2408986],[90.4141401,56.2407138],[90.4134106,56.2405827],[90.4128956,56.2405409],[90.4123699,56.2404753],[90.4119085,56.240368],[90.4109537,56.2400461],[90.4101275,56.2397837],[90.4095482,56.2396526],[90.4091298,56.2395333],[90.4083358,56.2393962],[90.4064368,56.2390265],[90.4060613,56.2389669],[90.4042481,56.2385972],[90.4032611,56.2383885],[90.4020165,56.2380845],[90.4013835,56.2379354],[90.4008364,56.2377446],[90.4006003,56.2375657],[90.4004931,56.2374286],[90.4004609,56.2372557],[90.3999566,56.2356219],[90.3996347,56.2350912],[90.399506,56.234793],[90.399388,56.2345963],[90.3993451,56.234483],[90.3988408,56.2340059],[90.3972529,56.2326284],[90.3971027,56.2324376],[90.3970491,56.2322169],[90.397092,56.2319724],[90.3974568,56.2313045],[90.3974782,56.2311316],[90.3973924,56.2308453],[90.3970491,56.2305531],[90.3942596,56.2283286],[90.3933798,56.2276189],[90.3928434,56.2271596],[90.3921031,56.226772],[90.3917169,56.226599],[90.3908693,56.2262292]]},"properties":{"name":"Ачинск","type":"Обособленные","lanes":1,"length":4743.806355813,"population":99665,"short_name":"Ачинск","lanes_length":4743.806355813}},{"type":"Feature","id":13526,"geometry":{"type":"LineString","coordinates":[[90.4511224,56.2430986],[90.4502013,56.2424919],[90.4492786,56.2418838],[90.4479053,56.2408464],[90.4473903,56.2404648],[90.4466607,56.2395586],[90.4463174,56.2392247],[90.446017,56.2390935],[90.4455664,56.2390101],[90.4448583,56.2390101],[90.4372408,56.2390339],[90.4367044,56.2389624],[90.4363181,56.2387716],[90.4360177,56.2386046],[90.4328849,56.2360288],[90.4310825,56.2344903],[90.4296877,56.2333216],[90.428529,56.2324271],[90.4265334,56.2307811],[90.4236796,56.2284314],[90.4209115,56.226165],[90.416856,56.2228607],[90.4143455,56.2207371],[90.4139378,56.2205701],[90.4135515,56.2206417],[90.4126503,56.2210682],[90.4125269,56.2211427],[90.4124948,56.2212591],[90.4125699,56.2214171],[90.4127523,56.2216647],[90.4129668,56.2218705]]},"properties":{"name":"Ачинск","type":"Обособленные","lanes":1,"length":3819.095608541847,"population":99665,"short_name":"Ачинск","lanes_length":3819.095608541847}},{"type":"Feature","id":13527,"geometry":{"type":"LineString","coordinates":[[60.0205652,59.9061923],[60.0239672,59.9091565],[60.0264134,59.9113403],[60.0270571,59.9118782],[60.0271,59.9121364],[60.0267567,59.914589],[60.0267996,59.9149117],[60.0270571,59.9150838],[60.0274434,59.9152128],[60.0359835,59.9154387],[60.03652,59.9155355],[60.0368418,59.9157507],[60.0397172,59.9202142],[60.0403609,59.921053],[60.0419273,59.9232146],[60.0423135,59.9235587],[60.0466909,59.9265803],[60.0470128,59.9269137],[60.0471844,59.9272792],[60.0477209,59.9315047],[60.0482359,59.9351813],[60.0483431,59.9353963],[60.0486006,59.9355791],[60.0490727,59.9356651],[60.0550165,59.9371162],[60.0557675,59.937213],[60.0564971,59.937213],[60.0643291,59.9372345],[60.0649728,59.9371915],[60.0653591,59.9370947],[60.0655737,59.9369228],[60.0664105,59.936396],[60.0668182,59.9362993],[60.0671401,59.9362885],[60.067698,59.9362885],[60.071968,59.9367508],[60.0724616,59.9368583],[60.0758304,59.9380837],[60.0761094,59.9381589],[60.0764312,59.9381267],[60.0768175,59.9379439],[60.0782551,59.9368153]]},"properties":{"name":"Волчанск","type":"Обособленные","lanes":1,"length":5887.7235586439465,"population":8376,"short_name":"Волчанск","lanes_length":5887.7235586439465}},{"type":"Feature","id":13528,"geometry":{"type":"LineString","coordinates":[[39.5731387,52.6074502],[39.5729885,52.6089715],[39.572908,52.6096165],[39.5728383,52.6101605],[39.5727739,52.6103755],[39.5726237,52.610483],[39.5724413,52.6105254],[39.5722428,52.6105482],[39.5719532,52.6105807],[39.571701,52.610584],[39.571347,52.6105742],[39.5691261,52.610382],[39.5671305,52.6102061],[39.566814,52.6101833],[39.5663527,52.6101736],[39.5655159,52.6101996],[39.5639012,52.6103332],[39.5623509,52.6104635],[39.5598993,52.6106589],[39.5591966,52.6107241],[39.5587674,52.6107925],[39.5579467,52.6109651],[39.5574263,52.6111117],[39.5568952,52.6112778],[39.556273,52.6115938],[39.555758,52.6119228],[39.5553503,52.612242],[39.5548836,52.6127371],[39.5543042,52.6133202],[39.5537839,52.6138674],[39.5521316,52.6155024],[39.5504043,52.6172286],[39.5497176,52.6179452],[39.5495192,52.6183099],[39.5493207,52.618678],[39.5491758,52.6187529],[39.5490203,52.6187757],[39.5483283,52.6188017],[39.5479957,52.6187464],[39.5475826,52.6186128],[39.5470247,52.6183099],[39.5448038,52.6171896],[39.5421753,52.6158542],[39.5396057,52.6145449],[39.537299,52.6134114],[39.5369986,52.613255],[39.5348314,52.6120628],[39.5330558,52.6111117],[39.5319453,52.6105449],[39.5306632,52.6098902],[39.5304272,52.6096752],[39.5303414,52.6094732],[39.5303521,52.6093234],[39.5304004,52.6091409],[39.5307598,52.6086262],[39.5308939,52.6084308],[39.53091,52.6083135],[39.5307973,52.6081669],[39.5305345,52.6079584],[39.5302502,52.6078216],[39.5301322,52.6077467],[39.52988,52.6076327],[39.5302609,52.6072743]]},"properties":{"name":"Липецк","type":"Обособленные","lanes":1,"length":4373.529876673837,"population":485260,"short_name":"Липецк","lanes_length":4373.529876673837}},{"type":"Feature","id":13529,"geometry":{"type":"LineString","coordinates":[[39.52988,52.6076327],[39.5276193,52.6064486],[39.5268361,52.6061815],[39.5225875,52.6040378],[39.5224909,52.6039075],[39.5224694,52.6036469],[39.5225553,52.6008254],[39.5227591,52.5988705],[39.5227913,52.5980168],[39.5227591,52.5976258],[39.5226304,52.597313],[39.5221798,52.5968112],[39.521418,52.5962377],[39.5196478,52.5950516],[39.5194117,52.5947844],[39.5193581,52.5945367],[39.5194654,52.5942825],[39.5196692,52.5940479],[39.5199803,52.593898],[39.5224909,52.5926858],[39.5270614,52.5904111],[39.5318464,52.5881493],[39.5340029,52.5870347],[39.5341746,52.5868587],[39.5340995,52.5866632],[39.533724,52.586422],[39.5291106,52.5833126],[39.5280913,52.5826281],[39.5279197,52.5823608],[39.5279626,52.5822108],[39.5281772,52.5820479],[39.5286278,52.5818001],[39.5316962,52.5801182],[39.5320717,52.5799682],[39.5323722,52.5799161],[39.5341961,52.5799356],[39.5345072,52.5800008],[39.534872,52.5800791],[39.53661,52.5804963],[39.537125,52.5805159],[39.5375649,52.5804702],[39.5379833,52.5802942],[39.5382623,52.5800204],[39.5383159,52.5798118],[39.5382301,52.5796488],[39.5379941,52.5794532],[39.5368461,52.5784296],[39.5366422,52.5781753],[39.5365242,52.5778754],[39.5363204,52.5771648],[39.5363633,52.5769757],[39.5364384,52.5768453],[39.5395605,52.5741395],[39.5433156,52.5709249],[39.54603,52.5685969],[39.5491306,52.5658645],[39.5515446,52.5636667],[39.555643,52.5598447],[39.5602779,52.5557093],[39.5635823,52.5526173],[39.5660178,52.5504123],[39.5666186,52.5499621],[39.5672838,52.5495511],[39.5679704,52.549238],[39.5684532,52.5491271],[39.5690755,52.5490553],[39.5696978,52.5490879],[39.570202,52.549238],[39.5705346,52.5493946],[39.5708028,52.5494859],[39.5710496,52.5494272],[39.5714573,52.5491923],[39.5728413,52.5482072]]},"properties":{"name":"Липецк","type":"Обособленные","lanes":1,"length":9155.0029994914,"population":485260,"short_name":"Липецк","lanes_length":9155.0029994914}},{"type":"Feature","id":13530,"geometry":{"type":"LineString","coordinates":[[39.5791868,52.5441134],[39.5810536,52.542841],[39.5812253,52.5427627],[39.5814077,52.5427562],[39.5817403,52.5427497],[39.5900551,52.5433956],[39.5975653,52.5439698],[39.5989708,52.5440938]]},"properties":{"name":"Липецк","type":"Обособленные","lanes":1,"length":1418.0060063875485,"population":485260,"short_name":"Липецк","lanes_length":1418.0060063875485}},{"type":"Feature","id":13531,"geometry":{"type":"LineString","coordinates":[[39.5978008,52.543988],[39.5983801,52.5409995],[39.5985303,52.540856],[39.5987771,52.5408038],[39.6100209,52.5416586],[39.6105359,52.5415998],[39.6109758,52.5414563],[39.611641,52.5412801],[39.6117161,52.5406602],[39.614291,52.5357334],[39.6143446,52.5353353],[39.6142588,52.5350938],[39.6139799,52.5349568],[39.6133039,52.5348067],[39.6096991,52.534141],[39.6094094,52.5340627],[39.6092806,52.533906],[39.6092163,52.5336776],[39.6093557,52.5334296],[39.6114586,52.52937],[39.6116946,52.5292134],[39.6119199,52.5291677],[39.612274,52.5291481],[39.6127568,52.5292199],[39.6219943,52.5310801],[39.6223805,52.5311062],[39.6226917,52.531067],[39.6229384,52.5309691],[39.6231101,52.5308712],[39.6232818,52.5307342],[39.6233676,52.5305579],[39.6245263,52.5283192],[39.6247623,52.5280451],[39.6250413,52.5278819],[39.6254061,52.5277448],[39.6300731,52.5263023],[39.6324227,52.5255647],[39.6356199,52.5245333]]},"properties":{"name":"Липецк","type":"Обособленные","lanes":1,"length":4886.095523122919,"population":485260,"short_name":"Липецк","lanes_length":4886.095523122919}},{"type":"Feature","id":13532,"geometry":{"type":"LineString","coordinates":[[39.5786289,52.5537095],[39.5795945,52.5542444],[39.5804957,52.5550141],[39.5815901,52.5560709],[39.5818476,52.5567884],[39.5819763,52.5576755],[39.5819763,52.558119],[39.5822982,52.5585104],[39.582899,52.5590713],[39.5833496,52.5593583]]},"properties":{"name":"Липецк","type":"Обособленные","lanes":1,"length":730.431555602128,"population":485260,"short_name":"Липецк","lanes_length":730.431555602128}},{"type":"Feature","id":13533,"geometry":{"type":"LineString","coordinates":[[39.5924906,52.5644195],[39.5953015,52.5660238]]},"properties":{"name":"Липецк","type":"Обособленные","lanes":1,"length":261.15389278014595,"population":485260,"short_name":"Липецк","lanes_length":261.15389278014595}},{"type":"Feature","id":13534,"geometry":{"type":"LineString","coordinates":[[39.600902,52.5692192],[39.6015042,52.5695758],[39.601869,52.5697193],[39.6020943,52.5697388],[39.6024483,52.5696541],[39.6025878,52.5695889]]},"properties":{"name":"Липецк","type":"Обособленные","lanes":1,"length":139.51469006678462,"population":485260,"short_name":"Липецк","lanes_length":139.51469006678462}},{"type":"Feature","id":13535,"geometry":{"type":"LineString","coordinates":[[39.6025878,52.5695889],[39.6071463,52.5666407]]},"properties":{"name":"Липецк","type":"Обособленные","lanes":1,"length":450.74022611281845,"population":485260,"short_name":"Липецк","lanes_length":450.74022611281845}},{"type":"Feature","id":13536,"geometry":{"type":"LineString","coordinates":[[39.6071463,52.5666407],[39.6078114,52.5661973],[39.6081977,52.5660473],[39.6084015,52.5660342],[39.6087019,52.5661125],[39.6089702,52.5662625]]},"properties":{"name":"Липецк","type":"Обособленные","lanes":1,"length":158.64776038034287,"population":485260,"short_name":"Липецк","lanes_length":158.64776038034287}},{"type":"Feature","id":13537,"geometry":{"type":"LineString","coordinates":[[39.6125966,52.5683363],[39.6180802,52.5736486]]},"properties":{"name":"Липецк","type":"Обособленные","lanes":1,"length":698.340694063317,"population":485260,"short_name":"Липецк","lanes_length":698.340694063317}},{"type":"Feature","id":13538,"geometry":{"type":"LineString","coordinates":[[39.6500199,52.5730096],[39.6505962,52.5727587],[39.6508322,52.5725435],[39.6509824,52.5723675],[39.6510897,52.5721523],[39.6511004,52.5719241],[39.6510682,52.5717546],[39.651036,52.568292],[39.6510897,52.5678942],[39.6511648,52.5674572],[39.6512399,52.5669681],[39.6511648,52.5665573],[39.6507356,52.5662378],[39.6500168,52.5657095],[39.6497486,52.5654356],[39.6497271,52.5650574],[39.649931,52.5645943],[39.6506713,52.5628726],[39.6508429,52.5626638],[39.651315,52.5623443],[39.65183,52.5620508],[39.6520231,52.561816],[39.6520553,52.5615551],[39.6523664,52.5597093],[39.6524415,52.5572503],[39.652463,52.5566567]]},"properties":{"name":"Липецк","type":"Обособленные","lanes":1,"length":1925.1439787748698,"population":485260,"short_name":"Липецк","lanes_length":1925.1439787748698}},{"type":"Feature","id":13539,"geometry":{"type":"LineString","coordinates":[[131.9399596,43.1262066],[131.9401528,43.1254157],[131.9401796,43.1250868],[131.9401152,43.1248362],[131.9400133,43.1245347],[131.9398255,43.1241432],[131.9393427,43.1233288],[131.9380982,43.1213202],[131.9377602,43.1207407],[131.9375027,43.1202003],[131.9373579,43.1198127],[131.9373364,43.1195073],[131.9373954,43.1191901],[131.9374598,43.1188925],[131.9374974,43.1184344],[131.9374169,43.1181368],[131.937256,43.1176864],[131.9370414,43.1172988],[131.9366069,43.1165156],[131.9362099,43.1158029],[131.9360812,43.1154701],[131.9360168,43.115196],[131.9360436,43.1149767],[131.9362367,43.1135826],[131.9363547,43.1130813],[131.9364674,43.1125409]]},"properties":{"name":"Владивосток","type":"Обособленные","lanes":1,"length":1588.7697301350893,"population":591628,"short_name":"Владивосток","lanes_length":1588.7697301350893}},{"type":"Feature","id":13540,"geometry":{"type":"LineString","coordinates":[[131.9366254,43.1119179],[131.9367113,43.111683]]},"properties":{"name":"Владивосток","type":"Обособленные","lanes":1,"length":27.016563005154968,"population":591628,"short_name":"Владивосток","lanes_length":27.016563005154968}},{"type":"Feature","id":13541,"geometry":{"type":"LineString","coordinates":[[131.9370278,43.1111034],[131.9372213,43.1108414],[131.9373822,43.1107004],[131.9375485,43.1105516],[131.9377363,43.1103911],[131.937865,43.110207],[131.937983,43.1099798],[131.9380796,43.1097801],[131.9382298,43.1095921],[131.9384283,43.1094668],[131.9386643,43.1093337],[131.9389004,43.1091496],[131.9390774,43.108942],[131.93919,43.1087619],[131.9392276,43.1086091],[131.9393671,43.1078807],[131.9394046,43.1076026],[131.93941,43.1073951],[131.939351,43.1071797],[131.9383854,43.1053037],[131.937924,43.1042893],[131.9378489,43.1040699],[131.9378436,43.1039054],[131.9379079,43.1038232],[131.9380796,43.1037409]]},"properties":{"name":"Владивосток","type":"Обособленные","lanes":1,"length":908.5631421109601,"population":591628,"short_name":"Владивосток","lanes_length":908.5631421109601}},{"type":"Feature","id":13542,"geometry":{"type":"LineString","coordinates":[[131.9433073,43.1016936],[131.9439924,43.1014861],[131.9444162,43.1014039],[131.9450975,43.1013569],[131.9470984,43.101255],[131.9475222,43.101208],[131.9479407,43.1010944],[131.9483215,43.1009456],[131.9489545,43.1006871],[131.951508,43.0995199],[131.9518996,43.0993358],[131.9523824,43.0990577],[131.9531924,43.098568],[131.9550002,43.0974243],[131.9555528,43.0971932],[131.9560624,43.0970091],[131.9570226,43.0968289],[131.9579292,43.0967858],[131.9587392,43.0968367],[131.9609923,43.0970835],[131.9639642,43.0974086],[131.965595,43.0976005],[131.9669629,43.0978042]]},"properties":{"name":"Владивосток","type":"Обособленные","lanes":1,"length":2090.2729515066894,"population":591628,"short_name":"Владивосток","lanes_length":2090.2729515066894}},{"type":"Feature","id":13543,"geometry":{"type":"LineString","coordinates":[[39.6200328,52.5755525],[39.6196145,52.5751461]]},"properties":{"name":"Липецк","type":"Обособленные","lanes":1,"length":53.37934535820193,"population":485260,"short_name":"Липецк","lanes_length":53.37934535820193}},{"type":"Feature","id":13544,"geometry":{"type":"LineString","coordinates":[[37.8710961,51.3423603],[37.8712248,51.3422062],[37.8711283,51.3420788],[37.8660643,51.3398403],[37.8659892,51.3397398],[37.8660535,51.339599],[37.866193,51.3394851],[37.8714394,51.3347798],[37.8761494,51.3304829],[37.8797435,51.3272114],[37.8854406,51.3221562],[37.8889918,51.3189042],[37.8951823,51.3132647],[37.8994095,51.3094688],[37.9029822,51.3062696],[37.9040014,51.3053037],[37.9051602,51.3043312],[37.9068982,51.3027683],[37.9084217,51.3013529],[37.910428,51.2995753],[37.9157924,51.294725],[37.9176378,51.2930277],[37.9184639,51.292236],[37.9192471,51.2912094],[37.9197406,51.2903439],[37.9201054,51.2894582],[37.920438,51.2882773],[37.9212534,51.2857812],[37.9227876,51.2808691]]},"properties":{"name":"Старый Оскол","type":"Обособленные","lanes":1,"length":8212.55994046255,"population":217107,"short_name":"Старый Оскол","lanes_length":8212.55994046255}},{"type":"Feature","id":13545,"geometry":{"type":"LineString","coordinates":[[37.9227876,51.2808825],[37.9243994,51.2797621],[37.9253006,51.2790641],[37.9257727,51.2776413],[37.9252577,51.2762722],[37.9245282,51.2752252],[37.9246998,51.2740439],[37.9251719,51.2720303],[37.9256869,51.2707147],[37.929163,51.2646194],[37.9309225,51.2634378],[37.931695,51.2627933],[37.9320383,51.2618266],[37.9311371,51.259705],[37.9310942,51.258953],[37.9318667,51.2552467],[37.9324246,51.2546021],[37.9360724,51.2460064],[37.9385404,51.2405053],[37.9397527,51.2392057],[37.9415175,51.238126],[37.9422067,51.2374652],[37.9426801,51.2362884],[37.9426915,51.2351491],[37.9421178,51.233948],[37.9419597,51.2332938],[37.9419021,51.2325098],[37.9631949,51.1826576]]},"properties":{"name":"Старый Оскол","type":"Обособленные","lanes":1,"length":11505.182004956772,"population":217107,"short_name":"Старый Оскол","lanes_length":11505.182004956772}},{"type":"Feature","id":13546,"geometry":{"type":"LineString","coordinates":[[43.9716894,56.2563667],[43.9717082,56.2568762],[43.9725853,56.2591617],[43.9734329,56.2604727],[43.9739372,56.2616168],[43.9747525,56.2648403],[43.9758791,56.268862],[43.9763082,56.270399],[43.9766194,56.2724781],[43.9767374,56.2730798],[43.9769627,56.2736219],[43.9771987,56.2740448],[43.9779175,56.2749503],[43.9781107,56.2750754],[43.9783682,56.2751171],[43.9792479,56.2750277],[43.9866508,56.2743784],[43.9871122,56.2743844],[43.9877773,56.2744737],[43.9883031,56.274569],[43.9885713,56.2746346],[43.988861,56.2748252],[43.9891077,56.2755281],[43.9899446,56.2784527],[43.990127,56.2786671],[43.9919401,56.2800012],[43.9927126,56.2806028],[43.9929057,56.280841],[43.9932061,56.281925],[43.9939679,56.2843786],[43.9948798,56.2875765],[43.9957381,56.2904823],[43.9957381,56.2910122],[43.9955236,56.2917327],[43.9948584,56.2931914],[43.9942147,56.2947156],[43.9940215,56.2950549],[43.9936782,56.2953288],[43.9924843,56.2960356]]},"properties":{"name":"Нижний Новгород","type":"Обособленные","lanes":1,"length":5307.465367520911,"population":1204985,"short_name":"Нижний Новгород","lanes_length":5307.465367520911}},{"type":"Feature","id":13547,"geometry":{"type":"LineString","coordinates":[[49.179888,55.8166609],[49.1802791,55.8166004],[49.1807511,55.8168536],[49.1812232,55.8174684],[49.1818455,55.8182038],[49.1822317,55.8187343]]},"properties":{"name":"Казань","type":"Обособленные","lanes":1,"length":295.3985274861548,"population":1318604,"short_name":"Казань","lanes_length":295.3985274861548}},{"type":"Feature","id":13548,"geometry":{"type":"LineString","coordinates":[[49.1829827,55.8203074],[49.1832831,55.8199699],[49.1830256,55.8194154],[49.1817382,55.8172334],[49.1803864,55.8153285],[49.1801289,55.8148704],[49.1801718,55.8142917],[49.1813519,55.8115427],[49.1820386,55.8102043],[49.1844204,55.8054532],[49.1851929,55.8039578],[49.1854504,55.8034031]]},"properties":{"name":"Казань","type":"Обособленные","lanes":1,"length":1965.1002198499723,"population":1318604,"short_name":"Казань","lanes_length":1965.1002198499723}},{"type":"Feature","id":13549,"geometry":{"type":"LineString","coordinates":[[49.1716222,55.7937697],[49.1713843,55.7915003],[49.171041,55.7875734],[49.1709659,55.7849613],[49.170762,55.7829946],[49.1706869,55.7818784],[49.1709337,55.7814742],[49.1722748,55.7797245],[49.1742381,55.7770575],[49.1747102,55.7761403],[49.1748926,55.7751929],[49.1749677,55.7743602],[49.1753325,55.7721998],[49.1754183,55.7716385],[49.1756114,55.7712644],[49.1760835,55.7707755],[49.1779289,55.7687598],[49.1790661,55.7674199],[49.1795596,55.7670759],[49.1805789,55.7664422],[49.1840872,55.7644322],[49.1886362,55.7618065],[49.1920158,55.7598506],[49.197863,55.7564639],[49.2021653,55.7538798],[49.2075405,55.7508066],[49.2111668,55.7486267],[49.216263,55.7456617],[49.220973,55.7429139],[49.2242238,55.740933],[49.2245027,55.7408484],[49.2247388,55.7408484],[49.2250392,55.7409572],[49.2281076,55.7426301],[49.2345127,55.7461509],[49.2380533,55.7480289]]},"properties":{"name":"Казань","type":"Обособленные","lanes":1,"length":8323.003375347971,"population":1318604,"short_name":"Казань","lanes_length":8323.003375347971}},{"type":"Feature","id":13550,"geometry":{"type":"LineString","coordinates":[[49.1798588,55.7343785],[49.1898152,55.7397725],[49.1962203,55.7432452],[49.2040309,55.7474363],[49.2123457,55.751971],[49.2169055,55.7544948],[49.2181178,55.7553219],[49.2187938,55.7561853],[49.2189761,55.7568313],[49.2190834,55.7576644],[49.2190942,55.7638941],[49.2191693,55.7699056],[49.2191478,55.7735688],[49.219298,55.7784505],[49.2193517,55.7837116],[49.2195448,55.7896899],[49.2195555,55.7917528],[49.2195126,55.792555],[49.2192336,55.7933029],[49.2188796,55.7939423],[49.2184826,55.7944127],[49.2159077,55.796982],[49.2126676,55.7997441],[49.2084082,55.8032839],[49.2032262,55.8076915],[49.2000398,55.8103745],[49.1989883,55.8111944],[49.1983339,55.8116104],[49.1975077,55.8119721],[49.1967245,55.8122434],[49.1923472,55.8131838],[49.1849014,55.814715],[49.1820582,55.8153239],[49.1814574,55.8155228],[49.1808566,55.8158182],[49.1804811,55.8161075],[49.179888,55.8166609]]},"properties":{"name":"Казань","type":"Обособленные","lanes":1,"length":11328.286009445394,"population":1318604,"short_name":"Казань","lanes_length":11328.286009445394}},{"type":"Feature","id":13551,"geometry":{"type":"LineString","coordinates":[[40.0909704,47.4108983],[40.0877196,47.4150222],[40.0875587,47.4150875],[40.0873441,47.415073],[40.0856597,47.4144123],[40.0854666,47.4144268],[40.0853056,47.4145575]]},"properties":{"name":"Новочеркасск","type":"Обособленные","lanes":1,"length":730.8377922816544,"population":160529,"short_name":"Новочеркасск","lanes_length":730.8377922816544}},{"type":"Feature","id":13552,"geometry":{"type":"LineString","coordinates":[[40.0824625,47.4177664],[40.0800149,47.4168807]]},"properties":{"name":"Новочеркасск","type":"Обособленные","lanes":1,"length":209.31019066673602,"population":160529,"short_name":"Новочеркасск","lanes_length":209.31019066673602}},{"type":"Feature","id":13553,"geometry":{"type":"LineString","coordinates":[[40.0721934,47.4182012],[40.0716121,47.4191151],[40.0696487,47.4215034],[40.0694127,47.4219099],[40.069284,47.4223455],[40.0692947,47.4227011]]},"properties":{"name":"Новочеркасск","type":"Обособленные","lanes":1,"length":552.2479849606929,"population":160529,"short_name":"Новочеркасск","lanes_length":552.2479849606929}},{"type":"Feature","id":13554,"geometry":{"type":"LineString","coordinates":[[40.0834272,47.4205846],[40.0824938,47.4217243],[40.082365,47.4219348],[40.0823543,47.4222107],[40.0825796,47.4262175],[40.0826762,47.4263699],[40.0828478,47.4264353],[40.0830517,47.4264498],[40.0871715,47.4263772],[40.0931904,47.4262465],[40.0933835,47.4263336],[40.0934694,47.4264643],[40.0935552,47.4273716],[40.0936089,47.4275095],[40.0937591,47.4276184],[40.0939951,47.4276547],[40.0965593,47.4276184],[40.0967953,47.4277345],[40.097203,47.4281555],[40.0980935,47.429716]]},"properties":{"name":"Новочеркасск","type":"Обособленные","lanes":1,"length":2103.581515852509,"population":160529,"short_name":"Новочеркасск","lanes_length":2103.581515852509}},{"type":"Feature","id":13555,"geometry":{"type":"LineString","coordinates":[[40.0987694,47.4316248],[40.0988374,47.4324086]]},"properties":{"name":"Новочеркасск","type":"Обособленные","lanes":1,"length":87.29317463221392,"population":160529,"short_name":"Новочеркасск","lanes_length":87.29317463221392}},{"type":"Feature","id":13556,"geometry":{"type":"LineString","coordinates":[[40.0995348,47.4371985],[40.0995133,47.4372928],[40.0993953,47.4373654],[40.0990412,47.4374597],[40.0986014,47.4375758],[40.0983546,47.4376847],[40.0975392,47.4384539],[40.0974748,47.4386281],[40.0975392,47.4388312],[40.0976894,47.4390707]]},"properties":{"name":"Новочеркасск","type":"Обособленные","lanes":1,"length":286.4680500089719,"population":160529,"short_name":"Новочеркасск","lanes_length":286.4680500089719}},{"type":"Feature","id":13557,"geometry":{"type":"LineString","coordinates":[[40.1016698,47.4438164],[40.1037083,47.4463124],[40.103837,47.4464938],[40.1037727,47.4467405],[40.1034937,47.4469437],[40.1009295,47.4485544],[40.1007686,47.4487503],[40.1006398,47.4492219],[40.1004896,47.4493815],[40.1000927,47.4496499],[40.0941489,47.4534661],[40.09387,47.4536982],[40.0939021,47.453836],[40.0940202,47.4539521],[40.0988052,47.4574632],[40.0995133,47.457971],[40.0999532,47.458399],[40.1002751,47.4590229],[40.1004145,47.4597265],[40.1002751,47.4604881],[40.1000927,47.4615689],[40.0999961,47.4618373],[40.0997494,47.462171],[40.0995991,47.4624176],[40.0992987,47.4635056],[40.0991378,47.4652682],[40.0991593,47.4656816],[40.0993095,47.4663706],[40.1002965,47.471005],[40.1011656,47.4749646],[40.1016805,47.4772344],[40.10182,47.4774592],[40.1021526,47.4777565],[40.1022706,47.4779813],[40.1023565,47.4785831],[40.1022814,47.4787789],[40.1020453,47.479388],[40.1020561,47.4802944],[40.1020668,47.4816286],[40.1020346,47.4818534],[40.1018629,47.4820709],[40.1016698,47.4821216],[40.1014338,47.4821651],[40.1011548,47.4821579],[40.0894926,47.4820636],[40.0890742,47.4820636],[40.0888059,47.4821434],[40.088645,47.4822739]]},"properties":{"name":"Новочеркасск","type":"Обособленные","lanes":1,"length":5840.035337665852,"population":160529,"short_name":"Новочеркасск","lanes_length":5840.035337665852}},{"type":"Feature","id":13558,"geometry":{"type":"LineString","coordinates":[[40.0692255,47.4796295],[40.0691273,47.4794109],[40.0689342,47.4792152],[40.0686231,47.4789396],[40.0684836,47.4787293],[40.0684085,47.4784828],[40.0676146,47.4754082],[40.0675824,47.4750746],[40.0673249,47.4726089],[40.0673356,47.4722173],[40.0674644,47.4719635],[40.0674751,47.4717822],[40.0674214,47.4714413],[40.0674644,47.4712165],[40.0677433,47.4701287],[40.0684729,47.4682793],[40.0694707,47.4665894],[40.0700071,47.4658423],[40.0703933,47.4654289],[40.0707581,47.4651605],[40.0724747,47.4642176],[40.0769379,47.461795],[40.0836542,47.4580375],[40.084137,47.4578199],[40.084652,47.457653],[40.0898125,47.4561877],[40.0901022,47.4560571],[40.0908747,47.4555855],[40.0922158,47.4547368],[40.0932243,47.4540766],[40.09387,47.4536982]]},"properties":{"name":"Новочеркасск","type":"Обособленные","lanes":1,"length":3860.6845337251793,"population":160529,"short_name":"Новочеркасск","lanes_length":3860.6845337251793}},{"type":"Feature","id":13559,"geometry":{"type":"LineString","coordinates":[[56.306929,57.996336],[56.307599,57.996714],[56.307733,57.996899],[56.307648,57.997047],[56.30739,57.997132],[56.307063,57.99712],[56.306816,57.997001],[56.306762,57.996796],[56.306821,57.996288],[56.304912,57.995156],[56.296962,57.990493],[56.296677,57.990388],[56.296414,57.990382],[56.296205,57.990439],[56.287756,57.994397],[56.287493,57.994587],[56.287359,57.994883],[56.286994,57.997789],[56.286249,58.002686],[56.286136,58.004034],[56.286024,58.004369],[56.28575,58.004702],[56.282837,58.007984],[56.279645,58.011622],[56.279597,58.01175],[56.279656,58.011915],[56.281233,58.014637],[56.281217,58.014794],[56.281136,58.014961],[56.276826,58.01977]]},"properties":{"name":"Пермь","type":"Обособленные","lanes":1,"length":4811.8108373280575,"population":1026908,"short_name":"Пермь","lanes_length":4811.8108373280575}},{"type":"Feature","id":13560,"geometry":{"type":"LineString","coordinates":[[56.276826,58.01977],[56.284903,58.021936],[56.285327,58.022135],[56.29127,58.026223],[56.291619,58.026394],[56.295862,58.028021],[56.296892,58.028535],[56.302219,58.030492],[56.304891,58.031478],[56.312267,58.033989],[56.312444,58.034222],[56.311902,58.034679],[56.3118,58.034994],[56.311918,58.035647],[56.312154,58.035874],[56.312556,58.036073],[56.3147448,58.0366435]]},"properties":{"name":"Пермь","type":"Обособленные","lanes":1,"length":3059.41872223988,"population":1026908,"short_name":"Пермь","lanes_length":3059.41872223988}},{"type":"Feature","id":13561,"geometry":{"type":"LineString","coordinates":[[56.276826,58.01977],[56.264682,58.016534],[56.264178,58.016488],[56.263749,58.016502],[56.261861,58.016718],[56.260992,58.016781],[56.258208,58.016806],[56.25788,58.01675],[56.239094,58.011447],[56.238273,58.011246],[56.235559,58.01047],[56.23454,58.010299],[56.234255,58.010313],[56.234105,58.010421],[56.233295,58.011783],[56.23307,58.011876],[56.232786,58.011882],[56.21899,58.00951],[56.194007,58.005243],[56.193546,58.005217],[56.193203,58.005277],[56.192977,58.005444],[56.192613,58.006044],[56.19236,58.0064275],[56.19155,58.006104],[56.187747,58.0050522]]},"properties":{"name":"Пермь","type":"Обособленные","lanes":1,"length":5900.378808550853,"population":1026908,"short_name":"Пермь","lanes_length":5900.378808550853}},{"type":"Feature","id":13562,"geometry":{"type":"LineString","coordinates":[[56.2525439,58.0152423],[56.26055,58.006756],[56.260577,58.006574],[56.260475,58.006474],[56.260169,58.006392],[56.258721,58.006153],[56.257964,58.005974],[56.255057,58.005122],[56.254842,58.004977],[56.254939,58.004744],[56.262586,57.996649],[56.262554,57.996521],[56.262366,57.996456],[56.261416,57.996248],[56.26118,57.996134],[56.257602,57.992288],[56.257436,57.991887],[56.257468,57.99082],[56.257752,57.986865],[56.258192,57.984732],[56.258798,57.98362],[56.259169,57.982676],[56.259271,57.982204],[56.259335,57.981658],[56.259308,57.981109],[56.259228,57.978913],[56.259319,57.978139],[56.259737,57.97664],[56.2619179,57.9696315],[56.2624677,57.9681991]]},"properties":{"name":"Пермь","type":"Обособленные","lanes":1,"length":5795.663871560177,"population":1026908,"short_name":"Пермь","lanes_length":5795.663871560177}},{"type":"Feature","id":13563,"geometry":{"type":"LineString","coordinates":[[56.2353314,57.954202],[56.2414093,57.954208],[56.2418114,57.954267],[56.2421543,57.954416],[56.2423153,57.954683],[56.2427713,57.956718],[56.2466817,57.97243],[56.2471604,57.9811317],[56.2479507,57.9824381],[56.2480347,57.9837227],[56.2489887,57.9846438],[56.2490414,57.9852064]]},"properties":{"name":"Пермь","type":"Обособленные","lanes":1,"length":3880.867360821245,"population":1026908,"short_name":"Пермь","lanes_length":3880.867360821245}},{"type":"Feature","id":13564,"geometry":{"type":"LineString","coordinates":[[56.2407001,58.0004258],[56.2392168,58.0017166],[56.238184,58.003519],[56.237937,58.003619],[56.23761,58.003667],[56.232331,58.003059],[56.232074,58.00311],[56.231849,58.003246],[56.231554,58.003732],[56.231398,58.003818],[56.231167,58.00384],[56.223512,58.00259],[56.218931,58.009494]]},"properties":{"name":"Пермь","type":"Обособленные","lanes":1,"length":2145.2932571777264,"population":1026908,"short_name":"Пермь","lanes_length":2145.2932571777264}},{"type":"Feature","id":13565,"geometry":{"type":"LineString","coordinates":[[56.247914,57.9938926],[56.251519,57.994794],[56.254352,57.995516],[56.2607725,57.997057]]},"properties":{"name":"Пермь","type":"Обособленные","lanes":1,"length":838.1978444726419,"population":1026908,"short_name":"Пермь","lanes_length":838.1978444726419}},{"type":"Feature","id":13566,"geometry":{"type":"LineString","coordinates":[[56.1913088,58.0093922],[56.191893,58.008869],[56.192119,58.008766],[56.193465,58.008394],[56.193717,58.008252],[56.193873,58.00807],[56.193841,58.007891],[56.192778,58.006754],[56.19236,58.0064275]]},"properties":{"name":"Пермь","type":"Обособленные","lanes":1,"length":424.4272203595708,"population":1026908,"short_name":"Пермь","lanes_length":424.4272203595708}},{"type":"Feature","id":13567,"geometry":{"type":"LineString","coordinates":[[56.223512,58.00259],[56.216378,58.0013442],[56.2170537,57.998388],[56.2176221,57.9955284],[56.218228,57.993399],[56.218223,57.992978],[56.218169,57.992017],[56.217263,57.98646],[56.217054,57.986293],[56.216742,57.986247],[56.213492,57.986168],[56.213046,57.986071],[56.156157,57.969448],[56.151919,57.968483],[56.149993,57.967832],[56.148722,57.967516],[56.144119,57.965766],[56.139817,57.963862],[56.1380546,57.9628532],[56.1353335,57.9605018],[56.1351532,57.9600774],[56.1352303,57.9586741]]},"properties":{"name":"Пермь","type":"Обособленные","lanes":1,"length":8038.182634608738,"population":1026908,"short_name":"Пермь","lanes_length":8038.182634608738}},{"type":"Feature","id":13568,"geometry":{"type":"LineString","coordinates":[[56.1344305,57.9540544],[56.133691,57.953482],[56.133026,57.952853],[56.132559,57.952158],[56.131733,57.950462],[56.131389,57.949898],[56.128509,57.946422],[56.12742,57.944879],[56.12308,57.938319],[56.122753,57.937547],[56.122045,57.935528],[56.122045,57.935058],[56.122329,57.934568],[56.122919,57.934121],[56.1568969,57.9133791]]},"properties":{"name":"Пермь","type":"Обособленные","lanes":1,"length":5433.827183091778,"population":1026908,"short_name":"Пермь","lanes_length":5433.827183091778}},{"type":"Feature","id":13569,"geometry":{"type":"LineString","coordinates":[[58.4386224,51.2584076],[58.4404356,51.2574341]]},"properties":{"name":"Орск","type":"Обособленные","lanes":1,"length":166.58727046928794,"population":187517,"short_name":"Орск","lanes_length":166.58727046928794}},{"type":"Feature","id":13570,"geometry":{"type":"LineString","coordinates":[[58.4434075,51.2558696],[58.4492869,51.2527875],[58.455295,51.2496515]]},"properties":{"name":"Орск","type":"Обособленные","lanes":1,"length":1080.4413894987488,"population":187517,"short_name":"Орск","lanes_length":1080.4413894987488}},{"type":"Feature","id":13571,"geometry":{"type":"LineString","coordinates":[[58.4410616,51.2465564],[58.4392253,51.2461482],[58.4388605,51.2460071],[58.4386137,51.2458124],[58.4363553,51.244046]]},"properties":{"name":"Орск","type":"Обособленные","lanes":1,"length":445.59364811395704,"population":187517,"short_name":"Орск","lanes_length":445.59364811395704}},{"type":"Feature","id":13572,"geometry":{"type":"LineString","coordinates":[[56.2490414,57.9852064],[56.2485346,57.9931076]]},"properties":{"name":"Пермь","type":"Обособленные","lanes":1,"length":880.5260104195504,"population":1026908,"short_name":"Пермь","lanes_length":880.5260104195504}},{"type":"Feature","id":13573,"geometry":{"type":"LineString","coordinates":[[56.2477782,57.9939308],[56.2407001,58.0004258]]},"properties":{"name":"Пермь","type":"Обособленные","lanes":1,"length":835.7716189926857,"population":1026908,"short_name":"Пермь","lanes_length":835.7716189926857}},{"type":"Feature","id":13574,"geometry":{"type":"LineString","coordinates":[[58.455295,51.2496515],[58.4604102,51.2469917],[58.4654098,51.2442582],[58.4665685,51.2434993],[58.4670299,51.2430627],[58.4683924,51.2416657],[58.4690362,51.2408463],[58.4702915,51.2389924],[58.4703236,51.238858],[58.4733921,51.2395969]]},"properties":{"name":"Орск","type":"Обособленные","lanes":1,"length":1854.6491717660106,"population":187517,"short_name":"Орск","lanes_length":1854.6491717660106}},{"type":"Feature","id":13575,"geometry":{"type":"LineString","coordinates":[[58.4733921,51.2395969],[58.4766644,51.2403358],[58.4775012,51.2405104],[58.4810417,51.2411015],[58.4814924,51.2411821]]},"properties":{"name":"Орск","type":"Обособленные","lanes":1,"length":593.0065172039949,"population":187517,"short_name":"Орск","lanes_length":593.0065172039949}},{"type":"Feature","id":13576,"geometry":{"type":"LineString","coordinates":[[58.4822648,51.2424314],[58.4824687,51.2429888]]},"properties":{"name":"Орск","type":"Обособленные","lanes":1,"length":63.626016136926964,"population":187517,"short_name":"Орск","lanes_length":63.626016136926964}},{"type":"Feature","id":13577,"geometry":{"type":"LineString","coordinates":[[58.485108,51.2441172],[58.4891098,51.244097],[58.4905475,51.2440702],[58.4977895,51.2439224],[58.5025316,51.2438485],[58.5035723,51.2437612],[58.5048276,51.243553],[58.5061472,51.2432306],[58.5073059,51.2429015],[58.5085719,51.2424784],[58.5116618,51.2414776],[58.5119515,51.2413567],[58.5121876,51.2411619],[58.5123485,51.2409739],[58.5126274,51.2406246],[58.512724,51.2404298],[58.5127025,51.2400805],[58.5123806,51.2389117]]},"properties":{"name":"Орск","type":"Обособленные","lanes":1,"length":2224.0156710015367,"population":187517,"short_name":"Орск","lanes_length":2224.0156710015367}},{"type":"Feature","id":13578,"geometry":{"type":"LineString","coordinates":[[58.4703236,51.238858],[58.4740761,51.2311674],[58.4751919,51.2293938],[58.4867469,51.2317922],[58.487294,51.2318056],[58.4881953,51.2316847],[58.5031942,51.2294475],[58.5098461,51.2284465],[58.5107044,51.2283322],[58.5111121,51.228339],[58.5117343,51.2285002],[58.5141483,51.2290578],[58.5147062,51.2290713],[58.5154251,51.2289638],[58.5208431,51.2280501],[58.5212508,51.2279963],[58.5215405,51.2280366],[58.5218516,51.2280971],[58.5332135,51.2315974],[58.5335139,51.2317049],[58.5337928,51.2318862],[58.5339752,51.2320743],[58.534458,51.2330552]]},"properties":{"name":"Орск","type":"Обособленные","lanes":1,"length":5560.778227263855,"population":187517,"short_name":"Орск","lanes_length":5560.778227263855}},{"type":"Feature","id":13579,"geometry":{"type":"LineString","coordinates":[[58.5531877,51.243212],[58.5525382,51.2449638]]},"properties":{"name":"Орск","type":"Обособленные","lanes":1,"length":200.1005002187111,"population":187517,"short_name":"Орск","lanes_length":200.1005002187111}},{"type":"Feature","id":13580,"geometry":{"type":"LineString","coordinates":[[58.5539008,51.2456153],[58.5616899,51.2473749]]},"properties":{"name":"Орск","type":"Обособленные","lanes":1,"length":578.0326503748923,"population":187517,"short_name":"Орск","lanes_length":578.0326503748923}},{"type":"Feature","id":13581,"geometry":{"type":"LineString","coordinates":[[58.5098461,51.2284465],[58.5094697,51.227589]]},"properties":{"name":"Орск","type":"Обособленные","lanes":1,"length":98.95605629420098,"population":187517,"short_name":"Орск","lanes_length":98.95605629420098}},{"type":"Feature","id":13582,"geometry":{"type":"LineString","coordinates":[[58.4787852,51.2222271],[58.4751919,51.2293938]]},"properties":{"name":"Орск","type":"Обособленные","lanes":1,"length":835.8936029349122,"population":187517,"short_name":"Орск","lanes_length":835.8936029349122}},{"type":"Feature","id":13583,"geometry":{"type":"LineString","coordinates":[[58.5210479,51.2280296],[58.5226786,51.2268941]]},"properties":{"name":"Орск","type":"Обособленные","lanes":1,"length":170.1007327946946,"population":187517,"short_name":"Орск","lanes_length":170.1007327946946}},{"type":"Feature","id":13584,"geometry":{"type":"LineString","coordinates":[[58.5226786,51.2268941],[58.5242451,51.2258325],[58.5291052,51.2224326],[58.5306824,51.2214919],[58.5346735,51.2189585],[58.5395551,51.2158538],[58.5442222,51.2128967],[58.5485888,51.2101478],[58.551904,51.2080037],[58.5530091,51.2073449],[58.5532773,51.2072441],[58.553921,51.2070828],[58.5542536,51.206982],[58.5547901,51.2067333],[58.5563457,51.2059603],[58.5583735,51.2046764],[58.5601974,51.2035067]]},"properties":{"name":"Орск","type":"Обособленные","lanes":1,"length":3702.0399168150575,"population":187517,"short_name":"Орск","lanes_length":3702.0399168150575}},{"type":"Feature","id":13585,"geometry":{"type":"LineString","coordinates":[[58.5624722,51.2041169],[58.5664419,51.2012936],[58.5695211,51.1991759]]},"properties":{"name":"Орск","type":"Обособленные","lanes":1,"length":738.1913001704114,"population":187517,"short_name":"Орск","lanes_length":738.1913001704114}},{"type":"Feature","id":13586,"geometry":{"type":"LineString","coordinates":[[58.612651,51.2152206],[58.6129042,51.2152552],[58.6131188,51.2152619],[58.6133119,51.2152014],[58.6161443,51.2140186]]},"properties":{"name":"Орск","type":"Обособленные","lanes":1,"length":285.8600366680124,"population":187517,"short_name":"Орск","lanes_length":285.8600366680124}},{"type":"Feature","id":13587,"geometry":{"type":"LineString","coordinates":[[58.6120869,51.2157133],[58.6133315,51.2167505],[58.6138143,51.217147],[58.6141898,51.2175905],[58.6143614,51.2178325],[58.6144043,51.2180609]]},"properties":{"name":"Орск","type":"Обособленные","lanes":1,"length":310.96184815186086,"population":187517,"short_name":"Орск","lanes_length":310.96184815186086}},{"type":"Feature","id":13588,"geometry":{"type":"LineString","coordinates":[[58.6144043,51.2180609],[58.6131445,51.2207278],[58.6130372,51.2209764],[58.6129084,51.2217089],[58.612887,51.2221591],[58.6129943,51.2225219],[58.613241,51.2227773],[58.6135522,51.2229251],[58.6152258,51.2234022]]},"properties":{"name":"Орск","type":"Обособленные","lanes":1,"length":700.1768526969761,"population":187517,"short_name":"Орск","lanes_length":700.1768526969761}},{"type":"Feature","id":13589,"geometry":{"type":"LineString","coordinates":[[58.6283043,51.227083],[58.6320974,51.2282598],[58.635638,51.2293751]]},"properties":{"name":"Орск","type":"Обособленные","lanes":1,"length":572.240277631508,"population":187517,"short_name":"Орск","lanes_length":572.240277631508}},{"type":"Feature","id":13590,"geometry":{"type":"LineString","coordinates":[[58.635638,51.2293751],[58.636401,51.2294775],[58.6372497,51.2294454],[58.6379912,51.229279],[58.6389473,51.2288439],[58.6397853,51.2285633],[58.6407521,51.2284439],[58.6415258,51.2284723],[58.6422994,51.2286619],[58.6551843,51.2326777],[58.6646149,51.2355932],[58.6690352,51.236977],[58.6700437,51.2370308],[58.6708377,51.2369703],[58.6715994,51.236789],[58.6721251,51.2365404],[58.6726187,51.2362381],[58.672962,51.2358082],[58.6749683,51.2332891]]},"properties":{"name":"Орск","type":"Обособленные","lanes":1,"length":3227.055282307882,"population":187517,"short_name":"Орск","lanes_length":3227.055282307882}},{"type":"Feature","id":13591,"geometry":{"type":"LineString","coordinates":[[55.8896382,53.3345591],[55.8902284,53.3335244],[55.8904108,53.3334924],[55.8907112,53.3335116],[55.8939084,53.3341074],[55.8941444,53.3341202],[55.8945843,53.334133],[55.9076949,53.334274],[55.9135958,53.3342932],[55.9147652,53.3342612],[55.917265,53.3341715],[55.9177907,53.3342227],[55.9181555,53.334306],[55.9184452,53.334447],[55.9187885,53.3346264],[55.9190353,53.3348442],[55.9190675,53.335094],[55.919046,53.3353183],[55.9193464,53.3393798],[55.9192713,53.339636],[55.9191319,53.3397834],[55.9183486,53.3405713],[55.9182521,53.3410133],[55.9186169,53.3457532],[55.9190138,53.3506911],[55.9191211,53.3558142],[55.9190889,53.3588877],[55.9189387,53.3630495],[55.9188422,53.3669163],[55.9187563,53.3706228],[55.9187671,53.3711733],[55.9188744,53.372063],[55.9190353,53.3733176],[55.919164,53.3736504],[55.9194537,53.3740729],[55.9200545,53.3749434],[55.9201833,53.3752826],[55.9201725,53.3756154],[55.9199794,53.3759995],[55.9195717,53.3764731],[55.9190997,53.3767931],[55.9181984,53.3771451],[55.9170612,53.3772859],[55.9159776,53.3773115],[55.9144004,53.3773819],[55.9136387,53.3774907],[55.9127697,53.3778043],[55.9121796,53.3782203],[55.9119543,53.3785467],[55.9117611,53.3789947],[55.9117611,53.3794939],[55.9115466,53.3859253],[55.9114071,53.3906091],[55.9113213,53.3923813],[55.9112032,53.3927332],[55.9109565,53.3931619],[55.9104522,53.3935202],[55.9100553,53.3937377],[55.9074803,53.3952603],[55.9069224,53.3957145],[55.9065684,53.3960792],[55.9065147,53.3964183],[55.9064611,53.3968725],[55.9064289,53.4001541],[55.906504,53.4004996],[55.9066542,53.4009345],[55.9067508,53.4013503],[55.9067401,53.4020092]]},"properties":{"name":"Салават","type":"Обособленные","lanes":1,"length":10081.75272982899,"population":144970,"short_name":"Салават","lanes_length":10081.75272982899}},{"type":"Feature","id":13592,"geometry":{"type":"LineString","coordinates":[[51.8185114,55.6579547],[51.8185941,55.6577875],[51.8187121,55.657612],[51.8189374,55.657497],[51.8192271,55.6574062],[51.8195275,55.6573638],[51.8198386,55.6573517],[51.8218127,55.657267],[51.8222848,55.6572246],[51.8226389,55.6571399],[51.8229929,55.6570128],[51.8232933,55.6568917],[51.8273595,55.6549004],[51.8275419,55.6547611],[51.8275956,55.6546159],[51.8275419,55.6544645],[51.8273059,55.6543011],[51.8232826,55.6516437],[51.8231753,55.6514742],[51.823186,55.6512563],[51.8232611,55.6511474],[51.8234435,55.6510626],[51.8304924,55.647618],[51.8308464,55.6473637],[51.8310717,55.647061],[51.8311683,55.6467765],[51.8311683,55.6464193],[51.831061,55.6462013],[51.8308464,55.6460015]]},"properties":{"name":"г. о. Нижнекамск","type":"Обособленные","lanes":1,"length":2006.9589273652628,"population":241057,"short_name":"г. о. Нижнекамск","lanes_length":2006.9589273652628}},{"type":"Feature","id":13593,"geometry":{"type":"LineString","coordinates":[[51.8308464,55.6460015],[51.8322677,55.6467342],[51.8329543,55.6471459],[51.833641,55.6480661],[51.8414945,55.6575577],[51.8430073,55.6585079]]},"properties":{"name":"г. о. Нижнекамск","type":"Обособленные","lanes":1,"length":1604.3061863511095,"population":241057,"short_name":"г. о. Нижнекамск","lanes_length":1604.3061863511095}},{"type":"Feature","id":13594,"geometry":{"type":"LineString","coordinates":[[51.8308464,55.6460015],[51.8155307,55.6377245],[51.8142862,55.637022],[51.8100805,55.6341636],[51.8100376,55.6338487],[51.810338,55.6336307],[51.8107242,55.6333642],[51.8176336,55.6299968],[51.8180627,55.629706],[51.8180627,55.6291973],[51.8187494,55.6211286],[51.8190498,55.6206924],[51.8193931,55.6204016],[51.8203802,55.619505]]},"properties":{"name":"г. о. Нижнекамск","type":"Обособленные","lanes":1,"length":3744.227990869709,"population":241057,"short_name":"г. о. Нижнекамск","lanes_length":3744.227990869709}},{"type":"Feature","id":13595,"geometry":{"type":"LineString","coordinates":[[51.8203802,55.619505],[51.8191773,55.6197484],[51.8170744,55.6198454],[51.806646,55.618464]]},"properties":{"name":"г. о. Нижнекамск","type":"Обособленные","lanes":1,"length":888.2180574686919,"population":241057,"short_name":"г. о. Нижнекамск","lanes_length":888.2180574686919}},{"type":"Feature","id":13596,"geometry":{"type":"LineString","coordinates":[[51.8203802,55.619505],[51.8457848,55.6114355],[51.8524367,55.6088418],[51.8535954,55.6087691],[51.9077975,55.6080177]]},"properties":{"name":"г. о. Нижнекамск","type":"Обособленные","lanes":1,"length":5835.110304821071,"population":241057,"short_name":"г. о. Нижнекамск","lanes_length":5835.110304821071}},{"type":"Feature","id":13597,"geometry":{"type":"LineString","coordinates":[[51.9516631,55.5803268],[51.9070428,55.5806691],[51.906318,55.5812748],[51.9071382,55.5838211],[51.9079128,55.6146672],[51.9083849,55.6150065],[51.9091574,55.6151035],[51.9100157,55.6150792],[51.9456783,55.6148126],[51.9471375,55.6146914],[51.9722,55.6145945],[51.9794527,55.6145218],[51.9834332,55.6142552]]},"properties":{"name":"г. о. Нижнекамск","type":"Обособленные","lanes":1,"length":11399.857099027942,"population":241057,"short_name":"г. о. Нижнекамск","lanes_length":11399.857099027942}},{"type":"Feature","id":13598,"geometry":{"type":"LineString","coordinates":[[56.1631125,58.0054134],[56.163009,58.004659],[56.1617074,58.0042221],[56.1533786,58.0035065],[56.1484961,58.0012155],[56.147952,58.0010013],[56.1469972,58.0008819],[56.1356568,58.0008251]]},"properties":{"name":"Пермь","type":"Обособленные","lanes":1,"length":1828.1192487277485,"population":1026908,"short_name":"Пермь","lanes_length":1828.1192487277485}},{"type":"Feature","id":13599,"geometry":{"type":"LineString","coordinates":[[51.9077975,55.6080177],[51.9077946,55.6067599]]},"properties":{"name":"г. о. Нижнекамск","type":"Обособленные","lanes":1,"length":140.0368710732789,"population":241057,"short_name":"г. о. Нижнекамск","lanes_length":140.0368710732789}},{"type":"Feature","id":13600,"geometry":{"type":"LineString","coordinates":[[48.280529,54.263544],[48.28437,54.268369],[48.289595,54.274872],[48.297212,54.28123],[48.30225,54.285486],[48.304631,54.28858],[48.30491,54.288818],[48.309513,54.290884],[48.319416,54.295374],[48.3205103,54.296232],[48.321079,54.297158],[48.321433,54.298141],[48.323375,54.307244],[48.32964,54.308277],[48.347461,54.307],[48.353136,54.305385],[48.3555401,54.3050719],[48.3586507,54.3051907],[48.376989,54.306691],[48.388946,54.307611]]},"properties":{"name":"Ульяновск","type":"Обособленные","lanes":1,"length":10154.840783691412,"population":611683,"short_name":"Ульяновск","lanes_length":10154.840783691412}},{"type":"Feature","id":13601,"geometry":{"type":"LineString","coordinates":[[48.39865,54.334794],[48.398572,54.334848],[48.397762,54.339598]]},"properties":{"name":"Ульяновск","type":"Обособленные","lanes":1,"length":539.2130180684655,"population":611683,"short_name":"Ульяновск","lanes_length":539.2130180684655}},{"type":"Feature","id":13602,"geometry":{"type":"LineString","coordinates":[[48.3878919,54.3448272],[48.382616,54.350083],[48.377568,54.355132],[48.374674,54.358099]]},"properties":{"name":"Ульяновск","type":"Обособленные","lanes":1,"length":1709.1417873503997,"population":611683,"short_name":"Ульяновск","lanes_length":1709.1417873503997}},{"type":"Feature","id":13603,"geometry":{"type":"LineString","coordinates":[[48.304765,54.236733],[48.32502,54.262932],[48.325524,54.263552],[48.325438,54.263712],[48.325347,54.263768],[48.319302,54.265432],[48.318577,54.265642],[48.321603,54.269389],[48.32201,54.269636],[48.323491,54.270272],[48.33606,54.27586],[48.353081,54.283515],[48.364314,54.288381],[48.369287,54.290306],[48.369577,54.290491],[48.372822,54.293131],[48.377253,54.296496],[48.387843,54.304685],[48.388771,54.30538],[48.389194,54.305865],[48.389286,54.306072],[48.389286,54.306397],[48.389157,54.30686],[48.388946,54.307611]]},"properties":{"name":"Ульяновск","type":"Обособленные","lanes":1,"length":10498.362828856734,"population":611683,"short_name":"Ульяновск","lanes_length":10498.362828856734}},{"type":"Feature","id":13604,"geometry":{"type":"LineString","coordinates":[[48.385362,54.333395],[48.375294,54.344089],[48.36192,54.35275],[48.356974,54.350246],[48.356652,54.350168],[48.346632,54.34974],[48.342136,54.34974]]},"properties":{"name":"Ульяновск","type":"Обособленные","lanes":1,"length":4050.8416189940517,"population":611683,"short_name":"Ульяновск","lanes_length":4050.8416189940517}},{"type":"Feature","id":13605,"geometry":{"type":"LineString","coordinates":[[48.302314,54.285572],[48.293902,54.292178],[48.293741,54.292654],[48.28622,54.298415],[48.280137,54.2962168],[48.2675195,54.2925477],[48.261844,54.291621]]},"properties":{"name":"Ульяновск","type":"Обособленные","lanes":1,"length":3544.499283050471,"population":611683,"short_name":"Ульяновск","lanes_length":3544.499283050471}},{"type":"Feature","id":13606,"geometry":{"type":"LineString","coordinates":[[48.309229,54.268182],[48.306916,54.268995],[48.299242,54.272192],[48.290689,54.275712]]},"properties":{"name":"Ульяновск","type":"Обособленные","lanes":1,"length":1470.6061288617493,"population":611683,"short_name":"Ульяновск","lanes_length":1470.6061288617493}},{"type":"Feature","id":13607,"geometry":{"type":"LineString","coordinates":[[48.28622,54.298415],[48.295469,54.302335],[48.296338,54.302579],[48.311702,54.305102],[48.323375,54.307244]]},"properties":{"name":"Ульяновск","type":"Обособленные","lanes":1,"length":2641.568187244126,"population":611683,"short_name":"Ульяновск","lanes_length":2641.568187244126}},{"type":"Feature","id":13608,"geometry":{"type":"LineString","coordinates":[[48.321452,54.298284],[48.32172,54.298434],[48.322203,54.29854],[48.322814,54.298515],[48.32657,54.29824],[48.333093,54.297745],[48.33511,54.297639],[48.336279,54.297726],[48.337041,54.297852],[48.338071,54.298108],[48.347008,54.301815],[48.347856,54.302384],[48.349014,54.303787],[48.349508,54.305101],[48.3497663,54.3067515]]},"properties":{"name":"Ульяновск","type":"Обособленные","lanes":1,"length":2410.265750936559,"population":611683,"short_name":"Ульяновск","lanes_length":2410.265750936559}},{"type":"Feature","id":13609,"geometry":{"type":"LineString","coordinates":[[48.3499223,54.3073639],[48.3506461,54.3098405],[48.350974,54.310423],[48.351574,54.311068],[48.356306,54.315317],[48.356756,54.315818],[48.357035,54.316394],[48.35711,54.316825],[48.356907,54.321456],[48.35754,54.326681],[48.357733,54.326894],[48.358044,54.326981],[48.358462,54.327025],[48.358924,54.32695],[48.359235,54.3268],[48.360458,54.325936],[48.360866,54.325786],[48.362153,54.325686],[48.379062,54.325135],[48.379738,54.324998],[48.384523,54.323308]]},"properties":{"name":"Ульяновск","type":"Обособленные","lanes":1,"length":4157.753029111194,"population":611683,"short_name":"Ульяновск","lanes_length":4157.753029111194}},{"type":"Feature","id":13610,"geometry":{"type":"LineString","coordinates":[[48.386416,54.317099],[48.386367,54.317025],[48.386276,54.316925],[48.386152,54.316825],[48.385927,54.316723],[48.385618,54.316603],[48.385237,54.316443],[48.385106,54.31634],[48.38506,54.316291]]},"properties":{"name":"Ульяновск","type":"Обособленные","lanes":1,"length":128.8956563613886,"population":611683,"short_name":"Ульяновск","lanes_length":128.8956563613886}},{"type":"Feature","id":13611,"geometry":{"type":"LineString","coordinates":[[48.372822,54.293131],[48.370167,54.294218],[48.369384,54.294443]]},"properties":{"name":"Ульяновск","type":"Обособленные","lanes":1,"length":267.81362759115126,"population":611683,"short_name":"Ульяновск","lanes_length":267.81362759115126}},{"type":"Feature","id":13612,"geometry":{"type":"LineString","coordinates":[[48.36192,54.35275],[48.356159,54.356349],[48.345612,54.360353],[48.33696,54.362801],[48.336241,54.363023],[48.335361,54.363144],[48.324031,54.366104],[48.318581,54.367801],[48.314445,54.369864],[48.311366,54.371839]]},"properties":{"name":"Ульяновск","type":"Обособленные","lanes":1,"length":3961.9279183139665,"population":611683,"short_name":"Ульяновск","lanes_length":3961.9279183139665}},{"type":"Feature","id":13613,"geometry":{"type":"LineString","coordinates":[[48.391051,54.345864],[48.3913244,54.3457816],[48.3953959,54.3417843]]},"properties":{"name":"Ульяновск","type":"Обособленные","lanes":1,"length":537.7783645891499,"population":611683,"short_name":"Ульяновск","lanes_length":537.7783645891499}},{"type":"Feature","id":13614,"geometry":{"type":"LineString","coordinates":[[60.2304949,59.7633002],[60.2315302,59.7634866]]},"properties":{"name":"Краснотурьинск","type":"Обособленные","lanes":1,"length":61.77672399663566,"population":55487,"short_name":"Краснотурьинск","lanes_length":61.77672399663566}},{"type":"Feature","id":13615,"geometry":{"type":"LineString","coordinates":[[60.2297063,59.7633596],[60.2193101,59.764767]]},"properties":{"name":"Краснотурьинск","type":"Обособленные","lanes":1,"length":604.9081241036052,"population":55487,"short_name":"Краснотурьинск","lanes_length":604.9081241036052}},{"type":"Feature","id":13616,"geometry":{"type":"LineString","coordinates":[[60.1842818,59.7666849],[60.1842887,59.7686653],[60.1842512,59.7687707],[60.1841546,59.7688652],[60.1822395,59.7705587]]},"properties":{"name":"Краснотурьинск","type":"Обособленные","lanes":1,"length":461.60660266701575,"population":55487,"short_name":"Краснотурьинск","lanes_length":461.60660266701575}},{"type":"Feature","id":13617,"geometry":{"type":"LineString","coordinates":[[60.1818737,59.77089],[60.1801315,59.7723628]]},"properties":{"name":"Краснотурьинск","type":"Обособленные","lanes":1,"length":191.06091549057314,"population":55487,"short_name":"Краснотурьинск","lanes_length":191.06091549057314}},{"type":"Feature","id":13618,"geometry":{"type":"LineString","coordinates":[[39.641775,47.226483],[39.646828,47.215859],[39.646753,47.214838],[39.646678,47.214026],[39.647359,47.214011],[39.64744,47.214824],[39.646753,47.214838]]},"properties":{"name":"Ростов-на-Дону","type":"Обособленные","lanes":1,"length":1639.960214159418,"population":1140487,"short_name":"Ростов-на-Дону","lanes_length":1639.960214159418}},{"type":"Feature","id":13619,"geometry":{"type":"LineString","coordinates":[[39.651324,47.219284],[39.653898,47.218424],[39.657031,47.217214],[39.657546,47.217593]]},"properties":{"name":"Ростов-на-Дону","type":"Обособленные","lanes":1,"length":547.3584598036715,"population":1140487,"short_name":"Ростов-на-Дону","lanes_length":547.3584598036715}},{"type":"Feature","id":13620,"geometry":{"type":"LineString","coordinates":[[39.668125,47.2194],[39.669176,47.221251],[39.671622,47.220624]]},"properties":{"name":"Ростов-на-Дону","type":"Обособленные","lanes":1,"length":418.5904467357829,"population":1140487,"short_name":"Ростов-на-Дону","lanes_length":418.5904467357829}},{"type":"Feature","id":13621,"geometry":{"type":"LineString","coordinates":[[39.690441,47.222883],[39.691664,47.222534],[39.695848,47.223904]]},"properties":{"name":"Ростов-на-Дону","type":"Обособленные","lanes":1,"length":452.0207141356707,"population":1140487,"short_name":"Ростов-на-Дону","lanes_length":452.0207141356707}},{"type":"Feature","id":13622,"geometry":{"type":"LineString","coordinates":[[39.690698,47.220348],[39.692501,47.219502],[39.694883,47.217535],[39.696942,47.217564],[39.699539,47.215596],[39.701492,47.215524]]},"properties":{"name":"Ростов-на-Дону","type":"Обособленные","lanes":1,"length":1047.700327920254,"population":1140487,"short_name":"Ростов-на-Дону","lanes_length":1047.700327920254}},{"type":"Feature","id":13623,"geometry":{"type":"LineString","coordinates":[[39.745158,47.225346],[39.745802,47.2252],[39.746445,47.225332],[39.747046,47.225812]]},"properties":{"name":"Ростов-на-Дону","type":"Обособленные","lanes":1,"length":172.4042788738709,"population":1140487,"short_name":"Ростов-на-Дону","lanes_length":172.4042788738709}},{"type":"Feature","id":13624,"geometry":{"type":"LineString","coordinates":[[39.766487,47.229673],[39.7635585,47.2291194],[39.7628933,47.2289009]]},"properties":{"name":"Ростов-на-Дону","type":"Обособленные","lanes":1,"length":286.08359604933827,"population":1140487,"short_name":"Ростов-на-Дону","lanes_length":286.08359604933827}},{"type":"Feature","id":13625,"geometry":{"type":"LineString","coordinates":[[39.754515,47.236326],[39.7515207,47.2432417],[39.752732,47.244476],[39.756831,47.246253],[39.76329,47.250856],[39.7650433,47.2541152]]},"properties":{"name":"Ростов-на-Дону","type":"Обособленные","lanes":1,"length":2428.179116724981,"population":1140487,"short_name":"Ростов-на-Дону","lanes_length":2428.179116724981}},{"type":"Feature","id":13626,"geometry":{"type":"LineString","coordinates":[[51.8211829,55.6790181],[51.8212902,55.6788362],[51.8213653,55.6785217],[51.8213009,55.6781466],[51.8212258,55.677457],[51.8209147,55.6752307],[51.8202817,55.6711408],[51.8199169,55.6681215],[51.8197989,55.6672502],[51.8195199,55.6650657],[51.8190693,55.6617252],[51.8185436,55.6581907],[51.8185114,55.6579547]]},"properties":{"name":"г. о. Нижнекамск","type":"Обособленные","lanes":1,"length":2353.6197887461235,"population":241057,"short_name":"г. о. Нижнекамск","lanes_length":2353.6197887461235}},{"type":"Feature","id":13627,"geometry":{"type":"LineString","coordinates":[[61.290148,55.181953],[61.290539,55.181928],[61.302202,55.18708],[61.3045,55.187824],[61.307176,55.188449],[61.310787,55.188851],[61.313695,55.188955],[61.357275,55.188974],[61.359315,55.188577],[61.371804,55.183677],[61.3989379,55.1843874]]},"properties":{"name":"Челябинск","type":"Обособленные","lanes":1,"length":7343.645516655117,"population":1177058,"short_name":"Челябинск","lanes_length":7343.645516655117}},{"type":"Feature","id":13628,"geometry":{"type":"LineString","coordinates":[[61.3894643,55.1531888],[61.388357,55.167366],[61.388757,55.167541],[61.400344,55.167898]]},"properties":{"name":"Челябинск","type":"Обособленные","lanes":1,"length":2351.4309188304314,"population":1177058,"short_name":"Челябинск","lanes_length":2351.4309188304314}},{"type":"Feature","id":13629,"geometry":{"type":"LineString","coordinates":[[61.414558,55.180871],[61.4157133,55.1679524]]},"properties":{"name":"Челябинск","type":"Обособленные","lanes":1,"length":1440.0682184265504,"population":1177058,"short_name":"Челябинск","lanes_length":1440.0682184265504}},{"type":"Feature","id":13630,"geometry":{"type":"LineString","coordinates":[[61.4157231,55.1679264],[61.415898,55.166057]]},"properties":{"name":"Челябинск","type":"Обособленные","lanes":1,"length":208.41221314922967,"population":1177058,"short_name":"Челябинск","lanes_length":208.41221314922967}},{"type":"Feature","id":13631,"geometry":{"type":"LineString","coordinates":[[61.4155954,55.1688271],[61.414013,55.168785],[61.413592,55.168569]]},"properties":{"name":"Челябинск","type":"Обособленные","lanes":1,"length":136.97534007445097,"population":1177058,"short_name":"Челябинск","lanes_length":136.97534007445097}},{"type":"Feature","id":13632,"geometry":{"type":"LineString","coordinates":[[61.400344,55.167898],[61.400649,55.167632],[61.403294,55.167681]]},"properties":{"name":"Челябинск","type":"Обособленные","lanes":1,"length":204.06804728206754,"population":1177058,"short_name":"Челябинск","lanes_length":204.06804728206754}},{"type":"Feature","id":13633,"geometry":{"type":"LineString","coordinates":[[61.4159706,55.1679142],[61.4321277,55.1683263],[61.442376,55.167694]]},"properties":{"name":"Челябинск","type":"Обособленные","lanes":1,"length":1687.5237112574932,"population":1177058,"short_name":"Челябинск","lanes_length":1687.5237112574932}},{"type":"Feature","id":13634,"geometry":{"type":"LineString","coordinates":[[61.403527,55.167521],[61.4040939,55.1602872],[61.406611,55.158819],[61.40664,55.158539]]},"properties":{"name":"Челябинск","type":"Обособленные","lanes":1,"length":1066.38442949019,"population":1177058,"short_name":"Челябинск","lanes_length":1066.38442949019}},{"type":"Feature","id":13635,"geometry":{"type":"LineString","coordinates":[[61.4066146,55.1583634],[61.4069706,55.1551369],[61.4117704,55.1500464],[61.413729,55.14313],[61.4109639,55.1382832]]},"properties":{"name":"Челябинск","type":"Обособленные","lanes":1,"length":2351.6457913293752,"population":1177058,"short_name":"Челябинск","lanes_length":2351.6457913293752}},{"type":"Feature","id":13636,"geometry":{"type":"LineString","coordinates":[[61.472743,55.120588],[61.467242,55.111691],[61.485712,55.107288],[61.486892,55.106499],[61.4925915,55.099523]]},"properties":{"name":"Челябинск","type":"Обособленные","lanes":1,"length":3300.7236500776985,"population":1177058,"short_name":"Челябинск","lanes_length":3300.7236500776985}},{"type":"Feature","id":13637,"geometry":{"type":"LineString","coordinates":[[61.3942393,55.1843576],[61.3939071,55.1865398],[61.389111,55.194308],[61.38636,55.197878],[61.386151,55.200912],[61.385588,55.202761],[61.385126,55.205391],[61.378459,55.222703],[61.376018,55.226612],[61.374237,55.228319],[61.37854,55.236609],[61.381222,55.239082],[61.377199,55.246567],[61.403865,55.251148],[61.419191,55.259219],[61.415737,55.261854],[61.413714,55.262603],[61.394805,55.277123],[61.413929,55.285241],[61.421645,55.293983],[61.421253,55.297367],[61.42488,55.301533],[61.431542,55.299816],[61.441563,55.292013],[61.444674,55.287236]]},"properties":{"name":"Челябинск","type":"Обособленные","lanes":1,"length":18490.451374382246,"population":1177058,"short_name":"Челябинск","lanes_length":18490.451374382246}},{"type":"Feature","id":13638,"geometry":{"type":"LineString","coordinates":[[61.41738,55.258272],[61.434476,55.245271],[61.436181,55.244978],[61.440751,55.245223],[61.448219,55.247798],[61.450407,55.249309],[61.452633,55.253479],[61.453073,55.256855],[61.449769,55.273317]]},"properties":{"name":"Челябинск","type":"Обособленные","lanes":1,"length":5695.401300747788,"population":1177058,"short_name":"Челябинск","lanes_length":5695.401300747788}},{"type":"Feature","id":13639,"geometry":{"type":"LineString","coordinates":[[61.4331199,55.191798],[61.4322415,55.191478],[61.432532,55.1855852],[61.4429475,55.1692908],[61.4416181,55.1609608],[61.4656918,55.1595308]]},"properties":{"name":"Челябинск","type":"Обособленные","lanes":1,"length":5128.0587997590665,"population":1177058,"short_name":"Челябинск","lanes_length":5128.0587997590665}},{"type":"Feature","id":13640,"geometry":{"type":"LineString","coordinates":[[61.4453255,55.1604918],[61.4444301,55.1555066],[61.4435336,55.1547519],[61.4431091,55.1541076]]},"properties":{"name":"Челябинск","type":"Обособленные","lanes":1,"length":736.186488998859,"population":1177058,"short_name":"Челябинск","lanes_length":736.186488998859}},{"type":"Feature","id":13641,"geometry":{"type":"LineString","coordinates":[[61.4423183,55.1510217],[61.4424041,55.149955],[61.4436486,55.1485817],[61.4470604,55.1458717],[61.4443135,55.1445143],[61.4364511,55.1315453]]},"properties":{"name":"Челябинск","type":"Обособленные","lanes":1,"length":2422.775605689406,"population":1177058,"short_name":"Челябинск","lanes_length":2422.775605689406}},{"type":"Feature","id":13642,"geometry":{"type":"LineString","coordinates":[[61.4364511,55.1315453],[61.440282,55.1307435],[61.4490042,55.1254023],[61.4724487,55.1209113]]},"properties":{"name":"Челябинск","type":"Обособленные","lanes":1,"length":2651.5387221023425,"population":1177058,"short_name":"Челябинск","lanes_length":2651.5387221023425}},{"type":"Feature","id":13643,"geometry":{"type":"LineString","coordinates":[[61.3989278,55.1842932],[61.400344,55.167898]]},"properties":{"name":"Челябинск","type":"Обособленные","lanes":1,"length":1827.453609538879,"population":1177058,"short_name":"Челябинск","lanes_length":1827.453609538879}},{"type":"Feature","id":13644,"geometry":{"type":"LineString","coordinates":[[103.8963969,52.5764865],[103.897577,52.5746397],[103.8975555,52.574462],[103.8974267,52.5743545],[103.8889082,52.572444],[103.8885219,52.5723266],[103.8878138,52.5720267],[103.8870521,52.5715702],[103.8863976,52.571029],[103.8862796,52.5708073],[103.8864083,52.5705921],[103.8898094,52.5653556],[103.8899059,52.5649969],[103.8898523,52.56471],[103.8896592,52.5643773],[103.8888867,52.5632882],[103.8885863,52.5630991],[103.8879295,52.5627815],[103.8875099,52.5626194],[103.8870688,52.5625356],[103.886238,52.5624612],[103.8853274,52.5624494],[103.8850082,52.5624192],[103.8848419,52.5623328],[103.8837905,52.5612533]]},"properties":{"name":"Ангарск","type":"Обособленные","lanes":1,"length":2473.8494050985187,"population":217365,"short_name":"Ангарск","lanes_length":2473.8494050985187}},{"type":"Feature","id":13645,"geometry":{"type":"LineString","coordinates":[[103.8831461,52.5608508],[103.8809019,52.558606]]},"properties":{"name":"Ангарск","type":"Обособленные","lanes":1,"length":292.5107076657162,"population":217365,"short_name":"Ангарск","lanes_length":292.5107076657162}},{"type":"Feature","id":13646,"geometry":{"type":"LineString","coordinates":[[103.8950902,52.5341007],[103.8907773,52.5411355]]},"properties":{"name":"Ангарск","type":"Обособленные","lanes":1,"length":835.7259798792518,"population":217365,"short_name":"Ангарск","lanes_length":835.7259798792518}},{"type":"Feature","id":13647,"geometry":{"type":"LineString","coordinates":[[103.8813788,52.5437454],[103.8786537,52.5488345]]},"properties":{"name":"Ангарск","type":"Обособленные","lanes":1,"length":595.7143697946533,"population":217365,"short_name":"Ангарск","lanes_length":595.7143697946533}},{"type":"Feature","id":13648,"geometry":{"type":"LineString","coordinates":[[103.8950902,52.5341007],[103.8869363,52.5322873]]},"properties":{"name":"Ангарск","type":"Обособленные","lanes":1,"length":588.9636284990376,"population":217365,"short_name":"Ангарск","lanes_length":588.9636284990376}},{"type":"Feature","id":13649,"geometry":{"type":"LineString","coordinates":[[103.8851983,52.5319088],[103.8679248,52.5279796]]},"properties":{"name":"Ангарск","type":"Обособленные","lanes":1,"length":1251.1362064252512,"population":217365,"short_name":"Ангарск","lanes_length":1251.1362064252512}},{"type":"Feature","id":13650,"geometry":{"type":"LineString","coordinates":[[103.8635757,52.5269624],[103.85937,52.5260094],[103.8589194,52.5258528],[103.8587048,52.5255264],[103.8464525,52.507128],[103.8455298,52.506044],[103.8442424,52.5048032],[103.8426116,52.5034709],[103.8379123,52.5003622]]},"properties":{"name":"Ангарск","type":"Обособленные","lanes":1,"length":3543.686104434943,"population":217365,"short_name":"Ангарск","lanes_length":3543.686104434943}},{"type":"Feature","id":13651,"geometry":{"type":"LineString","coordinates":[[103.8444784,52.5050087],[103.8518169,52.5015473],[103.8710644,52.5165532],[103.8762572,52.5197522],[103.8777807,52.5204703],[103.8797548,52.521097],[103.9001825,52.525784]]},"properties":{"name":"Ангарск","type":"Обособленные","lanes":1,"length":5014.311081460746,"population":217365,"short_name":"Ангарск","lanes_length":5014.311081460746}},{"type":"Feature","id":13652,"geometry":{"type":"LineString","coordinates":[[103.8950902,52.5341007],[103.9001825,52.525784]]},"properties":{"name":"Ангарск","type":"Обособленные","lanes":1,"length":987.879597880945,"population":217365,"short_name":"Ангарск","lanes_length":987.879597880945}},{"type":"Feature","id":13653,"geometry":{"type":"LineString","coordinates":[[103.9001825,52.525784],[103.9018683,52.5229987],[103.9023833,52.5227115],[103.9148288,52.5186378],[103.9155154,52.5185856],[103.9162879,52.5186901],[103.9185195,52.519134]]},"properties":{"name":"Ангарск","type":"Обособленные","lanes":1,"length":1596.4831436531458,"population":217365,"short_name":"Ангарск","lanes_length":1596.4831436531458}},{"type":"Feature","id":13654,"geometry":{"type":"LineString","coordinates":[[103.9185195,52.519134],[103.937016,52.5232859],[103.9372735,52.5235731],[103.9371877,52.5241476],[103.9341407,52.5292389]]},"properties":{"name":"Ангарск","type":"Обособленные","lanes":1,"length":2041.5347797668526,"population":217365,"short_name":"Ангарск","lanes_length":2041.5347797668526}},{"type":"Feature","id":13655,"geometry":{"type":"LineString","coordinates":[[84.9527293,56.5039899],[84.9523297,56.5035674],[84.9520293,56.5034253],[84.9512783,56.5031707],[84.9511818,56.5030878]]},"properties":{"name":"Томск","type":"Обособленные","lanes":1,"length":142.6574093052546,"population":545391,"short_name":"Томск","lanes_length":142.6574093052546}},{"type":"Feature","id":13656,"geometry":{"type":"LineString","coordinates":[[84.9517725,56.4843256],[84.952056,56.4841912],[84.9525173,56.4841083],[84.9529572,56.4839898],[84.953043,56.4838772],[84.9532039,56.482805],[84.9530645,56.4794339]]},"properties":{"name":"Томск","type":"Обособленные","lanes":1,"length":591.9073242372004,"population":545391,"short_name":"Томск","lanes_length":591.9073242372004}},{"type":"Feature","id":13657,"geometry":{"type":"LineString","coordinates":[[84.9629685,56.4795903],[84.9637644,56.479596],[84.9645369,56.4795309],[84.9704699,56.4794242],[84.9709098,56.4794124],[84.9792032,56.4791635]]},"properties":{"name":"Томск","type":"Обособленные","lanes":1,"length":1001.8825524156409,"population":545391,"short_name":"Томск","lanes_length":1001.8825524156409}},{"type":"Feature","id":13658,"geometry":{"type":"LineString","coordinates":[[84.9918061,56.4791071],[84.9937174,56.4791008]]},"properties":{"name":"Томск","type":"Обособленные","lanes":1,"length":117.77393254357258,"population":545391,"short_name":"Томск","lanes_length":117.77393254357258}},{"type":"Feature","id":13659,"geometry":{"type":"LineString","coordinates":[[84.9958632,56.4790949],[84.999233,56.4790768]]},"properties":{"name":"Томск","type":"Обособленные","lanes":1,"length":207.65261385465334,"population":545391,"short_name":"Томск","lanes_length":207.65261385465334}},{"type":"Feature","id":13660,"geometry":{"type":"LineString","coordinates":[[84.999976,56.4790768],[85.0025724,56.4790945],[85.002744,56.4790708],[85.0029157,56.478982]]},"properties":{"name":"Томск","type":"Обособленные","lanes":1,"length":185.37840961724746,"population":545391,"short_name":"Томск","lanes_length":185.37840961724746}},{"type":"Feature","id":13661,"geometry":{"type":"LineString","coordinates":[[85.0118271,56.4773972],[85.0138123,56.477172],[85.0152714,56.4770654]]},"properties":{"name":"Томск","type":"Обособленные","lanes":1,"length":215.56767863888956,"population":545391,"short_name":"Томск","lanes_length":215.56767863888956}},{"type":"Feature","id":13662,"geometry":{"type":"LineString","coordinates":[[84.9819446,56.4790887],[84.9819231,56.4709944],[84.9818159,56.4706981],[84.9817729,56.4662769],[84.9703145,56.4664903]]},"properties":{"name":"Томск","type":"Обособленные","lanes":1,"length":2133.9496731506333,"population":545391,"short_name":"Томск","lanes_length":2133.9496731506333}},{"type":"Feature","id":13663,"geometry":{"type":"LineString","coordinates":[[84.953009,56.4762447],[84.9530111,56.4779566]]},"properties":{"name":"Томск","type":"Обособленные","lanes":1,"length":190.62091587853615,"population":545391,"short_name":"Томск","lanes_length":190.62091587853615}},{"type":"Feature","id":13664,"geometry":{"type":"LineString","coordinates":[[84.9817729,56.4662769],[84.981854,56.4657964],[84.9820149,56.4656719],[84.9883771,56.461997]]},"properties":{"name":"Томск","type":"Обособленные","lanes":1,"length":637.5776144382343,"population":545391,"short_name":"Томск","lanes_length":637.5776144382343}},{"type":"Feature","id":13665,"geometry":{"type":"LineString","coordinates":[[84.9873306,56.4610958],[84.9766769,56.4555115],[84.9763979,56.4552388],[84.9763336,56.4550431],[84.9764301,56.4548119],[84.9767412,56.454551],[84.9791874,56.4525649]]},"properties":{"name":"Томск","type":"Обособленные","lanes":1,"length":1290.4485952630475,"population":545391,"short_name":"Томск","lanes_length":1290.4485952630475}},{"type":"Feature","id":13666,"geometry":{"type":"LineString","coordinates":[[44.6737533,43.0652643],[44.6697193,43.0663616]]},"properties":{"name":"Владикавказ","type":"Обособленные","lanes":1,"length":350.46903069958887,"population":292717,"short_name":"Владикавказ","lanes_length":350.46903069958887}},{"type":"Feature","id":13667,"geometry":{"type":"LineString","coordinates":[[44.6671444,43.058429],[44.667298,43.0519982],[44.6673945,43.0493404],[44.667888,43.0464551],[44.6609143,43.0449889],[44.6596912,43.0446282],[44.6585432,43.0441186]]},"properties":{"name":"Владикавказ","type":"Обособленные","lanes":1,"length":2140.811741858808,"population":292717,"short_name":"Владикавказ","lanes_length":2140.811741858808}},{"type":"Feature","id":13668,"geometry":{"type":"LineString","coordinates":[[44.6554916,43.0429267],[44.6550624,43.0431776],[44.653657,43.0452633],[44.653614,43.0454671],[44.653657,43.0462512]]},"properties":{"name":"Владикавказ","type":"Обособленные","lanes":1,"length":413.27254030112357,"population":292717,"short_name":"Владикавказ","lanes_length":413.27254030112357}},{"type":"Feature","id":13669,"geometry":{"type":"LineString","coordinates":[[44.6534638,43.0516375],[44.6534209,43.0517903],[44.65326,43.0519314],[44.6482925,43.0544872],[44.6480458,43.0545186],[44.6478741,43.0544715],[44.6477561,43.0543304]]},"properties":{"name":"Владикавказ","type":"Обособленные","lanes":1,"length":585.8602687785616,"population":292717,"short_name":"Владикавказ","lanes_length":585.8602687785616}},{"type":"Feature","id":13670,"geometry":{"type":"LineString","coordinates":[[44.6507524,43.0411354],[44.6455335,43.0392099]]},"properties":{"name":"Владикавказ","type":"Обособленные","lanes":1,"length":476.0442190934432,"population":292717,"short_name":"Владикавказ","lanes_length":476.0442190934432}},{"type":"Feature","id":13671,"geometry":{"type":"LineString","coordinates":[[44.6748994,43.018858],[44.6754573,43.0180422]]},"properties":{"name":"Владикавказ","type":"Обособленные","lanes":1,"length":101.40023664244242,"population":292717,"short_name":"Владикавказ","lanes_length":101.40023664244242}},{"type":"Feature","id":13672,"geometry":{"type":"LineString","coordinates":[[44.6760367,43.0160968],[44.6751569,42.9862255]]},"properties":{"name":"Владикавказ","type":"Обособленные","lanes":1,"length":3319.260449569866,"population":292717,"short_name":"Владикавказ","lanes_length":3319.260449569866}},{"type":"Feature","id":13673,"geometry":{"type":"LineString","coordinates":[[44.6816597,43.0207716],[44.6822069,43.0208422]]},"properties":{"name":"Владикавказ","type":"Обособленные","lanes":1,"length":45.28847978288068,"population":292717,"short_name":"Владикавказ","lanes_length":45.28847978288068}},{"type":"Feature","id":13674,"geometry":{"type":"LineString","coordinates":[[44.6816597,43.0207716],[44.681134,43.0229483],[44.6811018,43.0231993],[44.681134,43.024164],[44.6812091,43.0252856],[44.680855,43.0281562]]},"properties":{"name":"Владикавказ","type":"Обособленные","lanes":1,"length":825.7552397362319,"population":292717,"short_name":"Владикавказ","lanes_length":825.7552397362319}},{"type":"Feature","id":13675,"geometry":{"type":"LineString","coordinates":[[44.6816597,43.0241758],[44.680855,43.0281562]]},"properties":{"name":"Владикавказ","type":"Обособленные","lanes":1,"length":447.0332400808969,"population":292717,"short_name":"Владикавказ","lanes_length":447.0332400808969}},{"type":"Feature","id":13676,"geometry":{"type":"LineString","coordinates":[[44.680855,43.0281562],[44.679831,43.0347706]]},"properties":{"name":"Владикавказ","type":"Обособленные","lanes":1,"length":739.5398061892073,"population":292717,"short_name":"Владикавказ","lanes_length":739.5398061892073}},{"type":"Feature","id":13677,"geometry":{"type":"LineString","coordinates":[[33.344598,45.2155587],[33.3454778,45.2048105],[33.3453276,45.2045988],[33.3449413,45.2044779],[33.3381392,45.2040546],[33.3378174,45.2039336],[33.3377745,45.2036615],[33.3384396,45.1990652],[33.3385898,45.1935309],[33.3387615,45.1929866],[33.3440615,45.1768495],[33.3442547,45.1766528],[33.3448769,45.1767436],[33.3525588,45.1779385],[33.3528807,45.17812],[33.3528807,45.1784225],[33.3511426,45.1835045],[33.3511426,45.1837313],[33.3512928,45.1838826],[33.3588673,45.1850925]]},"properties":{"name":"Евпатория","type":"Обособленные","lanes":1,"length":6881.248927093913,"population":106405,"short_name":"Евпатория","lanes_length":6881.248927093913}},{"type":"Feature","id":13678,"geometry":{"type":"LineString","coordinates":[[33.3672656,45.1906392],[33.3682955,45.1909568]]},"properties":{"name":"Евпатория","type":"Обособленные","lanes":1,"length":88.29625714576393,"population":106405,"short_name":"Евпатория","lanes_length":88.29625714576393}},{"type":"Feature","id":13679,"geometry":{"type":"LineString","coordinates":[[33.3871354,45.1991978],[33.387879,45.1995607]]},"properties":{"name":"Евпатория","type":"Обособленные","lanes":1,"length":70.99501934166994,"population":106405,"short_name":"Евпатория","lanes_length":70.99501934166994}},{"type":"Feature","id":13680,"geometry":{"type":"LineString","coordinates":[[33.3408099,45.1867346],[33.3409601,45.186591],[33.3412498,45.1865153],[33.3668702,45.1905229],[33.3672656,45.1906392]]},"properties":{"name":"Евпатория","type":"Обособленные","lanes":1,"length":2139.9008245008795,"population":106405,"short_name":"Евпатория","lanes_length":2139.9008245008795}},{"type":"Feature","id":13681,"geometry":{"type":"LineString","coordinates":[[33.3583267,45.1894696],[33.355108,45.1993665]]},"properties":{"name":"Евпатория","type":"Обособленные","lanes":1,"length":1128.6034612424564,"population":106405,"short_name":"Евпатория","lanes_length":1128.6034612424564}},{"type":"Feature","id":13682,"geometry":{"type":"LineString","coordinates":[[58.3722327,51.214889],[58.3717714,51.2140019],[58.3716104,51.2138608],[58.3714602,51.2137532]]},"properties":{"name":"Новотроицк","type":"Обособленные","lanes":1,"length":139.0548283647799,"population":74469,"short_name":"Новотроицк","lanes_length":139.0548283647799}},{"type":"Feature","id":13683,"geometry":{"type":"LineString","coordinates":[[58.3618901,51.2072135],[58.3596741,51.2063627],[58.3581291,51.2058384]]},"properties":{"name":"Новотроицк","type":"Обособленные","lanes":1,"length":304.2233111677096,"population":74469,"short_name":"Новотроицк","lanes_length":304.2233111677096}},{"type":"Feature","id":13684,"geometry":{"type":"LineString","coordinates":[[58.3598994,51.2064434],[58.3599745,51.2065711],[58.3598565,51.2067122],[58.3592449,51.2073911]]},"properties":{"name":"Новотроицк","type":"Обособленные","lanes":1,"length":119.66147041619031,"population":74469,"short_name":"Новотроицк","lanes_length":119.66147041619031}},{"type":"Feature","id":13685,"geometry":{"type":"LineString","coordinates":[[58.3569146,51.2099615],[58.3569146,51.2101161],[58.3570218,51.2102035],[58.3587814,51.210842]]},"properties":{"name":"Новотроицк","type":"Обособленные","lanes":1,"length":171.4778900021615,"population":74469,"short_name":"Новотроицк","lanes_length":171.4778900021615}},{"type":"Feature","id":13686,"geometry":{"type":"LineString","coordinates":[[58.2995959,51.2090276],[58.3032002,51.209712],[58.3034577,51.2098128],[58.3042409,51.210122],[58.3049168,51.2103572]]},"properties":{"name":"Новотроицк","type":"Обособленные","lanes":1,"length":402.97156043119605,"population":74469,"short_name":"Новотроицк","lanes_length":402.97156043119605}},{"type":"Feature","id":13687,"geometry":{"type":"LineString","coordinates":[[58.2933842,51.1924622],[58.2929279,51.1922339],[58.2927563,51.1921801],[58.2924129,51.1921397],[58.2917477,51.1920725]]},"properties":{"name":"Новотроицк","type":"Обособленные","lanes":1,"length":125.70442877535515,"population":74469,"short_name":"Новотроицк","lanes_length":125.70442877535515}},{"type":"Feature","id":13688,"geometry":{"type":"LineString","coordinates":[[58.2706978,51.1904318],[58.2705905,51.1906268],[58.2696463,51.1952527]]},"properties":{"name":"Новотроицк","type":"Обособленные","lanes":1,"length":541.8103965774868,"population":74469,"short_name":"Новотроицк","lanes_length":541.8103965774868}},{"type":"Feature","id":13689,"geometry":{"type":"LineString","coordinates":[[45.9057752,51.4507675],[45.9063921,51.451289],[45.9116707,51.4571723],[45.9133444,51.459111],[45.9090529,51.4658354]]},"properties":{"name":"Саратов","type":"Обособленные","lanes":1,"length":1872.9899745584742,"population":887365,"short_name":"Саратов","lanes_length":1872.9899745584742}},{"type":"Feature","id":13690,"geometry":{"type":"LineString","coordinates":[[45.9090529,51.4658354],[45.9082804,51.4677998],[45.9045468,51.4729993],[45.9057913,51.4748304],[45.9044931,51.4792674]]},"properties":{"name":"Саратов","type":"Обособленные","lanes":1,"length":1582.176907294529,"population":887365,"short_name":"Саратов","lanes_length":1582.176907294529}},{"type":"Feature","id":13691,"geometry":{"type":"LineString","coordinates":[[45.9389558,51.5084662],[45.9400073,51.5082392],[45.9409943,51.5090539]]},"properties":{"name":"Саратов","type":"Обособленные","lanes":1,"length":190.87775398513824,"population":887365,"short_name":"Саратов","lanes_length":190.87775398513824}},{"type":"Feature","id":13692,"geometry":{"type":"LineString","coordinates":[[45.9639816,51.5147028],[45.9803026,51.5134923],[45.9838349,51.5151653],[45.9824027,51.5172828],[45.9794845,51.526602],[45.9825959,51.5265886],[45.9822311,51.5280704],[45.9848704,51.5338504]]},"properties":{"name":"Саратов","type":"Обособленные","lanes":1,"length":3812.338624604261,"population":887365,"short_name":"Саратов","lanes_length":3812.338624604261}},{"type":"Feature","id":13693,"geometry":{"type":"LineString","coordinates":[[45.9848704,51.5338504],[45.9872951,51.5335029],[45.9883465,51.5341169],[45.9897198,51.5340234],[45.9905781,51.5337832],[45.9925496,51.5336314],[45.993668,51.5328622],[45.9940073,51.5327571],[45.9945075,51.5327354],[45.9950708,51.5328188],[45.9953203,51.5329439]]},"properties":{"name":"Саратов","type":"Обособленные","lanes":1,"length":810.5506851426693,"population":887365,"short_name":"Саратов","lanes_length":810.5506851426693}},{"type":"Feature","id":13694,"geometry":{"type":"LineString","coordinates":[[46.01092,51.5390953],[46.0133876,51.5429922],[46.0151901,51.5458613]]},"properties":{"name":"Саратов","type":"Обособленные","lanes":1,"length":808.9699222768475,"population":887365,"short_name":"Саратов","lanes_length":808.9699222768475}},{"type":"Feature","id":13695,"geometry":{"type":"LineString","coordinates":[[46.0151901,51.5458613],[46.0145928,51.5462652],[46.0086061,51.5477731],[46.007662,51.5484269],[46.006911,51.5496278],[46.006396,51.5556852],[46.0057952,51.5560054],[46.0036923,51.5558186],[46.000538,51.5560187],[45.9730937,51.5790133],[45.9716989,51.5787066],[45.9692742,51.5806534]]},"properties":{"name":"Саратов","type":"Обособленные","lanes":1,"length":5412.401392289429,"population":887365,"short_name":"Саратов","lanes_length":5412.401392289429}},{"type":"Feature","id":13696,"geometry":{"type":"LineString","coordinates":[[45.9496451,51.5836664],[45.9574986,51.5847731],[45.959065,51.5845864],[45.9631849,51.5835598],[45.9683133,51.5814264],[45.9692742,51.5806534]]},"properties":{"name":"Саратов","type":"Обособленные","lanes":1,"length":1512.4114529010685,"population":887365,"short_name":"Саратов","lanes_length":1512.4114529010685}},{"type":"Feature","id":13697,"geometry":{"type":"LineString","coordinates":[[45.9496451,51.5836664],[45.9420895,51.5858257],[45.9286999,51.5881588],[45.9274768,51.5880789],[45.9269833,51.5881855],[45.9262537,51.5885321],[45.9186792,51.5887321],[45.9100103,51.5873989],[45.9056758,51.585999],[45.9022641,51.5835325]]},"properties":{"name":"Саратов","type":"Обособленные","lanes":1,"length":3569.747224150624,"population":887365,"short_name":"Саратов","lanes_length":3569.747224150624}},{"type":"Feature","id":13698,"geometry":{"type":"LineString","coordinates":[[45.9022641,51.5835325],[45.8983929,51.5803678],[45.8983071,51.5793677],[45.8993156,51.5747138],[45.899101,51.5737936],[45.8977921,51.5727267],[45.8941657,51.5703661],[45.8922346,51.5687923],[45.8905823,51.5676052],[45.8902175,51.5668183],[45.8911402,51.5650309]]},"properties":{"name":"Саратов","type":"Обособленные","lanes":1,"length":2388.3684506498494,"population":887365,"short_name":"Саратов","lanes_length":2388.3684506498494}},{"type":"Feature","id":13699,"geometry":{"type":"LineString","coordinates":[[45.9025669,51.5838214],[45.9018803,51.5836214],[45.9007001,51.5845547],[45.8994341,51.585688],[45.8964944,51.5870479],[45.8931256,51.5870212],[45.8931685,51.585808],[45.8881903,51.582368],[45.8859158,51.5800079],[45.8786492,51.5750286]]},"properties":{"name":"Саратов","type":"Обособленные","lanes":1,"length":2531.0072899495904,"population":887365,"short_name":"Саратов","lanes_length":2531.0072899495904}},{"type":"Feature","id":13700,"geometry":{"type":"LineString","coordinates":[[46.0225088,51.567372],[46.0242249,51.5704338],[46.0258557,51.5782753],[46.0279157,51.5827023],[46.0274865,51.5851022],[46.0186459,51.5959805],[46.000364,51.6017918],[45.9807171,51.6023136]]},"properties":{"name":"Саратов","type":"Обособленные","lanes":1,"length":6163.314890940798,"population":887365,"short_name":"Саратов","lanes_length":6163.314890940798}},{"type":"Feature","id":13701,"geometry":{"type":"LineString","coordinates":[[50.2034771,53.2464102],[50.209807,53.2432],[50.232922,53.225648],[50.234923,53.223213]]},"properties":{"name":"Самара","type":"Обособленные","lanes":1,"length":3345.0727950761484,"population":1158952,"short_name":"Самара","lanes_length":3345.0727950761484}},{"type":"Feature","id":13702,"geometry":{"type":"LineString","coordinates":[[50.12611,53.203166],[50.1438835,53.2119213],[50.1446187,53.2142679],[50.1569423,53.2198522],[50.170325,53.219128],[50.171792,53.218588],[50.179732,53.212521]]},"properties":{"name":"Самара","type":"Обособленные","lanes":1,"length":4704.425941097623,"population":1158952,"short_name":"Самара","lanes_length":4704.425941097623}},{"type":"Feature","id":13703,"geometry":{"type":"LineString","coordinates":[[50.2751792,53.2091118],[50.285522,53.213404]]},"properties":{"name":"Самара","type":"Обособленные","lanes":1,"length":840.0292744959962,"population":1158952,"short_name":"Самара","lanes_length":840.0292744959962}},{"type":"Feature","id":13704,"geometry":{"type":"LineString","coordinates":[[50.1837273,53.2100667],[50.1894497,53.2124555],[50.1915031,53.2119399],[50.21134,53.212466],[50.2493194,53.2298409]]},"properties":{"name":"Самара","type":"Обособленные","lanes":1,"length":5130.624284023645,"population":1158952,"short_name":"Самара","lanes_length":5130.624284023645}},{"type":"Feature","id":13705,"geometry":{"type":"LineString","coordinates":[[50.1656888,53.2194103],[50.1677841,53.2218481],[50.1858042,53.2335087],[50.1961848,53.2381902],[50.2220475,53.268282],[50.2260248,53.2679286],[50.2305667,53.2657497],[50.2414156,53.2594634],[50.24576,53.255932],[50.2477712,53.2477882],[50.2552832,53.2414172],[50.2551982,53.2386802],[50.2735236,53.2244972]]},"properties":{"name":"Самара","type":"Обособленные","lanes":1,"length":12947.94988337346,"population":1158952,"short_name":"Самара","lanes_length":12947.94988337346}},{"type":"Feature","id":13706,"geometry":{"type":"LineString","coordinates":[[50.2385965,53.261165],[50.2547537,53.2700785],[50.2530816,53.2719718]]},"properties":{"name":"Самара","type":"Обособленные","lanes":1,"length":1703.4461695119767,"population":1158952,"short_name":"Самара","lanes_length":1703.4461695119767}},{"type":"Feature","id":13707,"geometry":{"type":"LineString","coordinates":[[50.213288,53.192357],[50.227982,53.2017186]]},"properties":{"name":"Самара","type":"Обособленные","lanes":1,"length":1431.7172205208597,"population":1158952,"short_name":"Самара","lanes_length":1431.7172205208597}},{"type":"Feature","id":13708,"geometry":{"type":"LineString","coordinates":[[50.221662,53.217194],[50.229693,53.211052],[50.235126,53.2066826]]},"properties":{"name":"Самара","type":"Обособленные","lanes":1,"length":1475.7651226341247,"population":1158952,"short_name":"Самара","lanes_length":1475.7651226341247}},{"type":"Feature","id":13709,"geometry":{"type":"LineString","coordinates":[[50.248201,53.19564],[50.2874245,53.2117405]]},"properties":{"name":"Самара","type":"Обособленные","lanes":1,"length":3174.902218213733,"population":1158952,"short_name":"Самара","lanes_length":3174.902218213733}},{"type":"Feature","id":13710,"geometry":{"type":"LineString","coordinates":[[50.2799955,53.2270825],[50.2892652,53.2225028],[50.2907672,53.2167599],[50.2920609,53.215525],[50.2907734,53.2149725]]},"properties":{"name":"Самара","type":"Обособленные","lanes":1,"length":1716.94076386872,"population":1158952,"short_name":"Самара","lanes_length":1716.94076386872}},{"type":"Feature","id":13711,"geometry":{"type":"LineString","coordinates":[[50.2864398,53.2339362],[50.2887948,53.2378122]]},"properties":{"name":"Самара","type":"Обособленные","lanes":1,"length":459.12948250887655,"population":1158952,"short_name":"Самара","lanes_length":459.12948250887655}},{"type":"Feature","id":13712,"geometry":{"type":"LineString","coordinates":[[50.2050371,53.2329501],[50.2164097,53.2381258]]},"properties":{"name":"Самара","type":"Обособленные","lanes":1,"length":953.1090021861861,"population":1158952,"short_name":"Самара","lanes_length":953.1090021861861}},{"type":"Feature","id":13713,"geometry":{"type":"LineString","coordinates":[[50.2364898,53.2055244],[50.2315974,53.2031981],[50.2317262,53.2018357]]},"properties":{"name":"Самара","type":"Обособленные","lanes":1,"length":568.8738296848558,"population":1158952,"short_name":"Самара","lanes_length":568.8738296848558}},{"type":"Feature","id":13714,"geometry":{"type":"LineString","coordinates":[[50.1568054,53.1971011],[50.1509045,53.2014842],[50.1407121,53.197281]]},"properties":{"name":"Самара","type":"Обособленные","lanes":1,"length":1453.546494572874,"population":1158952,"short_name":"Самара","lanes_length":1453.546494572874}},{"type":"Feature","id":13715,"geometry":{"type":"LineString","coordinates":[[45.904182,51.4792006],[45.9055599,51.4797212],[45.9107312,51.4841978],[45.9121581,51.4862222],[45.914261,51.4881329],[45.9145078,51.4934436]]},"properties":{"name":"Саратов","type":"Обособленные","lanes":1,"length":1821.083932621235,"population":887365,"short_name":"Саратов","lanes_length":1821.083932621235}},{"type":"Feature","id":13716,"geometry":{"type":"LineString","coordinates":[[107.5919544,51.835673],[107.6026504,51.8409111],[107.6031762,51.8411034],[107.6036053,51.8411895],[107.6040452,51.8412161],[107.6139265,51.8416469]]},"properties":{"name":"Улан-Удэ","type":"Обособленные","lanes":1,"length":1726.1124440962822,"population":435751,"short_name":"Улан-Удэ","lanes_length":1726.1124440962822}},{"type":"Feature","id":13717,"geometry":{"type":"LineString","coordinates":[[107.6145498,51.842142],[107.6181171,51.8441007],[107.6185463,51.84422],[107.6189218,51.8441803],[107.6203272,51.8438953],[107.6207242,51.8438489],[107.6211963,51.8439814],[107.6229665,51.8444388],[107.6233742,51.8444454],[107.6236961,51.844346],[107.6261208,51.8431264]]},"properties":{"name":"Улан-Удэ","type":"Обособленные","lanes":1,"length":953.0287809660533,"population":435751,"short_name":"Улан-Удэ","lanes_length":953.0287809660533}},{"type":"Feature","id":13718,"geometry":{"type":"LineString","coordinates":[[107.6139265,51.8416469],[107.615653,51.841664],[107.6250247,51.8413226],[107.6261566,51.8413756],[107.6362631,51.8419324],[107.6408229,51.8422407],[107.6421962,51.8423069],[107.6428614,51.8422904],[107.6440844,51.8421677],[107.6462839,51.8418297],[107.6514873,51.8410806]]},"properties":{"name":"Улан-Удэ","type":"Обособленные","lanes":1,"length":2610.235079480319,"population":435751,"short_name":"Улан-Удэ","lanes_length":2610.235079480319}},{"type":"Feature","id":13719,"geometry":{"type":"LineString","coordinates":[[107.6562559,51.8311024],[107.6563522,51.830917]]},"properties":{"name":"Улан-Удэ","type":"Обособленные","lanes":1,"length":21.670262910989692,"population":435751,"short_name":"Улан-Удэ","lanes_length":21.670262910989692}},{"type":"Feature","id":13720,"geometry":{"type":"LineString","coordinates":[[107.656599,51.8303402],[107.6577899,51.8277477],[107.6580044,51.8272106],[107.658101,51.8268724],[107.6581225,51.8266204],[107.6580903,51.8257054]]},"properties":{"name":"Улан-Удэ","type":"Обособленные","lanes":1,"length":529.5936492034937,"population":435751,"short_name":"Улан-Удэ","lanes_length":529.5936492034937}},{"type":"Feature","id":13721,"geometry":{"type":"LineString","coordinates":[[107.6578864,51.8238951],[107.6578435,51.8235502]]},"properties":{"name":"Улан-Удэ","type":"Обособленные","lanes":1,"length":38.48877697707836,"population":435751,"short_name":"Улан-Удэ","lanes_length":38.48877697707836}},{"type":"Feature","id":13722,"geometry":{"type":"LineString","coordinates":[[107.6578071,51.8229707],[107.6576462,51.821147],[107.6575496,51.8204971],[107.6572277,51.8151449],[107.6571097,51.8144817],[107.6567449,51.8138317],[107.6561012,51.8133873],[107.6530113,51.8116362],[107.6523783,51.8113178],[107.6450934,51.808147],[107.6444497,51.8077689],[107.6439884,51.807278],[107.6437309,51.8069198],[107.6426902,51.8055068],[107.6423576,51.8053144],[107.6420143,51.805195],[107.6416173,51.8051883],[107.6315,51.8062697],[107.6307382,51.8063891],[107.6300731,51.8065815],[107.6270046,51.8076495],[107.6261248,51.8078021],[107.6254382,51.8078551],[107.6249769,51.8078551],[107.6234641,51.807822]]},"properties":{"name":"Улан-Удэ","type":"Обособленные","lanes":1,"length":3777.282072944191,"population":435751,"short_name":"Улан-Удэ","lanes_length":3777.282072944191}},{"type":"Feature","id":13723,"geometry":{"type":"LineString","coordinates":[[107.6205018,51.8090725],[107.6228423,51.8124355],[107.6230784,51.8128467],[107.6232822,51.8133575],[107.6238079,51.8152014],[107.6239152,51.8156524],[107.6239259,51.8166141],[107.6236041,51.817987],[107.6227458,51.8192404],[107.6227458,51.8193598],[107.6229389,51.8194327],[107.6302023,51.8215085],[107.6306529,51.8215881],[107.631243,51.8215881],[107.6503403,51.8218268],[107.6511021,51.8218202],[107.6520033,51.8217406],[107.6576462,51.821147],[107.6587947,51.8210443],[107.6594277,51.8210178],[107.6629145,51.8210443],[107.6633115,51.8211106],[107.6663907,51.8215814],[107.6669057,51.8217008],[107.6684184,51.8221451],[107.6689012,51.8222446],[107.6692338,51.8222579]]},"properties":{"name":"Улан-Удэ","type":"Обособленные","lanes":1,"length":4489.53780721938,"population":435751,"short_name":"Улан-Удэ","lanes_length":4489.53780721938}},{"type":"Feature","id":13724,"geometry":{"type":"LineString","coordinates":[[107.6692338,51.8222579],[107.6702766,51.8221835],[107.6709975,51.8223213],[107.6734974,51.8234553],[107.6738085,51.8235481],[107.6740982,51.8235946],[107.6779284,51.8234885],[107.6781859,51.8234023],[107.6789154,51.8226861]]},"properties":{"name":"Улан-Удэ","type":"Обособленные","lanes":1,"length":761.2014140684026,"population":435751,"short_name":"Улан-Удэ","lanes_length":761.2014140684026}},{"type":"Feature","id":13725,"geometry":{"type":"LineString","coordinates":[[107.6177989,51.8090573],[107.5994833,51.8090704],[107.5988181,51.8091102],[107.5983675,51.8092694],[107.5963719,51.8107155],[107.5958998,51.8112461],[107.5956853,51.8119492],[107.5944836,51.815982],[107.5939043,51.8171493],[107.5931962,51.8186216],[107.5922306,51.8215661],[107.5921018,51.8223619],[107.5918658,51.8249083],[107.5916941,51.8252797],[107.5910289,51.8259958],[107.5876601,51.8292449],[107.5874026,51.8296958],[107.5874241,51.8302395],[107.5873382,51.8316451]]},"properties":{"name":"Улан-Удэ","type":"Обособленные","lanes":1,"length":4008.897704611231,"population":435751,"short_name":"Улан-Удэ","lanes_length":4008.897704611231}},{"type":"Feature","id":13726,"geometry":{"type":"LineString","coordinates":[[107.5884675,51.834009],[107.5898408,51.8346587]]},"properties":{"name":"Улан-Удэ","type":"Обособленные","lanes":1,"length":119.10811200225825,"population":435751,"short_name":"Улан-Удэ","lanes_length":119.10811200225825}},{"type":"Feature","id":13727,"geometry":{"type":"LineString","coordinates":[[104.2799876,52.2818729],[104.2807201,52.2820669]]},"properties":{"name":"Иркутск","type":"Обособленные","lanes":1,"length":54.45172645349391,"population":606369,"short_name":"Иркутск","lanes_length":54.45172645349391}},{"type":"Feature","id":13728,"geometry":{"type":"LineString","coordinates":[[45.938234,51.4632798],[45.9302518,51.4691349],[45.9303698,51.4895013]]},"properties":{"name":"Саратов","type":"Обособленные","lanes":1,"length":3121.5219022357956,"population":887365,"short_name":"Саратов","lanes_length":3121.5219022357956}},{"type":"Feature","id":13729,"geometry":{"type":"LineString","coordinates":[[45.9303486,51.4920713],[45.9304988,51.4989111],[45.9313357,51.4998195],[45.9397685,51.5032924],[45.9478795,51.5052825],[45.9488452,51.505229],[45.951184,51.5028115]]},"properties":{"name":"Саратов","type":"Обособленные","lanes":1,"length":2565.8307097915795,"population":887365,"short_name":"Саратов","lanes_length":2565.8307097915795}},{"type":"Feature","id":13730,"geometry":{"type":"LineString","coordinates":[[45.9502196,51.5059961],[45.9488141,51.5054685],[45.9488452,51.505229]]},"properties":{"name":"Саратов","type":"Обособленные","lanes":1,"length":140.6140880777538,"population":887365,"short_name":"Саратов","lanes_length":140.6140880777538}},{"type":"Feature","id":13731,"geometry":{"type":"LineString","coordinates":[[45.944352,51.5098492],[45.944824,51.5091547],[45.9472058,51.5097089],[45.9482465,51.5081931],[45.9486328,51.5080396]]},"properties":{"name":"Саратов","type":"Обособленные","lanes":1,"length":475.67783528713494,"population":887365,"short_name":"Саратов","lanes_length":475.67783528713494}},{"type":"Feature","id":13732,"geometry":{"type":"LineString","coordinates":[[104.3075154,52.2889943],[104.3091704,52.290675],[104.3094815,52.2908719],[104.3097069,52.2910425],[104.3112196,52.2917709],[104.3122174,52.2922434]]},"properties":{"name":"Иркутск","type":"Обособленные","lanes":1,"length":490.6558110551085,"population":606369,"short_name":"Иркутск","lanes_length":490.6558110551085}},{"type":"Feature","id":13733,"geometry":{"type":"LineString","coordinates":[[45.9795563,51.526162],[45.9788884,51.5259334],[45.9768258,51.5246634],[45.9660809,51.5290923],[45.9612314,51.5296129]]},"properties":{"name":"Саратов","type":"Обособленные","lanes":1,"length":1489.2847602502584,"population":887365,"short_name":"Саратов","lanes_length":1489.2847602502584}},{"type":"Feature","id":13734,"geometry":{"type":"LineString","coordinates":[[104.3235211,52.2928657],[104.3306129,52.2930429],[104.3406658,52.2933382],[104.3485193,52.293581],[104.3550317,52.2937713]]},"properties":{"name":"Иркутск","type":"Обособленные","lanes":1,"length":2152.28671869509,"population":606369,"short_name":"Иркутск","lanes_length":2152.28671869509}},{"type":"Feature","id":13735,"geometry":{"type":"LineString","coordinates":[[104.3024773,52.2798633],[104.3046906,52.2788513],[104.3052163,52.2785428],[104.3056562,52.2781883],[104.3059351,52.2778338],[104.3062033,52.2774072]]},"properties":{"name":"Иркутск","type":"Обособленные","lanes":1,"length":382.31459832142144,"population":606369,"short_name":"Иркутск","lanes_length":382.31459832142144}},{"type":"Feature","id":13736,"geometry":{"type":"LineString","coordinates":[[104.3320384,52.2639089],[104.3355942,52.2624195],[104.3358625,52.2623867],[104.3362702,52.2624786],[104.3401969,52.264002],[104.3405617,52.264002],[104.3407012,52.2639035],[104.3439949,52.2605217],[104.3453897,52.2592937],[104.3463231,52.2586042],[104.3472028,52.2582496],[104.3485761,52.257757]]},"properties":{"name":"Иркутск","type":"Обособленные","lanes":1,"length":1584.0516663687179,"population":606369,"short_name":"Иркутск","lanes_length":1584.0516663687179}},{"type":"Feature","id":13737,"geometry":{"type":"LineString","coordinates":[[104.3485761,52.257757],[104.3522925,52.2568819],[104.3638796,52.2568294]]},"properties":{"name":"Иркутск","type":"Обособленные","lanes":1,"length":1063.047609692855,"population":606369,"short_name":"Иркутск","lanes_length":1063.047609692855}},{"type":"Feature","id":13738,"geometry":{"type":"LineString","coordinates":[[104.3180373,52.2790243],[104.31793,52.2794717],[104.3176296,52.279708],[104.3113425,52.2825698]]},"properties":{"name":"Иркутск","type":"Обособленные","lanes":1,"length":617.9924805942434,"population":606369,"short_name":"Иркутск","lanes_length":617.9924805942434}},{"type":"Feature","id":13739,"geometry":{"type":"LineString","coordinates":[[104.3113425,52.2825698],[104.302132,52.2867767]]},"properties":{"name":"Иркутск","type":"Обособленные","lanes":1,"length":783.7032905210874,"population":606369,"short_name":"Иркутск","lanes_length":783.7032905210874}},{"type":"Feature","id":13740,"geometry":{"type":"LineString","coordinates":[[73.317883,55.0532994],[73.3117032,55.0390244],[73.3117247,55.0382744],[73.3113814,55.037426],[73.3116389,55.0369833],[73.312347,55.0366144],[73.3226896,55.033823],[73.3231187,55.0338722],[73.3239985,55.034401],[73.3242989,55.0344994],[73.3245993,55.0344625]]},"properties":{"name":"Омск","type":"Обособленные","lanes":1,"length":2812.88426669448,"population":1104485,"short_name":"Омск","lanes_length":2812.88426669448}},{"type":"Feature","id":13741,"geometry":{"type":"LineString","coordinates":[[73.3388039,55.0285996],[73.3429023,55.0272221],[73.3447476,55.026767],[73.3453055,55.0265457],[73.3463141,55.0259553],[73.3491894,55.0242456],[73.3510777,55.0225235],[73.3513995,55.0224866],[73.353438,55.0232739],[73.3540388,55.0234092],[73.3573433,55.0237536],[73.3581158,55.0237413],[73.3647247,55.0236798]]},"properties":{"name":"Омск","type":"Обособленные","lanes":1,"length":1965.0751486825218,"population":1104485,"short_name":"Омск","lanes_length":1965.0751486825218}},{"type":"Feature","id":13742,"geometry":{"type":"LineString","coordinates":[[73.365394,55.0017937],[73.3668782,55.0017821],[73.3673503,55.0017206],[73.3676077,55.0016221],[73.372028,55.0004406],[73.3731224,55.0003053]]},"properties":{"name":"Омск","type":"Обособленные","lanes":1,"length":529.3347459677153,"population":1104485,"short_name":"Омск","lanes_length":529.3347459677153}},{"type":"Feature","id":13743,"geometry":{"type":"LineString","coordinates":[[73.3731224,55.0003053],[73.3757617,55.0003422]]},"properties":{"name":"Омск","type":"Обособленные","lanes":1,"length":168.948292215267,"population":1104485,"short_name":"Омск","lanes_length":168.948292215267}},{"type":"Feature","id":13744,"geometry":{"type":"LineString","coordinates":[[73.3831646,54.9995299],[73.3873488,54.9980037],[73.3879711,54.9980529],[73.3883788,54.9982745],[73.3964898,55.0053756],[73.3982922,55.0069754]]},"properties":{"name":"Омск","type":"Обособленные","lanes":1,"length":1551.0910527680173,"population":1104485,"short_name":"Омск","lanes_length":1551.0910527680173}},{"type":"Feature","id":13745,"geometry":{"type":"LineString","coordinates":[[73.4056241,55.0128949],[73.4057314,55.013141],[73.4058387,55.0135101],[73.4068901,55.0202518],[73.4071906,55.0207685],[73.4078987,55.0209776],[73.4277041,55.026562],[73.4278328,55.0268449],[73.4273608,55.027755]]},"properties":{"name":"Омск","type":"Обособленные","lanes":1,"length":2484.2742246044677,"population":1104485,"short_name":"Омск","lanes_length":2484.2742246044677}},{"type":"Feature","id":13746,"geometry":{"type":"LineString","coordinates":[[73.3964306,55.0053254],[73.4002072,55.003984],[73.4005612,55.0039225],[73.4008402,55.0039656]]},"properties":{"name":"Омск","type":"Обособленные","lanes":1,"length":326.218711645238,"population":1104485,"short_name":"Омск","lanes_length":326.218711645238}},{"type":"Feature","id":13747,"geometry":{"type":"LineString","coordinates":[[73.4049045,55.0014785],[73.4080374,54.9988001],[73.4085523,54.9981293],[73.4087562,54.99744],[73.4093785,54.9935196],[73.4095287,54.9931011],[73.4098076,54.9925902],[73.4100222,54.9923748],[73.4114599,54.9836092]]},"properties":{"name":"Омск","type":"Обособленные","lanes":1,"length":2071.971574594599,"population":1104485,"short_name":"Омск","lanes_length":2071.971574594599}},{"type":"Feature","id":13748,"geometry":{"type":"LineString","coordinates":[[73.3882473,54.9821526],[73.3878859,54.9820515],[73.3877035,54.9819406],[73.387607,54.9815405],[73.3876821,54.9811095],[73.3885511,54.9769905],[73.3888408,54.9765225],[73.3906432,54.9679012],[73.3913353,54.9644398],[73.3914774,54.9641811],[73.3921064,54.9639532],[73.3935252,54.9640511],[73.3938604,54.963995],[73.3940372,54.9638644]]},"properties":{"name":"Омск","type":"Обособленные","lanes":1,"length":2217.7867812640648,"population":1104485,"short_name":"Омск","lanes_length":2217.7867812640648}},{"type":"Feature","id":13749,"geometry":{"type":"LineString","coordinates":[[73.3940372,54.9638644],[73.3957002,54.95784],[73.4001312,54.958339],[73.4006033,54.9582343],[73.4008071,54.9580064],[73.4017727,54.9564725],[73.4021268,54.9563369],[73.4026525,54.9563554],[73.4067187,54.956762],[73.4072015,54.9568729],[73.4088859,54.9570269],[73.4094116,54.9569776],[73.4141538,54.9573965]]},"properties":{"name":"Омск","type":"Обособленные","lanes":1,"length":2020.285399712504,"population":1104485,"short_name":"Омск","lanes_length":2020.285399712504}},{"type":"Feature","id":13750,"geometry":{"type":"LineString","coordinates":[[73.4142442,54.9571735],[73.4143408,54.9561075]]},"properties":{"name":"Омск","type":"Обособленные","lanes":1,"length":118.83128344899046,"population":1104485,"short_name":"Омск","lanes_length":118.83128344899046}},{"type":"Feature","id":13751,"geometry":{"type":"LineString","coordinates":[[73.3957002,54.95784],[73.3915415,54.9573003],[73.3913055,54.9571956],[73.3913162,54.9570231],[73.3919385,54.9554953],[73.3918526,54.9552057],[73.3913913,54.9550148],[73.3880117,54.9547067],[73.3872338,54.9549069],[73.3860267,54.9548607],[73.3852005,54.9546451]]},"properties":{"name":"Омск","type":"Обособленные","lanes":1,"length":964.6382241289732,"population":1104485,"short_name":"Омск","lanes_length":964.6382241289732}},{"type":"Feature","id":13752,"geometry":{"type":"LineString","coordinates":[[73.3818745,54.9409104],[73.3816612,54.9404784]]},"properties":{"name":"Омск","type":"Обособленные","lanes":1,"length":49.99643367734957,"population":1104485,"short_name":"Омск","lanes_length":49.99643367734957}},{"type":"Feature","id":13753,"geometry":{"type":"LineString","coordinates":[[73.3815325,54.9401518],[73.381511,54.9398991],[73.3812857,54.9396957],[73.3810068,54.939708],[73.380245,54.939819]]},"properties":{"name":"Омск","type":"Обособленные","lanes":1,"length":123.31035848193267,"population":1104485,"short_name":"Омск","lanes_length":123.31035848193267}},{"type":"Feature","id":13754,"geometry":{"type":"LineString","coordinates":[[73.378861,54.9372612],[73.3776135,54.9347178]]},"properties":{"name":"Омск","type":"Обособленные","lanes":1,"length":294.2112653400012,"population":1104485,"short_name":"Омск","lanes_length":294.2112653400012}},{"type":"Feature","id":13755,"geometry":{"type":"LineString","coordinates":[[44.602999,48.798062],[44.597033,48.789694],[44.595274,48.788422],[44.586433,48.782936],[44.583258,48.782229],[44.569138,48.772515],[44.567186,48.770634],[44.564718,48.768272],[44.550213,48.752175],[44.549977,48.751439],[44.547788,48.740559],[44.547359,48.73954],[44.538733,48.728374],[44.537574,48.725783],[44.535471,48.723051],[44.525944,48.712802],[44.51204,48.704334],[44.505731,48.70085],[44.475197,48.682522],[44.472944,48.681502],[44.4704387,48.6808996]]},"properties":{"name":"Волгоград","type":"Обособленные","lanes":1,"length":16735.080764194914,"population":1018898,"short_name":"Волгоград","lanes_length":16735.080764194914}},{"type":"Feature","id":13756,"geometry":{"type":"LineString","coordinates":[[44.567186,48.770634],[44.5641716,48.7717844],[44.563303,48.771662],[44.558711,48.766415],[44.558153,48.766295],[44.55207,48.768544],[44.549839,48.769527],[44.543627,48.771818]]},"properties":{"name":"Волгоград","type":"Обособленные","lanes":1,"length":2270.7200951928107,"population":1018898,"short_name":"Волгоград","lanes_length":2270.7200951928107}},{"type":"Feature","id":13757,"geometry":{"type":"LineString","coordinates":[[44.4978337,48.7137019],[44.4948568,48.7145587],[44.49513,48.714856],[44.500076,48.717801],[44.49895,48.718615],[44.507951,48.724298],[44.508016,48.724652],[44.505559,48.726478],[44.499626,48.732671],[44.492459,48.740801],[44.490474,48.742732],[44.481741,48.755416],[44.474048,48.766852],[44.474327,48.76722],[44.50381,48.768288],[44.504389,48.768698],[44.504239,48.771074]]},"properties":{"name":"Волгоград","type":"Обособленные","lanes":1,"length":9723.326965987866,"population":1018898,"short_name":"Волгоград","lanes_length":9723.326965987866}},{"type":"Feature","id":13758,"geometry":{"type":"LineString","coordinates":[[44.503745,48.710113],[44.5036012,48.7107563],[44.5018127,48.7115381],[44.501612,48.710635],[44.499263,48.70992],[44.497589,48.709148],[44.496151,48.707874],[44.487279,48.697649],[44.473149,48.688513],[44.471057,48.687862],[44.464222,48.692784],[44.460242,48.690426],[44.459555,48.690546],[44.457431,48.689243],[44.454116,48.686714],[44.4505,48.684079],[44.450532,48.683732],[44.451455,48.683413],[44.451509,48.683024],[44.44917,48.680013],[44.449266,48.679489],[44.451391,48.679581],[44.451616,48.679319],[44.452635,48.672971],[44.452893,48.672667],[44.457098,48.671087],[44.457206,48.670867],[44.456026,48.669471],[44.455511,48.667906],[44.445179,48.656617],[44.444406,48.655625],[44.440136,48.647374]]},"properties":{"name":"Волгоград","type":"Обособленные","lanes":1,"length":10787.927587561971,"population":1018898,"short_name":"Волгоград","lanes_length":10787.927587561971}},{"type":"Feature","id":13759,"geometry":{"type":"LineString","coordinates":[[44.4948568,48.7145587],[44.481656,48.717597]]},"properties":{"name":"Волгоград","type":"Обособленные","lanes":1,"length":1028.4863661916224,"population":1018898,"short_name":"Волгоград","lanes_length":1028.4863661916224}},{"type":"Feature","id":13760,"geometry":{"type":"LineString","coordinates":[[44.460501,48.690597],[44.460174,48.690614],[44.458664,48.691677],[44.457843,48.691804],[44.455359,48.69258],[44.455107,48.692502],[44.453744,48.690621]]},"properties":{"name":"Волгоград","type":"Обособленные","lanes":1,"length":703.1865184433854,"population":1018898,"short_name":"Волгоград","lanes_length":703.1865184433854}},{"type":"Feature","id":13761,"geometry":{"type":"LineString","coordinates":[[44.4866721,48.69724],[44.492771,48.692846]]},"properties":{"name":"Волгоград","type":"Обособленные","lanes":1,"length":663.5864290492392,"population":1018898,"short_name":"Волгоград","lanes_length":663.5864290492392}},{"type":"Feature","id":13762,"geometry":{"type":"LineString","coordinates":[[44.4993971,48.6938495],[44.500459,48.69448],[44.500845,48.69448],[44.502369,48.693318],[44.502738,48.693352],[44.505334,48.695246]]},"properties":{"name":"Волгоград","type":"Обособленные","lanes":1,"length":616.3887769850021,"population":1018898,"short_name":"Волгоград","lanes_length":616.3887769850021}},{"type":"Feature","id":13763,"geometry":{"type":"LineString","coordinates":[[44.507163,48.701653],[44.506638,48.701631],[44.506402,48.702226],[44.505103,48.702424]]},"properties":{"name":"Волгоград","type":"Обособленные","lanes":1,"length":205.24794651027327,"population":1018898,"short_name":"Волгоград","lanes_length":205.24794651027327}},{"type":"Feature","id":13764,"geometry":{"type":"LineString","coordinates":[[44.535333,48.515894],[44.535526,48.515453],[44.54383,48.513833],[44.545804,48.513932],[44.564092,48.517379]]},"properties":{"name":"Волгоград","type":"Обособленные","lanes":1,"length":2241.141878739901,"population":1018898,"short_name":"Волгоград","lanes_length":2241.141878739901}},{"type":"Feature","id":13765,"geometry":{"type":"LineString","coordinates":[[44.578439,48.507801],[44.637158,48.467796]]},"properties":{"name":"Волгоград","type":"Обособленные","lanes":1,"length":6215.2356180570405,"population":1018898,"short_name":"Волгоград","lanes_length":6215.2356180570405}},{"type":"Feature","id":13766,"geometry":{"type":"LineString","coordinates":[[44.5527094,48.7831524],[44.5558422,48.7854711],[44.5502632,48.7888641]]},"properties":{"name":"Волгоград","type":"Обособленные","lanes":1,"length":902.8435747101696,"population":1018898,"short_name":"Волгоград","lanes_length":902.8435747101696}},{"type":"Feature","id":13767,"geometry":{"type":"LineString","coordinates":[[135.088485,48.372516],[135.09205,48.374708],[135.092654,48.375317],[135.093308,48.376803],[135.095127,48.380515],[135.097141,48.384532],[135.097449,48.385314],[135.097624,48.386114],[135.097632,48.387837],[135.097575,48.390286],[135.097779,48.391244],[135.098761,48.393713],[135.100419,48.397855],[135.101631,48.400815],[135.102672,48.40344],[135.104436,48.407774],[135.105552,48.410558],[135.107371,48.415119],[135.108733,48.418548],[135.10986,48.421556],[135.110348,48.424095],[135.110804,48.426327],[135.111303,48.428719],[135.111914,48.431712],[135.112419,48.43388],[135.113052,48.437346],[135.112923,48.438603],[135.11222,48.442343],[135.111614,48.445485],[135.111351,48.446382],[135.110509,48.447556],[135.108766,48.449478],[135.106899,48.45079],[135.10324,48.453316],[135.102698,48.454202],[135.102189,48.455626],[135.10176,48.456536],[135.100789,48.457415],[135.09996,48.45817],[135.098195,48.459774],[135.097294,48.46103],[135.096731,48.461976],[135.096264,48.462314],[135.094234,48.463684],[135.092297,48.465005],[135.09135,48.465693],[135.090964,48.46585],[135.088993,48.466225],[135.086914,48.466579],[135.086734,48.46665]]},"properties":{"name":"Хабаровск","type":"Обособленные","lanes":1,"length":11549.071990578339,"population":615570,"short_name":"Хабаровск","lanes_length":11549.071990578339}},{"type":"Feature","id":13768,"geometry":{"type":"LineString","coordinates":[[135.063493,48.483588],[135.064673,48.485287],[135.066572,48.487264],[135.069705,48.491474],[135.070606,48.492675],[135.071861,48.495455],[135.071765,48.495548]]},"properties":{"name":"Хабаровск","type":"Обособленные","lanes":1,"length":1475.757275257436,"population":615570,"short_name":"Хабаровск","lanes_length":1475.757275257436}},{"type":"Feature","id":13769,"geometry":{"type":"LineString","coordinates":[[135.103873,48.406379],[135.104544,48.406197],[135.105547,48.405143],[135.106175,48.404691],[135.107505,48.404288],[135.108417,48.404164],[135.10934,48.404228],[135.110831,48.404438],[135.114302,48.401379],[135.114817,48.401119],[135.115476,48.40098],[135.119151,48.400456],[135.121393,48.400186],[135.122633,48.400228],[135.125449,48.400559],[135.126967,48.400876],[135.127069,48.401005],[135.1265,48.402572],[135.126645,48.402878],[135.127166,48.403063],[135.132305,48.402721],[135.13268,48.402771]]},"properties":{"name":"Хабаровск","type":"Обособленные","lanes":1,"length":2698.942716436046,"population":615570,"short_name":"Хабаровск","lanes_length":2698.942716436046}},{"type":"Feature","id":13770,"geometry":{"type":"LineString","coordinates":[[135.0440628,48.5099898],[135.044492,48.51085],[135.048118,48.510779],[135.048526,48.510964],[135.048547,48.511334],[135.048397,48.511888],[135.048869,48.514574],[135.050629,48.517076],[135.051905,48.518817],[135.052045,48.519613],[135.051154,48.520992],[135.050682,48.521752],[135.050242,48.52323]]},"properties":{"name":"Хабаровск","type":"Обособленные","lanes":1,"length":1847.1643760775055,"population":615570,"short_name":"Хабаровск","lanes_length":1847.1643760775055}},{"type":"Feature","id":13771,"geometry":{"type":"LineString","coordinates":[[135.050242,48.52323],[135.0497032,48.5257046],[135.049851,48.530794],[135.0494,48.534247],[135.049218,48.537841],[135.049121,48.539418],[135.048864,48.539695],[135.046568,48.540796],[135.043134,48.542473],[135.042534,48.542906],[135.042469,48.544014],[135.042394,48.546912],[135.041622,48.548602],[135.040914,48.549888],[135.041096,48.55047],[135.042459,48.552054],[135.042287,48.552708],[135.04056,48.554256],[135.039873,48.554682],[135.036837,48.55596],[135.036311,48.55667],[135.035914,48.558069],[135.036096,48.55868],[135.042072,48.564193]]},"properties":{"name":"Хабаровск","type":"Обособленные","lanes":1,"length":5187.225329763418,"population":615570,"short_name":"Хабаровск","lanes_length":5187.225329763418}},{"type":"Feature","id":13772,"geometry":{"type":"LineString","coordinates":[[135.067835,48.496447],[135.065754,48.496952]]},"properties":{"name":"Хабаровск","type":"Обособленные","lanes":1,"length":163.73017984914023,"population":615570,"short_name":"Хабаровск","lanes_length":163.73017984914023}},{"type":"Feature","id":13773,"geometry":{"type":"LineString","coordinates":[[135.067384,48.504153],[135.067202,48.504595],[135.067653,48.50591],[135.070228,48.510097],[135.073897,48.509152],[135.078832,48.507694],[135.083907,48.505413],[135.087136,48.503842]]},"properties":{"name":"Хабаровск","type":"Обособленные","lanes":1,"length":2142.1659931892727,"population":615570,"short_name":"Хабаровск","lanes_length":2142.1659931892727}},{"type":"Feature","id":13774,"geometry":{"type":"LineString","coordinates":[[135.0380332,48.5040673],[135.0377221,48.5053112],[135.0388271,48.506214],[135.0434405,48.5087303]]},"properties":{"name":"Хабаровск","type":"Обособленные","lanes":1,"length":710.6438875697008,"population":615570,"short_name":"Хабаровск","lanes_length":710.6438875697008}},{"type":"Feature","id":13775,"geometry":{"type":"LineString","coordinates":[[87.101979,53.76549],[87.099588,53.766058]]},"properties":{"name":"Новокузнецк","type":"Обособленные","lanes":1,"length":169.87231226429412,"population":531186,"short_name":"Новокузнецк","lanes_length":169.87231226429412}},{"type":"Feature","id":13776,"geometry":{"type":"LineString","coordinates":[[87.1352332,53.7606125],[87.1360568,53.7600556],[87.136022,53.757596],[87.136408,53.75727]]},"properties":{"name":"Новокузнецк","type":"Обособленные","lanes":1,"length":400.5050227905922,"population":531186,"short_name":"Новокузнецк","lanes_length":400.5050227905922}},{"type":"Feature","id":13777,"geometry":{"type":"LineString","coordinates":[[87.166628,53.756766],[87.143393,53.743496],[87.136473,53.743537],[87.131885,53.746312]]},"properties":{"name":"Новокузнецк","type":"Обособленные","lanes":1,"length":3017.607421044219,"population":531186,"short_name":"Новокузнецк","lanes_length":3017.607421044219}},{"type":"Feature","id":13778,"geometry":{"type":"LineString","coordinates":[[87.175818,53.765038],[87.17725,53.765858],[87.183452,53.767824],[87.194875,53.77277]]},"properties":{"name":"Новокузнецк","type":"Обособленные","lanes":1,"length":1528.0755992295772,"population":531186,"short_name":"Новокузнецк","lanes_length":1528.0755992295772}},{"type":"Feature","id":13779,"geometry":{"type":"LineString","coordinates":[[87.127553,53.743776],[87.125241,53.743723],[87.1239317,53.7439359]]},"properties":{"name":"Новокузнецк","type":"Обособленные","lanes":1,"length":242.23041816520768,"population":531186,"short_name":"Новокузнецк","lanes_length":242.23041816520768}},{"type":"Feature","id":13780,"geometry":{"type":"LineString","coordinates":[[87.2326588,53.7892655],[87.236635,53.791026],[87.23759,53.791042],[87.266314,53.778579],[87.267381,53.778458],[87.268154,53.77875],[87.271372,53.78036],[87.275074,53.781406],[87.284146,53.781206],[87.302513,53.780911],[87.30467,53.78124],[87.313414,53.783352],[87.315248,53.783376],[87.315914,53.783398],[87.316456,53.783262],[87.316895,53.782932],[87.31711,53.782761],[87.317727,53.782603],[87.32116,53.782825],[87.333568,53.783699],[87.334233,53.783852],[87.334866,53.78407],[87.33544,53.784317],[87.338342,53.786016],[87.342666,53.787918],[87.350733,53.79062]]},"properties":{"name":"Новокузнецк","type":"Обособленные","lanes":1,"length":8742.94805035488,"population":531186,"short_name":"Новокузнецк","lanes_length":8742.94805035488}},{"type":"Feature","id":13781,"geometry":{"type":"LineString","coordinates":[[87.216866,53.782369],[87.2208412,53.7840616],[87.221812,53.776093],[87.230187,53.774443],[87.232225,53.774418],[87.233427,53.774672],[87.259734,53.781392]]},"properties":{"name":"Новокузнецк","type":"Обособленные","lanes":1,"length":3901.038714246539,"population":531186,"short_name":"Новокузнецк","lanes_length":3901.038714246539}},{"type":"Feature","id":13782,"geometry":{"type":"LineString","coordinates":[[87.208543,53.841686],[87.210421,53.842524],[87.211676,53.843964],[87.219036,53.853135],[87.237887,53.86374],[87.301338,53.889531]]},"properties":{"name":"Новокузнецк","type":"Обособленные","lanes":1,"length":8242.378560975452,"population":531186,"short_name":"Новокузнецк","lanes_length":8242.378560975452}},{"type":"Feature","id":13783,"geometry":{"type":"LineString","coordinates":[[87.160078,53.822895],[87.154688,53.818128],[87.153733,53.817884]]},"properties":{"name":"Новокузнецк","type":"Обособленные","lanes":1,"length":706.8792964017919,"population":531186,"short_name":"Новокузнецк","lanes_length":706.8792964017919}},{"type":"Feature","id":13784,"geometry":{"type":"LineString","coordinates":[[87.167477,53.827473],[87.167159,53.827361],[87.165968,53.827747],[87.165427,53.827535]]},"properties":{"name":"Новокузнецк","type":"Обособленные","lanes":1,"length":156.51810393143882,"population":531186,"short_name":"Новокузнецк","lanes_length":156.51810393143882}},{"type":"Feature","id":13785,"geometry":{"type":"LineString","coordinates":[[87.1994193,53.8432507],[87.1973706,53.8428531],[87.1964106,53.8441229],[87.1919313,53.8454432],[87.1882196,53.8454834],[87.179639,53.838119]]},"properties":{"name":"Новокузнецк","type":"Обособленные","lanes":1,"length":1865.9245738913637,"population":531186,"short_name":"Новокузнецк","lanes_length":1865.9245738913637}},{"type":"Feature","id":13786,"geometry":{"type":"LineString","coordinates":[[87.229149,53.7877963],[87.2230336,53.7850453]]},"properties":{"name":"Новокузнецк","type":"Обособленные","lanes":1,"length":506.1806060798749,"population":531186,"short_name":"Новокузнецк","lanes_length":506.1806060798749}},{"type":"Feature","id":13787,"geometry":{"type":"LineString","coordinates":[[44.0318795,56.2956012],[44.0302872,56.2994111],[44.030019,56.2999647],[44.0309202,56.3003338],[44.0424966,56.3027505],[44.0436339,56.3029767],[44.0441811,56.3030125],[44.0446639,56.3029827],[44.045211,56.3029113],[44.0456295,56.3028398],[44.0461123,56.3027029],[44.0468096,56.3023815]]},"properties":{"name":"Нижний Новгород","type":"Обособленные","lanes":1,"length":1624.628516628346,"population":1204985,"short_name":"Нижний Новгород","lanes_length":1624.628516628346}},{"type":"Feature","id":13788,"geometry":{"type":"LineString","coordinates":[[44.030019,56.2999647],[44.0288468,56.3004141],[44.02698,56.3021047],[44.0244158,56.3046165]]},"properties":{"name":"Нижний Новгород","type":"Обособленные","lanes":1,"length":630.6233326577335,"population":1204985,"short_name":"Нижний Новгород","lanes_length":630.6233326577335}},{"type":"Feature","id":13789,"geometry":{"type":"LineString","coordinates":[[43.9802524,56.3089489],[43.979952,56.3088418],[43.9796087,56.3079014],[43.9793298,56.3071218],[43.9793512,56.3069372],[43.979437,56.3066813],[43.9798233,56.3061933],[43.9802417,56.3058421],[43.9803919,56.3056397],[43.9803275,56.3054433],[43.9800915,56.3052707],[43.9796624,56.3051041],[43.9764544,56.3038303],[43.9757034,56.3036934],[43.9750168,56.3036875],[43.974416,56.3038125],[43.9738581,56.3039255],[43.9733002,56.3039851],[43.9728495,56.3039553],[43.9723882,56.3038244],[43.9720771,56.3036994],[43.9718196,56.3035446],[43.9714655,56.3032291],[43.9711544,56.3028958],[43.9709076,56.3024791],[43.9708647,56.3022232],[43.9706716,56.3012291],[43.9707681,56.3010029],[43.9710364,56.3007707],[43.9714441,56.3005386],[43.9719912,56.3004136],[43.9731714,56.3000743],[43.9736006,56.2997885],[43.9737079,56.2995087],[43.9737186,56.2991635],[43.9735469,56.2989075],[43.9730856,56.2986158],[43.9726564,56.2985205],[43.9719912,56.2985265],[43.9715514,56.2985801],[43.9709291,56.298717],[43.970339,56.2987765],[43.9693743,56.2987705]]},"properties":{"name":"Нижний Новгород","type":"Обособленные","lanes":1,"length":1935.9546750729796,"population":1204985,"short_name":"Нижний Новгород","lanes_length":1935.9546750729796}},{"type":"Feature","id":13790,"geometry":{"type":"LineString","coordinates":[[43.9977508,56.3225258],[43.9983298,56.3222043],[43.9988662,56.3220258],[43.9994241,56.3219663],[43.9998426,56.3219782]]},"properties":{"name":"Нижний Новгород","type":"Обособленные","lanes":1,"length":150.40633037030608,"population":1204985,"short_name":"Нижний Новгород","lanes_length":150.40633037030608}},{"type":"Feature","id":13791,"geometry":{"type":"LineString","coordinates":[[43.9475947,56.2988182],[43.9447935,56.2988455],[43.9446004,56.2999289],[43.9401372,56.3009409]]},"properties":{"name":"Нижний Новгород","type":"Обособленные","lanes":1,"length":593.0760089462158,"population":1204985,"short_name":"Нижний Новгород","lanes_length":593.0760089462158}},{"type":"Feature","id":13792,"geometry":{"type":"LineString","coordinates":[[43.9451929,56.3191427],[43.9492281,56.3186258],[43.9494963,56.3186615]]},"properties":{"name":"Нижний Новгород","type":"Обособленные","lanes":1,"length":273.30322083206335,"population":1204985,"short_name":"Нижний Новгород","lanes_length":273.30322083206335}},{"type":"Feature","id":13793,"geometry":{"type":"LineString","coordinates":[[43.9277098,56.3331779],[43.9265511,56.3334575],[43.9254997,56.3338203],[43.9242444,56.334076],[43.9184723,56.3351703],[43.9170132,56.3351941],[43.9141486,56.3350395],[43.9116488,56.334534],[43.9093742,56.3342009],[43.9081404,56.3338738],[43.9031301,56.3323215],[43.9020035,56.3317148],[43.9008985,56.3308404],[43.9005551,56.330769],[43.9002869,56.3308226],[43.8935921,56.3334099],[43.88679,56.3360268],[43.8854704,56.3365858],[43.882241,56.3387267],[43.8790438,56.340814],[43.8748059,56.3434838],[43.872864,56.3447444],[43.8707933,56.3465162],[43.8681326,56.3486685],[43.8679073,56.3487576],[43.8667593,56.3487814],[43.866298,56.348829],[43.8659976,56.3489598],[43.8658044,56.3491322],[43.8656113,56.3505947],[43.86515,56.3508503],[43.8648925,56.3510465],[43.8646886,56.3512308],[43.863766,56.353032],[43.8635192,56.3532222],[43.8632617,56.3536205],[43.8630793,56.3537335],[43.8628111,56.3537454],[43.8559983,56.3525743],[43.8516531,56.3523662],[43.8454733,56.3504401],[43.8433812,56.349364],[43.8432524,56.349156],[43.8431022,56.348936],[43.8418148,56.348282],[43.8410959,56.3480026],[43.8385746,56.3474199],[43.8383493,56.347307],[43.8361607,56.344673],[43.8359675,56.3443817],[43.8359461,56.3442093],[43.8389609,56.3407961],[43.8417826,56.3376265],[43.8421581,56.3370794],[43.8425121,56.3366809],[43.8428769,56.3363955],[43.8436923,56.3359851],[43.8445399,56.3357353],[43.8460848,56.3355926],[43.8474367,56.3355867],[43.8483701,56.3353547],[43.8490246,56.3349652],[43.8498077,56.3341236]]},"properties":{"name":"Нижний Новгород","type":"Обособленные","lanes":1,"length":9072.895993964848,"population":1204985,"short_name":"Нижний Новгород","lanes_length":9072.895993964848}},{"type":"Feature","id":13794,"geometry":{"type":"LineString","coordinates":[[43.8536218,56.3298441],[43.8539667,56.3297848],[43.8605657,56.3315634],[43.8670412,56.3338026],[43.8684744,56.3338411],[43.8725286,56.3334887],[43.8730636,56.3336478],[43.8733614,56.3340016]]},"properties":{"name":"Нижний Новгород","type":"Обособленные","lanes":1,"length":1371.4516908379476,"population":1204985,"short_name":"Нижний Новгород","lanes_length":1371.4516908379476}},{"type":"Feature","id":13795,"geometry":{"type":"LineString","coordinates":[[44.6455335,43.0392099],[44.6452224,43.0391922],[44.6451043,43.0392177],[44.6448253,43.0393981],[44.6401583,43.0462669],[44.6399974,43.0507829],[44.6399115,43.0512377],[44.6397077,43.0516061],[44.6393858,43.0519119],[44.6346866,43.0554398],[44.634472,43.0555103],[44.634236,43.055479],[44.6230351,43.0473097],[44.6230136,43.0471607],[44.6230889,43.0469235],[44.6385597,43.0351008],[44.6388387,43.0349674],[44.6391283,43.0349674],[44.6393966,43.0351008],[44.6440421,43.0386374],[44.6444606,43.0388884],[44.6452224,43.0391922]]},"properties":{"name":"Владикавказ","type":"Обособленные","lanes":1,"length":6033.6388521666795,"population":292717,"short_name":"Владикавказ","lanes_length":6033.6388521666795}},{"type":"Feature","id":13796,"geometry":{"type":"LineString","coordinates":[[85.0574866,52.4804686],[85.0617567,52.481109]]},"properties":{"name":"Бийск","type":"Обособленные","lanes":1,"length":298.73387958543987,"population":180851,"short_name":"Бийск","lanes_length":298.73387958543987}},{"type":"Feature","id":13797,"geometry":{"type":"LineString","coordinates":[[85.0740305,52.4828993],[85.076897,52.483348]]},"properties":{"name":"Бийск","type":"Обособленные","lanes":1,"length":201.03816428468969,"population":180851,"short_name":"Бийск","lanes_length":201.03816428468969}},{"type":"Feature","id":13798,"geometry":{"type":"LineString","coordinates":[[85.0813817,52.4838053],[85.1069592,52.4875686]]},"properties":{"name":"Бийск","type":"Обособленные","lanes":1,"length":1787.2896240217005,"population":180851,"short_name":"Бийск","lanes_length":1787.2896240217005}},{"type":"Feature","id":13799,"geometry":{"type":"LineString","coordinates":[[85.1163197,52.489032],[85.1251602,52.4903908]]},"properties":{"name":"Бийск","type":"Обособленные","lanes":1,"length":619.2440322923428,"population":180851,"short_name":"Бийск","lanes_length":619.2440322923428}},{"type":"Feature","id":13800,"geometry":{"type":"LineString","coordinates":[[85.1297092,52.4911747],[85.1332283,52.4916451],[85.1347733,52.4916189],[85.1355886,52.4918802],[85.1399231,52.4925335],[85.1400089,52.4928209],[85.1398373,52.493448],[85.1363611,52.5036894],[85.1355028,52.5043425],[85.1342583,52.5082607]]},"properties":{"name":"Бийск","type":"Обособленные","lanes":1,"length":2519.8319884487255,"population":180851,"short_name":"Бийск","lanes_length":2519.8319884487255}},{"type":"Feature","id":13801,"geometry":{"type":"LineString","coordinates":[[85.1315975,52.5162397],[85.1317692,52.516527],[85.1321769,52.5166837],[85.1339149,52.5168796]]},"properties":{"name":"Бийск","type":"Обособленные","lanes":1,"length":186.72000904601333,"population":180851,"short_name":"Бийск","lanes_length":186.72000904601333}},{"type":"Feature","id":13802,"geometry":{"type":"LineString","coordinates":[[85.1378632,52.5173235],[85.1393867,52.5174802]]},"properties":{"name":"Бийск","type":"Обособленные","lanes":1,"length":104.88007366371885,"population":180851,"short_name":"Бийск","lanes_length":104.88007366371885}},{"type":"Feature","id":13803,"geometry":{"type":"LineString","coordinates":[[85.1416397,52.5177152],[85.1421589,52.5178824],[85.1422877,52.5180522],[85.1426954,52.5186136],[85.1488108,52.5226089],[85.1521367,52.5245673],[85.1527375,52.5246586],[85.1531023,52.5246848]]},"properties":{"name":"Бийск","type":"Обособленные","lanes":1,"length":1117.9745273638964,"population":180851,"short_name":"Бийск","lanes_length":1117.9745273638964}},{"type":"Feature","id":13804,"geometry":{"type":"LineString","coordinates":[[85.1531023,52.5246848],[85.1522221,52.5273737],[85.1523724,52.5275565],[85.1527586,52.5276218]]},"properties":{"name":"Бийск","type":"Обособленные","lanes":1,"length":355.0738684526039,"population":180851,"short_name":"Бийск","lanes_length":355.0738684526039}},{"type":"Feature","id":13805,"geometry":{"type":"LineString","coordinates":[[85.2016821,52.5368111],[85.2022829,52.5371765]]},"properties":{"name":"Бийск","type":"Обособленные","lanes":1,"length":57.577649264269525,"population":180851,"short_name":"Бийск","lanes_length":57.577649264269525}},{"type":"Feature","id":13806,"geometry":{"type":"LineString","coordinates":[[85.2085754,52.5395704],[85.2094219,52.5398706]]},"properties":{"name":"Бийск","type":"Обособленные","lanes":1,"length":66.44257542289417,"population":180851,"short_name":"Бийск","lanes_length":66.44257542289417}},{"type":"Feature","id":13807,"geometry":{"type":"LineString","coordinates":[[85.2179728,52.5435638],[85.2184771,52.543782],[85.2269422,52.5495887]]},"properties":{"name":"Бийск","type":"Обособленные","lanes":1,"length":906.4128990636334,"population":180851,"short_name":"Бийск","lanes_length":906.4128990636334}},{"type":"Feature","id":13808,"geometry":{"type":"LineString","coordinates":[[85.2285342,52.5506528],[85.2312271,52.5524338],[85.2313773,52.5524599],[85.2315704,52.5524338],[85.2342097,52.550992],[85.2344243,52.550992],[85.234714,52.5510442],[85.2394883,52.5541494],[85.2462475,52.5585067]]},"properties":{"name":"Бийск","type":"Обособленные","lanes":1,"length":1709.8265573918795,"population":180851,"short_name":"Бийск","lanes_length":1709.8265573918795}},{"type":"Feature","id":13809,"geometry":{"type":"LineString","coordinates":[[85.2464947,52.5572448],[85.2454173,52.5577667],[85.2452349,52.5577797],[85.2450096,52.557721]]},"properties":{"name":"Бийск","type":"Обособленные","lanes":1,"length":122.41170237432084,"population":180851,"short_name":"Бийск","lanes_length":122.41170237432084}},{"type":"Feature","id":13810,"geometry":{"type":"LineString","coordinates":[[85.2348058,52.5299321],[85.2351448,52.5299382],[85.2355096,52.5300426],[85.2387282,52.5312827],[85.2394793,52.5314654],[85.2658507,52.5351202],[85.2661082,52.5352899],[85.2660009,52.5355248],[85.2632329,52.543264],[85.2632973,52.5435511],[85.2636406,52.5436424],[85.2962133,52.5480791]]},"properties":{"name":"Бийск","type":"Обособленные","lanes":1,"length":5454.924342298244,"population":180851,"short_name":"Бийск","lanes_length":5454.924342298244}},{"type":"Feature","id":13811,"geometry":{"type":"LineString","coordinates":[[85.1531023,52.5246848],[85.1568533,52.5135263],[85.1573039,52.5112802],[85.157025,52.5111104],[85.1564885,52.5110581],[85.1342583,52.5082607],[85.1263834,52.5072316],[85.1256109,52.5071141],[85.1252676,52.5068267],[85.125096,52.5066439]]},"properties":{"name":"Бийск","type":"Обособленные","lanes":1,"length":3787.9498793843754,"population":180851,"short_name":"Бийск","lanes_length":3787.9498793843754}},{"type":"Feature","id":13812,"geometry":{"type":"LineString","coordinates":[[85.1225854,52.5029273],[85.1218988,52.5018693],[85.1218773,52.5015689],[85.1219417,52.5013207],[85.1248814,52.4926204]]},"properties":{"name":"Бийск","type":"Обособленные","lanes":1,"length":1176.5623696923335,"population":180851,"short_name":"Бийск","lanes_length":1176.5623696923335}},{"type":"Feature","id":13813,"geometry":{"type":"LineString","coordinates":[[82.896721,54.978718],[82.896469,54.979232],[82.8892424,54.9828067]]},"properties":{"name":"Новосибирск","type":"Обособленные","lanes":1,"length":669.7243201238307,"population":1633851,"short_name":"Новосибирск","lanes_length":669.7243201238307}},{"type":"Feature","id":13814,"geometry":{"type":"LineString","coordinates":[[82.901741,54.963107],[82.8977214,54.94222],[82.9319639,54.9400084]]},"properties":{"name":"Новосибирск","type":"Обособленные","lanes":1,"length":4547.709107624852,"population":1633851,"short_name":"Новосибирск","lanes_length":4547.709107624852}},{"type":"Feature","id":13815,"geometry":{"type":"LineString","coordinates":[[82.844488,54.945129],[82.845432,54.945388],[82.8977214,54.94222]]},"properties":{"name":"Новосибирск","type":"Обособленные","lanes":1,"length":3436.409760551997,"population":1633851,"short_name":"Новосибирск","lanes_length":3436.409760551997}},{"type":"Feature","id":13816,"geometry":{"type":"LineString","coordinates":[[82.93287,54.962638],[82.9013138,54.96449]]},"properties":{"name":"Новосибирск","type":"Обособленные","lanes":1,"length":2031.7287119334896,"population":1633851,"short_name":"Новосибирск","lanes_length":2031.7287119334896}},{"type":"Feature","id":13817,"geometry":{"type":"LineString","coordinates":[[82.94188,54.957655],[82.938426,54.959614]]},"properties":{"name":"Новосибирск","type":"Обособленные","lanes":1,"length":310.67152751934617,"population":1633851,"short_name":"Новосибирск","lanes_length":310.67152751934617}},{"type":"Feature","id":13818,"geometry":{"type":"LineString","coordinates":[[82.892596,54.9853041],[82.9048921,54.9927499],[82.9047961,54.9930382],[82.89513,54.992637],[82.894765,54.99268],[82.893918,54.99292],[82.893456,54.993],[82.881268,54.992434],[82.880828,54.992495],[82.880313,54.992674],[82.876193,54.994914],[82.875904,54.995025],[82.857536,54.994138],[82.856935,54.994022],[82.856731,54.993806],[82.856753,54.993591],[82.858544,54.981353],[82.859896,54.971292],[82.859532,54.970276],[82.859617,54.968478],[82.859274,54.967985],[82.858437,54.967283],[82.854124,54.965423],[82.85376,54.965312],[82.853459,54.965349],[82.853073,54.965472],[82.845713,54.970781],[82.845412,54.970904],[82.845069,54.970929],[82.844618,54.97083],[82.843181,54.970264],[82.842687,54.970214],[82.837559,54.969992],[82.83846,54.963772],[82.838632,54.96339],[82.838997,54.962971]]},"properties":{"name":"Новосибирск","type":"Обособленные","lanes":1,"length":9894.482084435607,"population":1633851,"short_name":"Новосибирск","lanes_length":9894.482084435607}},{"type":"Feature","id":13819,"geometry":{"type":"LineString","coordinates":[[82.837562,54.970167],[82.836918,54.974847],[82.8363,54.975506],[82.836076,54.977015],[82.834908,54.985765],[82.835091,54.987262],[82.834974,54.989105],[82.834464,54.992484],[82.834678,54.992891],[82.835579,54.993075],[82.8497666,54.9937266],[82.850646,54.992988],[82.8519981,54.9923175],[82.8531788,54.9922068],[82.856934,54.992367]]},"properties":{"name":"Новосибирск","type":"Обособленные","lanes":1,"length":4052.4744218954584,"population":1633851,"short_name":"Новосибирск","lanes_length":4052.4744218954584}},{"type":"Feature","id":13820,"geometry":{"type":"LineString","coordinates":[[82.859542,54.97414],[82.880206,54.975113],[82.881182,54.975655],[82.897077,54.976363]]},"properties":{"name":"Новосибирск","type":"Обособленные","lanes":1,"length":2435.3456481328585,"population":1633851,"short_name":"Новосибирск","lanes_length":2435.3456481328585}},{"type":"Feature","id":13821,"geometry":{"type":"LineString","coordinates":[[82.858544,54.981353],[82.835633,54.980227],[82.818145,54.97939],[82.816192,54.979267],[82.815398,54.979033],[82.803704,54.978528]]},"properties":{"name":"Новосибирск","type":"Обособленные","lanes":1,"length":3529.542703095274,"population":1633851,"short_name":"Новосибирск","lanes_length":3529.542703095274}},{"type":"Feature","id":13822,"geometry":{"type":"LineString","coordinates":[[82.922234,55.049126],[82.919648,55.048904]]},"properties":{"name":"Новосибирск","type":"Обособленные","lanes":1,"length":167.12445028792374,"population":1633851,"short_name":"Новосибирск","lanes_length":167.12445028792374}},{"type":"Feature","id":13823,"geometry":{"type":"LineString","coordinates":[[82.921096,55.042307],[82.923538,55.033403],[82.923881,55.033092],[82.924353,55.031534],[82.924568,55.031423],[82.924825,55.031423],[82.925769,55.031509],[82.92607,55.031447],[82.92637,55.031275],[82.926542,55.031115],[82.9267183,55.0305287]]},"properties":{"name":"Новосибирск","type":"Обособленные","lanes":1,"length":1451.2418675272002,"population":1633851,"short_name":"Новосибирск","lanes_length":1451.2418675272002}},{"type":"Feature","id":13824,"geometry":{"type":"LineString","coordinates":[[83.020182,55.040528],[83.020695,55.03996],[83.020608,55.039651],[83.0199,55.039306],[83.018953,55.039122],[83.011695,55.037924],[83.003423,55.036555],[83.000968,55.035892],[82.999232,55.03523],[82.995268,55.033647],[82.993992,55.033037],[82.99071,55.031351],[82.984339,55.028237],[82.97306,55.022377],[82.971918,55.021738],[82.971569,55.021626],[82.971198,55.021622],[82.970897,55.02172],[82.965429,55.024005],[82.965124,55.024006]]},"properties":{"name":"Новосибирск","type":"Обособленные","lanes":1,"length":4398.486166007511,"population":1633851,"short_name":"Новосибирск","lanes_length":4398.486166007511}},{"type":"Feature","id":13825,"geometry":{"type":"LineString","coordinates":[[82.984097,55.060059],[82.983481,55.05983],[82.978875,55.057756]]},"properties":{"name":"Новосибирск","type":"Обособленные","lanes":1,"length":420.97711647096895,"population":1633851,"short_name":"Новосибирск","lanes_length":420.97711647096895}},{"type":"Feature","id":13826,"geometry":{"type":"LineString","coordinates":[[83.020182,55.040528],[83.009245,55.047043],[83.002894,55.05094],[83.001198,55.051862],[83.000104,55.052402],[82.998516,55.052956],[82.99577,55.053705],[82.993602,55.054258],[82.991778,55.054885],[82.989869,55.055721],[82.989182,55.056151],[82.984097,55.060059],[82.99534,55.065436],[82.999374,55.067399],[83.005375,55.070248],[83.007749,55.071371],[83.008202,55.071459],[83.009352,55.071505]]},"properties":{"name":"Новосибирск","type":"Обособленные","lanes":1,"length":5276.2163387973505,"population":1633851,"short_name":"Новосибирск","lanes_length":5276.2163387973505}},{"type":"Feature","id":13827,"geometry":{"type":"LineString","coordinates":[[82.964964,55.081224],[82.960377,55.084042],[82.960248,55.084214],[82.960269,55.08441],[82.960849,55.085258],[82.960892,55.085491],[82.960827,55.085835],[82.960484,55.086031],[82.954883,55.089789]]},"properties":{"name":"Новосибирск","type":"Обособленные","lanes":1,"length":1219.2512045911506,"population":1633851,"short_name":"Новосибирск","lanes_length":1219.2512045911506}},{"type":"Feature","id":13828,"geometry":{"type":"LineString","coordinates":[[82.975576,55.073918],[82.97554,55.073833],[82.975438,55.073769],[82.9681747,55.0704455]]},"properties":{"name":"Новосибирск","type":"Обособленные","lanes":1,"length":612.8265342464958,"population":1633851,"short_name":"Новосибирск","lanes_length":612.8265342464958}},{"type":"Feature","id":13829,"geometry":{"type":"LineString","coordinates":[[82.9585561,54.9663074],[82.9437763,54.9575931],[82.9432311,54.9574457],[82.9425303,54.9574477],[82.94188,54.957655]]},"properties":{"name":"Новосибирск","type":"Обособленные","lanes":1,"length":1486.6025118013965,"population":1633851,"short_name":"Новосибирск","lanes_length":1486.6025118013965}},{"type":"Feature","id":13830,"geometry":{"type":"LineString","coordinates":[[82.9268871,55.0297762],[82.9267047,55.0296532],[82.9257713,55.0295363]]},"properties":{"name":"Новосибирск","type":"Обособленные","lanes":1,"length":79.07761805173404,"population":1633851,"short_name":"Новосибирск","lanes_length":79.07761805173404}},{"type":"Feature","id":13831,"geometry":{"type":"LineString","coordinates":[[82.8980237,54.9713857],[82.901097,54.964727]]},"properties":{"name":"Новосибирск","type":"Обособленные","lanes":1,"length":766.9531882628451,"population":1633851,"short_name":"Новосибирск","lanes_length":766.9531882628451}},{"type":"Feature","id":13832,"geometry":{"type":"LineString","coordinates":[[82.927523,55.015863],[82.928304,55.0152951]]},"properties":{"name":"Новосибирск","type":"Обособленные","lanes":1,"length":80.57838048941885,"population":1633851,"short_name":"Новосибирск","lanes_length":80.57838048941885}},{"type":"Feature","id":13833,"geometry":{"type":"LineString","coordinates":[[82.9314046,55.0135911],[82.9358249,55.0117087]]},"properties":{"name":"Новосибирск","type":"Обособленные","lanes":1,"length":351.9667391224816,"population":1633851,"short_name":"Новосибирск","lanes_length":351.9667391224816}},{"type":"Feature","id":13834,"geometry":{"type":"LineString","coordinates":[[82.9386466,55.0105336],[82.9448543,55.007992],[82.9535876,55.0149069]]},"properties":{"name":"Новосибирск","type":"Обособленные","lanes":1,"length":1438.8256027624575,"population":1633851,"short_name":"Новосибирск","lanes_length":1438.8256027624575}},{"type":"Feature","id":13835,"geometry":{"type":"LineString","coordinates":[[38.9228609,47.2610347],[38.9222386,47.2625856],[38.9216485,47.2633137],[38.921391,47.2633792],[38.921155,47.2633573],[38.919492,47.2627093],[38.9193633,47.2625637],[38.9193525,47.262389],[38.9197173,47.2619594],[38.9199426,47.2618647],[38.9202001,47.2617555],[38.9217343,47.2612531],[38.9228609,47.2610347],[38.9246526,47.2565565],[38.924674,47.2563818],[38.9222815,47.2475846],[38.9221099,47.2473952],[38.9218094,47.2472422],[38.9180436,47.2458949],[38.9178934,47.2457492],[38.9178827,47.2455525],[38.9176467,47.2425299],[38.9175394,47.2421802],[38.9173141,47.2358284],[38.9173784,47.2352747],[38.9182689,47.2300148]]},"properties":{"name":"Таганрог","type":"Обособленные","lanes":1,"length":4489.067856748392,"population":241557,"short_name":"Таганрог","lanes_length":4489.067856748392}},{"type":"Feature","id":13836,"geometry":{"type":"LineString","coordinates":[[38.9172642,47.2231273],[38.901761,47.2332108],[38.9011602,47.2343618]]},"properties":{"name":"Таганрог","type":"Обособленные","lanes":1,"length":1759.136836355471,"population":241557,"short_name":"Таганрог","lanes_length":1759.136836355471}},{"type":"Feature","id":13837,"geometry":{"type":"LineString","coordinates":[[38.9172642,47.2231273],[38.9161151,47.2214426],[38.9160614,47.2212386],[38.9161365,47.2211658],[38.9164906,47.2209472],[38.9164798,47.2208014],[38.9162867,47.2204735],[38.9134543,47.2170413],[38.9117484,47.2146583],[38.9069204,47.2078148],[38.9031117,47.20237],[38.9028757,47.2022461],[38.9026075,47.2022242],[38.8993673,47.2019326],[38.8990669,47.2019618],[38.8986592,47.2020857],[38.8966422,47.2026251],[38.8964169,47.2026324],[38.8962453,47.2026251],[38.8898294,47.2023117],[38.8894754,47.2022242],[38.8891213,47.2020711],[38.8845937,47.1997968]]},"properties":{"name":"Таганрог","type":"Обособленные","lanes":1,"length":4094.060356162583,"population":241557,"short_name":"Таганрог","lanes_length":4094.060356162583}},{"type":"Feature","id":13838,"geometry":{"type":"LineString","coordinates":[[38.8830988,47.1990531],[38.8813715,47.1981418]]},"properties":{"name":"Таганрог","type":"Обособленные","lanes":1,"length":165.51445943229535,"population":241557,"short_name":"Таганрог","lanes_length":165.51445943229535}},{"type":"Feature","id":13839,"geometry":{"type":"LineString","coordinates":[[38.892684,47.223184],[38.8922441,47.2233516],[38.8920939,47.2235119],[38.8923299,47.2296321],[38.8925445,47.2299235],[38.893553,47.2312349],[38.8935959,47.2315554]]},"properties":{"name":"Таганрог","type":"Обособленные","lanes":1,"length":976.5768929471598,"population":241557,"short_name":"Таганрог","lanes_length":976.5768929471598}},{"type":"Feature","id":13840,"geometry":{"type":"LineString","coordinates":[[38.8880813,47.2392481],[38.8922441,47.2453665]]},"properties":{"name":"Таганрог","type":"Обособленные","lanes":1,"length":749.6851394947407,"population":241557,"short_name":"Таганрог","lanes_length":749.6851394947407}},{"type":"Feature","id":13841,"geometry":{"type":"LineString","coordinates":[[38.9164906,47.2209472],[38.9201919,47.2187294]]},"properties":{"name":"Таганрог","type":"Обособленные","lanes":1,"length":373.34923047204177,"population":241557,"short_name":"Таганрог","lanes_length":373.34923047204177}},{"type":"Feature","id":13842,"geometry":{"type":"LineString","coordinates":[[32.001297,54.809954],[32.013378,54.813923],[32.017498,54.814813],[32.020598,54.815348],[32.024482,54.815816],[32.027872,54.816007],[32.032674,54.815837],[32.0369033,54.8158875]]},"properties":{"name":"Смоленск","type":"Обособленные","lanes":1,"length":2439.6600174964115,"population":310645,"short_name":"Смоленск","lanes_length":2439.6600174964115}},{"type":"Feature","id":13843,"geometry":{"type":"LineString","coordinates":[[32.03497,54.781184],[32.031611,54.780961],[32.031107,54.781017],[32.029455,54.781394],[32.023715,54.781338]]},"properties":{"name":"Смоленск","type":"Обособленные","lanes":1,"length":734.2197425016616,"population":310645,"short_name":"Смоленск","lanes_length":734.2197425016616}},{"type":"Feature","id":13844,"geometry":{"type":"LineString","coordinates":[[32.022964,54.780293],[32.023115,54.777374],[32.023453,54.776829],[32.024625,54.775672],[32.025325,54.775183],[32.028286,54.773283]]},"properties":{"name":"Смоленск","type":"Обособленные","lanes":1,"length":894.1281433399715,"population":310645,"short_name":"Смоленск","lanes_length":894.1281433399715}},{"type":"Feature","id":13845,"geometry":{"type":"LineString","coordinates":[[32.0590245,54.7704487],[32.062554,54.766441],[32.068026,54.7605207]]},"properties":{"name":"Смоленск","type":"Обособленные","lanes":1,"length":1247.9050606972455,"population":310645,"short_name":"Смоленск","lanes_length":1247.9050606972455}},{"type":"Feature","id":13846,"geometry":{"type":"LineString","coordinates":[[32.071459,54.769731],[32.0748577,54.7685719]]},"properties":{"name":"Смоленск","type":"Обособленные","lanes":1,"length":253.96383582656995,"population":310645,"short_name":"Смоленск","lanes_length":253.96383582656995}},{"type":"Feature","id":13847,"geometry":{"type":"LineString","coordinates":[[32.086018,54.76905],[32.092214,54.764897],[32.1024382,54.760495],[32.1028464,54.760118]]},"properties":{"name":"Смоленск","type":"Обособленные","lanes":1,"length":1480.6034607065885,"population":310645,"short_name":"Смоленск","lanes_length":1480.6034607065885}},{"type":"Feature","id":13848,"geometry":{"type":"LineString","coordinates":[[32.0949978,54.7747926],[32.100282,54.779131],[32.100304,54.779391],[32.100068,54.77965],[32.098426,54.780319],[32.097664,54.78064],[32.088995,54.784241],[32.088652,54.784217]]},"properties":{"name":"Смоленск","type":"Обособленные","lanes":1,"length":1551.2368999892444,"population":310645,"short_name":"Смоленск","lanes_length":1551.2368999892444}},{"type":"Feature","id":13849,"geometry":{"type":"LineString","coordinates":[[32.0800553,54.777492],[32.089934,54.773289],[32.090363,54.772955],[32.090632,54.7722123]]},"properties":{"name":"Смоленск","type":"Обособленные","lanes":1,"length":920.1014917502313,"population":310645,"short_name":"Смоленск","lanes_length":920.1014917502313}},{"type":"Feature","id":13850,"geometry":{"type":"LineString","coordinates":[[58.9724221,53.4372952],[58.970234,53.4372985],[58.9613086,53.4344127],[58.961874,53.388772],[58.9701749,53.3797232],[58.9701919,53.3780563],[58.961766,53.372978],[58.9619171,53.3562427],[58.9640844,53.3525607],[58.9656077,53.3525417]]},"properties":{"name":"Магнитогорск","type":"Обособленные","lanes":1,"length":10428.380105866258,"population":406465,"short_name":"Магнитогорск","lanes_length":10428.380105866258}},{"type":"Feature","id":13851,"geometry":{"type":"LineString","coordinates":[[58.979471,53.4178005],[58.97931,53.437308]]},"properties":{"name":"Магнитогорск","type":"Обособленные","lanes":1,"length":2171.099992075556,"population":406465,"short_name":"Магнитогорск","lanes_length":2171.099992075556}},{"type":"Feature","id":13852,"geometry":{"type":"LineString","coordinates":[[58.978155,53.390323],[58.978284,53.364952]]},"properties":{"name":"Магнитогорск","type":"Обособленные","lanes":1,"length":2823.6370617587504,"population":406465,"short_name":"Магнитогорск","lanes_length":2823.6370617587504}},{"type":"Feature","id":13853,"geometry":{"type":"LineString","coordinates":[[58.979338,53.434478],[58.9902486,53.4345435],[58.991117,53.434941]]},"properties":{"name":"Магнитогорск","type":"Обособленные","lanes":1,"length":797.8884153197266,"population":406465,"short_name":"Магнитогорск","lanes_length":797.8884153197266}},{"type":"Feature","id":13854,"geometry":{"type":"LineString","coordinates":[[58.961787,53.397967],[58.970059,53.397983]]},"properties":{"name":"Магнитогорск","type":"Обособленные","lanes":1,"length":550.2418993092435,"population":406465,"short_name":"Магнитогорск","lanes_length":550.2418993092435}},{"type":"Feature","id":13855,"geometry":{"type":"LineString","coordinates":[[58.9701749,53.3797232],[58.9914394,53.3798384],[58.9936496,53.3794413],[58.9982415,53.3776747],[59.0015887,53.3775336],[59.0090504,53.3781386],[59.015225,53.379204],[59.037155,53.38586],[59.049579,53.395662]]},"properties":{"name":"Магнитогорск","type":"Обособленные","lanes":1,"length":6089.388546076387,"population":406465,"short_name":"Магнитогорск","lanes_length":6089.388546076387}},{"type":"Feature","id":13856,"geometry":{"type":"LineString","coordinates":[[58.9543395,53.3649238],[58.984423,53.365],[58.989658,53.366204],[59.003649,53.366153],[59.008884,53.363182],[59.0089485,53.3622093]]},"properties":{"name":"Магнитогорск","type":"Обособленные","lanes":1,"length":3896.132176190954,"population":406465,"short_name":"Магнитогорск","lanes_length":3896.132176190954}},{"type":"Feature","id":13857,"geometry":{"type":"LineString","coordinates":[[58.996356,53.4260705],[59.001796,53.422179],[59.03363,53.422211],[59.033694,53.417454],[59.032728,53.411494],[59.022841,53.3979872],[58.999088,53.398064]]},"properties":{"name":"Магнитогорск","type":"Обособленные","lanes":1,"length":7097.216349515023,"population":406465,"short_name":"Магнитогорск","lanes_length":7097.216349515023}},{"type":"Feature","id":13858,"geometry":{"type":"LineString","coordinates":[[59.0251137,53.3958726],[59.026623,53.3950204],[59.0291197,53.3962673],[59.040887,53.399868],[59.0487318,53.3968284],[59.0509957,53.3940131],[59.051414,53.392068],[59.062401,53.392734],[59.062422,53.387372],[59.068473,53.386028],[59.093321,53.386105],[59.095746,53.385363]]},"properties":{"name":"Магнитогорск","type":"Обособленные","lanes":1,"length":6017.200414089898,"population":406465,"short_name":"Магнитогорск","lanes_length":6017.200414089898}},{"type":"Feature","id":13859,"geometry":{"type":"LineString","coordinates":[[59.040887,53.399868],[59.040768,53.400801],[59.048386,53.403641],[59.050832,53.410523],[59.067655,53.422122],[59.075851,53.433705],[59.094069,53.443177],[59.0805503,53.4507809],[59.0807865,53.4525698]]},"properties":{"name":"Магнитогорск","type":"Обособленные","lanes":1,"length":7631.055665810714,"population":406465,"short_name":"Магнитогорск","lanes_length":7631.055665810714}},{"type":"Feature","id":13860,"geometry":{"type":"LineString","coordinates":[[59.0607141,53.4756713],[59.0622385,53.4751539],[59.062647,53.4744578],[59.0640077,53.461057],[59.0603894,53.4595904],[59.0576474,53.4569406],[59.05638,53.450199],[59.0540018,53.4495299],[59.048577,53.446816],[59.035616,53.450931],[59.012914,53.450957],[59.006512,53.446316]]},"properties":{"name":"Магнитогорск","type":"Обособленные","lanes":1,"length":6882.445156750011,"population":406465,"short_name":"Магнитогорск","lanes_length":6882.445156750011}},{"type":"Feature","id":13861,"geometry":{"type":"LineString","coordinates":[[59.0805503,53.4507809],[59.0785322,53.4477761],[59.0765899,53.4462481],[59.0747335,53.4455252],[59.0731621,53.4458801],[59.0660114,53.4495575],[59.060507,53.4510592],[59.05638,53.450199]]},"properties":{"name":"Магнитогорск","type":"Обособленные","lanes":1,"length":2152.2383953714434,"population":406465,"short_name":"Магнитогорск","lanes_length":2152.2383953714434}},{"type":"Feature","id":13862,"geometry":{"type":"LineString","coordinates":[[58.972126,53.397993],[58.9781274,53.3980374]]},"properties":{"name":"Магнитогорск","type":"Обособленные","lanes":1,"length":399.2328707141065,"population":406465,"short_name":"Магнитогорск","lanes_length":399.2328707141065}},{"type":"Feature","id":13863,"geometry":{"type":"LineString","coordinates":[[59.0996941,53.3954909],[59.1013463,53.3931208],[59.1016466,53.3919964],[59.0994149,53.3894261]]},"properties":{"name":"Магнитогорск","type":"Обособленные","lanes":1,"length":734.777730924875,"population":406465,"short_name":"Магнитогорск","lanes_length":734.777730924875}},{"type":"Feature","id":13864,"geometry":{"type":"LineString","coordinates":[[59.0989708,53.4016648],[59.097855,53.4071752],[59.0929412,53.4070345],[59.0922546,53.4104881],[59.0932845,53.4113578]]},"properties":{"name":"Магнитогорск","type":"Обособленные","lanes":1,"length":1450.54834974334,"population":406465,"short_name":"Магнитогорск","lanes_length":1450.54834974334}},{"type":"Feature","id":13865,"geometry":{"type":"LineString","coordinates":[[86.754234,53.874845],[86.754507,53.875914],[86.754845,53.877082],[86.754864,53.877873],[86.754771,53.878291],[86.754614,53.878665],[86.75364,53.879748],[86.752763,53.880837],[86.749294,53.886304],[86.748485,53.888204],[86.748089,53.890682],[86.744494,53.895254],[86.733567,53.892624],[86.729728,53.891197],[86.727411,53.890893],[86.726295,53.890318],[86.725683,53.88961],[86.725705,53.88863],[86.726231,53.887283],[86.726306,53.886624],[86.726182,53.886163],[86.725893,53.885796],[86.725286,53.885328],[86.724407,53.884936],[86.718096,53.883025],[86.702453,53.879686],[86.690833,53.878813],[86.686606,53.880663],[86.686273,53.880745],[86.685726,53.880701],[86.685265,53.880448],[86.683132,53.875881],[86.682746,53.875552],[86.68045,53.874578],[86.680096,53.874521],[86.679517,53.874571],[86.678819,53.874565],[86.678433,53.874476],[86.677736,53.874157],[86.677446,53.874078],[86.677146,53.874103],[86.676711,53.874277],[86.676073,53.874967],[86.675767,53.875292],[86.675504,53.875463],[86.675198,53.875571],[86.67478,53.875609],[86.665167,53.874398],[86.664638,53.874198],[86.662481,53.872717],[86.662349,53.87269]]},"properties":{"name":"Прокопьевск","type":"Обособленные","lanes":1,"length":9319.367371883747,"population":178747,"short_name":"Прокопьевск","lanes_length":9319.367371883747}},{"type":"Feature","id":13866,"geometry":{"type":"LineString","coordinates":[[86.6505803,53.8719677],[86.64619,53.871947],[86.646318,53.863309],[86.619059,53.85538],[86.618211,53.856222],[86.616812,53.858114],[86.617981,53.862103],[86.617812,53.862594],[86.611756,53.870142]]},"properties":{"name":"Прокопьевск","type":"Обособленные","lanes":1,"length":5024.224340540296,"population":178747,"short_name":"Прокопьевск","lanes_length":5024.224340540296}},{"type":"Feature","id":13867,"geometry":{"type":"LineString","coordinates":[[86.6459941,53.8906505],[86.645757,53.896757],[86.646046,53.897029],[86.647581,53.897244],[86.648224,53.897073],[86.64889,53.896726],[86.649619,53.896586],[86.650199,53.896624],[86.650865,53.89685],[86.661841,53.901181],[86.662506,53.90175],[86.66285,53.902534],[86.664283,53.906159],[86.66497,53.906437],[86.666182,53.907063]]},"properties":{"name":"Прокопьевск","type":"Обособленные","lanes":1,"length":2672.98674622619,"population":178747,"short_name":"Прокопьевск","lanes_length":2672.98674622619}},{"type":"Feature","id":13868,"geometry":{"type":"LineString","coordinates":[[86.764764,53.894745],[86.76573,53.894732],[86.769951,53.89629],[86.779049,53.89732],[86.788739,53.901443],[86.78904,53.9015],[86.79736,53.901393],[86.797419,53.911259]]},"properties":{"name":"Прокопьевск","type":"Обособленные","lanes":1,"length":3450.67469703826,"population":178747,"short_name":"Прокопьевск","lanes_length":3450.67469703826}},{"type":"Feature","id":13869,"geometry":{"type":"LineString","coordinates":[[86.79736,53.901393],[86.797435,53.899425],[86.811656,53.899786],[86.812306,53.900488],[86.8134,53.900589],[86.814457,53.90039],[86.815047,53.900156],[86.819201,53.895078],[86.82242,53.892347],[86.826652,53.888881]]},"properties":{"name":"Прокопьевск","type":"Обособленные","lanes":1,"length":2909.9737792362607,"population":178747,"short_name":"Прокопьевск","lanes_length":2909.9737792362607}},{"type":"Feature","id":13870,"geometry":{"type":"LineString","coordinates":[[86.6460144,53.8896257],[86.6461003,53.8869953],[86.644963,53.8868056],[86.6449845,53.8830746],[86.6460574,53.8828786],[86.6461471,53.8773234]]},"properties":{"name":"Прокопьевск","type":"Обособленные","lanes":1,"length":1477.9903847735577,"population":178747,"short_name":"Прокопьевск","lanes_length":1477.9903847735577}},{"type":"Feature","id":13871,"geometry":{"type":"LineString","coordinates":[[86.756242,53.879442],[86.7540132,53.8822113]]},"properties":{"name":"Прокопьевск","type":"Обособленные","lanes":1,"length":341.3058628267027,"population":178747,"short_name":"Прокопьевск","lanes_length":341.3058628267027}},{"type":"Feature","id":13872,"geometry":{"type":"LineString","coordinates":[[86.7565965,53.8877558],[86.7552978,53.8896811]]},"properties":{"name":"Прокопьевск","type":"Обособленные","lanes":1,"length":230.67802213965277,"population":178747,"short_name":"Прокопьевск","lanes_length":230.67802213965277}},{"type":"Feature","id":13873,"geometry":{"type":"LineString","coordinates":[[43.9447935,56.2988455],[43.9445037,56.2985544],[43.9435113,56.2969083],[43.9429384,56.2962661],[43.9428204,56.2960697],[43.942815,56.2958911],[43.942917,56.2954624],[43.9428901,56.2952927],[43.9423001,56.2939948],[43.9423054,56.2938579],[43.9423591,56.293712],[43.9426166,56.2931137],[43.9425951,56.2929589],[43.9406478,56.2890946],[43.9405781,56.2888385],[43.9400685,56.2854591],[43.940047,56.2849083],[43.9399022,56.2836607],[43.9397734,56.2833957],[43.934865,56.2767905],[43.9345324,56.2764212],[43.9343822,56.2760787],[43.9342856,56.2753192],[43.9341998,56.27439],[43.9336687,56.2732582],[43.9328533,56.2724123],[43.9279502,56.2691417],[43.9257455,56.2676195],[43.9245063,56.2668151],[43.9216095,56.2650933]]},"properties":{"name":"Нижний Новгород","type":"Обособленные","lanes":1,"length":4150.4606430031035,"population":1204985,"short_name":"Нижний Новгород","lanes_length":4150.4606430031035}},{"type":"Feature","id":13874,"geometry":{"type":"LineString","coordinates":[[43.8757208,56.2468961],[43.8752858,56.2469291],[43.8736067,56.247409],[43.8718794,56.247865],[43.8715146,56.2479246],[43.8703988,56.2480468],[43.8688807,56.2481422]]},"properties":{"name":"Нижний Новгород","type":"Обособленные","lanes":1,"length":451.50741562478754,"population":1204985,"short_name":"Нижний Новгород","lanes_length":451.50741562478754}},{"type":"Feature","id":13875,"geometry":{"type":"LineString","coordinates":[[43.8418065,56.2505831],[43.8411375,56.2517283],[43.8413306,56.2525776],[43.841792,56.2542226],[43.8424679,56.2563085],[43.8426664,56.2567823],[43.8430043,56.2571697],[43.845413,56.2586357],[43.8455632,56.2587817],[43.8464805,56.2622528],[43.8466897,56.2625805],[43.8469257,56.2628308],[43.8473281,56.2631883],[43.8486423,56.2640017],[43.8492056,56.2642311],[43.8503536,56.2645379],[43.8561847,56.2656492]]},"properties":{"name":"Нижний Новгород","type":"Обособленные","lanes":1,"length":2126.5701442733025,"population":1204985,"short_name":"Нижний Новгород","lanes_length":2126.5701442733025}},{"type":"Feature","id":13876,"geometry":{"type":"LineString","coordinates":[[43.8411375,56.2517283],[43.8407065,56.2502676],[43.8403685,56.2488221],[43.8399125,56.2470219],[43.8390113,56.2440561],[43.8383622,56.2438922],[43.8262226,56.2449861]]},"properties":{"name":"Нижний Новгород","type":"Обособленные","lanes":1,"length":1671.1017179061469,"population":1204985,"short_name":"Нижний Новгород","lanes_length":1671.1017179061469}},{"type":"Feature","id":13877,"geometry":{"type":"LineString","coordinates":[[44.8024725,48.7626605],[44.794351,48.770171],[44.794233,48.770664],[44.79433,48.771044],[44.814897,48.780918],[44.816474,48.781469],[44.839294,48.792327],[44.840185,48.792921],[44.850501,48.805931],[44.851273,48.806828],[44.869235,48.829827],[44.86931,48.830279],[44.869074,48.83071],[44.868527,48.830982],[44.8453799,48.8389192]]},"properties":{"name":"Волжский","type":"Обособленные","lanes":1,"length":11976.322519799856,"population":315220,"short_name":"Волжский","lanes_length":11976.322519799856}},{"type":"Feature","id":13878,"geometry":{"type":"LineString","coordinates":[[44.79433,48.771044],[44.7890525,48.768512]]},"properties":{"name":"Волжский","type":"Обособленные","lanes":1,"length":479.3544863034346,"population":315220,"short_name":"Волжский","lanes_length":479.3544863034346}},{"type":"Feature","id":13879,"geometry":{"type":"LineString","coordinates":[[44.851084,48.8065531],[44.818844,48.817444],[44.818173,48.817405],[44.790927,48.803832],[44.789887,48.803242],[44.788964,48.802444],[44.786368,48.799412],[44.780536,48.792783],[44.779684,48.791722],[44.779367,48.791634],[44.778616,48.791744],[44.778128,48.791768],[44.763848,48.788704],[44.763462,48.788609],[44.763274,48.788365],[44.767227,48.78025],[44.767061,48.779886],[44.762507,48.776315],[44.762458,48.775958],[44.7678601,48.7729138]]},"properties":{"name":"Волжский","type":"Обособленные","lanes":1,"length":10154.720764660718,"population":315220,"short_name":"Волжский","lanes_length":10154.720764660718}},{"type":"Feature","id":13880,"geometry":{"type":"LineString","coordinates":[[44.780139,48.7923205],[44.75594,48.800141],[44.755522,48.800413],[44.755538,48.80072],[44.758671,48.80519],[44.758644,48.805564],[44.758306,48.805872],[44.736366,48.812619]]},"properties":{"name":"Волжский","type":"Обособленные","lanes":1,"length":4465.817839652209,"population":315220,"short_name":"Волжский","lanes_length":4465.817839652209}},{"type":"Feature","id":13881,"geometry":{"type":"LineString","coordinates":[[44.8021177,48.8093642],[44.804489,48.807375],[44.805149,48.807025],[44.835066,48.797157],[44.835796,48.796984],[44.841472,48.795863],[44.841938,48.795598],[44.842008,48.795217]]},"properties":{"name":"Волжский","type":"Обособленные","lanes":1,"length":3380.2856479941197,"population":315220,"short_name":"Волжский","lanes_length":3380.2856479941197}},{"type":"Feature","id":13882,"geometry":{"type":"LineString","coordinates":[[43.8934234,56.2849329],[43.8933643,56.2847721],[43.8934502,56.2845875],[43.8949254,56.2832341],[43.8960037,56.2826073],[43.8961162,56.2818763],[43.8965884,56.281376],[43.8974896,56.2810037],[43.9000001,56.2790159],[43.9056113,56.2745158],[43.9101603,56.2709416],[43.9125851,56.2689905],[43.912864,56.2687224],[43.9131751,56.268356],[43.9134702,56.2679598],[43.9135453,56.2677126],[43.9135185,56.2675457],[43.9133414,56.2674325],[43.9129981,56.2673015],[43.9110937,56.2665478],[43.9104286,56.2664048],[43.9070919,56.2650791],[43.9069846,56.2649569],[43.9069524,56.2648169],[43.9069685,56.2641019],[43.9070597,56.2639708],[43.9072421,56.2638666],[43.9084223,56.263375],[43.9085456,56.263235],[43.9085832,56.2630532],[43.9084276,56.2628089],[43.9070812,56.2616261],[43.9048496,56.2599219],[43.9030579,56.2584797],[43.9027628,56.2581728],[43.9024678,56.2579821],[43.901706,56.2576693],[43.9001825,56.2570703],[43.8998714,56.2569362],[43.898718,56.2559022],[43.8930693,56.2537001],[43.8849798,56.2505322],[43.8791218,56.248282],[43.8757208,56.2468961],[43.8752326,56.2467113],[43.874959,56.2464669],[43.874664,56.246297],[43.8701954,56.2445414],[43.8642195,56.2421388],[43.8638761,56.2419391],[43.8637474,56.241805],[43.8635221,56.2414562],[43.86327,56.2407914],[43.8629964,56.2396854],[43.8627657,56.2393247],[43.8626155,56.2391637],[43.8621434,56.2389193],[43.8586297,56.2376195],[43.8529649,56.2353536],[43.8524821,56.2351181],[43.8518706,56.2347663],[43.8485875,56.2327597],[43.8461146,56.2312688],[43.8449076,56.2305741],[43.8413188,56.2282064],[43.8377407,56.2259043],[43.8335243,56.2231725],[43.8329717,56.2228802],[43.8322046,56.2226088],[43.829222,56.2217498],[43.8290074,56.2216693],[43.8284924,56.2214009],[43.8282457,56.221216],[43.8279184,56.2208223],[43.8266846,56.2183705],[43.8263306,56.2175443],[43.8255366,56.2144778],[43.8252952,56.2137171],[43.8247052,56.2129594],[43.8236859,56.2123389],[43.821626,56.211608],[43.8164064,56.2097463],[43.8143787,56.2090482],[43.8102963,56.2080487],[43.8077268,56.2074192],[43.8052109,56.2070313],[43.798103,56.2061213],[43.7969604,56.2060527],[43.7919339,56.2058886],[43.7842253,56.2055842],[43.7826642,56.2055544],[43.7786302,56.2057334],[43.7766936,56.2058498],[43.769972,56.2065599]]},"properties":{"name":"Нижний Новгород","type":"Обособленные","lanes":1,"length":14587.405013397234,"population":1204985,"short_name":"Нижний Новгород","lanes_length":14587.405013397234}},{"type":"Feature","id":13883,"geometry":{"type":"LineString","coordinates":[[43.9898877,56.3061071],[43.9875193,56.3063727]]},"properties":{"name":"Нижний Новгород","type":"Обособленные","lanes":1,"length":149.55365340474643,"population":1204985,"short_name":"Нижний Новгород","lanes_length":149.55365340474643}},{"type":"Feature","id":13884,"geometry":{"type":"LineString","coordinates":[[43.8736078,56.3345683],[43.8743909,56.336296],[43.8807264,56.3380682],[43.882241,56.3387267]]},"properties":{"name":"Нижний Новгород","type":"Обособленные","lanes":1,"length":756.0606976703009,"population":1204985,"short_name":"Нижний Новгород","lanes_length":756.0606976703009}},{"type":"Feature","id":13885,"geometry":{"type":"LineString","coordinates":[[37.5808301,54.1386866],[37.5876107,54.1653086],[37.5878736,54.1659523],[37.5886836,54.1667784]]},"properties":{"name":"Тула","type":"Обособленные","lanes":1,"length":3175.9339796274226,"population":461692,"short_name":"Тула","lanes_length":3175.9339796274226}},{"type":"Feature","id":13886,"geometry":{"type":"LineString","coordinates":[[37.5876778,54.1671584],[37.5829276,54.1689138]]},"properties":{"name":"Тула","type":"Обособленные","lanes":1,"length":366.6436875974841,"population":461692,"short_name":"Тула","lanes_length":366.6436875974841}},{"type":"Feature","id":13887,"geometry":{"type":"LineString","coordinates":[[37.5886782,54.174365],[37.5887811,54.1744125],[37.5930619,54.1746009],[37.5933301,54.1747076],[37.5934696,54.1748395],[37.5996387,54.1806353]]},"properties":{"name":"Тула","type":"Обособленные","lanes":1,"length":1087.8706069177406,"population":461692,"short_name":"Тула","lanes_length":1087.8706069177406}},{"type":"Feature","id":13888,"geometry":{"type":"LineString","coordinates":[[37.6203987,54.1754823],[37.6189611,54.1737867]]},"properties":{"name":"Тула","type":"Обособленные","lanes":1,"length":210.7924723895755,"population":461692,"short_name":"Тула","lanes_length":210.7924723895755}},{"type":"Feature","id":13889,"geometry":{"type":"LineString","coordinates":[[37.5942633,54.1646548],[37.5886836,54.1667784]]},"properties":{"name":"Тула","type":"Обособленные","lanes":1,"length":434.3822556235383,"population":461692,"short_name":"Тула","lanes_length":434.3822556235383}},{"type":"Feature","id":13890,"geometry":{"type":"LineString","coordinates":[[37.5861538,54.2019931],[37.5855735,54.2021855],[37.5832561,54.2025621],[37.5826552,54.2025119],[37.5814322,54.2012065]]},"properties":{"name":"Тула","type":"Обособленные","lanes":1,"length":405.8224404104965,"population":461692,"short_name":"Тула","lanes_length":405.8224404104965}},{"type":"Feature","id":13891,"geometry":{"type":"LineString","coordinates":[[37.5861538,54.2019931],[37.5861039,54.2021999],[37.5863828,54.2025513],[37.5864257,54.2029279],[37.5861253,54.2033169],[37.5767912,54.2073832]]},"properties":{"name":"Тула","type":"Обособленные","lanes":1,"length":914.7669864404439,"population":461692,"short_name":"Тула","lanes_length":914.7669864404439}},{"type":"Feature","id":13892,"geometry":{"type":"LineString","coordinates":[[37.5767912,54.2073832],[37.5763192,54.2074459],[37.5760187,54.207333],[37.5443687,54.1955598]]},"properties":{"name":"Тула","type":"Обособленные","lanes":1,"length":2500.955813416265,"population":461692,"short_name":"Тула","lanes_length":2500.955813416265}},{"type":"Feature","id":13893,"geometry":{"type":"LineString","coordinates":[[37.5444887,54.1942],[37.5443063,54.1938987],[37.5365815,54.1900571],[37.5322042,54.1882994]]},"properties":{"name":"Тула","type":"Обособленные","lanes":1,"length":1043.0178318558778,"population":461692,"short_name":"Тула","lanes_length":1043.0178318558778}},{"type":"Feature","id":13894,"geometry":{"type":"LineString","coordinates":[[37.6112378,54.1993447],[37.6116662,54.1994039],[37.6140266,54.2005713]]},"properties":{"name":"Тула","type":"Обособленные","lanes":1,"length":230.25314590006363,"population":461692,"short_name":"Тула","lanes_length":230.25314590006363}},{"type":"Feature","id":13895,"geometry":{"type":"LineString","coordinates":[[37.6594723,54.2109189],[37.6631026,54.2134214]]},"properties":{"name":"Тула","type":"Обособленные","lanes":1,"length":365.6326414376935,"population":461692,"short_name":"Тула","lanes_length":365.6326414376935}},{"type":"Feature","id":13896,"geometry":{"type":"LineString","coordinates":[[37.6637464,54.2138606],[37.6640897,54.2139986],[37.664433,54.2138606],[37.6660209,54.212794],[37.6662998,54.2127438],[37.6666002,54.2128442],[37.6773076,54.2181893],[37.678123,54.2184653],[37.679153,54.2187037],[37.6865773,54.2210372],[37.6870494,54.2210999],[37.6875,54.2210623],[37.6953106,54.2197826],[37.6965551,54.2196697],[37.7061253,54.2189546]]},"properties":{"name":"Тула","type":"Обособленные","lanes":1,"length":3155.9791173867684,"population":461692,"short_name":"Тула","lanes_length":3155.9791173867684}},{"type":"Feature","id":13897,"geometry":{"type":"LineString","coordinates":[[37.644501,54.1994679],[37.6570558,54.1957537],[37.6576995,54.1957286],[37.6805734,54.1961805],[37.6811313,54.196055],[37.6818608,54.1957035],[37.707653,54.1791614]]},"properties":{"name":"Тула","type":"Обособленные","lanes":1,"length":5049.32357314188,"population":461692,"short_name":"Тула","lanes_length":5049.32357314188}},{"type":"Feature","id":13898,"geometry":{"type":"LineString","coordinates":[[37.7101552,54.1778603],[37.7112067,54.1777975]]},"properties":{"name":"Тула","type":"Обособленные","lanes":1,"length":69.01363453809522,"population":461692,"short_name":"Тула","lanes_length":69.01363453809522}},{"type":"Feature","id":13899,"geometry":{"type":"LineString","coordinates":[[59.9380329,57.8726556],[59.9380329,57.8711949],[59.9384621,57.8710352],[59.9570015,57.8710352],[59.9576452,57.8712634],[59.9578169,57.8715829],[59.9578169,57.8939199],[59.9576023,57.8942164],[59.9570873,57.8944217],[59.9564436,57.8944901],[59.9534395,57.8945585],[59.9530104,57.8946726],[59.9527529,57.8951059],[59.9528387,57.8969077],[59.9524954,57.8975691],[59.9520662,57.8980253],[59.9508217,57.8985726],[59.9504784,57.8989375],[59.9504354,57.8994848],[59.9498775,57.9013092],[59.9493196,57.9019478],[59.9479893,57.9028371]]},"properties":{"name":"Нижний Тагил","type":"Обособленные","lanes":1,"length":5181.640090743943,"population":330507,"short_name":"Нижний Тагил","lanes_length":5181.640090743943}},{"type":"Feature","id":13900,"geometry":{"type":"LineString","coordinates":[[59.949384,57.9066109],[59.9472168,57.9087098]]},"properties":{"name":"Нижний Тагил","type":"Обособленные","lanes":1,"length":266.74859906812947,"population":330507,"short_name":"Нижний Тагил","lanes_length":266.74859906812947}},{"type":"Feature","id":13901,"geometry":{"type":"LineString","coordinates":[[60.0019766,57.9397413],[60.000531,57.9397178]]},"properties":{"name":"Нижний Тагил","type":"Обособленные","lanes":1,"length":85.66604173177424,"population":330507,"short_name":"Нижний Тагил","lanes_length":85.66604173177424}},{"type":"Feature","id":13902,"geometry":{"type":"LineString","coordinates":[[59.9890233,57.9114728],[59.9916473,57.9100821]]},"properties":{"name":"Нижний Тагил","type":"Обособленные","lanes":1,"length":219.51550199725065,"population":330507,"short_name":"Нижний Тагил","lanes_length":219.51550199725065}},{"type":"Feature","id":13903,"geometry":{"type":"LineString","coordinates":[[59.9924627,57.9095976],[59.9930957,57.9092329],[59.9932781,57.9089992],[59.9949518,57.9055848],[59.9955419,57.9039715],[59.9973551,57.9001291],[59.9978915,57.8999466],[59.9984494,57.8998497],[59.9990073,57.8998611],[60.0082877,57.9010641],[60.0087705,57.9012123],[60.0109485,57.9023012],[60.0115493,57.902495],[60.0142422,57.9030423]]},"properties":{"name":"Нижний Тагил","type":"Обособленные","lanes":1,"length":2195.60306039414,"population":330507,"short_name":"Нижний Тагил","lanes_length":2195.60306039414}},{"type":"Feature","id":13904,"geometry":{"type":"LineString","coordinates":[[60.0241269,57.9034994],[60.0249852,57.9036306],[60.0258757,57.9038757],[60.0265516,57.9041493],[60.0362397,57.9085841],[60.0368298,57.908795],[60.0374306,57.9088577],[60.0426663,57.9088577],[60.0430203,57.9089375],[60.0441469,57.9093137],[60.0447155,57.9095987],[60.0586737,57.9188026],[60.0594569,57.9192756],[60.0602616,57.9195947],[60.0611199,57.9198397],[60.0620426,57.9200278],[60.086676,57.9216859],[60.0908066,57.9217713]]},"properties":{"name":"Нижний Тагил","type":"Обособленные","lanes":1,"length":4736.793892826287,"population":330507,"short_name":"Нижний Тагил","lanes_length":4736.793892826287}},{"type":"Feature","id":13905,"geometry":{"type":"LineString","coordinates":[[60.0940801,57.9228305],[60.1005603,57.9264996]]},"properties":{"name":"Нижний Тагил","type":"Обособленные","lanes":1,"length":560.7578696620216,"population":330507,"short_name":"Нижний Тагил","lanes_length":560.7578696620216}},{"type":"Feature","id":13906,"geometry":{"type":"LineString","coordinates":[[60.0620426,57.9200278],[60.0597223,57.9197657],[60.0589928,57.9201531],[60.0590786,57.9207457],[60.0592503,57.9256457],[60.0593361,57.9260331],[60.0610527,57.9290638],[60.0622972,57.9299981],[60.0790342,57.9394759],[60.079635,57.9401365],[60.0794634,57.9406149],[60.0792488,57.9439177]]},"properties":{"name":"Нижний Тагил","type":"Обособленные","lanes":1,"length":3289.496063999517,"population":330507,"short_name":"Нижний Тагил","lanes_length":3289.496063999517}},{"type":"Feature","id":13907,"geometry":{"type":"LineString","coordinates":[[60.0791201,57.9467089],[60.0784334,57.9551804]]},"properties":{"name":"Нижний Тагил","type":"Обособленные","lanes":1,"length":944.4041959321806,"population":330507,"short_name":"Нижний Тагил","lanes_length":944.4041959321806}},{"type":"Feature","id":13908,"geometry":{"type":"LineString","coordinates":[[60.0783476,57.9558635],[60.0781759,57.9578216],[60.0784334,57.958277],[60.0789913,57.958869],[60.08221,57.9610774],[60.0824245,57.9614189],[60.0821241,57.9618742],[60.076631,57.968066],[60.0757727,57.9683164],[60.0750431,57.9683164],[60.0723394,57.9680432]]},"properties":{"name":"Нижний Тагил","type":"Обособленные","lanes":1,"length":1776.4508345143408,"population":330507,"short_name":"Нижний Тагил","lanes_length":1776.4508345143408}},{"type":"Feature","id":13909,"geometry":{"type":"LineString","coordinates":[[60.0917841,57.9217821],[60.0951686,57.9114943],[60.0955334,57.9112435],[60.0962844,57.9111751],[60.1093307,57.9123834],[60.1097384,57.9123948]]},"properties":{"name":"Нижний Тагил","type":"Обособленные","lanes":1,"length":2052.9182512618554,"population":330507,"short_name":"Нижний Тагил","lanes_length":2052.9182512618554}},{"type":"Feature","id":13910,"geometry":{"type":"LineString","coordinates":[[60.1119056,57.9120465],[60.1313248,57.9088433],[60.1318612,57.9088205],[60.1321187,57.9091397],[60.1352301,57.9145655]]},"properties":{"name":"Нижний Тагил","type":"Обособленные","lanes":1,"length":1907.6070181940447,"population":330507,"short_name":"Нижний Тагил","lanes_length":1907.6070181940447}},{"type":"Feature","id":13911,"geometry":{"type":"LineString","coordinates":[[60.1364834,57.9158517],[60.1419122,57.9188036],[60.1421482,57.9189973],[60.1429851,57.9204674]]},"properties":{"name":"Нижний Тагил","type":"Обособленные","lanes":1,"length":656.8145125056506,"population":330507,"short_name":"Нижний Тагил","lanes_length":656.8145125056506}},{"type":"Feature","id":13912,"geometry":{"type":"LineString","coordinates":[[87.3134548,53.6222618],[87.3158098,53.6191309],[87.3159815,53.6190545],[87.3162604,53.6190322],[87.3168666,53.6191627]]},"properties":{"name":"Осинники","type":"Обособленные","lanes":1,"length":457.19509843973094,"population":38740,"short_name":"Осинники","lanes_length":457.19509843973094}},{"type":"Feature","id":13913,"geometry":{"type":"LineString","coordinates":[[87.3175586,53.6192263],[87.3183472,53.6193186]]},"properties":{"name":"Осинники","type":"Обособленные","lanes":1,"length":53.18529641898264,"population":38740,"short_name":"Осинники","lanes_length":53.18529641898264}},{"type":"Feature","id":13914,"geometry":{"type":"LineString","coordinates":[[87.3195703,53.6194554],[87.3216517,53.6196973]]},"properties":{"name":"Осинники","type":"Обособленные","lanes":1,"length":140.33752040478385,"population":38740,"short_name":"Осинники","lanes_length":140.33752040478385}},{"type":"Feature","id":13915,"geometry":{"type":"LineString","coordinates":[[87.3228211,53.6198277],[87.3257554,53.6201523],[87.3262061,53.6202414],[87.3312218,53.6217813],[87.3317207,53.6218895]]},"properties":{"name":"Осинники","type":"Обособленные","lanes":1,"length":637.5967029609888,"population":38740,"short_name":"Осинники","lanes_length":637.5967029609888}},{"type":"Feature","id":13916,"geometry":{"type":"LineString","coordinates":[[87.3317207,53.6218895],[87.331062,53.6216515],[87.3307831,53.6214733],[87.3305149,53.6212665],[87.3303539,53.6210183],[87.3302627,53.6207383],[87.330016,53.6198188],[87.3299623,53.6197074],[87.3298282,53.6195578],[87.3295976,53.6194083],[87.3281921,53.6184251],[87.3279668,53.6182183],[87.3278917,53.6180019],[87.3280204,53.6172637]]},"properties":{"name":"Осинники","type":"Обособленные","lanes":1,"length":604.7104495418753,"population":38740,"short_name":"Осинники","lanes_length":604.7104495418753}},{"type":"Feature","id":13917,"geometry":{"type":"LineString","coordinates":[[87.3281507,53.6165745],[87.3282687,53.6163677],[87.3284296,53.6162181],[87.3287032,53.6160749],[87.3302911,53.6154035],[87.3307202,53.6151712],[87.3310206,53.6149166],[87.3315732,53.614347],[87.3316965,53.614121],[87.3317234,53.6138664],[87.3318682,53.6111519],[87.3320452,53.6103912],[87.3321042,53.6075523]]},"properties":{"name":"Осинники","type":"Обособленные","lanes":1,"length":1101.904404159309,"population":38740,"short_name":"Осинники","lanes_length":1101.904404159309}},{"type":"Feature","id":13918,"geometry":{"type":"LineString","coordinates":[[87.3321149,53.6051328],[87.3320827,53.6033028],[87.3320023,53.5967197],[87.3319164,53.5965286],[87.3318252,53.5963822],[87.3284671,53.5922337]]},"properties":{"name":"Осинники","type":"Обособленные","lanes":1,"length":1488.2459826099384,"population":38740,"short_name":"Осинники","lanes_length":1488.2459826099384}},{"type":"Feature","id":13919,"geometry":{"type":"LineString","coordinates":[[87.3317207,53.6218895],[87.3343228,53.6223813],[87.3347412,53.6225594],[87.3351489,53.6228012],[87.3413073,53.6267654],[87.341833,53.627039],[87.3422943,53.6272553]]},"properties":{"name":"Осинники","type":"Обособленные","lanes":1,"length":938.4964903562169,"population":38740,"short_name":"Осинники","lanes_length":938.4964903562169}},{"type":"Feature","id":13920,"geometry":{"type":"LineString","coordinates":[[87.3473309,53.6291933],[87.3498522,53.6304785],[87.3503672,53.6306184],[87.3507856,53.630663],[87.3536502,53.6306757],[87.3539614,53.6307266],[87.3559998,53.6312928],[87.3564183,53.6313246],[87.3568474,53.6312674],[87.3595726,53.6308093],[87.360506,53.6306121],[87.3610853,53.6304212],[87.3622762,53.6297532],[87.362759,53.6296387]]},"properties":{"name":"Осинники","type":"Обособленные","lanes":1,"length":1141.4494919523922,"population":38740,"short_name":"Осинники","lanes_length":1141.4494919523922}},{"type":"Feature","id":13922,"geometry":{"type":"LineString","coordinates":[[86.0745381,55.3554715],[86.0749244,55.3443938],[86.0976695,55.3445403],[86.0978304,55.3360897],[86.141926,55.3364497],[86.1583625,55.3186276]]},"properties":{"name":"Кемерово","type":"Обособленные","lanes":1,"length":8657.709714127204,"population":544600,"short_name":"Кемерово","lanes_length":8657.709714127204}},{"type":"Feature","id":13923,"geometry":{"type":"LineString","coordinates":[[86.0749244,55.3443938],[86.0615834,55.3442276],[86.0617551,55.3457894],[86.0616478,55.349535],[86.0668191,55.3565129],[86.0678276,55.3568178],[86.0679134,55.3570008],[86.0689005,55.3567568],[86.0692554,55.3573504]]},"properties":{"name":"Кемерово","type":"Обособленные","lanes":1,"length":2512.714354689822,"population":544600,"short_name":"Кемерово","lanes_length":2512.714354689822}},{"type":"Feature","id":13924,"geometry":{"type":"LineString","coordinates":[[86.0615834,55.3442276],[86.0616233,55.3431998],[86.0619666,55.3429923],[86.0621383,55.3392339],[86.0623744,55.3303183],[86.0643485,55.3290489],[86.0721591,55.3273155]]},"properties":{"name":"Кемерово","type":"Обособленные","lanes":1,"length":2278.296898945694,"population":544600,"short_name":"Кемерово","lanes_length":2278.296898945694}},{"type":"Feature","id":13925,"geometry":{"type":"LineString","coordinates":[[86.0567524,55.3401369],[86.0469033,55.3424676],[86.0463883,55.3419551],[86.0451009,55.3422358],[86.0436632,55.3438709],[86.0360028,55.3455669],[86.0255744,55.3478607],[86.0087086,55.3468602],[86.0058119,55.3470188],[86.0035373,55.3474215],[85.9998252,55.3473849],[85.9983231,55.3464942]]},"properties":{"name":"Кемерово","type":"Обособленные","lanes":1,"length":4048.562491360021,"population":544600,"short_name":"Кемерово","lanes_length":4048.562491360021}},{"type":"Feature","id":13926,"geometry":{"type":"LineString","coordinates":[[86.0686133,55.3592727],[86.0511896,55.3630292],[86.0432932,55.3641512]]},"properties":{"name":"Кемерово","type":"Обособленные","lanes":1,"length":1697.5599744833044,"population":544600,"short_name":"Кемерово","lanes_length":1697.5599744833044}},{"type":"Feature","id":13927,"geometry":{"type":"LineString","coordinates":[[86.0777959,55.3239122],[86.0875504,55.3177901],[86.0731737,55.3101704],[86.0623591,55.3161906],[86.0608141,55.3153358],[86.0620157,55.3146642],[86.0635178,55.315519]]},"properties":{"name":"Кемерово","type":"Обособленные","lanes":1,"length":3504.7625957921473,"population":544600,"short_name":"Кемерово","lanes_length":3504.7625957921473}},{"type":"Feature","id":13928,"geometry":{"type":"LineString","coordinates":[[86.1054545,55.4226886],[86.105433,55.4222502],[86.1056905,55.4219335],[86.1241226,55.4186819],[86.1279421,55.4116541],[86.1057334,55.3882353],[86.0975151,55.3865289],[86.0896831,55.3857366],[86.0878592,55.3825673],[86.087709,55.3792881],[86.0843616,55.3767157],[86.0832243,55.3764475],[86.0821943,55.3756062],[86.0806494,55.3733141],[86.0797911,55.3730824],[86.0788684,55.372302],[86.0738688,55.3666684],[86.0690193,55.3593996],[86.0683971,55.3590093],[86.0677319,55.3578871],[86.0682683,55.3575456],[86.0692554,55.3573504],[86.0698776,55.357387],[86.0749846,55.3562038]]},"properties":{"name":"Кемерово","type":"Обособленные","lanes":1,"length":10138.976409695562,"population":544600,"short_name":"Кемерово","lanes_length":10138.976409695562}},{"type":"Feature","id":13929,"geometry":{"type":"LineString","coordinates":[[86.0896831,55.3857366],[86.0820367,55.3841159],[86.0807278,55.3841769],[86.0770156,55.3850423],[86.0744192,55.385408],[86.0740974,55.3859321],[86.0759427,55.3892474],[86.0756209,55.3897105],[86.0747196,55.3897837],[86.0705783,55.3891255],[86.0687329,55.3895033],[86.0681107,55.3887477],[86.0675957,55.3886746],[86.0664799,55.3889914],[86.0654928,55.3886746],[86.0576822,55.3906124],[86.0323622,55.3990818],[86.0292508,55.3966082],[86.0232641,55.3906124],[86.0220196,55.3896618],[86.0112049,55.3897958],[86.008185,55.3900756],[85.995852,55.3920611]]},"properties":{"name":"Кемерово","type":"Обособленные","lanes":1,"length":7591.347427103841,"population":544600,"short_name":"Кемерово","lanes_length":7591.347427103841}},{"type":"Feature","id":13930,"geometry":{"type":"LineString","coordinates":[[93.0221578,56.0245638],[92.887833,55.992161]]},"properties":{"name":"Красноярск","type":"Обособленные","lanes":1,"length":9122.785860024149,"population":1205473,"short_name":"Красноярск","lanes_length":9122.785860024149}},{"type":"Feature","id":13931,"geometry":{"type":"LineString","coordinates":[[93.0288525,55.9991811],[93.0128948,55.9952114],[92.9968714,55.991749],[92.977032,55.987852]]},"properties":{"name":"Красноярск","type":"Обособленные","lanes":1,"length":3473.050147404862,"population":1205473,"short_name":"Красноярск","lanes_length":3473.050147404862}},{"type":"Feature","id":13932,"geometry":{"type":"LineString","coordinates":[[92.963782,56.005414],[92.9685455,55.999007]]},"properties":{"name":"Красноярск","type":"Обособленные","lanes":1,"length":772.7971731678547,"population":1205473,"short_name":"Красноярск","lanes_length":772.7971731678547}},{"type":"Feature","id":13933,"geometry":{"type":"LineString","coordinates":[[92.8886967,55.9802175],[92.8889813,55.97961],[92.8944515,55.9800405],[92.9025184,55.9816832],[92.9098673,55.9848557],[92.9210958,55.9870297],[92.9302443,55.9893349],[92.9340313,55.9882845],[92.9393202,55.9880261],[92.971335,55.995083]]},"properties":{"name":"Красноярск","type":"Обособленные","lanes":1,"length":5638.858242575496,"population":1205473,"short_name":"Красноярск","lanes_length":5638.858242575496}},{"type":"Feature","id":13934,"geometry":{"type":"LineString","coordinates":[[92.8866702,55.9912694],[92.8868514,55.9897484]]},"properties":{"name":"Красноярск","type":"Обособленные","lanes":1,"length":169.7277943173368,"population":1205473,"short_name":"Красноярск","lanes_length":169.7277943173368}},{"type":"Feature","id":13935,"geometry":{"type":"LineString","coordinates":[[38.905208,45.024996],[38.90731,45.028605],[38.935077,45.04016],[38.936493,45.043162],[38.940398,45.055714],[38.931643,45.0572],[38.933317,45.06305],[38.923361,45.068142]]},"properties":{"name":"Краснодар","type":"Обособленные","lanes":1,"length":7090.666592192946,"population":1138654,"short_name":"Краснодар","lanes_length":7090.666592192946}},{"type":"Feature","id":13936,"geometry":{"type":"LineString","coordinates":[[38.936493,45.043162],[38.96825,45.038112]]},"properties":{"name":"Краснодар","type":"Обособленные","lanes":1,"length":2564.334941689236,"population":1138654,"short_name":"Краснодар","lanes_length":2564.334941689236}},{"type":"Feature","id":13937,"geometry":{"type":"LineString","coordinates":[[39.000651,45.072567],[39.00284,45.050984],[39.001896,45.051287],[39.000308,45.051318],[38.999664,45.052561],[38.9935701,45.0523259],[38.9922399,45.05203]]},"properties":{"name":"Краснодар","type":"Обособленные","lanes":1,"length":3349.291143001843,"population":1138654,"short_name":"Краснодар","lanes_length":3349.291143001843}},{"type":"Feature","id":13938,"geometry":{"type":"LineString","coordinates":[[38.990341,45.051515],[38.98952,45.05367],[38.988876,45.059324],[38.984799,45.05893],[38.984853,45.056808],[38.98349,45.053617],[38.984896,45.052359],[38.983855,45.050123],[38.983115,45.049684],[38.980486,45.041626]]},"properties":{"name":"Краснодар","type":"Обособленные","lanes":1,"length":3244.1432734384966,"population":1138654,"short_name":"Краснодар","lanes_length":3244.1432734384966}},{"type":"Feature","id":13939,"geometry":{"type":"LineString","coordinates":[[39.015344,45.052461],[39.014314,45.049187],[39.0031135,45.0505285],[39.00284,45.050984],[39.0016115,45.050112],[38.9976581,45.0485502],[38.996666,45.04758],[38.994176,45.038862]]},"properties":{"name":"Краснодар","type":"Обособленные","lanes":1,"length":2937.8528249480555,"population":1138654,"short_name":"Краснодар","lanes_length":2937.8528249480555}},{"type":"Feature","id":13940,"geometry":{"type":"LineString","coordinates":[[38.994108,45.024166],[38.996168,45.023233],[38.99752,45.021603],[38.999,45.021133],[38.999644,45.019881],[39.018119,45.021451],[39.045714,45.015657],[39.053524,45.012623],[39.066206,45.015475],[39.071399,45.015293],[39.114808,45.030172]]},"properties":{"name":"Краснодар","type":"Обособленные","lanes":1,"length":10374.13225527456,"population":1138654,"short_name":"Краснодар","lanes_length":10374.13225527456}},{"type":"Feature","id":13941,"geometry":{"type":"LineString","coordinates":[[39.011135,45.020875],[39.012422,45.011076],[39.0216281,45.0024134],[39.023366,45.001397],[39.0420954,45.0164825],[39.0432332,45.0233758],[39.0434505,45.0310356]]},"properties":{"name":"Краснодар","type":"Обособленные","lanes":1,"length":6333.618295406687,"population":1138654,"short_name":"Краснодар","lanes_length":6333.618295406687}},{"type":"Feature","id":13942,"geometry":{"type":"LineString","coordinates":[[39.066206,45.015475],[39.068384,45.018205],[39.064221,45.02638],[39.063835,45.030672],[39.074006,45.031658],[39.087052,45.036161],[39.087503,45.037526],[39.091816,45.038057],[39.095227,45.039452]]},"properties":{"name":"Краснодар","type":"Обособленные","lanes":1,"length":4555.820956790647,"population":1138654,"short_name":"Краснодар","lanes_length":4555.820956790647}},{"type":"Feature","id":13943,"geometry":{"type":"LineString","coordinates":[[38.970156,45.014269],[38.967238,45.006168],[38.962066,44.999553]]},"properties":{"name":"Краснодар","type":"Обособленные","lanes":1,"length":1769.8629080086257,"population":1138654,"short_name":"Краснодар","lanes_length":1769.8629080086257}},{"type":"Feature","id":13944,"geometry":{"type":"LineString","coordinates":[[52.276475,55.66988],[52.299491,55.683852],[52.306135,55.688542],[52.311158,55.694507],[52.316715,55.699342],[52.326598,55.701365],[52.336169,55.702565],[52.3371694,55.7034284],[52.3382533,55.7033747],[52.346026,55.704417],[52.352802,55.706511],[52.355633,55.707697],[52.363528,55.711953],[52.366571,55.715591],[52.39169,55.729237],[52.390297,55.731939],[52.397663,55.746064],[52.438318,55.76822],[52.4392037,55.7684431],[52.4401537,55.7678061],[52.444725,55.76228],[52.4629223,55.7514661],[52.4636701,55.750684],[52.465076,55.751306],[52.4687075,55.7508082],[52.4698284,55.7502016],[52.469775,55.748178],[52.497348,55.73204]]},"properties":{"name":"Набережные Челны","type":"Обособленные","lanes":1,"length":21424.94329690471,"population":544383,"short_name":"Набережные Челны","lanes_length":21424.94329690471}},{"type":"Feature","id":13945,"geometry":{"type":"LineString","coordinates":[[52.336169,55.702565],[52.343337,55.703438],[52.34456,55.703251],[52.367474,55.695889],[52.38964,55.707679],[52.3895973,55.7087057],[52.3909331,55.7094781],[52.3929341,55.7094949],[52.406908,55.71708],[52.407117,55.718449],[52.410239,55.720256],[52.413436,55.720649],[52.428071,55.728576],[52.427572,55.730938],[52.438714,55.737078],[52.411012,55.753338]]},"properties":{"name":"Набережные Челны","type":"Обособленные","lanes":1,"length":11359.758953116092,"population":544383,"short_name":"Набережные Челны","lanes_length":11359.758953116092}},{"type":"Feature","id":13946,"geometry":{"type":"LineString","coordinates":[[52.454513,55.756478],[52.408288,55.731367]]},"properties":{"name":"Набережные Челны","type":"Обособленные","lanes":1,"length":4030.470101864138,"population":544383,"short_name":"Набережные Челны","lanes_length":4030.470101864138}},{"type":"Feature","id":13947,"geometry":{"type":"LineString","coordinates":[[52.393624,55.738312],[52.39761,55.737605],[52.420258,55.724345]]},"properties":{"name":"Набережные Челны","type":"Обособленные","lanes":1,"length":2312.8516161567927,"population":544383,"short_name":"Набережные Челны","lanes_length":2312.8516161567927}},{"type":"Feature","id":13948,"geometry":{"type":"LineString","coordinates":[[52.431519,55.733113],[52.434878,55.733185],[52.43697,55.731959],[52.439802,55.731627],[52.443192,55.733433],[52.445526,55.73332],[52.473279,55.716992]]},"properties":{"name":"Набережные Челны","type":"Обособленные","lanes":1,"length":3541.5236161990097,"population":544383,"short_name":"Набережные Челны","lanes_length":3541.5236161990097}},{"type":"Feature","id":13949,"geometry":{"type":"LineString","coordinates":[[52.43697,55.731959],[52.43742,55.730536],[52.435709,55.72885],[52.43579,55.727878],[52.466114,55.709891],[52.471474,55.70944],[52.48378,55.702183],[52.484523,55.6992681],[52.494874,55.693195],[52.498071,55.693208],[52.528766,55.709888]]},"properties":{"name":"Набережные Челны","type":"Обособленные","lanes":1,"length":8855.057732456524,"population":544383,"short_name":"Набережные Челны","lanes_length":8855.057732456524}},{"type":"Feature","id":13950,"geometry":{"type":"LineString","coordinates":[[43.997766,56.3225784],[43.9974978,56.3232091],[43.9979162,56.3240776],[43.9980986,56.3248986],[43.9979591,56.3258326],[43.996264,56.3276767],[43.9962533,56.3279146],[43.9972081,56.3294076],[43.9957919,56.3298835],[43.9922407,56.3293898],[43.9827027,56.3268736],[43.9791408,56.3255946]]},"properties":{"name":"Нижний Новгород","type":"Обособленные","lanes":1,"length":2046.6286890518977,"population":1204985,"short_name":"Нижний Новгород","lanes_length":2046.6286890518977}},{"type":"Feature","id":13951,"geometry":{"type":"LineString","coordinates":[[83.7426267,53.2737561],[83.7458882,53.276348],[83.7497506,53.282532],[83.7540954,53.2867954],[83.7602108,53.2932087],[83.7666696,53.3029167],[83.767485,53.3039809],[83.7709826,53.307148],[83.7767976,53.3095199],[83.7875693,53.3194036],[83.7881916,53.3207366],[83.7856811,53.3278625],[83.784694,53.3289518],[83.7828486,53.330528],[83.782162,53.3308483],[83.7623458,53.3485605]]},"properties":{"name":"Барнаул","type":"Обособленные","lanes":1,"length":9719.71030637794,"population":620419,"short_name":"Барнаул","lanes_length":9719.71030637794}},{"type":"Feature","id":13952,"geometry":{"type":"LineString","coordinates":[[83.7852586,53.3282958],[83.7901617,53.3302244],[83.7910093,53.3293979]]},"properties":{"name":"Барнаул","type":"Обособленные","lanes":1,"length":498.8099866585294,"population":620419,"short_name":"Барнаул","lanes_length":498.8099866585294}},{"type":"Feature","id":13953,"geometry":{"type":"LineString","coordinates":[[83.7488186,53.3403403],[83.745557,53.3390335],[83.7438619,53.3389951],[83.7421238,53.3397894],[83.7413084,53.3400329]]},"properties":{"name":"Барнаул","type":"Обособленные","lanes":1,"length":580.793895011805,"population":620419,"short_name":"Барнаул","lanes_length":580.793895011805}},{"type":"Feature","id":13954,"geometry":{"type":"LineString","coordinates":[[83.7212527,53.3538394],[83.731252,53.3662608],[83.7551988,53.3754273],[83.7460363,53.3834912]]},"properties":{"name":"Барнаул","type":"Обособленные","lanes":1,"length":4511.788686040952,"population":620419,"short_name":"Барнаул","lanes_length":4511.788686040952}},{"type":"Feature","id":13955,"geometry":{"type":"LineString","coordinates":[[83.7492767,53.3731829],[83.7588756,53.364438],[83.7638452,53.3602381],[83.768492,53.355974]]},"properties":{"name":"Барнаул","type":"Обособленные","lanes":1,"length":2303.407749442309,"population":620419,"short_name":"Барнаул","lanes_length":2303.407749442309}},{"type":"Feature","id":13956,"geometry":{"type":"LineString","coordinates":[[83.7794847,53.3332528],[83.7511391,53.3225008]]},"properties":{"name":"Барнаул","type":"Обособленные","lanes":1,"length":2235.7747363628964,"population":620419,"short_name":"Барнаул","lanes_length":2235.7747363628964}},{"type":"Feature","id":13957,"geometry":{"type":"LineString","coordinates":[[83.7460363,53.3834912],[83.7416756,53.3872291],[83.681165,53.3872035],[83.676573,53.3898397],[83.6718094,53.3898397],[83.6668527,53.3888288]]},"properties":{"name":"Барнаул","type":"Обособленные","lanes":1,"length":5622.2204665081135,"population":620419,"short_name":"Барнаул","lanes_length":5622.2204665081135}},{"type":"Feature","id":13958,"geometry":{"type":"LineString","coordinates":[[83.6837819,53.3872038],[83.6837605,53.3823277],[83.6828163,53.3795886],[83.6789325,53.3753005],[83.6785248,53.3744556],[83.6776665,53.3708199],[83.6727974,53.3517968],[83.6682757,53.3327734],[83.6670955,53.3313767],[83.6650142,53.3302619],[83.651085,53.3259446],[83.6217126,53.3178299],[83.6218199,53.3174454],[83.6226996,53.3168301]]},"properties":{"name":"Барнаул","type":"Обособленные","lanes":1,"length":9877.915261148082,"population":620419,"short_name":"Барнаул","lanes_length":9877.915261148082}},{"type":"Feature","id":13959,"geometry":{"type":"LineString","coordinates":[[83.6656969,53.3306281],[83.6657399,53.3301795],[83.6661905,53.3299489],[83.6920041,53.32745],[83.6988966,53.3571503],[83.7073438,53.3676641],[83.7127038,53.3731583],[83.713067,53.3873102]]},"properties":{"name":"Барнаул","type":"Обособленные","lanes":1,"length":8750.23260405446,"population":620419,"short_name":"Барнаул","lanes_length":8750.23260405446}},{"type":"Feature","id":13960,"geometry":{"type":"LineString","coordinates":[[83.6753732,53.3619364],[83.7009078,53.3596058],[83.7296611,53.3515118],[83.7278759,53.3491794]]},"properties":{"name":"Барнаул","type":"Обособленные","lanes":1,"length":4121.033004542077,"population":620419,"short_name":"Барнаул","lanes_length":4121.033004542077}},{"type":"Feature","id":13961,"geometry":{"type":"LineString","coordinates":[[83.694242,53.3371379],[83.696538,53.3369457]]},"properties":{"name":"Барнаул","type":"Обособленные","lanes":1,"length":154.4325597917133,"population":620419,"short_name":"Барнаул","lanes_length":154.4325597917133}},{"type":"Feature","id":13962,"geometry":{"type":"LineString","coordinates":[[83.7607178,53.3629],[83.769375,53.3676184],[83.7785062,53.3720801]]},"properties":{"name":"Барнаул","type":"Обособленные","lanes":1,"length":1564.5119868151498,"population":620419,"short_name":"Барнаул","lanes_length":1564.5119868151498}},{"type":"Feature","id":13963,"geometry":{"type":"LineString","coordinates":[[55.9820853,54.7120421],[55.981392,54.712863],[55.972339,54.716106],[55.971083,54.718148],[55.9691996,54.7179067]]},"properties":{"name":"Уфа","type":"Обособленные","lanes":1,"length":1153.4209637166732,"population":1163304,"short_name":"Уфа","lanes_length":1153.4209637166732}},{"type":"Feature","id":13964,"geometry":{"type":"LineString","coordinates":[[55.967725,54.728127],[55.969904,54.732896]]},"properties":{"name":"Уфа","type":"Обособленные","lanes":1,"length":549.1239945302067,"population":1163304,"short_name":"Уфа","lanes_length":549.1239945302067}},{"type":"Feature","id":13965,"geometry":{"type":"LineString","coordinates":[[55.9729318,54.7385476],[55.972211,54.737401]]},"properties":{"name":"Уфа","type":"Обособленные","lanes":1,"length":135.8195022628685,"population":1163304,"short_name":"Уфа","lanes_length":135.8195022628685}},{"type":"Feature","id":13966,"geometry":{"type":"LineString","coordinates":[[55.960494,54.748586],[55.959408,54.749217],[55.957917,54.749248],[55.956147,54.749032],[55.952413,54.747905],[55.95016,54.74783],[55.949216,54.747471]]},"properties":{"name":"Уфа","type":"Обособленные","lanes":1,"length":800.9513968498665,"population":1163304,"short_name":"Уфа","lanes_length":800.9513968498665}},{"type":"Feature","id":13967,"geometry":{"type":"LineString","coordinates":[[55.973446,54.739291],[55.976966,54.745827],[55.981708,54.747026],[56.003194,54.76402],[56.005144,54.76333],[56.009981,54.766698],[56.014717,54.767912],[56.017136,54.767046]]},"properties":{"name":"Уфа","type":"Обособленные","lanes":1,"length":4589.983179246673,"population":1163304,"short_name":"Уфа","lanes_length":4589.983179246673}},{"type":"Feature","id":13968,"geometry":{"type":"LineString","coordinates":[[55.925047,54.7274575],[55.9252884,54.7277673],[55.928727,54.727222]]},"properties":{"name":"Уфа","type":"Обособленные","lanes":1,"length":267.536010680771,"population":1163304,"short_name":"Уфа","lanes_length":267.536010680771}},{"type":"Feature","id":13969,"geometry":{"type":"LineString","coordinates":[[56.039763,54.796104],[56.105402,54.799778],[56.130211,54.797504],[56.13888,54.797554],[56.139069,54.799002],[56.137197,54.802973],[56.13354,54.804732],[56.125462,54.816296],[56.123733,54.816782]]},"properties":{"name":"Уфа","type":"Обособленные","lanes":1,"length":8852.032990522925,"population":1163304,"short_name":"Уфа","lanes_length":8852.032990522925}},{"type":"Feature","id":13970,"geometry":{"type":"LineString","coordinates":[[56.118934,54.818237],[56.109274,54.821007]]},"properties":{"name":"Уфа","type":"Обособленные","lanes":1,"length":693.3016602515509,"population":1163304,"short_name":"Уфа","lanes_length":693.3016602515509}},{"type":"Feature","id":13971,"geometry":{"type":"LineString","coordinates":[[61.414558,55.180871],[61.414257,55.184376],[61.4124499,55.1905994]]},"properties":{"name":"Челябинск","type":"Обособленные","lanes":1,"length":1093.000243563086,"population":1177058,"short_name":"Челябинск","lanes_length":1093.000243563086}},{"type":"Feature","id":13972,"geometry":{"type":"LineString","coordinates":[[56.098909,54.823959],[56.093459,54.825542],[56.085446,54.82427],[56.0846307,54.8230028],[56.0839013,54.8229347],[56.083,54.823602]]},"properties":{"name":"Уфа","type":"Обособленные","lanes":1,"length":1218.4198910822493,"population":1163304,"short_name":"Уфа","lanes_length":1218.4198910822493}},{"type":"Feature","id":13973,"geometry":{"type":"LineString","coordinates":[[56.080961,54.824247],[56.07697,54.825508]]},"properties":{"name":"Уфа","type":"Обособленные","lanes":1,"length":292.40961929442784,"population":1163304,"short_name":"Уфа","lanes_length":292.40961929442784}},{"type":"Feature","id":13974,"geometry":{"type":"LineString","coordinates":[[56.070748,54.825444],[56.070876,54.822848],[56.067293,54.822798],[56.066113,54.822378],[56.063381,54.81912],[56.064089,54.817006],[56.067313,54.81618]]},"properties":{"name":"Уфа","type":"Обособленные","lanes":1,"length":1477.960869599948,"population":1163304,"short_name":"Уфа","lanes_length":1477.960869599948}},{"type":"Feature","id":13975,"geometry":{"type":"LineString","coordinates":[[56.078319,54.814877],[56.0830934,54.8135351]]},"properties":{"name":"Уфа","type":"Обособленные","lanes":1,"length":341.3634313963032,"population":1163304,"short_name":"Уфа","lanes_length":341.3634313963032}},{"type":"Feature","id":13976,"geometry":{"type":"LineString","coordinates":[[53.202265,56.860516],[53.204218,56.846305],[53.206599,56.832094],[53.2083429,56.8197394]]},"properties":{"name":"Ижевск","type":"Обособленные","lanes":1,"length":4556.012292957531,"population":618776,"short_name":"Ижевск","lanes_length":4556.012292957531}},{"type":"Feature","id":13977,"geometry":{"type":"LineString","coordinates":[[53.1510928,56.8175245],[53.177014,56.816233],[53.17873,56.815746],[53.183762,56.814759],[53.182582,56.813032],[53.190264,56.811604],[53.195082,56.811093],[53.197549,56.811293],[53.2038803,56.8132677],[53.2066815,56.8164042],[53.2086246,56.8174502]]},"properties":{"name":"Ижевск","type":"Обособленные","lanes":1,"length":4186.805743958045,"population":618776,"short_name":"Ижевск","lanes_length":4186.805743958045}},{"type":"Feature","id":13978,"geometry":{"type":"LineString","coordinates":[[53.190264,56.811604],[53.185244,56.7958]]},"properties":{"name":"Ижевск","type":"Обособленные","lanes":1,"length":1786.3974919790373,"population":618776,"short_name":"Ижевск","lanes_length":1786.3974919790373}},{"type":"Feature","id":13979,"geometry":{"type":"LineString","coordinates":[[53.249836,56.88217],[53.249278,56.881602],[53.249193,56.879327],[53.250437,56.877662],[53.248184,56.87201],[53.246897,56.872034],[53.240053,56.862101],[53.23588,56.862963],[53.233788,56.860183],[53.225822,56.861817],[53.221621,56.861597],[53.209705,56.860872],[53.194744,56.860218],[53.190258,56.860601],[53.187173,56.86132],[53.177464,56.860941],[53.17668,56.865003],[53.175865,56.865718],[53.176651,56.866151],[53.185366,56.866412],[53.184384,56.876249]]},"properties":{"name":"Ижевск","type":"Обособленные","lanes":1,"length":8781.804568893616,"population":618776,"short_name":"Ижевск","lanes_length":8781.804568893616}},{"type":"Feature","id":13980,"geometry":{"type":"LineString","coordinates":[[53.243452,56.867036],[53.255753,56.864973],[53.257942,56.857043],[53.256568,56.848408],[53.253177,56.848222],[53.247125,56.847049],[53.204641,56.843526]]},"properties":{"name":"Ижевск","type":"Обособленные","lanes":1,"length":5864.6772686600125,"population":618776,"short_name":"Ижевск","lanes_length":5864.6772686600125}},{"type":"Feature","id":13981,"geometry":{"type":"LineString","coordinates":[[53.233618,56.845925],[53.249121,56.835339]]},"properties":{"name":"Ижевск","type":"Обособленные","lanes":1,"length":1511.5806314677736,"population":618776,"short_name":"Ижевск","lanes_length":1511.5806314677736}},{"type":"Feature","id":13982,"geometry":{"type":"LineString","coordinates":[[53.256568,56.848408],[53.258811,56.848836],[53.268436,56.84958],[53.27939,56.849498],[53.278725,56.856572],[53.276965,56.865306],[53.2752056,56.8685905]]},"properties":{"name":"Ижевск","type":"Обособленные","lanes":1,"length":3554.9392733864215,"population":618776,"short_name":"Ижевск","lanes_length":3554.9392733864215}},{"type":"Feature","id":13983,"geometry":{"type":"LineString","coordinates":[[53.2810008,56.8736225],[53.2765162,56.8708901],[53.2757008,56.8697878]]},"properties":{"name":"Ижевск","type":"Обособленные","lanes":1,"length":541.5469241047408,"population":618776,"short_name":"Ижевск","lanes_length":541.5469241047408}},{"type":"Feature","id":13984,"geometry":{"type":"LineString","coordinates":[[104.2560087,52.2791752],[104.2575987,52.2761549]]},"properties":{"name":"Иркутск","type":"Обособленные","lanes":1,"length":353.16340215457177,"population":606369,"short_name":"Иркутск","lanes_length":353.16340215457177}},{"type":"Feature","id":13985,"geometry":{"type":"LineString","coordinates":[[36.1392363,51.699987],[36.1410173,51.7001599],[36.1473687,51.7097607]]},"properties":{"name":"Курск","type":"Обособленные","lanes":1,"length":1279.5412144400914,"population":436678,"short_name":"Курск","lanes_length":1279.5412144400914}},{"type":"Feature","id":13986,"geometry":{"type":"LineString","coordinates":[[36.1633016,51.7056856],[36.1654721,51.7051147],[36.1693802,51.7048797],[36.1707535,51.7050393],[36.1766758,51.7069408],[36.179358,51.7078583],[36.1824908,51.7095204],[36.1834993,51.7105442],[36.1841216,51.7109962],[36.1861815,51.7118737],[36.1865678,51.7121263],[36.1866965,51.7148784],[36.1884775,51.7189464],[36.1885526,51.720628],[36.1890676,51.7215718],[36.1891212,51.7219373]]},"properties":{"name":"Курск","type":"Обособленные","lanes":1,"length":3013.5717472201186,"population":436678,"short_name":"Курск","lanes_length":3013.5717472201186}},{"type":"Feature","id":13987,"geometry":{"type":"LineString","coordinates":[[36.1749955,51.7374721],[36.1677224,51.7454405]]},"properties":{"name":"Курск","type":"Обособленные","lanes":1,"length":1019.0243553437678,"population":436678,"short_name":"Курск","lanes_length":1019.0243553437678}},{"type":"Feature","id":13988,"geometry":{"type":"LineString","coordinates":[[36.1679799,51.7458009],[36.1703617,51.7465582],[36.1711556,51.7469966],[36.174267,51.7502381],[36.1749107,51.7505303],[36.1830861,51.7529878]]},"properties":{"name":"Курск","type":"Обособленные","lanes":1,"length":1360.40086470456,"population":436678,"short_name":"Курск","lanes_length":1360.40086470456}},{"type":"Feature","id":13989,"geometry":{"type":"LineString","coordinates":[[36.1901886,51.7515798],[36.1914546,51.7513274]]},"properties":{"name":"Курск","type":"Обособленные","lanes":1,"length":91.82662485222282,"population":436678,"short_name":"Курск","lanes_length":91.82662485222282}},{"type":"Feature","id":13990,"geometry":{"type":"LineString","coordinates":[[36.1945445,51.7482454],[36.1968404,51.7494277],[36.1992652,51.7508359],[36.2042004,51.75506],[36.2048442,51.7553655],[36.2077624,51.7561625],[36.208449,51.7562156],[36.2090069,51.7561093],[36.2096292,51.7557241],[36.2116892,51.7540771],[36.2123758,51.7538911],[36.2129552,51.7539708],[36.213556,51.7542099],[36.2176329,51.7566008],[36.2184054,51.7567203],[36.219135,51.7566539],[36.2294776,51.7547147],[36.2295634,51.7543959],[36.2290699,51.7530543],[36.2284476,51.7524698],[36.2275893,51.7518056]]},"properties":{"name":"Курск","type":"Обособленные","lanes":1,"length":3415.765759523344,"population":436678,"short_name":"Курск","lanes_length":3415.765759523344}},{"type":"Feature","id":13991,"geometry":{"type":"LineString","coordinates":[[36.2226107,51.7560296],[36.2255719,51.7614884],[36.229563,51.7605588],[36.2357643,51.7596025],[36.2367299,51.7591775],[36.2395408,51.7563617],[36.2471369,51.7475812],[36.2453988,51.7400213],[36.2472871,51.7385597],[36.2518013,51.7382127],[36.2528392,51.7382509],[36.2585201,51.7383936]]},"properties":{"name":"Курск","type":"Обособленные","lanes":1,"length":4772.417957338539,"population":436678,"short_name":"Курск","lanes_length":4772.417957338539}},{"type":"Feature","id":13992,"geometry":{"type":"LineString","coordinates":[[36.2632231,51.7373794],[36.26303,51.7369675],[36.2629013,51.7364227],[36.262161,51.7327084],[36.2620966,51.7318313],[36.2625472,51.7318114]]},"properties":{"name":"Курск","type":"Обособленные","lanes":1,"length":654.3081721040368,"population":436678,"short_name":"Курск","lanes_length":654.3081721040368}},{"type":"Feature","id":13993,"geometry":{"type":"LineString","coordinates":[[60.4983215,56.8835379],[60.513212,56.877387],[60.514933,56.875639],[60.518338,56.873604],[60.521468,56.870681],[60.526387,56.86867],[60.530786,56.866852],[60.534795,56.865363],[60.540106,56.863519],[60.54467,56.862115],[60.545827,56.861785],[60.546797,56.861656],[60.549126,56.86167]]},"properties":{"name":"Екатеринбург","type":"Обособленные","lanes":1,"length":4034.2732959918208,"population":1536183,"short_name":"Екатеринбург","lanes_length":4034.2732959918208}},{"type":"Feature","id":13994,"geometry":{"type":"LineString","coordinates":[[60.581605,56.837099],[60.579689,56.836897],[60.576822,56.83767],[60.56892,56.839858],[60.568363,56.839957],[60.565717,56.840074],[60.565074,56.840305],[60.561443,56.840552],[60.560349,56.840658],[60.559874,56.84052],[60.559257,56.839786]]},"properties":{"name":"Екатеринбург","type":"Обособленные","lanes":1,"length":1513.052911471434,"population":1536183,"short_name":"Екатеринбург","lanes_length":1513.052911471434}},{"type":"Feature","id":13995,"geometry":{"type":"LineString","coordinates":[[60.561443,56.840552],[60.561691,56.842809],[60.560654,56.84502],[60.5588,56.845307],[60.5565795,56.8482806],[60.548332,56.857606],[60.5476606,56.8600333],[60.5495642,56.8623199],[60.549639,56.864595],[60.5491449,56.870429],[60.5495655,56.8711739],[60.5504225,56.8723644],[60.553943,56.875851],[60.55663,56.878526],[60.557951,56.879731],[60.561773,56.883438],[60.566423,56.887834],[60.569456,56.890634],[60.571402,56.892454],[60.571559,56.89266],[60.571722,56.893122],[60.571972,56.893408],[60.57242,56.893653],[60.57297,56.893877],[60.573365,56.894103],[60.578114,56.897805],[60.583328,56.901896],[60.585843,56.903793]]},"properties":{"name":"Екатеринбург","type":"Обособленные","lanes":1,"length":7946.583111263836,"population":1536183,"short_name":"Екатеринбург","lanes_length":7946.583111263836}},{"type":"Feature","id":13996,"geometry":{"type":"LineString","coordinates":[[60.5564255,56.8357591],[60.540075,56.836442],[60.535794,56.836585],[60.530241,56.836789],[60.5277,56.836887],[60.526968,56.837004],[60.521096,56.838892],[60.519086,56.83929],[60.515967,56.839694],[60.514635,56.839931],[60.512979,56.840317],[60.511462,56.840732],[60.504308,56.841904],[60.503227,56.842238],[60.4999334,56.8441023]]},"properties":{"name":"Екатеринбург","type":"Обособленные","lanes":1,"length":3665.1751173844173,"population":1536183,"short_name":"Екатеринбург","lanes_length":3665.1751173844173}},{"type":"Feature","id":13997,"geometry":{"type":"LineString","coordinates":[[60.5567187,56.8386143],[60.5564255,56.8357591],[60.562005,56.835459],[60.570505,56.835103],[60.572922,56.835187],[60.645432,56.84303]]},"properties":{"name":"Екатеринбург","type":"Обособленные","lanes":1,"length":5839.789753303019,"population":1536183,"short_name":"Екатеринбург","lanes_length":5839.789753303019}},{"type":"Feature","id":13998,"geometry":{"type":"LineString","coordinates":[[60.5459527,56.8361446],[60.5431692,56.8243197],[60.53649,56.820303],[60.536307,56.819945],[60.536674,56.81964],[60.546916,56.814965],[60.547989,56.814604],[60.55309,56.813479],[60.553898,56.813357],[60.555057,56.813213],[60.557427,56.812339],[60.557894,56.812364],[60.563453,56.816894]]},"properties":{"name":"Екатеринбург","type":"Обособленные","lanes":1,"length":4176.46313689009,"population":1536183,"short_name":"Екатеринбург","lanes_length":4176.46313689009}},{"type":"Feature","id":13999,"geometry":{"type":"LineString","coordinates":[[60.64091,56.851232],[60.641397,56.851365],[60.653837,56.857233],[60.661049,56.860689],[60.666753,56.863482],[60.667602,56.86372],[60.66922,56.864448]]},"properties":{"name":"Екатеринбург","type":"Обособленные","lanes":1,"length":2271.785864000775,"population":1536183,"short_name":"Екатеринбург","lanes_length":2271.785864000775}},{"type":"Feature","id":14000,"geometry":{"type":"LineString","coordinates":[[60.620166,56.8588],[60.617462,56.86081],[60.616565,56.861018],[60.613256,56.860871],[60.612472,56.861195],[60.61203,56.862732],[60.611587,56.868735],[60.611456,56.870781],[60.611116,56.875662],[60.610939,56.87787],[60.610872,56.879256],[60.610986,56.879681],[60.611341,56.880404],[60.614276,56.884264],[60.614463,56.884866],[60.614158,56.885991],[60.613651,56.887212],[60.613147,56.887453],[60.611582,56.887634],[60.605829,56.887197],[60.595046,56.8862261],[60.5946571,56.8859633]]},"properties":{"name":"Екатеринбург","type":"Обособленные","lanes":1,"length":4741.58924509126,"population":1536183,"short_name":"Екатеринбург","lanes_length":4741.58924509126}},{"type":"Feature","id":14001,"geometry":{"type":"LineString","coordinates":[[60.561836,56.883498],[60.570255,56.88415],[60.584357,56.885271],[60.584676,56.885142],[60.584903,56.884368]]},"properties":{"name":"Екатеринбург","type":"Обособленные","lanes":1,"length":1498.4896290474883,"population":1536183,"short_name":"Екатеринбург","lanes_length":1498.4896290474883}},{"type":"Feature","id":14002,"geometry":{"type":"LineString","coordinates":[[60.692348,56.8348957],[60.6827504,56.8351533],[60.6804482,56.8363967],[60.6779884,56.8420289],[60.66847,56.841909],[60.666385,56.841843],[60.665632,56.841798],[60.663974,56.841618],[60.659616,56.841094],[60.65208,56.840245]]},"properties":{"name":"Екатеринбург","type":"Обособленные","lanes":1,"length":3028.4749032604027,"population":1536183,"short_name":"Екатеринбург","lanes_length":3028.4749032604027}},{"type":"Feature","id":14003,"geometry":{"type":"LineString","coordinates":[[60.612685,56.801037],[60.612732,56.800895],[60.612675,56.800728],[60.61173,56.800075],[60.611301,56.799116],[60.611223,56.798797],[60.611033,56.797957],[60.610589,56.796641],[60.610438,56.796413],[60.609807,56.795702],[60.605259,56.7922],[60.605059,56.791896],[60.60484,56.791128],[60.604842,56.790713],[60.606063,56.786739],[60.607341,56.784678],[60.60927,56.78273],[60.609457,56.782415],[60.610693,56.779226],[60.611976,56.77605],[60.613303,56.772894],[60.613926,56.771362],[60.614604,56.769037]]},"properties":{"name":"Екатеринбург","type":"Обособленные","lanes":1,"length":3777.6468592350607,"population":1536183,"short_name":"Екатеринбург","lanes_length":3777.6468592350607}},{"type":"Feature","id":14004,"geometry":{"type":"LineString","coordinates":[[60.61314,56.773272],[60.61265,56.772765],[60.601234,56.771262],[60.60081,56.771374],[60.600724,56.771585],[60.600433,56.771778],[60.598436,56.772174],[60.597905,56.772066],[60.588303,56.75773],[60.58857,56.757435],[60.593881,56.757013],[60.5957348,56.7569182]]},"properties":{"name":"Екатеринбург","type":"Обособленные","lanes":1,"length":3206.681323784985,"population":1536183,"short_name":"Екатеринбург","lanes_length":3206.681323784985}},{"type":"Feature","id":14005,"geometry":{"type":"LineString","coordinates":[[60.6272279,56.822448],[60.632678,56.822989],[60.635355,56.823249],[60.635759,56.823112],[60.636583,56.821041],[60.637536,56.818585],[60.639142,56.818368]]},"properties":{"name":"Екатеринбург","type":"Обособленные","lanes":1,"length":1149.871361541571,"population":1536183,"short_name":"Екатеринбург","lanes_length":1149.871361541571}},{"type":"Feature","id":14006,"geometry":{"type":"LineString","coordinates":[[60.610916,56.797601],[60.614053,56.797584],[60.623013,56.797575],[60.624109,56.797619],[60.625031,56.797713],[60.6283752,56.7983566]]},"properties":{"name":"Екатеринбург","type":"Обособленные","lanes":1,"length":1080.1427560304003,"population":1536183,"short_name":"Екатеринбург","lanes_length":1080.1427560304003}},{"type":"Feature","id":14007,"geometry":{"type":"LineString","coordinates":[[60.5555432,56.8395517],[60.5553448,56.8393317],[60.5553769,56.838667],[60.5581825,56.8386054],[60.5582415,56.8396368]]},"properties":{"name":"Екатеринбург","type":"Обособленные","lanes":1,"length":387.65979147525456,"population":1536183,"short_name":"Екатеринбург","lanes_length":387.65979147525456}},{"type":"Feature","id":14008,"geometry":{"type":"LineString","coordinates":[[60.5890597,56.8167347],[60.5839061,56.8316447],[60.582894,56.833836],[60.582538,56.834398],[60.58195,56.836134],[60.581589,56.837095],[60.58012,56.840679],[60.580236,56.840967],[60.58299,56.843015],[60.6007412,56.8559286],[60.6176891,56.8576914],[60.6246823,56.86133],[60.6426557,56.8501623],[60.6467768,56.8397444]]},"properties":{"name":"Екатеринбург","type":"Обособленные","lanes":1,"length":9324.983626663357,"population":1536183,"short_name":"Екатеринбург","lanes_length":9324.983626663357}},{"type":"Feature","id":14009,"geometry":{"type":"LineString","coordinates":[[60.6066545,56.8874038],[60.6126293,56.8918813],[60.6137124,56.8933582],[60.606159,56.896226],[60.594595,56.900662],[60.586353,56.903848],[60.585844,56.903795]]},"properties":{"name":"Екатеринбург","type":"Обособленные","lanes":1,"length":2861.9443454262046,"population":1536183,"short_name":"Екатеринбург","lanes_length":2861.9443454262046}},{"type":"Feature","id":14010,"geometry":{"type":"LineString","coordinates":[[60.570886,56.822946],[60.572475,56.8243501],[60.5728624,56.8257073],[60.5807387,56.8276397],[60.5840667,56.8291961],[60.600545,56.830743],[60.601023,56.830583],[60.6022025,56.8274985],[60.6029421,56.8272141],[60.6243659,56.8295148]]},"properties":{"name":"Екатеринбург","type":"Обособленные","lanes":1,"length":3924.6102811747623,"population":1536183,"short_name":"Екатеринбург","lanes_length":3924.6102811747623}},{"type":"Feature","id":14011,"geometry":{"type":"LineString","coordinates":[[60.6029421,56.8272141],[60.6074014,56.8155821]]},"properties":{"name":"Екатеринбург","type":"Обособленные","lanes":1,"length":1323.6126824146736,"population":1536183,"short_name":"Екатеринбург","lanes_length":1323.6126824146736}},{"type":"Feature","id":14012,"geometry":{"type":"LineString","coordinates":[[60.620341,56.840223],[60.621804,56.836304]]},"properties":{"name":"Екатеринбург","type":"Обособленные","lanes":1,"length":445.44981004229294,"population":1536183,"short_name":"Екатеринбург","lanes_length":445.44981004229294}},{"type":"Feature","id":14013,"geometry":{"type":"LineString","coordinates":[[60.610939,56.87787],[60.623512,56.878339],[60.624014,56.878423],[60.6339,56.881806],[60.638862,56.883467],[60.638915,56.883687],[60.635236,56.88693],[60.631736,56.889983],[60.6194663,56.9007645],[60.6183527,56.9006297]]},"properties":{"name":"Екатеринбург","type":"Обособленные","lanes":1,"length":4200.806528101594,"population":1536183,"short_name":"Екатеринбург","lanes_length":4200.806528101594}},{"type":"Feature","id":14014,"geometry":{"type":"LineString","coordinates":[[60.6074014,56.8155821],[60.612685,56.801037]]},"properties":{"name":"Екатеринбург","type":"Обособленные","lanes":1,"length":1651.5331284204412,"population":1536183,"short_name":"Екатеринбург","lanes_length":1651.5331284204412}},{"type":"Feature","id":14015,"geometry":{"type":"LineString","coordinates":[[58.9656077,53.3525417],[58.9785293,53.3526695],[58.978284,53.364952]]},"properties":{"name":"Магнитогорск","type":"Обособленные","lanes":1,"length":2227.607762708729,"population":406465,"short_name":"Магнитогорск","lanes_length":2227.607762708729}},{"type":"Feature","id":14016,"geometry":{"type":"LineString","coordinates":[[43.9377674,56.3283239],[43.9466394,56.3242575]]},"properties":{"name":"Нижний Новгород","type":"Обособленные","lanes":1,"length":711.5324865356313,"population":1204985,"short_name":"Нижний Новгород","lanes_length":711.5324865356313}},{"type":"Feature","id":14017,"geometry":{"type":"LineString","coordinates":[[43.9475947,56.2988182],[43.9601367,56.2986758],[43.9693743,56.2987705]]},"properties":{"name":"Нижний Новгород","type":"Обособленные","lanes":1,"length":1348.6479273590721,"population":1204985,"short_name":"Нижний Новгород","lanes_length":1348.6479273590721}},{"type":"Feature","id":14018,"geometry":{"type":"LineString","coordinates":[[104.2518392,52.2741469],[104.2519059,52.2744641],[104.252316,52.2746632],[104.2574337,52.2757661],[104.2575946,52.2759368],[104.2576161,52.276114]]},"properties":{"name":"Иркутск","type":"Обособленные","lanes":1,"length":483.2438358126647,"population":606369,"short_name":"Иркутск","lanes_length":483.2438358126647}},{"type":"Feature","id":14019,"geometry":{"type":"LineString","coordinates":[[104.3122174,52.2922434],[104.3130039,52.2926448],[104.3136047,52.2932289]]},"properties":{"name":"Иркутск","type":"Обособленные","lanes":1,"length":146.66006778660326,"population":606369,"short_name":"Иркутск","lanes_length":146.66006778660326}},{"type":"Feature","id":14020,"geometry":{"type":"LineString","coordinates":[[107.5743192,51.8553311],[107.5830123,51.8501028]]},"properties":{"name":"Улан-Удэ","type":"Обособленные","lanes":1,"length":834.9748537522836,"population":435751,"short_name":"Улан-Удэ","lanes_length":834.9748537522836}},{"type":"Feature","id":14021,"geometry":{"type":"LineString","coordinates":[[56.238184,58.003519],[56.2472293,58.0025877],[56.2548553,58.0047889]]},"properties":{"name":"Пермь","type":"Обособленные","lanes":1,"length":1058.036453204484,"population":1026908,"short_name":"Пермь","lanes_length":1058.036453204484}},{"type":"Feature","id":14022,"geometry":{"type":"LineString","coordinates":[[49.1270918,55.7669222],[49.1309912,55.7537383],[49.1328233,55.7428971],[49.1454679,55.742684],[49.144491,55.7303732],[49.1658766,55.7300074],[49.1736272,55.7312074],[49.1798588,55.7343785]]},"properties":{"name":"Казань","type":"Обособленные","lanes":1,"length":7243.488283761605,"population":1318604,"short_name":"Казань","lanes_length":7243.488283761605}},{"type":"Feature","id":14023,"geometry":{"type":"LineString","coordinates":[[61.3895436,55.151825],[61.3898503,55.1471811],[61.3755431,55.1366281]]},"properties":{"name":"Челябинск","type":"Обособленные","lanes":1,"length":2004.8329288830007,"population":1177058,"short_name":"Челябинск","lanes_length":2004.8329288830007}},{"type":"Feature","id":14024,"geometry":{"type":"LineString","coordinates":[[61.4323592,55.1858098],[61.4143221,55.185348],[61.405641,55.1845907]]},"properties":{"name":"Челябинск","type":"Обособленные","lanes":1,"length":1709.4552884196141,"population":1177058,"short_name":"Челябинск","lanes_length":1709.4552884196141}},{"type":"Feature","id":14025,"geometry":{"type":"LineString","coordinates":[[43.9872087,56.3048831],[43.9893729,56.3045957],[43.9891369,56.3032088],[43.9910681,56.3019945],[43.9924843,56.2960356]]},"properties":{"name":"Нижний Новгород","type":"Обособленные","lanes":1,"length":1142.6088757801688,"population":1204985,"short_name":"Нижний Новгород","lanes_length":1142.6088757801688}},{"type":"Feature","id":14026,"geometry":{"type":"LineString","coordinates":[[39.000651,45.072567],[39.0020401,45.0941738]]},"properties":{"name":"Краснодар","type":"Обособленные","lanes":1,"length":2403.726629655622,"population":1138654,"short_name":"Краснодар","lanes_length":2403.726629655622}},{"type":"Feature","id":14027,"geometry":{"type":"LineString","coordinates":[[59.7188723,55.1041558],[59.7191083,55.100252]]},"properties":{"name":"Златоуст","type":"Обособленные","lanes":1,"length":434.85314597481954,"population":158597,"short_name":"Златоуст","lanes_length":434.85314597481954}},{"type":"Feature","id":14028,"geometry":{"type":"LineString","coordinates":[[59.6517275,55.1802619],[59.6554298,55.1781262],[59.6582622,55.1776115],[59.671823,55.1782253]]},"properties":{"name":"Златоуст","type":"Обособленные","lanes":1,"length":1390.9074743892106,"population":158597,"short_name":"Златоуст","lanes_length":1390.9074743892106}},{"type":"Feature","id":14029,"geometry":{"type":"LineString","coordinates":[[49.0947749,55.7732546],[49.1027143,55.7732666],[49.1032722,55.7734296],[49.1127672,55.7803989]]},"properties":{"name":"Казань","type":"Обособленные","lanes":1,"length":1516.011804365396,"population":1318604,"short_name":"Казань","lanes_length":1516.011804365396}},{"type":"Feature","id":14030,"geometry":{"type":"LineString","coordinates":[[107.6514873,51.8410806],[107.6516962,51.8409406],[107.6518249,51.8406954],[107.6562559,51.8311024]]},"properties":{"name":"Улан-Удэ","type":"Обособленные","lanes":1,"length":1160.0959487657085,"population":435751,"short_name":"Улан-Удэ","lanes_length":1160.0959487657085}},{"type":"Feature","id":14031,"geometry":{"type":"LineString","coordinates":[[53.2083457,56.8197285],[53.2086246,56.8174502]]},"properties":{"name":"Ижевск","type":"Обособленные","lanes":1,"length":254.27483849961934,"population":618776,"short_name":"Ижевск","lanes_length":254.27483849961934}},{"type":"Feature","id":14032,"geometry":{"type":"LineString","coordinates":[[131.9380796,43.1037409],[131.9400135,43.1029862],[131.9423792,43.1020736],[131.9433073,43.1016936]]},"properties":{"name":"Владивосток","type":"Обособленные","lanes":1,"length":482.54728608186167,"population":591628,"short_name":"Владивосток","lanes_length":482.54728608186167}},{"type":"Feature","id":14033,"geometry":{"type":"LineString","coordinates":[[58.9724221,53.4372952],[58.97931,53.437308]]},"properties":{"name":"Магнитогорск","type":"Обособленные","lanes":1,"length":457.7508040440241,"population":406465,"short_name":"Магнитогорск","lanes_length":457.7508040440241}},{"type":"Feature","id":14034,"geometry":{"type":"LineString","coordinates":[[59.001796,53.422179],[58.9958643,53.4178217],[58.9889677,53.4178759]]},"properties":{"name":"Магнитогорск","type":"Обособленные","lanes":1,"length":1083.628231014072,"population":406465,"short_name":"Магнитогорск","lanes_length":1083.628231014072}},{"type":"Feature","id":14035,"geometry":{"type":"LineString","coordinates":[[59.022841,53.3979872],[59.0251137,53.3958726]]},"properties":{"name":"Магнитогорск","type":"Обособленные","lanes":1,"length":279.71599887313,"population":406465,"short_name":"Магнитогорск","lanes_length":279.71599887313}},{"type":"Feature","id":14036,"geometry":{"type":"LineString","coordinates":[[58.972023,53.4260961],[58.996356,53.4260705]]},"properties":{"name":"Магнитогорск","type":"Обособленные","lanes":1,"length":1617.5244851365458,"population":406465,"short_name":"Магнитогорск","lanes_length":1617.5244851365458}},{"type":"Feature","id":14037,"geometry":{"type":"LineString","coordinates":[[58.991117,53.434941],[58.9968258,53.4308934],[58.996955,53.42659],[58.996356,53.4260705]]},"properties":{"name":"Магнитогорск","type":"Обособленные","lanes":1,"length":1138.1998410008632,"population":406465,"short_name":"Магнитогорск","lanes_length":1138.1998410008632}},{"type":"Feature","id":14038,"geometry":{"type":"LineString","coordinates":[[50.266908,53.2160104],[50.2770575,53.2074265]]},"properties":{"name":"Самара","type":"Обособленные","lanes":1,"length":1171.4893026258892,"population":1158952,"short_name":"Самара","lanes_length":1171.4893026258892}},{"type":"Feature","id":14039,"geometry":{"type":"LineString","coordinates":[[20.4778405,54.7203452],[20.4759122,54.7203421]]},"properties":{"name":"Калининград","type":"Обособленные","lanes":1,"length":124.25714714302335,"population":489584,"short_name":"Калининград","lanes_length":124.25714714302335}},{"type":"Feature","id":14040,"geometry":{"type":"LineString","coordinates":[[20.5173015,54.698243],[20.5165934,54.6983422],[20.5134713,54.699018],[20.51301,54.6995202]]},"properties":{"name":"Калининград","type":"Обособленные","lanes":1,"length":325.18176796086345,"population":489584,"short_name":"Калининград","lanes_length":325.18176796086345}},{"type":"Feature","id":14041,"geometry":{"type":"LineString","coordinates":[[60.6194663,56.9007645],[60.6244643,56.9023609],[60.6200869,56.9077036],[60.6189926,56.9119152],[60.6181235,56.9128728],[60.618027,56.9134438],[60.6170399,56.9140002],[60.6157095,56.9143809],[60.6187558,56.9230532],[60.6231763,56.9236679],[60.6196313,56.931482],[60.6159137,56.9323176],[60.6178342,56.9360965],[60.6002232,56.9529288],[60.5900824,56.9582783],[60.5858619,56.9637678]]},"properties":{"name":"Екатеринбург","type":"Обособленные","lanes":1,"length":8358.157516839377,"population":1536183,"short_name":"Екатеринбург","lanes_length":8358.157516839377}},{"type":"Feature","id":14042,"geometry":{"type":"LineString","coordinates":[[50.262852,53.219396],[50.2645655,53.2180249]]},"properties":{"name":"Самара","type":"Обособленные","lanes":1,"length":190.74667458924338,"population":1158952,"short_name":"Самара","lanes_length":190.74667458924338}},{"type":"Feature","id":14043,"geometry":{"type":"LineString","coordinates":[[61.3989379,55.1843874],[61.405641,55.1845907]]},"properties":{"name":"Челябинск","type":"Обособленные","lanes":1,"length":427.58798592302986,"population":1177058,"short_name":"Челябинск","lanes_length":427.58798592302986}},{"type":"Feature","id":14044,"geometry":{"type":"LineString","coordinates":[[82.9134865,55.0597804],[82.928849,55.065843]]},"properties":{"name":"Новосибирск","type":"Обособленные","lanes":1,"length":1191.2176112135187,"population":1633851,"short_name":"Новосибирск","lanes_length":1191.2176112135187}},{"type":"Feature","id":14045,"geometry":{"type":"LineString","coordinates":[[104.2559434,52.279913],[104.2577351,52.2806416],[104.2590986,52.2817351]]},"properties":{"name":"Иркутск","type":"Обособленные","lanes":1,"length":299.8961744363278,"population":606369,"short_name":"Иркутск","lanes_length":299.8961744363278}},{"type":"Feature","id":14046,"geometry":{"type":"LineString","coordinates":[[82.978875,55.057756],[82.9779593,55.0577564],[82.963652,55.068187]]},"properties":{"name":"Новосибирск","type":"Обособленные","lanes":1,"length":1536.356399425159,"population":1633851,"short_name":"Новосибирск","lanes_length":1536.356399425159}},{"type":"Feature","id":14047,"geometry":{"type":"LineString","coordinates":[[60.5077859,56.7854588],[60.5325464,56.798853],[60.5338948,56.7996299],[60.5355223,56.8009825],[60.535666,56.8014819],[60.5483483,56.8117136],[60.5490473,56.8119678],[60.5514845,56.8138222]]},"properties":{"name":"Екатеринбург","type":"Обособленные","lanes":1,"length":4164.505984645243,"population":1536183,"short_name":"Екатеринбург","lanes_length":4164.505984645243}},{"type":"Feature","id":14048,"geometry":{"type":"LineString","coordinates":[[60.621804,56.836304],[60.6265665,56.8241918]]},"properties":{"name":"Екатеринбург","type":"Обособленные","lanes":1,"length":1379.7569855319973,"population":1536183,"short_name":"Екатеринбург","lanes_length":1379.7569855319973}},{"type":"Feature","id":14049,"geometry":{"type":"LineString","coordinates":[[60.6193469,56.8429311],[60.6203329,56.8402679]]},"properties":{"name":"Екатеринбург","type":"Обособленные","lanes":1,"length":302.6095544506552,"population":1536183,"short_name":"Екатеринбург","lanes_length":302.6095544506552}},{"type":"Feature","id":14050,"geometry":{"type":"LineString","coordinates":[[56.0883924,54.812017],[56.0873414,54.8106235]]},"properties":{"name":"Уфа","type":"Обособленные","lanes":1,"length":169.20321604559302,"population":1163304,"short_name":"Уфа","lanes_length":169.20321604559302}},{"type":"Feature","id":14051,"geometry":{"type":"LineString","coordinates":[[38.9182685,47.2299304],[38.9172557,47.2265101],[38.9180882,47.224343],[38.9172642,47.2231273]]},"properties":{"name":"Таганрог","type":"Обособленные","lanes":1,"length":785.8210799986448,"population":241557,"short_name":"Таганрог","lanes_length":785.8210799986448}},{"type":"Feature","id":14052,"geometry":{"type":"LineString","coordinates":[[59.6729063,55.1739425],[59.6729277,55.174788],[59.671823,55.1782253]]},"properties":{"name":"Златоуст","type":"Обособленные","lanes":1,"length":483.2191876633076,"population":158597,"short_name":"Златоуст","lanes_length":483.2191876633076}},{"type":"Feature","id":14053,"geometry":{"type":"LineString","coordinates":[[37.6022078,54.1718095],[37.6059148,54.170408]]},"properties":{"name":"Тула","type":"Обособленные","lanes":1,"length":287.9995872550485,"population":461692,"short_name":"Тула","lanes_length":287.9995872550485}},{"type":"Feature","id":14054,"geometry":{"type":"LineString","coordinates":[[37.5443687,54.1955598],[37.5442312,54.1953926],[37.5444887,54.1942]]},"properties":{"name":"Тула","type":"Обособленные","lanes":1,"length":154.4679765297197,"population":461692,"short_name":"Тула","lanes_length":154.4679765297197}},{"type":"Feature","id":14055,"geometry":{"type":"LineString","coordinates":[[37.707653,54.1791614],[37.7099192,54.1779231],[37.7101552,54.1778603]]},"properties":{"name":"Тула","type":"Обособленные","lanes":1,"length":219.14240115724934,"population":461692,"short_name":"Тула","lanes_length":219.14240115724934}},{"type":"Feature","id":14056,"geometry":{"type":"LineString","coordinates":[[43.9277098,56.3331779],[43.9301318,56.331774],[43.9333597,56.3295137],[43.9348662,56.3288593],[43.9366731,56.3283953],[43.9377674,56.3283239]]},"properties":{"name":"Нижний Новгород","type":"Обособленные","lanes":1,"length":847.3893964331494,"population":1204985,"short_name":"Нижний Новгород","lanes_length":847.3893964331494}},{"type":"Feature","id":14057,"geometry":{"type":"LineString","coordinates":[[60.588303,56.75773],[60.587688,56.7571627],[60.5860947,56.7549542],[60.5847214,56.7535014],[60.5827259,56.7528279],[60.5814384,56.7527926],[60.5783164,56.7512397],[60.5772006,56.7504985],[60.5747194,56.7473865],[60.5736439,56.7463688]]},"properties":{"name":"Екатеринбург","type":"Обособленные","lanes":1,"length":1616.604934936761,"population":1536183,"short_name":"Екатеринбург","lanes_length":1616.604934936761}},{"type":"Feature","id":14058,"geometry":{"type":"LineString","coordinates":[[56.1352303,57.9586741],[56.1350823,57.9554319],[56.1350608,57.9546008],[56.1344305,57.9540544]]},"properties":{"name":"Пермь","type":"Обособленные","lanes":1,"length":525.1741040229209,"population":1026908,"short_name":"Пермь","lanes_length":525.1741040229209}},{"type":"Feature","id":14059,"geometry":{"type":"LineString","coordinates":[[60.570886,56.822946],[60.563453,56.816894]]},"properties":{"name":"Екатеринбург","type":"Обособленные","lanes":1,"length":812.5310670717453,"population":1536183,"short_name":"Екатеринбург","lanes_length":812.5310670717453}},{"type":"Feature","id":14060,"geometry":{"type":"LineString","coordinates":[[43.9035734,56.2895245],[43.904052,56.2894983],[43.9099314,56.2880633],[43.910382,56.2881288],[43.9142015,56.293172],[43.9145141,56.2945213],[43.9188486,56.3015341],[43.9164238,56.3037603],[43.9164453,56.3042484],[43.9177328,56.3049745],[43.9201575,56.3057126]]},"properties":{"name":"Нижний Новгород","type":"Обособленные","lanes":1,"length":2671.5166714285265,"population":1204985,"short_name":"Нижний Новгород","lanes_length":2671.5166714285265}},{"type":"Feature","id":14061,"geometry":{"type":"LineString","coordinates":[[43.9263755,56.3095261],[43.9299061,56.311704],[43.9305713,56.3125133],[43.9339401,56.3138225],[43.9343693,56.3138106],[43.9349057,56.3134536],[43.9357211,56.3132631]]},"properties":{"name":"Нижний Новгород","type":"Обособленные","lanes":1,"length":813.0206684446144,"population":1204985,"short_name":"Нижний Новгород","lanes_length":813.0206684446144}},{"type":"Feature","id":14062,"geometry":{"type":"LineString","coordinates":[[73.3300277,55.0316004],[73.3388039,55.0285996]]},"properties":{"name":"Омск","type":"Обособленные","lanes":1,"length":653.1062269340052,"population":1104485,"short_name":"Омск","lanes_length":653.1062269340052}},{"type":"Feature","id":14063,"geometry":{"type":"LineString","coordinates":[[73.377086,54.9999991],[73.3802295,54.9989037]]},"properties":{"name":"Омск","type":"Обособленные","lanes":1,"length":235.24235880859464,"population":1104485,"short_name":"Омск","lanes_length":235.24235880859464}},{"type":"Feature","id":14064,"geometry":{"type":"LineString","coordinates":[[73.4335786,54.9845228],[73.4367498,54.9846391],[73.4380265,54.9848915]]},"properties":{"name":"Омск","type":"Обособленные","lanes":1,"length":289.8555985972591,"population":1104485,"short_name":"Омск","lanes_length":289.8555985972591}},{"type":"Feature","id":14065,"geometry":{"type":"LineString","coordinates":[[73.4101472,54.9833462],[73.41168,54.9747203]]},"properties":{"name":"Омск","type":"Обособленные","lanes":1,"length":965.2644316974978,"population":1104485,"short_name":"Омск","lanes_length":965.2644316974978}},{"type":"Feature","id":14066,"geometry":{"type":"LineString","coordinates":[[45.9984234,51.5352531],[45.9966559,51.5341841],[45.9958004,51.5333687]]},"properties":{"name":"Саратов","type":"Обособленные","lanes":1,"length":279.25775931783085,"population":887365,"short_name":"Саратов","lanes_length":279.25775931783085}},{"type":"Feature","id":14067,"geometry":{"type":"LineString","coordinates":[[45.944352,51.5098492],[45.9639816,51.5147028]]},"properties":{"name":"Саратов","type":"Обособленные","lanes":1,"length":1465.816220535915,"population":887365,"short_name":"Саратов","lanes_length":1465.816220535915}},{"type":"Feature","id":14068,"geometry":{"type":"LineString","coordinates":[[46.01092,51.5390953],[46.0073151,51.5332226]]},"properties":{"name":"Саратов","type":"Обособленные","lanes":1,"length":699.6283246529255,"population":887365,"short_name":"Саратов","lanes_length":699.6283246529255}},{"type":"Feature","id":14069,"geometry":{"type":"LineString","coordinates":[[45.9145078,51.4934436],[45.9146323,51.4951321],[45.9179504,51.4993303],[45.9241876,51.5037421],[45.9285089,51.50578],[45.9389558,51.5084662]]},"properties":{"name":"Саратов","type":"Обособленные","lanes":1,"length":2524.0485476973254,"population":887365,"short_name":"Саратов","lanes_length":2524.0485476973254}},{"type":"Feature","id":14070,"geometry":{"type":"LineString","coordinates":[[45.8955226,51.4781287],[45.8997235,51.4784843],[45.904182,51.4792006]]},"properties":{"name":"Саратов","type":"Обособленные","lanes":1,"length":614.352263471435,"population":887365,"short_name":"Саратов","lanes_length":614.352263471435}},{"type":"Feature","id":14071,"geometry":{"type":"LineString","coordinates":[[45.8803873,51.5739584],[45.8786492,51.5750286]]},"properties":{"name":"Саратов","type":"Обособленные","lanes":1,"length":169.4027066812089,"population":887365,"short_name":"Саратов","lanes_length":169.4027066812089}},{"type":"Feature","id":14072,"geometry":{"type":"LineString","coordinates":[[59.7265015,55.2034483],[59.7122536,55.1985867]]},"properties":{"name":"Златоуст","type":"Не обособленные","lanes":1,"length":1056.3959980287773,"population":158597,"short_name":"Златоуст","lanes_length":1056.3959980287773}},{"type":"Feature","id":14073,"geometry":{"type":"LineString","coordinates":[[59.710635,55.197183],[59.7105921,55.1958358],[59.7104204,55.1952663]]},"properties":{"name":"Златоуст","type":"Не обособленные","lanes":1,"length":214.3415784190208,"population":158597,"short_name":"Златоуст","lanes_length":214.3415784190208}},{"type":"Feature","id":14074,"geometry":{"type":"LineString","coordinates":[[59.6818005,55.1729131],[59.6805667,55.1723433],[59.6785711,55.1717244],[59.675964,55.1714364]]},"properties":{"name":"Златоуст","type":"Не обособленные","lanes":1,"length":414.83552588284624,"population":158597,"short_name":"Златоуст","lanes_length":414.83552588284624}},{"type":"Feature","id":14075,"geometry":{"type":"LineString","coordinates":[[59.6543239,55.1924142],[59.6539162,55.1945822],[59.6529292,55.1955987]]},"properties":{"name":"Златоуст","type":"Не обособленные","lanes":1,"length":372.19814120997876,"population":158597,"short_name":"Златоуст","lanes_length":372.19814120997876}},{"type":"Feature","id":14076,"geometry":{"type":"LineString","coordinates":[[59.6352266,55.1939821],[59.6343146,55.1935106]]},"properties":{"name":"Златоуст","type":"Не обособленные","lanes":1,"length":78.2859391102737,"population":158597,"short_name":"Златоуст","lanes_length":78.2859391102737}},{"type":"Feature","id":14077,"geometry":{"type":"LineString","coordinates":[[49.0912958,55.7957793],[49.0800263,55.7977244],[49.0759005,55.7984383],[49.0735187,55.7992344],[49.0702356,55.800704],[49.0701927,55.8008276]]},"properties":{"name":"Казань","type":"Не обособленные","lanes":1,"length":1460.6596845308259,"population":1318604,"short_name":"Казань","lanes_length":1460.6596845308259}},{"type":"Feature","id":14078,"geometry":{"type":"LineString","coordinates":[[49.0471646,55.8702239],[49.0470811,55.8697501],[49.0469738,55.8684468],[49.0468075,55.8665008],[49.0466627,55.8663774],[49.0463194,55.8662299],[49.0459814,55.8661892]]},"properties":{"name":"Казань","type":"Не обособленные","lanes":1,"length":480.34282953067617,"population":1318604,"short_name":"Казань","lanes_length":480.34282953067617}},{"type":"Feature","id":14079,"geometry":{"type":"LineString","coordinates":[[37.9147063,59.1315821],[37.9221414,59.1307124]]},"properties":{"name":"Череповец","type":"Не обособленные","lanes":1,"length":436.59349013200784,"population":298790,"short_name":"Череповец","lanes_length":436.59349013200784}},{"type":"Feature","id":14080,"geometry":{"type":"LineString","coordinates":[[20.5240377,54.6945302],[20.5218169,54.6958261],[20.5199715,54.6968926],[20.5183622,54.697742],[20.5174717,54.6981822],[20.5173429,54.6983558],[20.5173322,54.6985356],[20.518094,54.699695],[20.5180618,54.6999058],[20.5178472,54.7001538],[20.5173859,54.7006435],[20.5163988,54.7020942],[20.5162379,54.70277],[20.5160769,54.7036317],[20.5159804,54.7041772],[20.514929,54.7053302],[20.5146715,54.705634],[20.5144569,54.7064336],[20.5147037,54.7077539]]},"properties":{"name":"Калининград","type":"Не обособленные","lanes":1,"length":1710.659854982392,"population":489584,"short_name":"Калининград","lanes_length":1710.659854982392}},{"type":"Feature","id":14081,"geometry":{"type":"LineString","coordinates":[[37.9248629,59.130401],[37.9326735,59.1294872]]},"properties":{"name":"Череповец","type":"Не обособленные","lanes":1,"length":458.6627346639433,"population":298790,"short_name":"Череповец","lanes_length":458.6627346639433}},{"type":"Feature","id":14082,"geometry":{"type":"LineString","coordinates":[[37.9328253,59.1296208],[37.9344775,59.1337603]]},"properties":{"name":"Череповец","type":"Не обособленные","lanes":1,"length":470.73264213157904,"population":298790,"short_name":"Череповец","lanes_length":470.73264213157904}},{"type":"Feature","id":14083,"geometry":{"type":"LineString","coordinates":[[20.5238258,54.7215482],[20.5222083,54.7217211],[20.5218274,54.7216901],[20.5214787,54.7215383],[20.5197299,54.7207637],[20.5193276,54.7207235],[20.5189842,54.7207328],[20.5175198,54.7207513],[20.5169994,54.7207359],[20.5142689,54.7204756],[20.5135984,54.720457],[20.512032,54.7203857],[20.510664,54.720237],[20.5078048,54.7198931],[20.507432,54.7198374],[20.5071074,54.719794],[20.5053157,54.7195523],[20.5039317,54.7193013],[20.5027837,54.719072],[20.5018235,54.7188985],[20.5015445,54.7189016],[20.5013943,54.7190194],[20.5012119,54.7192487],[20.5006218,54.7195678],[20.5001551,54.7198528],[20.4993934,54.7201162],[20.4990823,54.7201998],[20.4987497,54.7203114],[20.4986155,54.7204477],[20.4986638,54.7206987],[20.4987926,54.7212719],[20.499034,54.7219659]]},"properties":{"name":"Калининград","type":"Не обособленные","lanes":1,"length":1930.1687423189119,"population":489584,"short_name":"Калининград","lanes_length":1930.1687423189119}},{"type":"Feature","id":14084,"geometry":{"type":"LineString","coordinates":[[20.4991501,54.7226239],[20.4991233,54.7228253],[20.4989892,54.7231011],[20.4988658,54.7233024]]},"properties":{"name":"Калининград","type":"Не обособленные","lanes":1,"length":78.15753201691258,"population":489584,"short_name":"Калининград","lanes_length":78.15753201691258}},{"type":"Feature","id":14085,"geometry":{"type":"LineString","coordinates":[[20.4987961,54.7233985],[20.4982489,54.7240429],[20.4978412,54.7245076],[20.4976642,54.7246501]]},"properties":{"name":"Калининград","type":"Не обособленные","lanes":1,"length":157.4844507970874,"population":489584,"short_name":"Калининград","lanes_length":157.4844507970874}},{"type":"Feature","id":14086,"geometry":{"type":"LineString","coordinates":[[20.4959476,54.725818],[20.4944241,54.7270231],[20.4935121,54.7278161],[20.4929328,54.7282808]]},"properties":{"name":"Калининград","type":"Не обособленные","lanes":1,"length":336.05647846434243,"population":489584,"short_name":"Калининград","lanes_length":336.05647846434243}},{"type":"Feature","id":14087,"geometry":{"type":"LineString","coordinates":[[20.491093,54.729782],[20.4905992,54.7301103],[20.4903739,54.730259],[20.4901056,54.7303085],[20.4898803,54.7302714]]},"properties":{"name":"Калининград","type":"Не обособленные","lanes":1,"length":103.69975712171156,"population":489584,"short_name":"Калининград","lanes_length":103.69975712171156}},{"type":"Feature","id":14088,"geometry":{"type":"MultiLineString","coordinates":[[[43.085675,44.034471],[43.085977,44.034552],[43.087598,44.03497],[43.090448,44.035663],[43.094216,44.036579],[43.094701,44.036837],[43.095653,44.03734],[43.096086,44.037617],[43.096693,44.037993],[43.097306,44.038218],[43.097834,44.03839],[43.098271,44.03853],[43.098803,44.038836],[43.099639,44.039318],[43.100377,44.039653]],[[43.101842,44.040264],[43.100377,44.039653]]]},"properties":{"name":"г. о. Пятигорск","type":"Не обособленные","lanes":1,"length":1462.7644318010284,"population":142895,"short_name":"г. о. Пятигорск","lanes_length":1462.7644318010284}},{"type":"Feature","id":14089,"geometry":{"type":"LineString","coordinates":[[36.0524533,52.9507047],[36.0658174,52.9626067],[36.0747226,52.9671145],[36.0890581,52.9688309],[36.1072831,52.9679944]]},"properties":{"name":"Орёл","type":"Не обособленные","lanes":1,"length":4591.048747306732,"population":292406,"short_name":"Орёл","lanes_length":4591.048747306732}},{"type":"Feature","id":14090,"geometry":{"type":"LineString","coordinates":[[36.095828,52.9577804],[36.0895062,52.9668645],[36.0891386,52.9692019],[36.0922715,52.9737311],[36.0948893,52.97293],[36.1088368,52.9730495],[36.1100491,52.9727329]]},"properties":{"name":"Орёл","type":"Не обособленные","lanes":1,"length":3127.0353891332297,"population":292406,"short_name":"Орёл","lanes_length":3127.0353891332297}},{"type":"Feature","id":14091,"geometry":{"type":"LineString","coordinates":[[43.087038,44.033212],[43.087789,44.032408]]},"properties":{"name":"г. о. Пятигорск","type":"Не обособленные","lanes":1,"length":107.72621438021574,"population":142895,"short_name":"г. о. Пятигорск","lanes_length":107.72621438021574}},{"type":"Feature","id":14092,"geometry":{"type":"LineString","coordinates":[[43.087789,44.032408],[43.087896,44.03228],[43.088223,44.031736],[43.088443,44.031419],[43.088454,44.031409]]},"properties":{"name":"г. о. Пятигорск","type":"Не обособленные","lanes":1,"length":123.30314561009358,"population":142895,"short_name":"г. о. Пятигорск","lanes_length":123.30314561009358}},{"type":"Feature","id":14093,"geometry":{"type":"LineString","coordinates":[[43.0643,44.035906],[43.065183,44.035959],[43.071685,44.036279],[43.075035,44.03645]]},"properties":{"name":"г. о. Пятигорск","type":"Не обособленные","lanes":1,"length":862.6174698800589,"population":142895,"short_name":"г. о. Пятигорск","lanes_length":862.6174698800589}},{"type":"Feature","id":14094,"geometry":{"type":"LineString","coordinates":[[43.055938,44.052532],[43.0548552,44.0518581],[43.0538846,44.0513515],[43.0502587,44.049935]]},"properties":{"name":"г. о. Пятигорск","type":"Не обособленные","lanes":1,"length":541.0862121708308,"population":142895,"short_name":"г. о. Пятигорск","lanes_length":541.0862121708308}},{"type":"Feature","id":14095,"geometry":{"type":"LineString","coordinates":[[43.063113,44.052974],[43.063117,44.052699],[43.063162,44.04943],[43.063173,44.04904],[43.063179,44.048786],[43.063536,44.047518],[43.06392,44.045792],[43.06397,44.04557],[43.064092,44.043856],[43.064268,44.041479],[43.064463,44.038841],[43.064598,44.037004],[43.064633,44.036532],[43.0646574,44.035939]]},"properties":{"name":"г. о. Пятигорск","type":"Не обособленные","lanes":1,"length":1899.9312645646637,"population":142895,"short_name":"г. о. Пятигорск","lanes_length":1899.9312645646637}},{"type":"Feature","id":14096,"geometry":{"type":"LineString","coordinates":[[43.063113,44.052974],[43.063062,44.053008],[43.063002,44.05303],[43.06292,44.05306],[43.062828,44.053085],[43.06274,44.053091],[43.062622,44.053092],[43.062441,44.053091],[43.060006,44.053061],[43.059672,44.053058],[43.057474,44.05304],[43.057173,44.053007],[43.056908,44.052955],[43.056573,44.052848],[43.056177,44.052662],[43.055938,44.052532]]},"properties":{"name":"г. о. Пятигорск","type":"Не обособленные","lanes":1,"length":592.9456567947184,"population":142895,"short_name":"г. о. Пятигорск","lanes_length":592.9456567947184}},{"type":"Feature","id":14097,"geometry":{"type":"LineString","coordinates":[[43.075035,44.03645],[43.077176,44.036545],[43.077386,44.036546],[43.07752,44.03651],[43.077716,44.036443],[43.077748,44.036421],[43.077829,44.036366],[43.077926,44.036282],[43.077971,44.036191],[43.078151,44.035849],[43.078509,44.035413],[43.07894,44.034939],[43.079119,44.034766]]},"properties":{"name":"г. о. Пятигорск","type":"Не обособленные","lanes":1,"length":436.8929423737097,"population":142895,"short_name":"г. о. Пятигорск","lanes_length":436.8929423737097}},{"type":"Feature","id":14098,"geometry":{"type":"LineString","coordinates":[[43.085231,44.034383],[43.085675,44.034471]]},"properties":{"name":"г. о. Пятигорск","type":"Не обособленные","lanes":1,"length":36.90967181187235,"population":142895,"short_name":"г. о. Пятигорск","lanes_length":36.90967181187235}},{"type":"Feature","id":14099,"geometry":{"type":"LineString","coordinates":[[43.052688,44.036431],[43.0534101,44.0364773],[43.0539176,44.0365854],[43.054507,44.0365775],[43.0550214,44.0364384]]},"properties":{"name":"г. о. Пятигорск","type":"Не обособленные","lanes":1,"length":191.8124280812613,"population":142895,"short_name":"г. о. Пятигорск","lanes_length":191.8124280812613}},{"type":"Feature","id":14100,"geometry":{"type":"LineString","coordinates":[[43.056217,44.035544],[43.056248,44.035541],[43.056325,44.03554],[43.056458,44.035538],[43.059075,44.035668],[43.059647,44.035697],[43.063999,44.035893],[43.0643,44.035906]]},"properties":{"name":"г. о. Пятигорск","type":"Не обособленные","lanes":1,"length":649.2752915903,"population":142895,"short_name":"г. о. Пятигорск","lanes_length":649.2752915903}},{"type":"Feature","id":14101,"geometry":{"type":"LineString","coordinates":[[43.1007714,44.0288613],[43.102903,44.028189],[43.104011,44.0278416],[43.10551,44.027368],[43.106276,44.027168],[43.106411,44.027162],[43.106605,44.027206],[43.106738,44.027272],[43.10702,44.027405]]},"properties":{"name":"г. о. Пятигорск","type":"Не обособленные","lanes":1,"length":546.9448686238401,"population":142895,"short_name":"г. о. Пятигорск","lanes_length":546.9448686238401}},{"type":"Feature","id":14102,"geometry":{"type":"LineString","coordinates":[[43.11176,44.027684],[43.112683,44.027858],[43.113655,44.028136],[43.114497,44.028355],[43.114936,44.028485],[43.118218,44.030304],[43.120729,44.031853],[43.121976,44.032656],[43.121987,44.032664]]},"properties":{"name":"г. о. Пятигорск","type":"Не обособленные","lanes":1,"length":1001.9606193456593,"population":142895,"short_name":"г. о. Пятигорск","lanes_length":1001.9606193456593}},{"type":"Feature","id":14103,"geometry":{"type":"LineString","coordinates":[[43.045856,44.046301],[43.04583,44.046298],[43.043842,44.046319],[43.043297,44.046325],[43.042133,44.046353],[43.040974,44.04637],[43.040721,44.046373],[43.040292,44.046378],[43.039952,44.046383],[43.038933,44.046395],[43.037854,44.046408],[43.036909,44.046422],[43.035452,44.046448],[43.035321,44.046466],[43.035221,44.046512],[43.035138,44.046574],[43.035082,44.046612],[43.03503,44.046682],[43.03503,44.046848]]},"properties":{"name":"г. о. Пятигорск","type":"Не обособленные","lanes":1,"length":897.2226100769678,"population":142895,"short_name":"г. о. Пятигорск","lanes_length":897.2226100769678}},{"type":"Feature","id":14104,"geometry":{"type":"LineString","coordinates":[[43.063512,44.060196],[43.063161,44.059974],[43.060942,44.058697],[43.060609,44.058499]]},"properties":{"name":"г. о. Пятигорск","type":"Не обособленные","lanes":1,"length":299.4694860748612,"population":142895,"short_name":"г. о. Пятигорск","lanes_length":299.4694860748612}},{"type":"Feature","id":14105,"geometry":{"type":"LineString","coordinates":[[90.5030959,56.2689639],[90.5029189,56.2688567],[90.4996252,56.2667357],[90.4966211,56.2647993],[90.4925871,56.2621537],[90.4890036,56.2599191],[90.4852056,56.2574639],[90.4807639,56.2545973],[90.4796695,56.2538762],[90.4794979,56.2537987],[90.479176,56.2537629],[90.4789292,56.253751]]},"properties":{"name":"Ачинск","type":"Не обособленные","lanes":1,"length":2269.803211859165,"population":99665,"short_name":"Ачинск","lanes_length":2269.803211859165}},{"type":"Feature","id":14106,"geometry":{"type":"LineString","coordinates":[[90.4698528,56.2533868],[90.4680576,56.2532378]]},"properties":{"name":"Ачинск","type":"Не обособленные","lanes":1,"length":112.50378749437218,"population":99665,"short_name":"Ачинск","lanes_length":112.50378749437218}},{"type":"Feature","id":14107,"geometry":{"type":"LineString","coordinates":[[90.4624772,56.2526229],[90.4599988,56.2518243]]},"properties":{"name":"Ачинск","type":"Не обособленные","lanes":1,"length":177.5044381298753,"population":99665,"short_name":"Ачинск","lanes_length":177.5044381298753}},{"type":"Feature","id":14108,"geometry":{"type":"LineString","coordinates":[[90.4584324,56.2512342],[90.4579604,56.2510077],[90.4576492,56.250811],[90.4574454,56.250656]]},"properties":{"name":"Ачинск","type":"Не обособленные","lanes":1,"length":89.2017803911273,"population":99665,"short_name":"Ачинск","lanes_length":89.2017803911273}},{"type":"Feature","id":14109,"geometry":{"type":"LineString","coordinates":[[90.4526496,56.2441823],[90.4511224,56.2430986]]},"properties":{"name":"Ачинск","type":"Не обособленные","lanes":1,"length":153.3808651355913,"population":99665,"short_name":"Ачинск","lanes_length":153.3808651355913}},{"type":"Feature","id":14110,"geometry":{"type":"LineString","coordinates":[[60.0210587,59.8916264],[60.0215308,59.8934294],[60.0215415,59.8935908],[60.0213484,59.8937953],[60.0209729,59.8940751],[60.0202648,59.8944411],[60.0192241,59.8950277],[60.0155548,59.8970618],[60.0126258,59.8986976],[60.0124649,59.8988375],[60.0124756,59.8989828],[60.0126258,59.8992249],[60.0128726,59.8994348],[60.0153188,59.9015655],[60.0172178,59.9032602],[60.0205652,59.9061923]]},"properties":{"name":"Волчанск","type":"Не обособленные","lanes":1,"length":1935.6783011989921,"population":8376,"short_name":"Волчанск","lanes_length":1935.6783011989921}},{"type":"Feature","id":14111,"geometry":{"type":"LineString","coordinates":[[39.5713631,52.6060201],[39.5725272,52.6060429],[39.5727203,52.6060592],[39.572908,52.6061048],[39.5730743,52.6061765],[39.5731494,52.6062514],[39.5732031,52.6063654],[39.5732138,52.6065055],[39.5731923,52.6066456],[39.5731387,52.6074502]]},"properties":{"name":"Липецк","type":"Не обособленные","lanes":1,"length":263.4439941769524,"population":485260,"short_name":"Липецк","lanes_length":263.4439941769524}},{"type":"Feature","id":14112,"geometry":{"type":"LineString","coordinates":[[39.5728413,52.5482072],[39.5791868,52.5441134]]},"properties":{"name":"Липецк","type":"Не обособленные","lanes":1,"length":626.7627406187763,"population":485260,"short_name":"Липецк","lanes_length":626.7627406187763}},{"type":"Feature","id":14113,"geometry":{"type":"LineString","coordinates":[[39.5989708,52.5440938],[39.6004099,52.5442075]]},"properties":{"name":"Липецк","type":"Не обособленные","lanes":1,"length":98.44809110035594,"population":485260,"short_name":"Липецк","lanes_length":98.44809110035594}},{"type":"Feature","id":14114,"geometry":{"type":"LineString","coordinates":[[39.5708028,52.5494859],[39.5728783,52.5507608],[39.5738868,52.5510087],[39.5771054,52.5528354],[39.5786289,52.5537095]]},"properties":{"name":"Липецк","type":"Не обособленные","lanes":1,"length":713.841964897305,"population":485260,"short_name":"Липецк","lanes_length":713.841964897305}},{"type":"Feature","id":14115,"geometry":{"type":"LineString","coordinates":[[39.5833496,52.5593583],[39.5924906,52.5644195]]},"properties":{"name":"Липецк","type":"Не обособленные","lanes":1,"length":837.5349586861354,"population":485260,"short_name":"Липецк","lanes_length":837.5349586861354}},{"type":"Feature","id":14116,"geometry":{"type":"LineString","coordinates":[[39.5953015,52.5660238],[39.600902,52.5692192]]},"properties":{"name":"Липецк","type":"Не обособленные","lanes":1,"length":520.2344754481202,"population":485260,"short_name":"Липецк","lanes_length":520.2344754481202}},{"type":"Feature","id":14117,"geometry":{"type":"LineString","coordinates":[[39.6089702,52.5662625],[39.6117811,52.5678015],[39.6123712,52.5681798]]},"properties":{"name":"Липецк","type":"Не обособленные","lanes":1,"length":314.3138488276649,"population":485260,"short_name":"Липецк","lanes_length":314.3138488276649}},{"type":"Feature","id":14118,"geometry":{"type":"LineString","coordinates":[[39.6200328,52.5755525],[39.6203225,52.5758328],[39.6205263,52.5759372],[39.6207624,52.5759437],[39.6210199,52.5758915],[39.6211057,52.5757937],[39.6211593,52.5757024],[39.6212988,52.5752786],[39.6221464,52.5729965],[39.6223073,52.5728009],[39.6225219,52.5727488],[39.6227258,52.5727357],[39.6230262,52.5727553],[39.6258049,52.57314],[39.6261804,52.5732378],[39.626395,52.5733747],[39.6266311,52.5735899],[39.6271353,52.5741637],[39.6272962,52.5742745],[39.6275215,52.5743202],[39.627822,52.574268],[39.6281653,52.5741637],[39.6308904,52.5730422],[39.631459,52.5728857],[39.6320169,52.5728205],[39.6325212,52.5728205],[39.633004,52.5728596],[39.6337443,52.5730357],[39.6362334,52.5737073],[39.6369629,52.5738377],[39.6374457,52.5738572],[39.638068,52.5738638],[39.646061,52.5737464],[39.6470588,52.5736616],[39.6477669,52.5735703],[39.6484213,52.5734204],[39.6491294,52.5732378],[39.6496873,52.5730878],[39.6500199,52.5730096]]},"properties":{"name":"Липецк","type":"Не обособленные","lanes":1,"length":2478.682223796998,"population":485260,"short_name":"Липецк","lanes_length":2478.682223796998}},{"type":"Feature","id":14119,"geometry":{"type":"LineString","coordinates":[[131.9364674,43.1125409],[131.9366254,43.1119179]]},"properties":{"name":"Владивосток","type":"Не обособленные","lanes":1,"length":70.39672945014132,"population":591628,"short_name":"Владивосток","lanes_length":70.39672945014132}},{"type":"Feature","id":14120,"geometry":{"type":"LineString","coordinates":[[131.9367113,43.111683],[131.9368668,43.1113658],[131.9370278,43.1111034]]},"properties":{"name":"Владивосток","type":"Не обособленные","lanes":1,"length":69.4045683149771,"population":591628,"short_name":"Владивосток","lanes_length":69.4045683149771}},{"type":"Feature","id":14121,"geometry":{"type":"LineString","coordinates":[[39.6196145,52.5751461],[39.6180802,52.5736486]]},"properties":{"name":"Липецк","type":"Не обособленные","lanes":1,"length":196.4395619583325,"population":485260,"short_name":"Липецк","lanes_length":196.4395619583325}},{"type":"Feature","id":14122,"geometry":{"type":"LineString","coordinates":[[49.1854504,55.8034031],[49.1853981,55.8029787],[49.1849904,55.8023516],[49.1845827,55.8020018],[49.1822867,55.8009284],[49.1808919,55.8002168],[49.1798942,55.7996982],[49.1788535,55.7989444],[49.1765253,55.7972799],[49.1726844,55.7946503],[49.1718046,55.7940351],[49.171633,55.7939145],[49.1716222,55.7937697]]},"properties":{"name":"Казань","type":"Не обособленные","lanes":1,"length":1401.298436426053,"population":1318604,"short_name":"Казань","lanes_length":1401.298436426053}},{"type":"Feature","id":14123,"geometry":{"type":"LineString","coordinates":[[40.0928587,47.4084224],[40.0909704,47.4108983]]},"properties":{"name":"Новочеркасск","type":"Не обособленные","lanes":1,"length":309.97233586167226,"population":160529,"short_name":"Новочеркасск","lanes_length":309.97233586167226}},{"type":"Feature","id":14124,"geometry":{"type":"LineString","coordinates":[[40.0853056,47.4145575],[40.0826985,47.417868],[40.0824625,47.4177664]]},"properties":{"name":"Новочеркасск","type":"Не обособленные","lanes":1,"length":438.43001943675654,"population":160529,"short_name":"Новочеркасск","lanes_length":438.43001943675654}},{"type":"Feature","id":14125,"geometry":{"type":"LineString","coordinates":[[40.0800149,47.4168807],[40.0750366,47.4150359],[40.0748327,47.4149778],[40.0746611,47.4150141],[40.0745967,47.415123],[40.0721934,47.4182012]]},"properties":{"name":"Новочеркасск","type":"Не обособленные","lanes":1,"length":858.6370256954546,"population":160529,"short_name":"Новочеркасск","lanes_length":858.6370256954546}},{"type":"Feature","id":14126,"geometry":{"type":"LineString","coordinates":[[40.0692947,47.4227011],[40.0694127,47.425307]]},"properties":{"name":"Новочеркасск","type":"Не обособленные","lanes":1,"length":289.8584089114052,"population":160529,"short_name":"Новочеркасск","lanes_length":289.8584089114052}},{"type":"Feature","id":14127,"geometry":{"type":"LineString","coordinates":[[40.0826985,47.417868],[40.0846503,47.4186028],[40.0848112,47.4187698],[40.0847683,47.4189513],[40.0834272,47.4205846]]},"properties":{"name":"Новочеркасск","type":"Не обособленные","lanes":1,"length":418.92773721465403,"population":160529,"short_name":"Новочеркасск","lanes_length":418.92773721465403}},{"type":"Feature","id":14128,"geometry":{"type":"LineString","coordinates":[[40.0980935,47.429716],[40.0983295,47.4301224],[40.0985548,47.4305506],[40.0986836,47.4310949],[40.0987694,47.4316248]]},"properties":{"name":"Новочеркасск","type":"Не обособленные","lanes":1,"length":219.6734601577201,"population":160529,"short_name":"Новочеркасск","lanes_length":219.6734601577201}},{"type":"Feature","id":14129,"geometry":{"type":"LineString","coordinates":[[40.0988374,47.4324086],[40.0991593,47.4351665],[40.0995348,47.4371985]]},"properties":{"name":"Новочеркасск","type":"Не обособленные","lanes":1,"length":535.2667521731804,"population":160529,"short_name":"Новочеркасск","lanes_length":535.2667521731804}},{"type":"Feature","id":14130,"geometry":{"type":"LineString","coordinates":[[40.0976894,47.4390707],[40.1016698,47.4438164]]},"properties":{"name":"Новочеркасск","type":"Не обособленные","lanes":1,"length":607.0633914665909,"population":160529,"short_name":"Новочеркасск","lanes_length":607.0633914665909}},{"type":"Feature","id":14131,"geometry":{"type":"LineString","coordinates":[[40.088645,47.4822739],[40.0885803,47.4857201],[40.0884408,47.4858433],[40.0882048,47.4858796],[40.0878937,47.4858941],[40.0847501,47.4858868],[40.0823254,47.4859448],[40.0816817,47.4859593],[40.0813169,47.4859956],[40.0798792,47.4861696],[40.0761349,47.4866336],[40.0747186,47.4867858],[40.0744826,47.4867713],[40.0743539,47.4866988],[40.0743002,47.4865321],[40.0734419,47.4832549],[40.0733346,47.4831389],[40.0731522,47.4831172],[40.070631,47.4834144],[40.0704271,47.4834072],[40.0702876,47.4833274],[40.0702018,47.4831752],[40.0696546,47.4810724],[40.0692255,47.4796295]]},"properties":{"name":"Новочеркасск","type":"Не обособленные","lanes":1,"length":2533.121564581317,"population":160529,"short_name":"Новочеркасск","lanes_length":2533.121564581317}},{"type":"Feature","id":14132,"geometry":{"type":"LineString","coordinates":[[58.4404356,51.2574341],[58.4434075,51.2558696]]},"properties":{"name":"Орск","type":"Не обособленные","lanes":1,"length":270.8100639919987,"population":187517,"short_name":"Орск","lanes_length":270.8100639919987}},{"type":"Feature","id":14133,"geometry":{"type":"LineString","coordinates":[[58.455295,51.2496515],[58.4547945,51.2496523],[58.4542688,51.2495382],[58.4446772,51.2473892],[58.4410616,51.2465564]]},"properties":{"name":"Орск","type":"Не обособленные","lanes":1,"length":1053.806443098505,"population":187517,"short_name":"Орск","lanes_length":1053.806443098505}},{"type":"Feature","id":14134,"geometry":{"type":"LineString","coordinates":[[56.2485346,57.9931076],[56.2477782,57.9939308]]},"properties":{"name":"Пермь","type":"Не обособленные","lanes":1,"length":102.01786948399385,"population":1026908,"short_name":"Пермь","lanes_length":102.01786948399385}},{"type":"Feature","id":14135,"geometry":{"type":"LineString","coordinates":[[58.4814924,51.2411821],[58.4816747,51.241303],[58.4818893,51.2414843],[58.4822648,51.2424314]]},"properties":{"name":"Орск","type":"Не обособленные","lanes":1,"length":152.22925145060955,"population":187517,"short_name":"Орск","lanes_length":152.22925145060955}},{"type":"Feature","id":14136,"geometry":{"type":"LineString","coordinates":[[58.4824687,51.2429888],[58.4827369,51.2437679],[58.4828871,51.2439493],[58.4830695,51.2440568],[58.4834021,51.2441038],[58.485108,51.2441172]]},"properties":{"name":"Орск","type":"Не обособленные","lanes":1,"length":271.82954056120514,"population":187517,"short_name":"Орск","lanes_length":271.82954056120514}},{"type":"Feature","id":14137,"geometry":{"type":"LineString","coordinates":[[56.2615958,57.9972554],[56.2609012,57.9970911]]},"properties":{"name":"Пермь","type":"Не обособленные","lanes":1,"length":44.968649158933054,"population":1026908,"short_name":"Пермь","lanes_length":44.968649158933054}},{"type":"Feature","id":14138,"geometry":{"type":"LineString","coordinates":[[58.534458,51.2330552],[58.5346912,51.2333916],[58.5348521,51.2335192],[58.5351847,51.2336603],[58.5420511,51.2367437],[58.5456453,51.2384028],[58.5460959,51.2385775],[58.5466538,51.2387924],[58.5493682,51.2397395],[58.5497652,51.239941],[58.5501621,51.2401627],[58.5503982,51.2403508],[58.5530804,51.2426008],[58.5532628,51.2428897],[58.5532413,51.2430844],[58.5531877,51.243212]]},"properties":{"name":"Орск","type":"Не обособленные","lanes":1,"length":1770.73679815953,"population":187517,"short_name":"Орск","lanes_length":1770.73679815953}},{"type":"Feature","id":14139,"geometry":{"type":"LineString","coordinates":[[58.5525382,51.2449638],[58.5525382,51.2451385],[58.5526455,51.2452661],[58.5527957,51.2453668],[58.5529674,51.2454407],[58.5539008,51.2456153]]},"properties":{"name":"Орск","type":"Не обособленные","lanes":1,"length":133.38055607637642,"population":187517,"short_name":"Орск","lanes_length":133.38055607637642}},{"type":"Feature","id":14140,"geometry":{"type":"LineString","coordinates":[[58.5094697,51.227589],[58.5092791,51.2273901],[58.5040674,51.2255248],[58.4955329,51.2236214],[58.4947873,51.2237121],[58.494106,51.2236651]]},"properties":{"name":"Орск","type":"Не обособленные","lanes":1,"length":1178.5128755321814,"population":187517,"short_name":"Орск","lanes_length":1178.5128755321814}},{"type":"Feature","id":14141,"geometry":{"type":"LineString","coordinates":[[58.494106,51.2236651],[58.4849006,51.2216896],[58.4846431,51.2216493],[58.4842784,51.2216896],[58.4794933,51.2219718],[58.4789998,51.2220524],[58.4787852,51.2222271]]},"properties":{"name":"Орск","type":"Не обособленные","lanes":1,"length":1119.967945193468,"population":187517,"short_name":"Орск","lanes_length":1119.967945193468}},{"type":"Feature","id":14142,"geometry":{"type":"LineString","coordinates":[[58.5601974,51.2035067],[58.5603694,51.2034246],[58.5605303,51.2034044],[58.5606912,51.2034515],[58.5618177,51.2042178],[58.5619572,51.2042783],[58.5621074,51.2042783],[58.5623113,51.2042312],[58.5624722,51.2041169]]},"properties":{"name":"Орск","type":"Не обособленные","lanes":1,"length":209.51959799923367,"population":187517,"short_name":"Орск","lanes_length":209.51959799923367}},{"type":"Feature","id":14143,"geometry":{"type":"LineString","coordinates":[[58.5695211,51.1991759],[58.5744885,51.2020129],[58.5789517,51.2045606],[58.5802928,51.2052866],[58.580561,51.2053942],[58.5810331,51.2055219],[58.5832861,51.2060798],[58.5838226,51.2062344],[58.5889939,51.2078409],[58.5892514,51.2079081],[58.5896698,51.2079686],[58.5921804,51.2082106],[58.5927275,51.2082845],[58.5932854,51.2083921],[58.599079,51.2101396],[58.5997013,51.2103547],[58.6038104,51.2118871],[58.6069003,51.21307],[58.6121467,51.2150996],[58.612651,51.2152206]]},"properties":{"name":"Орск","type":"Не обособленные","lanes":1,"length":3546.9522950736014,"population":187517,"short_name":"Орск","lanes_length":3546.9522950736014}},{"type":"Feature","id":14144,"geometry":{"type":"LineString","coordinates":[[58.6120011,51.2150211],[58.6119582,51.2153437],[58.6119474,51.2155117],[58.6120869,51.2157133]]},"properties":{"name":"Орск","type":"Не обособленные","lanes":1,"length":79.17553501483147,"population":187517,"short_name":"Орск","lanes_length":79.17553501483147}},{"type":"Feature","id":14145,"geometry":{"type":"LineString","coordinates":[[58.6152258,51.2234022],[58.6209014,51.2249464],[58.6216524,51.2250942],[58.6221245,51.2251816],[58.6228862,51.2253562],[58.6233905,51.2255309],[58.6283043,51.227083]]},"properties":{"name":"Орск","type":"Не обособленные","lanes":1,"length":1002.5941899875481,"population":187517,"short_name":"Орск","lanes_length":1002.5941899875481}},{"type":"Feature","id":14146,"geometry":{"type":"LineString","coordinates":[[56.1913088,58.0093922],[56.1909968,58.0095628],[56.1906213,58.0095799],[56.1639816,58.0067663],[56.1632949,58.0064508],[56.1631233,58.0060159],[56.1631125,58.0054134]]},"properties":{"name":"Пермь","type":"Не обособленные","lanes":1,"length":1824.8497332681131,"population":1026908,"short_name":"Пермь","lanes_length":1824.8497332681131}},{"type":"Feature","id":14147,"geometry":{"type":"LineString","coordinates":[[48.388946,54.307611],[48.387128,54.313116],[48.393668,54.314283],[48.400089,54.31526],[48.400894,54.315322],[48.401028,54.315363],[48.404981,54.320961],[48.405088,54.321198],[48.404987,54.321574],[48.404154,54.324815],[48.402727,54.327837],[48.399514,54.334559],[48.399353,54.334731],[48.399143,54.334766],[48.398773,54.334769],[48.39865,54.334794]]},"properties":{"name":"Ульяновск","type":"Не обособленные","lanes":1,"length":3866.578661406965,"population":611683,"short_name":"Ульяновск","lanes_length":3866.578661406965}},{"type":"Feature","id":14148,"geometry":{"type":"LineString","coordinates":[[48.3908638,54.3458591],[48.37796,54.341312]]},"properties":{"name":"Ульяновск","type":"Не обособленные","lanes":1,"length":980.0139729808013,"population":611683,"short_name":"Ульяновск","lanes_length":980.0139729808013}},{"type":"Feature","id":14149,"geometry":{"type":"LineString","coordinates":[[48.318577,54.265642],[48.313794,54.266879],[48.309229,54.268182]]},"properties":{"name":"Ульяновск","type":"Не обособленные","lanes":1,"length":671.6150428271333,"population":611683,"short_name":"Ульяновск","lanes_length":671.6150428271333}},{"type":"Feature","id":14150,"geometry":{"type":"LineString","coordinates":[[48.3497663,54.3067515],[48.3499223,54.3073639]]},"properties":{"name":"Ульяновск","type":"Не обособленные","lanes":1,"length":68.9188518883155,"population":611683,"short_name":"Ульяновск","lanes_length":68.9188518883155}},{"type":"Feature","id":14151,"geometry":{"type":"LineString","coordinates":[[48.384523,54.323308],[48.384678,54.323322],[48.384951,54.32343],[48.385356,54.323828],[48.386365,54.324764],[48.38618,54.324977],[48.386137,54.325205],[48.384997,54.331287],[48.385362,54.333395]]},"properties":{"name":"Ульяновск","type":"Не обособленные","lanes":1,"length":1175.355920542244,"population":611683,"short_name":"Ульяновск","lanes_length":1175.355920542244}},{"type":"Feature","id":14152,"geometry":{"type":"LineString","coordinates":[[48.386365,54.324764],[48.393819,54.324137],[48.393956,54.324065],[48.394012,54.323985],[48.394004,54.32392],[48.386416,54.317099]]},"properties":{"name":"Ульяновск","type":"Не обособленные","lanes":1,"length":1424.5343018024032,"population":611683,"short_name":"Ульяновск","lanes_length":1424.5343018024032}},{"type":"Feature","id":14153,"geometry":{"type":"LineString","coordinates":[[48.38506,54.316291],[48.385044,54.316162],[48.385093,54.316076],[48.386643,54.314641],[48.387128,54.313116]]},"properties":{"name":"Ульяновск","type":"Не обособленные","lanes":1,"length":386.0616445733777,"population":611683,"short_name":"Ульяновск","lanes_length":386.0616445733777}},{"type":"Feature","id":14154,"geometry":{"type":"LineString","coordinates":[[48.3953959,54.3417843],[48.397762,54.339598]]},"properties":{"name":"Ульяновск","type":"Не обособленные","lanes":1,"length":287.9339452279223,"population":611683,"short_name":"Ульяновск","lanes_length":287.9339452279223}},{"type":"Feature","id":14155,"geometry":{"type":"LineString","coordinates":[[60.2304949,59.7633002],[60.230291,59.763284],[60.230114,59.7632921],[60.2297063,59.7633596]]},"properties":{"name":"Краснотурьинск","type":"Не обособленные","lanes":1,"length":45.7024794984343,"population":55487,"short_name":"Краснотурьинск","lanes_length":45.7024794984343}},{"type":"Feature","id":14156,"geometry":{"type":"LineString","coordinates":[[60.2193101,59.764767],[60.218818,59.7648508],[60.1989643,59.7674925],[60.1949249,59.768138],[60.1946513,59.7681624],[60.1923875,59.7681705],[60.1921515,59.7681326],[60.1888309,59.767109],[60.18742,59.7665876],[60.1872216,59.7665363],[60.1870713,59.7665228],[60.1846037,59.7665201],[60.1844213,59.7665363],[60.1842979,59.7666039],[60.1842818,59.7666849]]},"properties":{"name":"Краснотурьинск","type":"Не обособленные","lanes":1,"length":2084.272352659174,"population":55487,"short_name":"Краснотурьинск","lanes_length":2084.272352659174}},{"type":"Feature","id":14157,"geometry":{"type":"LineString","coordinates":[[60.1822395,59.7705587],[60.1818737,59.77089]]},"properties":{"name":"Краснотурьинск","type":"Не обособленные","lanes":1,"length":42.246091226700024,"population":55487,"short_name":"Краснотурьинск","lanes_length":42.246091226700024}},{"type":"Feature","id":14158,"geometry":{"type":"LineString","coordinates":[[39.754515,47.236326],[39.744709,47.234446],[39.742671,47.233864],[39.743229,47.2328],[39.740136,47.23213],[39.734431,47.230964],[39.730976,47.239385],[39.733337,47.239895],[39.73368,47.239079],[39.73132,47.238599]]},"properties":{"name":"Ростов-на-Дону","type":"Не обособленные","lanes":1,"length":3201.625507738622,"population":1140487,"short_name":"Ростов-на-Дону","lanes_length":3201.625507738622}},{"type":"Feature","id":14159,"geometry":{"type":"LineString","coordinates":[[39.734431,47.230964],[39.705517,47.224797],[39.696384,47.222848],[39.695848,47.223904]]},"properties":{"name":"Ростов-на-Дону","type":"Не обособленные","lanes":1,"length":3143.6214796880467,"population":1140487,"short_name":"Ростов-на-Дону","lanes_length":3143.6214796880467}},{"type":"Feature","id":14160,"geometry":{"type":"LineString","coordinates":[[39.740136,47.23213],[39.744706,47.224437],[39.7402,47.223592],[39.7346,47.222236],[39.714194,47.217981],[39.708936,47.217004],[39.702521,47.21559],[39.701492,47.215524]]},"properties":{"name":"Ростов-на-Дону","type":"Не обособленные","lanes":1,"length":4344.963177029272,"population":1140487,"short_name":"Ростов-на-Дону","lanes_length":4344.963177029272}},{"type":"Feature","id":14161,"geometry":{"type":"LineString","coordinates":[[39.705517,47.224797],[39.708936,47.217004]]},"properties":{"name":"Ростов-на-Дону","type":"Не обособленные","lanes":1,"length":904.261719459276,"population":1140487,"short_name":"Ростов-на-Дону","lanes_length":904.261719459276}},{"type":"Feature","id":14162,"geometry":{"type":"LineString","coordinates":[[39.744186,47.225312],[39.744655,47.225378],[39.745158,47.225346]]},"properties":{"name":"Ростов-на-Дону","type":"Не обособленные","lanes":1,"length":74.53074350320503,"population":1140487,"short_name":"Ростов-на-Дону","lanes_length":74.53074350320503}},{"type":"Feature","id":14163,"geometry":{"type":"LineString","coordinates":[[39.766487,47.229673],[39.765178,47.232922],[39.76653,47.233185],[39.764513,47.238218],[39.763215,47.237964],[39.765178,47.232922]]},"properties":{"name":"Ростов-на-Дону","type":"Не обособленные","lanes":1,"length":1743.2291817701657,"population":1140487,"short_name":"Ростов-на-Дону","lanes_length":1743.2291817701657}},{"type":"Feature","id":14164,"geometry":{"type":"LineString","coordinates":[[39.651324,47.219284],[39.648108,47.214987],[39.64744,47.214824]]},"properties":{"name":"Ростов-на-Дону","type":"Не обособленные","lanes":1,"length":589.9930155097038,"population":1140487,"short_name":"Ростов-на-Дону","lanes_length":589.9930155097038}},{"type":"Feature","id":14165,"geometry":{"type":"LineString","coordinates":[[39.657546,47.217593],[39.659263,47.218651],[39.661527,47.219343],[39.6637424,47.2195975],[39.664327,47.220464]]},"properties":{"name":"Ростов-на-Дону","type":"Не обособленные","lanes":1,"length":639.5029120806718,"population":1140487,"short_name":"Ростов-на-Дону","lanes_length":639.5029120806718}},{"type":"Feature","id":14166,"geometry":{"type":"LineString","coordinates":[[39.668125,47.2194],[39.664327,47.220464],[39.665346,47.222236],[39.669176,47.221251]]},"properties":{"name":"Ростов-на-Дону","type":"Не обособленные","lanes":1,"length":832.6941666874746,"population":1140487,"short_name":"Ростов-на-Дону","lanes_length":832.6941666874746}},{"type":"Feature","id":14167,"geometry":{"type":"LineString","coordinates":[[39.747046,47.225812],[39.7628933,47.2289009]]},"properties":{"name":"Ростов-на-Дону","type":"Не обособленные","lanes":1,"length":1248.324350017048,"population":1140487,"short_name":"Ростов-на-Дону","lanes_length":1248.324350017048}},{"type":"Feature","id":14168,"geometry":{"type":"LineString","coordinates":[[39.671622,47.220624],[39.672781,47.221223],[39.684862,47.22005],[39.685817,47.223817],[39.6863,47.22432],[39.690441,47.222883]]},"properties":{"name":"Ростов-на-Дону","type":"Не обособленные","lanes":1,"length":1878.2724388816112,"population":1140487,"short_name":"Ростов-на-Дону","lanes_length":1878.2724388816112}},{"type":"Feature","id":14169,"geometry":{"type":"LineString","coordinates":[[61.403699,55.165407],[61.4156,55.165732],[61.415867,55.165867],[61.415898,55.166057]]},"properties":{"name":"Челябинск","type":"Не обособленные","lanes":1,"length":803.2641524093275,"population":1177058,"short_name":"Челябинск","lanes_length":803.2641524093275}},{"type":"Feature","id":14170,"geometry":{"type":"LineString","coordinates":[[61.403527,55.167521],[61.403516,55.167895],[61.403838,55.168017],[61.413124,55.16833],[61.413592,55.168569]]},"properties":{"name":"Челябинск","type":"Не обособленные","lanes":1,"length":699.0033971587311,"population":1177058,"short_name":"Челябинск","lanes_length":699.0033971587311}},{"type":"Feature","id":14171,"geometry":{"type":"LineString","coordinates":[[61.4431091,55.1541076],[61.442333,55.1511279]]},"properties":{"name":"Челябинск","type":"Не обособленные","lanes":1,"length":335.38864439978454,"population":1177058,"short_name":"Челябинск","lanes_length":335.38864439978454}},{"type":"Feature","id":14172,"geometry":{"type":"LineString","coordinates":[[103.8837905,52.5612533],[103.8836611,52.5611313],[103.8832051,52.5608998],[103.8831461,52.5608508]]},"properties":{"name":"Ангарск","type":"Не обособленные","lanes":1,"length":63.17664625416032,"population":217365,"short_name":"Ангарск","lanes_length":63.17664625416032}},{"type":"Feature","id":14173,"geometry":{"type":"LineString","coordinates":[[103.8809019,52.558606],[103.8808681,52.5585209],[103.8809056,52.5583708],[103.8811577,52.5579827],[103.8855566,52.5507354],[103.8856746,52.5506669],[103.8858194,52.5506506],[103.8859267,52.5506702],[103.8924498,52.5521413]]},"properties":{"name":"Ангарск","type":"Не обособленные","lanes":1,"length":1433.3920906953258,"population":217365,"short_name":"Ангарск","lanes_length":1433.3920906953258}},{"type":"Feature","id":14174,"geometry":{"type":"LineString","coordinates":[[103.8907773,52.5411355],[103.8905412,52.5412138],[103.8841468,52.539739],[103.883825,52.5397912],[103.8817221,52.5433801],[103.8813788,52.5437454]]},"properties":{"name":"Ангарск","type":"Не обособленные","lanes":1,"length":975.610305377732,"population":217365,"short_name":"Ангарск","lanes_length":975.610305377732}},{"type":"Feature","id":14175,"geometry":{"type":"LineString","coordinates":[[103.8786537,52.5488345],[103.8787395,52.5490041],[103.8858194,52.5506506]]},"properties":{"name":"Ангарск","type":"Не обособленные","lanes":1,"length":533.766305789735,"population":217365,"short_name":"Ангарск","lanes_length":533.766305789735}},{"type":"Feature","id":14176,"geometry":{"type":"LineString","coordinates":[[103.8869363,52.5322873],[103.8851983,52.5319088]]},"properties":{"name":"Ангарск","type":"Не обособленные","lanes":1,"length":125.23692299684146,"population":217365,"short_name":"Ангарск","lanes_length":125.23692299684146}},{"type":"Feature","id":14177,"geometry":{"type":"LineString","coordinates":[[103.8679248,52.5279796],[103.8635757,52.5269624]]},"properties":{"name":"Ангарск","type":"Не обособленные","lanes":1,"length":316.12374928401897,"population":217365,"short_name":"Ангарск","lanes_length":316.12374928401897}},{"type":"Feature","id":14178,"geometry":{"type":"LineString","coordinates":[[84.9588555,56.5256665],[84.9590271,56.5255245],[84.9590379,56.5254239],[84.95848,56.5130065],[84.9584049,56.5126395],[84.9581152,56.5122962],[84.9540597,56.5082646],[84.9537593,56.5079035],[84.953137,56.5067076],[84.9530404,56.506299],[84.9529224,56.5042563],[84.9527293,56.5039899]]},"properties":{"name":"Томск","type":"Не обособленные","lanes":1,"length":2498.5969457819438,"population":545391,"short_name":"Томск","lanes_length":2498.5969457819438}},{"type":"Feature","id":14179,"geometry":{"type":"LineString","coordinates":[[84.9511818,56.5030878],[84.9509786,56.4952836],[84.950764,56.4883419],[84.9508284,56.4875363],[84.9509786,56.4874416],[84.951161,56.4874179],[84.9514506,56.4873409],[84.9520515,56.4870328],[84.9522875,56.4868137],[84.9523841,56.4866241],[84.9520622,56.4860258],[84.9517618,56.485623],[84.9516438,56.4851846],[84.9516116,56.4846751],[84.9517296,56.4844204],[84.9517725,56.4843256]]},"properties":{"name":"Томск","type":"Не обособленные","lanes":1,"length":2142.447940143999,"population":545391,"short_name":"Томск","lanes_length":2142.447940143999}},{"type":"Feature","id":14180,"geometry":{"type":"LineString","coordinates":[[84.9530645,56.4794339],[84.9531945,56.4793356],[84.9533983,56.4793119],[84.9551257,56.4793296],[84.9607047,56.4795192],[84.9621423,56.4795015],[84.9623569,56.4795252],[84.9629685,56.4795903]]},"properties":{"name":"Томск","type":"Не обособленные","lanes":1,"length":617.7336822494705,"population":545391,"short_name":"Томск","lanes_length":617.7336822494705}},{"type":"Feature","id":14181,"geometry":{"type":"LineString","coordinates":[[84.9792032,56.4791635],[84.9817424,56.4790893],[84.9856263,56.4791012],[84.9918061,56.4791071]]},"properties":{"name":"Томск","type":"Не обособленные","lanes":1,"length":776.7966514544132,"population":545391,"short_name":"Томск","lanes_length":776.7966514544132}},{"type":"Feature","id":14182,"geometry":{"type":"LineString","coordinates":[[84.9937174,56.4791008],[84.9958632,56.4790949]]},"properties":{"name":"Томск","type":"Не обособленные","lanes":1,"length":132.2230844762313,"population":545391,"short_name":"Томск","lanes_length":132.2230844762313}},{"type":"Feature","id":14183,"geometry":{"type":"LineString","coordinates":[[84.999233,56.4790768],[84.999976,56.4790768]]},"properties":{"name":"Томск","type":"Не обособленные","lanes":1,"length":45.78273533232539,"population":545391,"short_name":"Томск","lanes_length":45.78273533232539}},{"type":"Feature","id":14184,"geometry":{"type":"LineString","coordinates":[[85.0029157,56.478982],[85.0028793,56.4774624],[85.0029544,56.4773913],[85.0030939,56.4773795],[85.0102607,56.4774032],[85.0110117,56.4774269],[85.0115482,56.4774091],[85.0118271,56.4773972]]},"properties":{"name":"Томск","type":"Не обособленные","lanes":1,"length":725.435608516771,"population":545391,"short_name":"Томск","lanes_length":725.435608516771}},{"type":"Feature","id":14185,"geometry":{"type":"LineString","coordinates":[[85.0029118,56.4787777],[85.0030191,56.4786355],[85.0032122,56.4785585],[85.0034482,56.4785526],[85.0099821,56.4785703],[85.0102503,56.4785644],[85.010422,56.4785111],[85.0105293,56.4783985],[85.0104971,56.4776105],[85.0106258,56.4775097],[85.0112267,56.4774564],[85.0118271,56.4773972]]},"properties":{"name":"Томск","type":"Не обособленные","lanes":1,"length":668.4391597296499,"population":545391,"short_name":"Томск","lanes_length":668.4391597296499}},{"type":"Feature","id":14186,"geometry":{"type":"LineString","coordinates":[[84.9703145,56.4664903],[84.9692095,56.4662414],[84.9541462,56.4664192],[84.9536312,56.4665258],[84.9535025,56.4668103],[84.9533094,56.4724404],[84.953009,56.4762447]]},"properties":{"name":"Томск","type":"Не обособленные","lanes":1,"length":2119.827620047679,"population":545391,"short_name":"Томск","lanes_length":2119.827620047679}},{"type":"Feature","id":14187,"geometry":{"type":"LineString","coordinates":[[84.9530111,56.4779566],[84.9530645,56.4794339]]},"properties":{"name":"Томск","type":"Не обособленные","lanes":1,"length":164.5310004792551,"population":545391,"short_name":"Томск","lanes_length":164.5310004792551}},{"type":"Feature","id":14188,"geometry":{"type":"LineString","coordinates":[[84.9883771,56.461997],[84.9884893,56.4619079],[84.9885108,56.4617716],[84.9884035,56.4616767],[84.9873306,56.4610958]]},"properties":{"name":"Томск","type":"Не обособленные","lanes":1,"length":132.30873069241795,"population":545391,"short_name":"Томск","lanes_length":132.30873069241795}},{"type":"Feature","id":14189,"geometry":{"type":"LineString","coordinates":[[44.6697193,43.0663616],[44.6694511,43.0663068],[44.6693652,43.0661892],[44.6681314,43.0637593],[44.6671766,43.0618859],[44.6670693,43.0616743],[44.6670585,43.0615253],[44.6671444,43.058429]]},"properties":{"name":"Владикавказ","type":"Не обособленные","lanes":1,"length":933.4350279945784,"population":292717,"short_name":"Владикавказ","lanes_length":933.4350279945784}},{"type":"Feature","id":14190,"geometry":{"type":"LineString","coordinates":[[44.6585432,43.0441186],[44.6553444,43.042884],[44.6507524,43.0411354]]},"properties":{"name":"Владикавказ","type":"Не обособленные","lanes":1,"length":716.1344270557499,"population":292717,"short_name":"Владикавказ","lanes_length":716.1344270557499}},{"type":"Feature","id":14191,"geometry":{"type":"LineString","coordinates":[[44.653657,43.0462512],[44.6534638,43.0516375]]},"properties":{"name":"Владикавказ","type":"Не обособленные","lanes":1,"length":598.5909514515182,"population":292717,"short_name":"Владикавказ","lanes_length":598.5909514515182}},{"type":"Feature","id":14192,"geometry":{"type":"LineString","coordinates":[[44.6477561,43.0543304],[44.6480672,43.0458317],[44.6481423,43.04562],[44.6482389,43.0454945],[44.6510177,43.0414485],[44.6512001,43.0413858],[44.6514683,43.0414172]]},"properties":{"name":"Владикавказ","type":"Не обособленные","lanes":1,"length":1526.6444556462213,"population":292717,"short_name":"Владикавказ","lanes_length":1526.6444556462213}},{"type":"Feature","id":14193,"geometry":{"type":"LineString","coordinates":[[44.6587203,43.0442051],[44.6743844,43.01936],[44.6748994,43.018858]]},"properties":{"name":"Владикавказ","type":"Не обособленные","lanes":1,"length":3110.85904800188,"population":292717,"short_name":"Владикавказ","lanes_length":3110.85904800188}},{"type":"Feature","id":14194,"geometry":{"type":"LineString","coordinates":[[44.6754573,43.0180422],[44.6759079,43.0170538],[44.6760152,43.0166302],[44.6760367,43.0160968]]},"properties":{"name":"Владикавказ","type":"Не обособленные","lanes":1,"length":222.9332886360345,"population":292717,"short_name":"Владикавказ","lanes_length":222.9332886360345}},{"type":"Feature","id":14195,"geometry":{"type":"LineString","coordinates":[[44.6745357,43.0192342],[44.6792993,43.0204736],[44.67975,43.0205363],[44.6816597,43.0207716]]},"properties":{"name":"Владикавказ","type":"Не обособленные","lanes":1,"length":607.2314080818197,"population":292717,"short_name":"Владикавказ","lanes_length":607.2314080818197}},{"type":"Feature","id":14196,"geometry":{"type":"LineString","coordinates":[[44.6822069,43.0208422],[44.6823356,43.0210854],[44.6822498,43.0213599],[44.6816597,43.0241758]]},"properties":{"name":"Владикавказ","type":"Не обособленные","lanes":1,"length":376.7734023466878,"population":292717,"short_name":"Владикавказ","lanes_length":376.7734023466878}},{"type":"Feature","id":14197,"geometry":{"type":"LineString","coordinates":[[44.679831,43.0347706],[44.6798739,43.0348804],[44.6800027,43.034904],[44.6861288,43.0355705],[44.6865151,43.0356803],[44.6867404,43.0358842],[44.6876523,43.037037],[44.687706,43.0371624],[44.6876523,43.0373271],[44.6815905,43.0432866],[44.6812579,43.0433336],[44.680979,43.0432709],[44.6714089,43.0412714],[44.671205,43.0412557],[44.6711084,43.0413655],[44.6692416,43.0465876],[44.6691022,43.0466738],[44.6689198,43.0466582],[44.667888,43.0464551]]},"properties":{"name":"Владикавказ","type":"Не обособленные","lanes":1,"length":3208.693827933724,"population":292717,"short_name":"Владикавказ","lanes_length":3208.693827933724}},{"type":"Feature","id":14198,"geometry":{"type":"LineString","coordinates":[[33.3588673,45.1850925],[33.3680595,45.1864804],[33.3682741,45.1866014],[33.3682955,45.1868434],[33.3670725,45.1904275],[33.3672656,45.1906392]]},"properties":{"name":"Евпатория","type":"Не обособленные","lanes":1,"length":1224.9791692455565,"population":106405,"short_name":"Евпатория","lanes_length":1224.9791692455565}},{"type":"Feature","id":14199,"geometry":{"type":"LineString","coordinates":[[33.3682955,45.1909568],[33.369068,45.1913197],[33.3699049,45.1915919],[33.3697118,45.1920456],[33.3706344,45.1923026],[33.3725227,45.1928319],[33.3743252,45.1938602],[33.3775653,45.1956898],[33.3794964,45.1964459],[33.3815135,45.1975194],[33.3871354,45.1991978],[33.3882726,45.1989407],[33.3947529,45.1983813],[33.4037007,45.19696],[33.4045805,45.1967483],[33.4073485,45.1958108]]},"properties":{"name":"Евпатория","type":"Не обособленные","lanes":1,"length":3436.2132884753937,"population":106405,"short_name":"Евпатория","lanes_length":3436.2132884753937}},{"type":"Feature","id":14200,"geometry":{"type":"LineString","coordinates":[[58.3714602,51.2137532],[58.3705483,51.2130408],[58.370323,51.212819],[58.3677373,51.2098954],[58.3673403,51.2095526],[58.3667503,51.2092568],[58.3618901,51.2072135]]},"properties":{"name":"Новотроицк","type":"Не обособленные","lanes":1,"length":1011.6496048741805,"population":74469,"short_name":"Новотроицк","lanes_length":1011.6496048741805}},{"type":"Feature","id":14201,"geometry":{"type":"LineString","coordinates":[[58.3592449,51.2073911],[58.3569146,51.2099615]]},"properties":{"name":"Новотроицк","type":"Не обособленные","lanes":1,"length":329.0802618614165,"population":74469,"short_name":"Новотроицк","lanes_length":329.0802618614165}},{"type":"Feature","id":14202,"geometry":{"type":"LineString","coordinates":[[58.3581291,51.2058384],[58.3521457,51.2036636],[58.3513196,51.2033745],[58.3505471,51.2032199],[58.3497854,51.203146],[58.343112,51.2022452],[58.3425005,51.2021107],[58.3420499,51.2019494],[58.3347543,51.1993477],[58.3344968,51.1992267],[58.3334775,51.1987494],[58.3330591,51.1984536],[58.3294971,51.1958786],[58.3291002,51.1956836],[58.3285745,51.1955761],[58.3278127,51.1955761],[58.3022888,51.1962955],[58.3018704,51.1964434],[58.3017524,51.196598],[58.3015914,51.19684],[58.2990058,51.2003561],[58.2988127,51.2007192],[58.2987912,51.2011158],[58.2993169,51.2087856],[58.2993813,51.2089268],[58.2995959,51.2090276]]},"properties":{"name":"Новотроицк","type":"Не обособленные","lanes":1,"length":5741.251572254694,"population":74469,"short_name":"Новотроицк","lanes_length":5741.251572254694}},{"type":"Feature","id":14203,"geometry":{"type":"LineString","coordinates":[[58.3022888,51.1962955],[58.3014523,51.1963215],[58.3009373,51.1962274],[58.3007549,51.1961938],[58.2967531,51.1941364],[58.2933842,51.1924622]]},"properties":{"name":"Новотроицк","type":"Не обособленные","lanes":1,"length":771.024559917925,"population":74469,"short_name":"Новотроицк","lanes_length":771.024559917925}},{"type":"Feature","id":14204,"geometry":{"type":"LineString","coordinates":[[58.2917477,51.1920725],[58.2711162,51.1903309],[58.2708802,51.1903511],[58.2706978,51.1904318]]},"properties":{"name":"Новотроицк","type":"Не обособленные","lanes":1,"length":1487.5251208589657,"population":74469,"short_name":"Новотроицк","lanes_length":1487.5251208589657}},{"type":"Feature","id":14205,"geometry":{"type":"LineString","coordinates":[[45.9984234,51.5352531],[46.0000839,51.5363459],[46.0062208,51.5325818],[46.0073151,51.5332226]]},"properties":{"name":"Саратов","type":"Не обособленные","lanes":1,"length":868.9150865495499,"population":887365,"short_name":"Саратов","lanes_length":868.9150865495499}},{"type":"Feature","id":14206,"geometry":{"type":"LineString","coordinates":[[46.0073151,51.5332226],[46.0085382,51.5331091],[46.0103621,51.5318477],[46.0113277,51.5313805],[46.015748,51.5304327],[46.0173144,51.5331692],[46.0086455,51.5352647]]},"properties":{"name":"Саратов","type":"Не обособленные","lanes":1,"length":1652.3529566267139,"population":887365,"short_name":"Саратов","lanes_length":1652.3529566267139}},{"type":"Feature","id":14207,"geometry":{"type":"LineString","coordinates":[[46.0151901,51.5458613],[46.0191614,51.5518973],[46.017874,51.5563268],[46.0216505,51.5585147],[46.0207064,51.5644375],[46.0225088,51.567372],[46.0253412,51.5666784]]},"properties":{"name":"Саратов","type":"Не обособленные","lanes":1,"length":2807.0868291433662,"population":887365,"short_name":"Саратов","lanes_length":2807.0868291433662}},{"type":"Feature","id":14208,"geometry":{"type":"LineString","coordinates":[[50.2770575,53.2074265],[50.287011,53.198752]]},"properties":{"name":"Самара","type":"Не обособленные","lanes":1,"length":1172.3232698592178,"population":1158952,"short_name":"Самара","lanes_length":1172.3232698592178}},{"type":"Feature","id":14209,"geometry":{"type":"LineString","coordinates":[[50.287043,53.198732],[50.293851,53.192758]]},"properties":{"name":"Самара","type":"Не обособленные","lanes":1,"length":805.6337675759838,"population":1158952,"short_name":"Самара","lanes_length":805.6337675759838}},{"type":"Feature","id":14210,"geometry":{"type":"LineString","coordinates":[[50.0919364,53.1844718],[50.0901591,53.1821716],[50.0882531,53.182649],[50.09619,53.19443],[50.124594,53.187619],[50.131908,53.189783],[50.134458,53.189144],[50.135136,53.189779],[50.13866,53.18895],[50.140352,53.190837],[50.1491364,53.1944847],[50.1507244,53.1938255],[50.153007,53.195399],[50.1568884,53.1970045]]},"properties":{"name":"Самара","type":"Не обособленные","lanes":1,"length":6574.115233475964,"population":1158952,"short_name":"Самара","lanes_length":6574.115233475964}},{"type":"Feature","id":14211,"geometry":{"type":"LineString","coordinates":[[50.1568884,53.1970045],[50.1694989,53.1913887],[50.173139,53.191146],[50.213288,53.192357]]},"properties":{"name":"Самара","type":"Не обособленные","lanes":1,"length":3980.985728127769,"population":1158952,"short_name":"Самара","lanes_length":3980.985728127769}},{"type":"Feature","id":14212,"geometry":{"type":"LineString","coordinates":[[50.128391,53.201359],[50.118156,53.196764],[50.113583,53.19026]]},"properties":{"name":"Самара","type":"Не обособленные","lanes":1,"length":1639.7301527041172,"population":1158952,"short_name":"Самара","lanes_length":1639.7301527041172}},{"type":"Feature","id":14213,"geometry":{"type":"LineString","coordinates":[[50.0898487,53.1850565],[50.092014,53.184482],[50.096316,53.183382],[50.107154,53.199101],[50.122424,53.205977],[50.1308163,53.199549],[50.1353455,53.2015522],[50.1407121,53.197281]]},"properties":{"name":"Самара","type":"Не обособленные","lanes":1,"length":5520.024094729323,"population":1158952,"short_name":"Самара","lanes_length":5520.024094729323}},{"type":"Feature","id":14214,"geometry":{"type":"LineString","coordinates":[[50.262852,53.219396],[50.2834108,53.2287214],[50.2864398,53.2339362]]},"properties":{"name":"Самара","type":"Не обособленные","lanes":1,"length":2335.7892496830946,"population":1158952,"short_name":"Самара","lanes_length":2335.7892496830946}},{"type":"Feature","id":14215,"geometry":{"type":"LineString","coordinates":[[50.227982,53.2017186],[50.2353886,53.2019446],[50.2391345,53.2035739],[50.248201,53.19564]]},"properties":{"name":"Самара","type":"Не обособленные","lanes":1,"length":1875.513506039032,"population":1158952,"short_name":"Самара","lanes_length":1875.513506039032}},{"type":"Feature","id":14216,"geometry":{"type":"LineString","coordinates":[[50.2887948,53.2378122],[50.2751478,53.2408366]]},"properties":{"name":"Самара","type":"Не обособленные","lanes":1,"length":971.329428445697,"population":1158952,"short_name":"Самара","lanes_length":971.329428445697}},{"type":"Feature","id":14217,"geometry":{"type":"LineString","coordinates":[[50.179732,53.212521],[50.1837273,53.2100667]]},"properties":{"name":"Самара","type":"Не обособленные","lanes":1,"length":381.90657777979,"population":1158952,"short_name":"Самара","lanes_length":381.90657777979}},{"type":"Feature","id":14218,"geometry":{"type":"LineString","coordinates":[[50.2493194,53.2298409],[50.2601754,53.2347083]]},"properties":{"name":"Самара","type":"Не обособленные","lanes":1,"length":904.9584227897883,"population":1158952,"short_name":"Самара","lanes_length":904.9584227897883}},{"type":"Feature","id":14219,"geometry":{"type":"LineString","coordinates":[[50.2391345,53.2035739],[50.235126,53.2066826]]},"properties":{"name":"Самара","type":"Не обособленные","lanes":1,"length":437.5307060345745,"population":1158952,"short_name":"Самара","lanes_length":437.5307060345745}},{"type":"Feature","id":14220,"geometry":{"type":"LineString","coordinates":[[45.9409943,51.5090539],[45.944352,51.5098492]]},"properties":{"name":"Саратов","type":"Не обособленные","lanes":1,"length":249.3403766518972,"population":887365,"short_name":"Саратов","lanes_length":249.3403766518972}},{"type":"Feature","id":14221,"geometry":{"type":"LineString","coordinates":[[107.5830123,51.8501028],[107.5830981,51.8499304],[107.582905,51.8497648],[107.5801155,51.8480548],[107.580094,51.8479355],[107.5802335,51.8477632],[107.5845036,51.8451518],[107.5851687,51.8446812],[107.590973,51.8411615],[107.5915524,51.8408367],[107.5957903,51.8376083]]},"properties":{"name":"Улан-Удэ","type":"Не обособленные","lanes":1,"length":1907.8279985682775,"population":435751,"short_name":"Улан-Удэ","lanes_length":1907.8279985682775}},{"type":"Feature","id":14222,"geometry":{"type":"LineString","coordinates":[[107.6142645,51.8418723],[107.6145498,51.842142]]},"properties":{"name":"Улан-Удэ","type":"Не обособленные","lanes":1,"length":35.87622016200366,"population":435751,"short_name":"Улан-Удэ","lanes_length":35.87622016200366}},{"type":"Feature","id":14223,"geometry":{"type":"LineString","coordinates":[[107.6563522,51.830917],[107.656599,51.8303402]]},"properties":{"name":"Улан-Удэ","type":"Не обособленные","lanes":1,"length":66.39405350133087,"population":435751,"short_name":"Улан-Удэ","lanes_length":66.39405350133087}},{"type":"Feature","id":14224,"geometry":{"type":"LineString","coordinates":[[107.6580903,51.8257054],[107.6578864,51.8238951]]},"properties":{"name":"Улан-Удэ","type":"Не обособленные","lanes":1,"length":201.91124864576457,"population":435751,"short_name":"Улан-Удэ","lanes_length":201.91124864576457}},{"type":"Feature","id":14225,"geometry":{"type":"LineString","coordinates":[[107.6578435,51.8235502],[107.6578071,51.8229707]]},"properties":{"name":"Улан-Удэ","type":"Не обособленные","lanes":1,"length":64.52630914629964,"population":435751,"short_name":"Улан-Удэ","lanes_length":64.52630914629964}},{"type":"Feature","id":14226,"geometry":{"type":"LineString","coordinates":[[107.6234641,51.807822],[107.622938,51.8078367],[107.6222621,51.8079097],[107.6185285,51.8090042],[107.6182817,51.8090507],[107.6177989,51.8090573]]},"properties":{"name":"Улан-Удэ","type":"Не обособленные","lanes":1,"length":419.5928831949663,"population":435751,"short_name":"Улан-Удэ","lanes_length":419.5928831949663}},{"type":"Feature","id":14227,"geometry":{"type":"LineString","coordinates":[[107.6182817,51.8090507],[107.6205018,51.8090725]]},"properties":{"name":"Улан-Удэ","type":"Не обособленные","lanes":1,"length":153.13911619977893,"population":435751,"short_name":"Улан-Удэ","lanes_length":153.13911619977893}},{"type":"Feature","id":14228,"geometry":{"type":"LineString","coordinates":[[107.6204498,51.8084224],[107.6203747,51.8088071],[107.6203962,51.8089597],[107.6205018,51.8090725]]},"properties":{"name":"Улан-Удэ","type":"Не обособленные","lanes":1,"length":74.6696260774851,"population":435751,"short_name":"Улан-Удэ","lanes_length":74.6696260774851}},{"type":"Feature","id":14229,"geometry":{"type":"LineString","coordinates":[[107.5873382,51.8316451],[107.5871801,51.8331206],[107.587223,51.8333592],[107.5876521,51.8335979],[107.5884675,51.834009]]},"properties":{"name":"Улан-Удэ","type":"Не обособленные","lanes":1,"length":303.46320001426847,"population":435751,"short_name":"Улан-Удэ","lanes_length":303.46320001426847}},{"type":"Feature","id":14230,"geometry":{"type":"LineString","coordinates":[[107.5898408,51.8346587],[107.5919544,51.835673]]},"properties":{"name":"Улан-Удэ","type":"Не обособленные","lanes":1,"length":184.28784362125765,"population":435751,"short_name":"Улан-Удэ","lanes_length":184.28784362125765}},{"type":"Feature","id":14231,"geometry":{"type":"LineString","coordinates":[[104.2590986,52.2817351],[104.2593239,52.2820567],[104.2592702,52.2823455],[104.258133,52.285194],[104.2576287,52.2866904],[104.2576287,52.2870841],[104.2577897,52.287537],[104.2580901,52.2878323],[104.2584763,52.287957],[104.259517,52.2879767],[104.2605577,52.2878651],[104.2707716,52.2867101],[104.2718444,52.2866838],[104.2722199,52.2866116],[104.2726062,52.2863622],[104.2774342,52.2832972],[104.2788826,52.2819123],[104.2791722,52.2817351],[104.2794512,52.2817416],[104.2799876,52.2818729]]},"properties":{"name":"Иркутск","type":"Не обособленные","lanes":1,"length":2465.4608141213976,"population":606369,"short_name":"Иркутск","lanes_length":2465.4608141213976}},{"type":"Feature","id":14232,"geometry":{"type":"LineString","coordinates":[[45.9083435,51.4677247],[45.908719,51.4681858],[45.9250161,51.47678],[45.930123,51.4768067]]},"properties":{"name":"Саратов","type":"Не обособленные","lanes":1,"length":1894.4318173329907,"population":887365,"short_name":"Саратов","lanes_length":1894.4318173329907}},{"type":"Feature","id":14233,"geometry":{"type":"LineString","coordinates":[[45.9303486,51.4920713],[45.9303698,51.4895013]]},"properties":{"name":"Саратов","type":"Не обособленные","lanes":1,"length":285.93597191485037,"population":887365,"short_name":"Саратов","lanes_length":285.93597191485037}},{"type":"Feature","id":14234,"geometry":{"type":"LineString","coordinates":[[104.2807201,52.2820669],[104.280924,52.2820735],[104.2810796,52.2820242],[104.2811815,52.2819291],[104.2823509,52.2803111],[104.2850546,52.2772883],[104.2856554,52.2765269],[104.2858593,52.2764087],[104.2861918,52.2763102],[104.286444,52.276284],[104.2866639,52.2763627],[104.2887239,52.2771899],[104.2897109,52.2777117],[104.2926828,52.2792838],[104.29404,52.2800453],[104.2950753,52.280636],[104.2957512,52.2811677],[104.3014214,52.2862084],[104.3016092,52.2863396],[104.3049137,52.2892207],[104.3050692,52.2892962],[104.3052945,52.2893027],[104.3054501,52.2892666],[104.3070755,52.2888991],[104.3072311,52.2888827],[104.3074028,52.2889155],[104.3075154,52.2889943]]},"properties":{"name":"Иркутск","type":"Не обособленные","lanes":1,"length":2900.317695845273,"population":606369,"short_name":"Иркутск","lanes_length":2900.317695845273}},{"type":"Feature","id":14235,"geometry":{"type":"LineString","coordinates":[[45.9486328,51.5080396],[45.9502196,51.5059961]]},"properties":{"name":"Саратов","type":"Не обособленные","lanes":1,"length":252.64264738587354,"population":887365,"short_name":"Саратов","lanes_length":252.64264738587354}},{"type":"Feature","id":14236,"geometry":{"type":"LineString","coordinates":[[104.3136552,52.2932869],[104.3140951,52.29393],[104.3142453,52.2940087],[104.314535,52.2939956],[104.3221954,52.2919613],[104.3223885,52.291981],[104.3231586,52.2927777],[104.3235211,52.2928657]]},"properties":{"name":"Иркутск","type":"Не обособленные","lanes":1,"length":823.480383388314,"population":606369,"short_name":"Иркутск","lanes_length":823.480383388314}},{"type":"Feature","id":14237,"geometry":{"type":"LineString","coordinates":[[104.2957512,52.2811677],[104.2980784,52.2801193],[104.2982716,52.2800996],[104.2984647,52.2801784],[104.299795,52.2810776]]},"properties":{"name":"Иркутск","type":"Не обособленные","lanes":1,"length":361.36918307942904,"population":606369,"short_name":"Иркутск","lanes_length":361.36918307942904}},{"type":"Feature","id":14238,"geometry":{"type":"LineString","coordinates":[[104.2970377,52.2823379],[104.299795,52.2810776],[104.3024773,52.2798633]]},"properties":{"name":"Иркутск","type":"Не обособленные","lanes":1,"length":462.2101827056887,"population":606369,"short_name":"Иркутск","lanes_length":462.2101827056887}},{"type":"Feature","id":14239,"geometry":{"type":"LineString","coordinates":[[104.3062033,52.2774072],[104.3138637,52.2642437],[104.3140676,52.2641453],[104.3144431,52.264165],[104.3252363,52.2665944],[104.3255474,52.2665353],[104.3320384,52.2639089]]},"properties":{"name":"Иркутск","type":"Не обособленные","lanes":1,"length":2936.6776831795464,"population":606369,"short_name":"Иркутск","lanes_length":2936.6776831795464}},{"type":"Feature","id":14240,"geometry":{"type":"LineString","coordinates":[[104.3250754,52.266577],[104.3180802,52.2787486],[104.3180373,52.2790243]]},"properties":{"name":"Иркутск","type":"Не обособленные","lanes":1,"length":1466.889182342694,"population":606369,"short_name":"Иркутск","lanes_length":1466.889182342694}},{"type":"Feature","id":14241,"geometry":{"type":"LineString","coordinates":[[104.3221331,52.2716151],[104.3283559,52.2728493]]},"properties":{"name":"Иркутск","type":"Не обособленные","lanes":1,"length":446.4210210531575,"population":606369,"short_name":"Иркутск","lanes_length":446.4210210531575}},{"type":"Feature","id":14242,"geometry":{"type":"LineString","coordinates":[[73.3245993,55.0344625],[73.3267232,55.0334082],[73.3293196,55.0318587],[73.3300277,55.0316004]]},"properties":{"name":"Омск","type":"Не обособленные","lanes":1,"length":472.54165700203987,"population":1104485,"short_name":"Омск","lanes_length":472.54165700203987}},{"type":"Feature","id":14243,"geometry":{"type":"LineString","coordinates":[[73.3647247,55.0236798],[73.3650722,55.0235344],[73.3650722,55.0231654],[73.3648361,55.0020276],[73.3649863,55.0018306],[73.365394,55.0017937]]},"properties":{"name":"Омск","type":"Не обособленные","lanes":1,"length":2472.1160814741784,"population":1104485,"short_name":"Омск","lanes_length":2472.1160814741784}},{"type":"Feature","id":14244,"geometry":{"type":"LineString","coordinates":[[73.3802946,54.9988929],[73.3811261,54.9985822],[73.3815767,54.9985698],[73.3818342,54.9987422],[73.3826496,54.9995422],[73.3828856,54.9995914],[73.3831646,54.9995299]]},"properties":{"name":"Омск","type":"Не обособленные","lanes":1,"length":256.03983810171746,"population":1104485,"short_name":"Омск","lanes_length":256.03983810171746}},{"type":"Feature","id":14245,"geometry":{"type":"LineString","coordinates":[[73.3982922,55.0069754],[73.4056241,55.0128949]]},"properties":{"name":"Омск","type":"Не обособленные","lanes":1,"length":808.8844697992122,"population":1104485,"short_name":"Омск","lanes_length":808.8844697992122}},{"type":"Feature","id":14246,"geometry":{"type":"LineString","coordinates":[[73.4008402,55.0039656],[73.4012782,55.0041122],[73.4016001,55.0040876],[73.4018254,55.0039953],[73.4042715,55.0018108],[73.4049045,55.0014785]]},"properties":{"name":"Омск","type":"Не обособленные","lanes":1,"length":414.97613150116246,"population":1104485,"short_name":"Омск","lanes_length":414.97613150116246}},{"type":"Feature","id":14247,"geometry":{"type":"LineString","coordinates":[[73.4114599,54.9836092],[73.4116382,54.9835193],[73.4119708,54.9835009],[73.4145993,54.9836363],[73.4335786,54.9845228]]},"properties":{"name":"Омск","type":"Не обособленные","lanes":1,"length":1424.5691786660689,"population":1104485,"short_name":"Омск","lanes_length":1424.5691786660689}},{"type":"Feature","id":14248,"geometry":{"type":"LineString","coordinates":[[73.4116382,54.9835193],[73.4102629,54.9833777],[73.3946846,54.9825466],[73.3882473,54.9821526]]},"properties":{"name":"Омск","type":"Не обособленные","lanes":1,"length":1505.5293401510664,"population":1104485,"short_name":"Омск","lanes_length":1505.5293401510664}},{"type":"Feature","id":14249,"geometry":{"type":"LineString","coordinates":[[73.4142442,54.9571735],[73.4134717,54.9646451],[73.4129031,54.9680572],[73.41168,54.9747203]]},"properties":{"name":"Омск","type":"Не обособленные","lanes":1,"length":1960.6971891596727,"population":1104485,"short_name":"Омск","lanes_length":1960.6971891596727}},{"type":"Feature","id":14250,"geometry":{"type":"LineString","coordinates":[[73.3852005,54.9546451],[73.3850825,54.9543371],[73.3844387,54.9474672],[73.3841169,54.9456617],[73.3818745,54.9409104]]},"properties":{"name":"Омск","type":"Не обособленные","lanes":1,"length":1551.1458570945456,"population":1104485,"short_name":"Омск","lanes_length":1551.1458570945456}},{"type":"Feature","id":14251,"geometry":{"type":"LineString","coordinates":[[73.3816612,54.9404784],[73.3815325,54.9401518]]},"properties":{"name":"Омск","type":"Не обособленные","lanes":1,"length":37.28178108817589,"population":1104485,"short_name":"Омск","lanes_length":37.28178108817589}},{"type":"Feature","id":14252,"geometry":{"type":"LineString","coordinates":[[73.380245,54.939819],[73.3800305,54.9397697],[73.379891,54.9396033],[73.378861,54.9372612]]},"properties":{"name":"Омск","type":"Не обособленные","lanes":1,"length":304.32672748017666,"population":1104485,"short_name":"Омск","lanes_length":304.32672748017666}},{"type":"Feature","id":14253,"geometry":{"type":"LineString","coordinates":[[44.492771,48.692846],[44.4950037,48.6912756],[44.4993971,48.6938495]]},"properties":{"name":"Волгоград","type":"Не обособленные","lanes":1,"length":671.7332923882694,"population":1018898,"short_name":"Волгоград","lanes_length":671.7332923882694}},{"type":"Feature","id":14254,"geometry":{"type":"LineString","coordinates":[[44.503745,48.710113],[44.504062,48.709784],[44.508107,48.7064]]},"properties":{"name":"Волгоград","type":"Не обособленные","lanes":1,"length":523.2262950105497,"population":1018898,"short_name":"Волгоград","lanes_length":523.2262950105497}},{"type":"Feature","id":14255,"geometry":{"type":"LineString","coordinates":[[44.481656,48.717597],[44.481128,48.71784],[44.47072,48.722441],[44.467105,48.724423]]},"properties":{"name":"Волгоград","type":"Не обособленные","lanes":1,"length":1313.7802024167572,"population":1018898,"short_name":"Волгоград","lanes_length":1313.7802024167572}},{"type":"Feature","id":14256,"geometry":{"type":"LineString","coordinates":[[44.578439,48.507801],[44.564604,48.517275],[44.564092,48.517379]]},"properties":{"name":"Волгоград","type":"Не обособленные","lanes":1,"length":1507.4515366505448,"population":1018898,"short_name":"Волгоград","lanes_length":1507.4515366505448}},{"type":"Feature","id":14257,"geometry":{"type":"LineString","coordinates":[[44.543627,48.771818],[44.5474737,48.7795893],[44.5527094,48.7831524]]},"properties":{"name":"Волгоград","type":"Не обособленные","lanes":1,"length":1461.6047503912596,"population":1018898,"short_name":"Волгоград","lanes_length":1461.6047503912596}},{"type":"Feature","id":14258,"geometry":{"type":"LineString","coordinates":[[44.4978337,48.7137019],[44.4992656,48.7132215],[44.5018127,48.7115381]]},"properties":{"name":"Волгоград","type":"Не обособленные","lanes":1,"length":383.0588408773825,"population":1018898,"short_name":"Волгоград","lanes_length":383.0588408773825}},{"type":"Feature","id":14259,"geometry":{"type":"LineString","coordinates":[[135.086734,48.46665],[135.08619,48.466951],[135.085224,48.468018],[135.082563,48.470003],[135.078078,48.47314],[135.072888,48.476387],[135.069401,48.478848],[135.0637017,48.4830545],[135.063498,48.4835638]]},"properties":{"name":"Хабаровск","type":"Не обособленные","lanes":1,"length":2558.8698908760357,"population":615570,"short_name":"Хабаровск","lanes_length":2558.8698908760357}},{"type":"Feature","id":14260,"geometry":{"type":"LineString","coordinates":[[135.065401,48.486037],[135.064757,48.486279],[135.06157,48.488661],[135.061302,48.488825],[135.059865,48.489137],[135.055487,48.490133],[135.054457,48.490673],[135.053041,48.491839],[135.049189,48.494634],[135.044093,48.498224],[135.043192,48.498743],[135.039941,48.500229],[135.039212,48.501494],[135.037978,48.503933]]},"properties":{"name":"Хабаровск","type":"Не обособленные","lanes":1,"length":2940.271571450754,"population":615570,"short_name":"Хабаровск","lanes_length":2940.271571450754}},{"type":"Feature","id":14261,"geometry":{"type":"LineString","coordinates":[[135.071765,48.495548],[135.071451,48.495693],[135.067835,48.496447]]},"properties":{"name":"Хабаровск","type":"Не обособленные","lanes":1,"length":308.35061749530564,"population":615570,"short_name":"Хабаровск","lanes_length":308.35061749530564}},{"type":"Feature","id":14262,"geometry":{"type":"LineString","coordinates":[[135.065754,48.496952],[135.065657,48.497201],[135.066322,48.499547],[135.066644,48.501132],[135.067384,48.504153]]},"properties":{"name":"Хабаровск","type":"Не обособленные","lanes":1,"length":812.2742908728541,"population":615570,"short_name":"Хабаровск","lanes_length":812.2742908728541}},{"type":"Feature","id":14263,"geometry":{"type":"LineString","coordinates":[[135.0440628,48.5099898],[135.0434405,48.5087303]]},"properties":{"name":"Хабаровск","type":"Не обособленные","lanes":1,"length":147.41122347417337,"population":615570,"short_name":"Хабаровск","lanes_length":147.41122347417337}},{"type":"Feature","id":14264,"geometry":{"type":"LineString","coordinates":[[87.101979,53.76549],[87.110141,53.763564],[87.111906,53.763324],[87.1303935,53.7631611],[87.1352332,53.7606125]]},"properties":{"name":"Новокузнецк","type":"Не обособленные","lanes":1,"length":2345.1284573900493,"population":531186,"short_name":"Новокузнецк","lanes_length":2345.1284573900493}},{"type":"Feature","id":14265,"geometry":{"type":"LineString","coordinates":[[87.136408,53.75727],[87.15143,53.7481]]},"properties":{"name":"Новокузнецк","type":"Не обособленные","lanes":1,"length":1422.5240944136206,"population":531186,"short_name":"Новокузнецк","lanes_length":1422.5240944136206}},{"type":"Feature","id":14266,"geometry":{"type":"LineString","coordinates":[[87.166628,53.756766],[87.16956,53.758018],[87.175818,53.765038]]},"properties":{"name":"Новокузнецк","type":"Не обособленные","lanes":1,"length":1121.9944635999727,"population":531186,"short_name":"Новокузнецк","lanes_length":1121.9944635999727}},{"type":"Feature","id":14267,"geometry":{"type":"LineString","coordinates":[[87.127553,53.743776],[87.131885,53.746312]]},"properties":{"name":"Новокузнецк","type":"Не обособленные","lanes":1,"length":401.6902020090991,"population":531186,"short_name":"Новокузнецк","lanes_length":401.6902020090991}},{"type":"Feature","id":14268,"geometry":{"type":"LineString","coordinates":[[87.194875,53.77277],[87.216866,53.782369]]},"properties":{"name":"Новокузнецк","type":"Не обособленные","lanes":1,"length":1800.892574800003,"population":531186,"short_name":"Новокузнецк","lanes_length":1800.892574800003}},{"type":"Feature","id":14269,"geometry":{"type":"LineString","coordinates":[[87.167477,53.827473],[87.179639,53.838119]]},"properties":{"name":"Новокузнецк","type":"Не обособленные","lanes":1,"length":1430.10339640553,"population":531186,"short_name":"Новокузнецк","lanes_length":1430.10339640553}},{"type":"Feature","id":14270,"geometry":{"type":"LineString","coordinates":[[87.165427,53.827535],[87.160078,53.822895]]},"properties":{"name":"Новокузнецк","type":"Не обособленные","lanes":1,"length":625.1224746679565,"population":531186,"short_name":"Новокузнецк","lanes_length":625.1224746679565}},{"type":"Feature","id":14271,"geometry":{"type":"LineString","coordinates":[[87.1994193,53.8432507],[87.204748,53.841934],[87.208543,53.841686]]},"properties":{"name":"Новокузнецк","type":"Не обособленные","lanes":1,"length":631.4588635540731,"population":531186,"short_name":"Новокузнецк","lanes_length":631.4588635540731}},{"type":"Feature","id":14272,"geometry":{"type":"LineString","coordinates":[[87.2326588,53.7892655],[87.229149,53.7877963]]},"properties":{"name":"Новокузнецк","type":"Не обособленные","lanes":1,"length":283.28458029205046,"population":531186,"short_name":"Новокузнецк","lanes_length":283.28458029205046}},{"type":"Feature","id":14273,"geometry":{"type":"LineString","coordinates":[[87.2230336,53.7850453],[87.220921,53.78414]]},"properties":{"name":"Новокузнецк","type":"Не обособленные","lanes":1,"length":171.88130451822454,"population":531186,"short_name":"Новокузнецк","lanes_length":171.88130451822454}},{"type":"Feature","id":14274,"geometry":{"type":"LineString","coordinates":[[43.9957503,56.290683],[44.012895,56.2930051],[44.0318795,56.2956012]]},"properties":{"name":"Нижний Новгород","type":"Не обособленные","lanes":1,"length":2303.162700701284,"population":1204985,"short_name":"Нижний Новгород","lanes_length":2303.162700701284}},{"type":"Feature","id":14275,"geometry":{"type":"LineString","coordinates":[[44.0243527,56.3046619],[44.0235802,56.3049119],[44.0229365,56.3050369],[44.0220031,56.30515],[44.0214881,56.3053524],[44.0209517,56.3056738],[44.0200826,56.3064297],[44.0188274,56.3077807],[44.018012,56.3087151],[44.0176579,56.3095364],[44.016585,56.3107802],[44.0140209,56.3135295],[44.0128943,56.3147851],[44.0125617,56.3148982],[44.0107271,56.3143031],[43.9999875,56.3106612],[43.9981207,56.310072],[43.9879176,56.3080307],[43.9876494,56.3080188],[43.9830896,56.3085008],[43.9803216,56.308965]]},"properties":{"name":"Нижний Новгород","type":"Не обособленные","lanes":1,"length":3599.148293046694,"population":1204985,"short_name":"Нижний Новгород","lanes_length":3599.148293046694}},{"type":"Feature","id":14276,"geometry":{"type":"LineString","coordinates":[[43.9831435,56.3085081],[43.9840072,56.3100897],[43.985756,56.3134817],[43.9868074,56.3153443],[43.9867323,56.3154514],[43.9843505,56.3158858]]},"properties":{"name":"Нижний Новгород","type":"Не обособленные","lanes":1,"length":962.2234819206918,"population":1204985,"short_name":"Нижний Новгород","lanes_length":962.2234819206918}},{"type":"Feature","id":14277,"geometry":{"type":"LineString","coordinates":[[43.9868074,56.3153443],[43.9873117,56.3162547],[43.9881485,56.3177482],[43.9899295,56.3208362],[43.9919465,56.3249709],[43.9921182,56.3249947],[43.9939528,56.3245307],[43.9952081,56.3239893],[43.9964312,56.3234122],[43.9977508,56.3225258]]},"properties":{"name":"Нижний Новгород","type":"Не обособленные","lanes":1,"length":1579.652889293737,"population":1204985,"short_name":"Нижний Новгород","lanes_length":1579.652889293737}},{"type":"Feature","id":14278,"geometry":{"type":"LineString","coordinates":[[43.9998426,56.3219782],[44.0041341,56.3221924],[44.004354,56.322243],[44.0044452,56.322353],[44.0051855,56.3239236],[44.0054001,56.3240783],[44.0057542,56.32412],[44.0080073,56.3242806],[44.0085973,56.3242687],[44.0089835,56.3243758],[44.0120627,56.3255775],[44.0140207,56.3267167],[44.0143453,56.3267865],[44.0272698,56.3241357],[44.0336567,56.3227685],[44.0341518,56.3226262],[44.0342277,56.3224896],[44.0307305,56.3203538],[44.0301782,56.3200594],[44.0289364,56.3196206],[44.0276067,56.3192358],[44.0262126,56.3189104],[44.0233112,56.3181864],[44.0125617,56.3148982]]},"properties":{"name":"Нижний Новгород","type":"Не обособленные","lanes":1,"length":4081.8312322626093,"population":1204985,"short_name":"Нижний Новгород","lanes_length":4081.8312322626093}},{"type":"Feature","id":14279,"geometry":{"type":"LineString","coordinates":[[43.9462347,56.3190185],[43.9464815,56.3191494],[43.9466103,56.3194945],[43.9465406,56.3196551],[43.9463206,56.3197801]]},"properties":{"name":"Нижний Новгород","type":"Не обособленные","lanes":1,"length":98.21842910582811,"population":1204985,"short_name":"Нижний Новгород","lanes_length":98.21842910582811}},{"type":"Feature","id":14280,"geometry":{"type":"LineString","coordinates":[[43.8498077,56.3341236],[43.8535055,56.3299372],[43.8536218,56.3298441]]},"properties":{"name":"Нижний Новгород","type":"Не обособленные","lanes":1,"length":531.8600565750007,"population":1204985,"short_name":"Нижний Новгород","lanes_length":531.8600565750007}},{"type":"Feature","id":14281,"geometry":{"type":"LineString","coordinates":[[85.0617567,52.481109],[85.0740305,52.4828993]]},"properties":{"name":"Бийск","type":"Не обособленные","lanes":1,"length":857.3244890525589,"population":180851,"short_name":"Бийск","lanes_length":857.3244890525589}},{"type":"Feature","id":14282,"geometry":{"type":"LineString","coordinates":[[85.076897,52.483348],[85.0804375,52.4836485],[85.0813817,52.4838053]]},"properties":{"name":"Бийск","type":"Не обособленные","lanes":1,"length":309.31466586235587,"population":180851,"short_name":"Бийск","lanes_length":309.31466586235587}},{"type":"Feature","id":14283,"geometry":{"type":"LineString","coordinates":[[85.1069592,52.4875686],[85.1163197,52.489032]]},"properties":{"name":"Бийск","type":"Не обособленные","lanes":1,"length":656.3636368446579,"population":180851,"short_name":"Бийск","lanes_length":656.3636368446579}},{"type":"Feature","id":14284,"geometry":{"type":"LineString","coordinates":[[85.1251602,52.4903908],[85.1260614,52.4909134],[85.1289797,52.4910179],[85.1297092,52.4911747]]},"properties":{"name":"Бийск","type":"Не обособленные","lanes":1,"length":335.52948197654865,"population":180851,"short_name":"Бийск","lanes_length":335.52948197654865}},{"type":"Feature","id":14285,"geometry":{"type":"LineString","coordinates":[[85.1342583,52.5082607],[85.1315975,52.5162397]]},"properties":{"name":"Бийск","type":"Не обособленные","lanes":1,"length":906.0701363591523,"population":180851,"short_name":"Бийск","lanes_length":906.0701363591523}},{"type":"Feature","id":14286,"geometry":{"type":"LineString","coordinates":[[85.1339149,52.5168796],[85.1378632,52.5173235]]},"properties":{"name":"Бийск","type":"Не обособленные","lanes":1,"length":272.5396370839416,"population":180851,"short_name":"Бийск","lanes_length":272.5396370839416}},{"type":"Feature","id":14287,"geometry":{"type":"LineString","coordinates":[[85.1393867,52.5174802],[85.1416397,52.5177152]]},"properties":{"name":"Бийск","type":"Не обособленные","lanes":1,"length":155.16015836337377,"population":180851,"short_name":"Бийск","lanes_length":155.16015836337377}},{"type":"Feature","id":14288,"geometry":{"type":"LineString","coordinates":[[85.1527586,52.5276218],[85.1907387,52.5323603],[85.1966181,52.5342007],[85.1990428,52.5352971],[85.2016821,52.5368111]]},"properties":{"name":"Бийск","type":"Не обособленные","lanes":1,"length":3530.0361125628315,"population":180851,"short_name":"Бийск","lanes_length":3530.0361125628315}},{"type":"Feature","id":14289,"geometry":{"type":"LineString","coordinates":[[85.2022829,52.5371765],[85.2029588,52.5375736],[85.2035167,52.5377824],[85.2085754,52.5395704]]},"properties":{"name":"Бийск","type":"Не обособленные","lanes":1,"length":504.8362824542711,"population":180851,"short_name":"Бийск","lanes_length":504.8362824542711}},{"type":"Feature","id":14290,"geometry":{"type":"LineString","coordinates":[[85.2094219,52.5398706],[85.2096365,52.5399684],[85.2179728,52.5435638]]},"properties":{"name":"Бийск","type":"Не обособленные","lanes":1,"length":710.9656930125919,"population":180851,"short_name":"Бийск","lanes_length":710.9656930125919}},{"type":"Feature","id":14291,"geometry":{"type":"LineString","coordinates":[[85.2269422,52.5495887],[85.2285342,52.5506528]]},"properties":{"name":"Бийск","type":"Не обособленные","lanes":1,"length":160.2590201586098,"population":180851,"short_name":"Бийск","lanes_length":160.2590201586098}},{"type":"Feature","id":14292,"geometry":{"type":"LineString","coordinates":[[85.2462475,52.5585067],[85.246441,52.5585037],[85.2474817,52.5579493],[85.247589,52.5578123],[85.2474603,52.557721],[85.2466985,52.5572448],[85.2464947,52.5572448]]},"properties":{"name":"Бийск","type":"Не обособленные","lanes":1,"length":224.98862890598545,"population":180851,"short_name":"Бийск","lanes_length":224.98862890598545}},{"type":"Feature","id":14293,"geometry":{"type":"LineString","coordinates":[[85.2179728,52.5435638],[85.2178971,52.5433493],[85.2180581,52.5431014],[85.2212338,52.5400998],[85.2232079,52.5385924],[85.2316408,52.532458],[85.2341084,52.5305652],[85.2348058,52.5299321]]},"properties":{"name":"Бийск","type":"Не обособленные","lanes":1,"length":1910.899927383051,"population":180851,"short_name":"Бийск","lanes_length":1910.899927383051}},{"type":"Feature","id":14294,"geometry":{"type":"LineString","coordinates":[[85.2962133,52.5480791],[85.2964417,52.5482682],[85.2963987,52.5485031],[85.295004,52.5522999]]},"properties":{"name":"Бийск","type":"Не обособленные","lanes":1,"length":485.39479537127886,"population":180851,"short_name":"Бийск","lanes_length":485.39479537127886}},{"type":"Feature","id":14295,"geometry":{"type":"LineString","coordinates":[[85.125096,52.5066439],[85.1225854,52.5029273]]},"properties":{"name":"Бийск","type":"Не обособленные","lanes":1,"length":447.3298839086652,"population":180851,"short_name":"Бийск","lanes_length":447.3298839086652}},{"type":"Feature","id":14296,"geometry":{"type":"LineString","coordinates":[[85.1248814,52.4926204],[85.1253533,52.4913323],[85.1260614,52.4909134]]},"properties":{"name":"Бийск","type":"Не обособленные","lanes":1,"length":213.85438512154383,"population":180851,"short_name":"Бийск","lanes_length":213.85438512154383}},{"type":"Feature","id":14297,"geometry":{"type":"LineString","coordinates":[[82.938426,54.959614],[82.93319,54.962608],[82.93287,54.962638]]},"properties":{"name":"Новосибирск","type":"Не обособленные","lanes":1,"length":493.6104972047507,"population":1633851,"short_name":"Новосибирск","lanes_length":493.6104972047507}},{"type":"Feature","id":14298,"geometry":{"type":"LineString","coordinates":[[82.919648,55.048904],[82.919519,55.048854],[82.919471,55.04878],[82.919498,55.048678],[82.921096,55.042307]]},"properties":{"name":"Новосибирск","type":"Не обособленные","lanes":1,"length":746.7898776925017,"population":1633851,"short_name":"Новосибирск","lanes_length":746.7898776925017}},{"type":"Feature","id":14299,"geometry":{"type":"LineString","coordinates":[[82.9257713,55.0295363],[82.9249518,55.0294376],[82.924776,55.029345],[82.924744,55.029216],[82.925796,55.02528],[82.9279949,55.0167548],[82.92748,55.015998],[82.927523,55.015863]]},"properties":{"name":"Новосибирск","type":"Не обособленные","lanes":1,"length":1591.7698759515374,"population":1633851,"short_name":"Новосибирск","lanes_length":1591.7698759515374}},{"type":"Feature","id":14300,"geometry":{"type":"LineString","coordinates":[[82.975576,55.073918],[82.975544,55.074019],[82.975452,55.074108],[82.96844,55.078995],[82.965307,55.081083],[82.965168,55.081163],[82.964964,55.081224],[82.964706,55.081194],[82.964427,55.081071],[82.9352,55.06604],[82.934814,55.065892],[82.934471,55.065843],[82.929793,55.06604],[82.929321,55.066028],[82.928849,55.065843]]},"properties":{"name":"Новосибирск","type":"Не обособленные","lanes":1,"length":4026.5874903079807,"population":1633851,"short_name":"Новосибирск","lanes_length":4026.5874903079807}},{"type":"Feature","id":14301,"geometry":{"type":"LineString","coordinates":[[82.9681747,55.0704455],[82.963647,55.06835],[82.963642,55.068267],[82.963652,55.068187]]},"properties":{"name":"Новосибирск","type":"Не обособленные","lanes":1,"length":389.76993630415564,"population":1633851,"short_name":"Новосибирск","lanes_length":389.76993630415564}},{"type":"Feature","id":14302,"geometry":{"type":"LineString","coordinates":[[82.901741,54.963107],[82.901097,54.964727]]},"properties":{"name":"Новосибирск","type":"Не обособленные","lanes":1,"length":185.0002944646225,"population":1633851,"short_name":"Новосибирск","lanes_length":185.0002944646225}},{"type":"Feature","id":14303,"geometry":{"type":"LineString","coordinates":[[82.8980237,54.9713857],[82.896721,54.978718]]},"properties":{"name":"Новосибирск","type":"Не обособленные","lanes":1,"length":820.5054619517099,"population":1633851,"short_name":"Новосибирск","lanes_length":820.5054619517099}},{"type":"Feature","id":14304,"geometry":{"type":"LineString","coordinates":[[82.8892424,54.9828067],[82.8892565,54.9833815],[82.892596,54.9853041]]},"properties":{"name":"Новосибирск","type":"Не обособленные","lanes":1,"length":366.51060454857543,"population":1633851,"short_name":"Новосибирск","lanes_length":366.51060454857543}},{"type":"Feature","id":14305,"geometry":{"type":"LineString","coordinates":[[82.9267183,55.0305287],[82.9268871,55.0297762]]},"properties":{"name":"Новосибирск","type":"Не обособленные","lanes":1,"length":84.46393244399295,"population":1633851,"short_name":"Новосибирск","lanes_length":84.46393244399295}},{"type":"Feature","id":14306,"geometry":{"type":"LineString","coordinates":[[82.928304,55.0152951],[82.9314046,55.0135911]]},"properties":{"name":"Новосибирск","type":"Не обособленные","lanes":1,"length":274.45722729273155,"population":1633851,"short_name":"Новосибирск","lanes_length":274.45722729273155}},{"type":"Feature","id":14307,"geometry":{"type":"LineString","coordinates":[[82.9358249,55.0117087],[82.9386466,55.0105336]]},"properties":{"name":"Новосибирск","type":"Не обособленные","lanes":1,"length":222.93778968384498,"population":1633851,"short_name":"Новосибирск","lanes_length":222.93778968384498}},{"type":"Feature","id":14308,"geometry":{"type":"LineString","coordinates":[[82.9535876,55.0149069],[82.965124,55.024006]]},"properties":{"name":"Новосибирск","type":"Не обособленные","lanes":1,"length":1253.2219229635673,"population":1633851,"short_name":"Новосибирск","lanes_length":1253.2219229635673}},{"type":"Feature","id":14309,"geometry":{"type":"LineString","coordinates":[[38.8845937,47.1997968],[38.8830988,47.1990531]]},"properties":{"name":"Таганрог","type":"Не обособленные","lanes":1,"length":140.23808289824234,"population":241557,"short_name":"Таганрог","lanes_length":140.23808289824234}},{"type":"Feature","id":14310,"geometry":{"type":"LineString","coordinates":[[38.9129896,47.2163972],[38.892684,47.223184]]},"properties":{"name":"Таганрог","type":"Не обособленные","lanes":1,"length":1713.1272835686486,"population":241557,"short_name":"Таганрог","lanes_length":1713.1272835686486}},{"type":"Feature","id":14311,"geometry":{"type":"LineString","coordinates":[[38.8935959,47.2315554],[38.891402,47.2349248],[38.886633,47.2364728],[38.8864292,47.2366985],[38.8880813,47.2392481]]},"properties":{"name":"Таганрог","type":"Не обособленные","lanes":1,"length":1149.0938283615083,"population":241557,"short_name":"Таганрог","lanes_length":1149.0938283615083}},{"type":"Feature","id":14312,"geometry":{"type":"LineString","coordinates":[[38.9201919,47.2187294],[38.9324442,47.2113544],[38.9326373,47.2111066],[38.93253,47.210888],[38.9316932,47.2097802],[38.9316932,47.2095761],[38.9319721,47.2094012],[38.9377443,47.2067627],[38.9378515,47.206617],[38.9377872,47.2065149]]},"properties":{"name":"Таганрог","type":"Не обособленные","lanes":1,"length":2042.1969221202567,"population":241557,"short_name":"Таганрог","lanes_length":2042.1969221202567}},{"type":"Feature","id":14313,"geometry":{"type":"LineString","coordinates":[[38.9365473,47.2048773],[38.9359465,47.2040027],[38.9357534,47.2039589],[38.9335781,47.2041892]]},"properties":{"name":"Таганрог","type":"Не обособленные","lanes":1,"length":289.5711204282563,"population":241557,"short_name":"Таганрог","lanes_length":289.5711204282563}},{"type":"Feature","id":14314,"geometry":{"type":"LineString","coordinates":[[38.9365473,47.2048773],[38.9363676,47.2049691],[38.9345223,47.2052898],[38.9343131,47.2052096],[38.9342111,47.2050602],[38.9339215,47.2043495],[38.9337981,47.2042293],[38.9335781,47.2041892]]},"properties":{"name":"Таганрог","type":"Не обособленные","lanes":1,"length":313.3685417274132,"population":241557,"short_name":"Таганрог","lanes_length":313.3685417274132}},{"type":"Feature","id":14315,"geometry":{"type":"LineString","coordinates":[[38.9335781,47.2041892],[38.9221906,47.2053622],[38.9080981,47.2095076]]},"properties":{"name":"Таганрог","type":"Не обособленные","lanes":1,"length":2035.4582125403767,"population":241557,"short_name":"Таганрог","lanes_length":2035.4582125403767}},{"type":"Feature","id":14316,"geometry":{"type":"LineString","coordinates":[[32.088652,54.784217],[32.0882251,54.7841083],[32.0800553,54.777492]]},"properties":{"name":"Смоленск","type":"Не обособленные","lanes":1,"length":934.883450216599,"population":310645,"short_name":"Смоленск","lanes_length":934.883450216599}},{"type":"Feature","id":14317,"geometry":{"type":"LineString","coordinates":[[32.0949978,54.7747926],[32.092391,54.772701],[32.090846,54.77233],[32.089301,54.771389],[32.086018,54.76905],[32.081855,54.767998],[32.077929,54.768258],[32.075676,54.768418],[32.0748577,54.7685719]]},"properties":{"name":"Смоленск","type":"Не обособленные","lanes":1,"length":1622.6244570554397,"population":310645,"short_name":"Смоленск","lanes_length":1622.6244570554397}},{"type":"Feature","id":14318,"geometry":{"type":"LineString","coordinates":[[32.071459,54.769731],[32.0704555,54.7700086],[32.061701,54.7674841]]},"properties":{"name":"Смоленск","type":"Не обособленные","lanes":1,"length":701.2448478046077,"population":310645,"short_name":"Смоленск","lanes_length":701.2448478046077}},{"type":"Feature","id":14319,"geometry":{"type":"LineString","coordinates":[[32.0590245,54.7704487],[32.055908,54.77384],[32.053011,54.776526],[32.051595,54.77785],[32.050972,54.778196],[32.050651,54.778035],[32.047539,54.775498],[32.047325,54.77509],[32.047217,54.774285],[32.046917,54.774087],[32.045801,54.774248],[32.042904,54.773926],[32.03666,54.773159],[32.030158,54.772058],[32.028286,54.773283]]},"properties":{"name":"Смоленск","type":"Не обособленные","lanes":1,"length":2841.5627913506405,"population":310645,"short_name":"Смоленск","lanes_length":2841.5627913506405}},{"type":"Feature","id":14320,"geometry":{"type":"LineString","coordinates":[[32.023715,54.781338],[32.023091,54.781307],[32.022949,54.781188],[32.022933,54.780838],[32.02297,54.780312]]},"properties":{"name":"Смоленск","type":"Не обособленные","lanes":1,"length":153.96732998464455,"population":310645,"short_name":"Смоленск","lanes_length":153.96732998464455}},{"type":"Feature","id":14321,"geometry":{"type":"LineString","coordinates":[[32.03497,54.781184],[32.035299,54.781307],[32.035371,54.781517],[32.035108,54.781763],[32.034495,54.782219],[32.032948,54.78323],[32.032712,54.783589],[32.032862,54.784046],[32.035137,54.78594],[32.035523,54.786645],[32.03548,54.788352],[32.035812,54.790016],[32.03636,54.791717],[32.036821,54.793462],[32.0372446,54.7953571],[32.0395003,54.7952903],[32.040435,54.7942796],[32.043215,54.794308]]},"properties":{"name":"Смоленск","type":"Не обособленные","lanes":1,"length":2159.282997463151,"population":310645,"short_name":"Смоленск","lanes_length":2159.282997463151}},{"type":"Feature","id":14322,"geometry":{"type":"LineString","coordinates":[[32.043215,54.794308],[32.0438158,54.7943827],[32.0440197,54.7946675],[32.0439875,54.7963872],[32.0436763,54.7993621],[32.044063,54.80003],[32.044943,54.800785],[32.044943,54.801007],[32.043655,54.803939],[32.044235,54.804829],[32.042475,54.808057],[32.04078,54.812125],[32.0391851,54.8159845],[32.0369033,54.8158875]]},"properties":{"name":"Смоленск","type":"Не обособленные","lanes":1,"length":2675.4029368015877,"population":310645,"short_name":"Смоленск","lanes_length":2675.4029368015877}},{"type":"Feature","id":14323,"geometry":{"type":"LineString","coordinates":[[32.0381461,54.7979609],[32.0438109,54.7977259]]},"properties":{"name":"Смоленск","type":"Не обособленные","lanes":1,"length":365.2722760560442,"population":310645,"short_name":"Смоленск","lanes_length":365.2722760560442}},{"type":"Feature","id":14324,"geometry":{"type":"LineString","coordinates":[[58.9889677,53.4178759],[58.961636,53.417764]]},"properties":{"name":"Магнитогорск","type":"Не обособленные","lanes":1,"length":1817.2537806205435,"population":406465,"short_name":"Магнитогорск","lanes_length":1817.2537806205435}},{"type":"Feature","id":14325,"geometry":{"type":"LineString","coordinates":[[58.996955,53.42659],[58.996946,53.425733]]},"properties":{"name":"Магнитогорск","type":"Не обособленные","lanes":1,"length":95.38107157826771,"population":406465,"short_name":"Магнитогорск","lanes_length":95.38107157826771}},{"type":"Feature","id":14326,"geometry":{"type":"LineString","coordinates":[[58.979471,53.4178005],[58.9780434,53.4160319],[58.978155,53.390323]]},"properties":{"name":"Магнитогорск","type":"Не обособленные","lanes":1,"length":3079.777933108689,"population":406465,"short_name":"Магнитогорск","lanes_length":3079.777933108689}},{"type":"Feature","id":14327,"geometry":{"type":"LineString","coordinates":[[58.9781274,53.3980374],[58.999088,53.398064]]},"properties":{"name":"Магнитогорск","type":"Не обособленные","lanes":1,"length":1394.263231992685,"population":406465,"short_name":"Магнитогорск","lanes_length":1394.263231992685}},{"type":"Feature","id":14328,"geometry":{"type":"LineString","coordinates":[[59.006512,53.446316],[58.991117,53.434941]]},"properties":{"name":"Магнитогорск","type":"Не обособленные","lanes":1,"length":1627.6586318966154,"population":406465,"short_name":"Магнитогорск","lanes_length":1627.6586318966154}},{"type":"Feature","id":14329,"geometry":{"type":"LineString","coordinates":[[58.970059,53.397983],[58.972126,53.397993]]},"properties":{"name":"Магнитогорск","type":"Не обособленные","lanes":1,"length":137.49769865672937,"population":406465,"short_name":"Магнитогорск","lanes_length":137.49769865672937}},{"type":"Feature","id":14330,"geometry":{"type":"LineString","coordinates":[[58.96156,53.4260717],[58.972023,53.4260961]]},"properties":{"name":"Магнитогорск","type":"Не обособленные","lanes":1,"length":695.5271137509089,"population":406465,"short_name":"Магнитогорск","lanes_length":695.5271137509089}},{"type":"Feature","id":14331,"geometry":{"type":"LineString","coordinates":[[59.0994149,53.3894261],[59.095746,53.385363]]},"properties":{"name":"Магнитогорск","type":"Не обособленные","lanes":1,"length":513.8787269700558,"population":406465,"short_name":"Магнитогорск","lanes_length":513.8787269700558}},{"type":"Feature","id":14332,"geometry":{"type":"LineString","coordinates":[[59.0996941,53.3954909],[59.0982167,53.4005992],[59.0989708,53.4016648]]},"properties":{"name":"Магнитогорск","type":"Не обособленные","lanes":1,"length":705.7183564021025,"population":406465,"short_name":"Магнитогорск","lanes_length":705.7183564021025}},{"type":"Feature","id":14333,"geometry":{"type":"LineString","coordinates":[[86.6622599,53.8727114],[86.6618019,53.8728331],[86.661258,53.87317],[86.660076,53.873309],[86.6592651,53.8732151],[86.6588654,53.8720075],[86.6505803,53.8719677]]},"properties":{"name":"Прокопьевск","type":"Не обособленные","lanes":1,"length":900.4194194535371,"population":178747,"short_name":"Прокопьевск","lanes_length":900.4194194535371}},{"type":"Feature","id":14334,"geometry":{"type":"LineString","coordinates":[[86.754614,53.878665],[86.756239,53.879273],[86.756242,53.879442]]},"properties":{"name":"Прокопьевск","type":"Не обособленные","lanes":1,"length":145.30466780067144,"population":178747,"short_name":"Прокопьевск","lanes_length":145.30466780067144}},{"type":"Feature","id":14335,"geometry":{"type":"LineString","coordinates":[[86.64619,53.871947],[86.6461471,53.8773234]]},"properties":{"name":"Прокопьевск","type":"Не обособленные","lanes":1,"length":598.4143023170521,"population":178747,"short_name":"Прокопьевск","lanes_length":598.4143023170521}},{"type":"Feature","id":14336,"geometry":{"type":"LineString","coordinates":[[86.6459715,53.8905615],[86.6460144,53.8896257]]},"properties":{"name":"Прокопьевск","type":"Не обособленные","lanes":1,"length":104.1954884892866,"population":178747,"short_name":"Прокопьевск","lanes_length":104.1954884892866}},{"type":"Feature","id":14337,"geometry":{"type":"LineString","coordinates":[[86.7540132,53.8822113],[86.7557084,53.8834508],[86.7547857,53.8849306],[86.7566889,53.8858689],[86.7565965,53.8877558]]},"properties":{"name":"Прокопьевск","type":"Не обособленные","lanes":1,"length":725.9987415165931,"population":178747,"short_name":"Прокопьевск","lanes_length":725.9987415165931}},{"type":"Feature","id":14338,"geometry":{"type":"LineString","coordinates":[[86.7552978,53.8896811],[86.7548794,53.8909646],[86.7558772,53.8920711],[86.75798,53.8925263],[86.7624861,53.8944736],[86.764764,53.894745]]},"properties":{"name":"Прокопьевск","type":"Не обособленные","lanes":1,"length":952.0949894802287,"population":178747,"short_name":"Прокопьевск","lanes_length":952.0949894802287}},{"type":"Feature","id":14339,"geometry":{"type":"LineString","coordinates":[[43.9401372,56.3009409],[43.939783,56.3011431],[43.9382381,56.3038217],[43.9363283,56.307262],[43.936264,56.3077024],[43.9375085,56.3114993],[43.9373583,56.3118445],[43.9360279,56.3128919],[43.9358563,56.3132489],[43.9361352,56.313475],[43.9381522,56.3142843],[43.9449594,56.3189552],[43.9451929,56.3191427],[43.9454491,56.3197957],[43.9455826,56.3198455],[43.9497531,56.3194153],[43.9494963,56.3186615]]},"properties":{"name":"Нижний Новгород","type":"Не обособленные","lanes":1,"length":2759.3290525382436,"population":1204985,"short_name":"Нижний Новгород","lanes_length":2759.3290525382436}},{"type":"Feature","id":14340,"geometry":{"type":"LineString","coordinates":[[43.8688807,56.2481422],[43.8418065,56.2505831]]},"properties":{"name":"Нижний Новгород","type":"Не обособленные","lanes":1,"length":1700.205133707037,"population":1204985,"short_name":"Нижний Новгород","lanes_length":1700.205133707037}},{"type":"Feature","id":14341,"geometry":{"type":"LineString","coordinates":[[44.0070277,56.3242025],[44.0080363,56.3224237],[44.0041341,56.3221924]]},"properties":{"name":"Нижний Новгород","type":"Не обособленные","lanes":1,"length":450.47186574592484,"population":1204985,"short_name":"Нижний Новгород","lanes_length":450.47186574592484}},{"type":"Feature","id":14342,"geometry":{"type":"LineString","coordinates":[[43.9879176,56.3080307],[43.987134,56.3049868],[43.9872087,56.3048831]]},"properties":{"name":"Нижний Новгород","type":"Не обособленные","lanes":1,"length":354.82147270673516,"population":1204985,"short_name":"Нижний Новгород","lanes_length":354.82147270673516}},{"type":"Feature","id":14343,"geometry":{"type":"LineString","coordinates":[[43.9898877,56.3061071],[43.989333,56.3044545]]},"properties":{"name":"Нижний Новгород","type":"Не обособленные","lanes":1,"length":187.18871711107937,"population":1204985,"short_name":"Нижний Новгород","lanes_length":187.18871711107937}},{"type":"Feature","id":14344,"geometry":{"type":"LineString","coordinates":[[43.8733614,56.3340016],[43.8736078,56.3345683]]},"properties":{"name":"Нижний Новгород","type":"Не обособленные","lanes":1,"length":64.91528000190377,"population":1204985,"short_name":"Нижний Новгород","lanes_length":64.91528000190377}},{"type":"Feature","id":14345,"geometry":{"type":"LineString","coordinates":[[37.5886836,54.1667784],[37.5876778,54.1671584]]},"properties":{"name":"Тула","type":"Не обособленные","lanes":1,"length":78.13109765167673,"population":461692,"short_name":"Тула","lanes_length":78.13109765167673}},{"type":"Feature","id":14346,"geometry":{"type":"LineString","coordinates":[[37.5829276,54.1689138],[37.5828203,54.1691399],[37.5886782,54.174365]]},"properties":{"name":"Тула","type":"Не обособленные","lanes":1,"length":722.257492640349,"population":461692,"short_name":"Тула","lanes_length":722.257492640349}},{"type":"Feature","id":14347,"geometry":{"type":"LineString","coordinates":[[37.5996387,54.1806353],[37.6011971,54.1819913],[37.6017335,54.182368],[37.6136961,54.1932286]]},"properties":{"name":"Тула","type":"Не обособленные","lanes":1,"length":1675.83291323318,"population":461692,"short_name":"Тула","lanes_length":1675.83291323318}},{"type":"Feature","id":14348,"geometry":{"type":"LineString","coordinates":[[37.6136961,54.1932286],[37.6225016,54.1899229],[37.6227376,54.1897597],[37.6275441,54.1787978],[37.6278016,54.1784085],[37.6281879,54.1781322],[37.629368,54.1772531],[37.629411,54.1770773],[37.6292607,54.1769391],[37.6288101,54.1768386],[37.6203987,54.1754823]]},"properties":{"name":"Тула","type":"Не обособленные","lanes":1,"length":2816.055827905262,"population":461692,"short_name":"Тула","lanes_length":2816.055827905262}},{"type":"Feature","id":14349,"geometry":{"type":"LineString","coordinates":[[37.6189611,54.1737867],[37.6186821,54.1737239],[37.6128456,54.1759972],[37.6125881,54.1760223],[37.6060865,54.170408],[37.6059148,54.170408]]},"properties":{"name":"Тула","type":"Не обособленные","lanes":1,"length":1260.7543967188822,"population":461692,"short_name":"Тула","lanes_length":1260.7543967188822}},{"type":"Feature","id":14350,"geometry":{"type":"LineString","coordinates":[[37.6136961,54.1932286],[37.6127399,54.1935579],[37.6124609,54.1937838],[37.6123965,54.1941479],[37.6114953,54.1991439],[37.6112378,54.1993447],[37.6107872,54.1994201],[37.5867546,54.2018927],[37.5861538,54.2019931]]},"properties":{"name":"Тула","type":"Не обособленные","lanes":1,"length":2395.0175994877604,"population":461692,"short_name":"Тула","lanes_length":2395.0175994877604}},{"type":"Feature","id":14351,"geometry":{"type":"LineString","coordinates":[[37.6140266,54.2005713],[37.6154213,54.2013118],[37.615829,54.2016758],[37.6178675,54.2041609],[37.6184683,54.2048261],[37.6223951,54.2129328],[37.6222663,54.2130708],[37.606967,54.2156054]]},"properties":{"name":"Тула","type":"Не обособленные","lanes":1,"length":2554.71741294548,"population":461692,"short_name":"Тула","lanes_length":2554.71741294548}},{"type":"Feature","id":14352,"geometry":{"type":"LineString","coordinates":[[37.6185309,54.204921],[37.6309334,54.2004654],[37.6355468,54.1990345]]},"properties":{"name":"Тула","type":"Не обособленные","lanes":1,"length":1289.8235488617147,"population":461692,"short_name":"Тула","lanes_length":1289.8235488617147}},{"type":"Feature","id":14353,"geometry":{"type":"LineString","coordinates":[[37.6355468,54.1990345],[37.6309334,54.1942142],[37.6267492,54.1905735],[37.6262127,54.1904228],[37.6227376,54.1897597]]},"properties":{"name":"Тула","type":"Не обособленные","lanes":1,"length":1381.317591157346,"population":461692,"short_name":"Тула","lanes_length":1381.317591157346}},{"type":"Feature","id":14354,"geometry":{"type":"LineString","coordinates":[[37.6355468,54.1990345],[37.641733,54.197083],[37.6421621,54.1971332],[37.6424196,54.1972336],[37.6494087,54.2049956]]},"properties":{"name":"Тула","type":"Не обособленные","lanes":1,"length":1484.1815833465107,"population":461692,"short_name":"Тула","lanes_length":1484.1815833465107}},{"type":"Feature","id":14355,"geometry":{"type":"LineString","coordinates":[[37.6494087,54.2049956],[37.651254,54.206853],[37.6515115,54.206991],[37.6549018,54.208133],[37.6564146,54.2088734],[37.6594723,54.2109189]]},"properties":{"name":"Тула","type":"Не обособленные","lanes":1,"length":948.4618034198385,"population":461692,"short_name":"Тула","lanes_length":948.4618034198385}},{"type":"Feature","id":14356,"geometry":{"type":"LineString","coordinates":[[37.6631026,54.2134214],[37.6637464,54.2138606]]},"properties":{"name":"Тула","type":"Не обособленные","lanes":1,"length":64.45178045411723,"population":461692,"short_name":"Тула","lanes_length":64.45178045411723}},{"type":"Feature","id":14357,"geometry":{"type":"LineString","coordinates":[[59.9479893,57.9028371],[59.9477318,57.9029967],[59.9477532,57.9032704],[59.9497488,57.9043421],[59.9499848,57.9045701],[59.9498346,57.9047981],[59.9493411,57.905334],[59.9493196,57.9054936],[59.9494913,57.9063828],[59.949384,57.9066109]]},"properties":{"name":"Нижний Тагил","type":"Не обособленные","lanes":1,"length":487.95537917969824,"population":330507,"short_name":"Нижний Тагил","lanes_length":487.95537917969824}},{"type":"Feature","id":14358,"geometry":{"type":"LineString","coordinates":[[59.9472168,57.9087098],[59.9468306,57.9092114],[59.9468091,57.9097586],[59.9478605,57.9124032],[59.9478176,57.9127793],[59.9397495,57.9249281],[59.9325827,57.9230023],[59.9314239,57.922387],[59.9311021,57.9219881],[59.9308231,57.9190138],[59.93063,57.9188086],[59.9277332,57.9160961]]},"properties":{"name":"Нижний Тагил","type":"Не обособленные","lanes":1,"length":3225.328980860155,"population":330507,"short_name":"Нижний Тагил","lanes_length":3225.328980860155}},{"type":"Feature","id":14359,"geometry":{"type":"LineString","coordinates":[[59.9397495,57.9249281],[59.9479249,57.927338],[59.9503496,57.9278849],[59.9530962,57.9282837],[59.9550488,57.9282381],[59.9747684,57.9255491],[59.9751547,57.9253554],[59.9752405,57.9250592],[59.9801543,57.9119871],[59.9804976,57.9114514],[59.9809053,57.9108472],[59.9814418,57.9100265],[59.9722794,57.9080999],[59.9716356,57.9080315],[59.9705627,57.9080201],[59.9589327,57.9075755],[59.9576452,57.9074615],[59.9562719,57.9071765],[59.9548772,57.9068459],[59.9515512,57.9059909],[59.9509933,57.9058997],[59.9505856,57.9060137],[59.950135,57.9061505],[59.9494484,57.9061961]]},"properties":{"name":"Нижний Тагил","type":"Не обособленные","lanes":1,"length":5967.259319687987,"population":330507,"short_name":"Нижний Тагил","lanes_length":5967.259319687987}},{"type":"Feature","id":14360,"geometry":{"type":"LineString","coordinates":[[59.9778368,57.918071],[59.9826433,57.9185155],[59.9833728,57.918732],[59.9837805,57.9190853],[59.9854113,57.9208631],[59.9857546,57.9211252],[59.9880935,57.9218318],[59.9885441,57.9221053],[59.9945952,57.929466],[59.9950458,57.9296597],[59.9955823,57.9297167],[60.0002171,57.9299104],[60.0022556,57.9298534],[60.0053884,57.9296369],[60.0097872,57.928509],[60.0100876,57.928509],[60.0106241,57.9286799],[60.0238206,57.9344901],[60.024121,57.9347293],[60.0241424,57.9350027],[60.0237776,57.9352875],[60.0210525,57.9371443],[60.0113751,57.9398552],[60.0019766,57.9397413]]},"properties":{"name":"Нижний Тагил","type":"Не обособленные","lanes":1,"length":5312.782062201105,"population":330507,"short_name":"Нижний Тагил","lanes_length":5312.782062201105}},{"type":"Feature","id":14361,"geometry":{"type":"LineString","coordinates":[[59.9814418,57.9100265],[59.9883367,57.9114956],[59.9890233,57.9114728]]},"properties":{"name":"Нижний Тагил","type":"Не обособленные","lanes":1,"length":481.04317144235466,"population":330507,"short_name":"Нижний Тагил","lanes_length":481.04317144235466}},{"type":"Feature","id":14362,"geometry":{"type":"LineString","coordinates":[[59.9916473,57.9100821],[59.9924627,57.9095976]]},"properties":{"name":"Нижний Тагил","type":"Не обособленные","lanes":1,"length":72.44607661842386,"population":330507,"short_name":"Нижний Тагил","lanes_length":72.44607661842386}},{"type":"Feature","id":14363,"geometry":{"type":"LineString","coordinates":[[60.0142422,57.9030423],[60.0160373,57.9033683],[60.0166489,57.9034196],[60.0170566,57.9034424],[60.0231398,57.9034253],[60.0236441,57.9034481],[60.0241269,57.9034994]]},"properties":{"name":"Нижний Тагил","type":"Не обособленные","lanes":1,"length":593.3642698801456,"population":330507,"short_name":"Нижний Тагил","lanes_length":593.3642698801456}},{"type":"Feature","id":14364,"geometry":{"type":"LineString","coordinates":[[60.0908066,57.9217713],[60.0917841,57.9217821],[60.0924707,57.9219075],[60.0940801,57.9228305]]},"properties":{"name":"Нижний Тагил","type":"Не обособленные","lanes":1,"length":241.1891608377719,"population":330507,"short_name":"Нижний Тагил","lanes_length":241.1891608377719}},{"type":"Feature","id":14365,"geometry":{"type":"LineString","coordinates":[[60.0792488,57.9439177],[60.0791201,57.9467089]]},"properties":{"name":"Нижний Тагил","type":"Не обособленные","lanes":1,"length":310.96802461435874,"population":330507,"short_name":"Нижний Тагил","lanes_length":310.96802461435874}},{"type":"Feature","id":14366,"geometry":{"type":"LineString","coordinates":[[60.0784334,57.9551804],[60.0783476,57.9558635]]},"properties":{"name":"Нижний Тагил","type":"Не обособленные","lanes":1,"length":76.25093700431268,"population":330507,"short_name":"Нижний Тагил","lanes_length":76.25093700431268}},{"type":"Feature","id":14367,"geometry":{"type":"LineString","coordinates":[[60.1097384,57.9123948],[60.1119056,57.9120465]]},"properties":{"name":"Нижний Тагил","type":"Не обособленные","lanes":1,"length":134.19539958059596,"population":330507,"short_name":"Нижний Тагил","lanes_length":134.19539958059596}},{"type":"Feature","id":14368,"geometry":{"type":"LineString","coordinates":[[60.1352301,57.9145655],[60.1357968,57.91543],[60.1364834,57.9158517]]},"properties":{"name":"Нижний Тагил","type":"Не обособленные","lanes":1,"length":164.12140367428808,"population":330507,"short_name":"Нижний Тагил","lanes_length":164.12140367428808}},{"type":"Feature","id":14369,"geometry":{"type":"LineString","coordinates":[[87.3168666,53.6191627],[87.3175586,53.6192263]]},"properties":{"name":"Осинники","type":"Не обособленные","lanes":1,"length":46.335448062139356,"population":38740,"short_name":"Осинники","lanes_length":46.335448062139356}},{"type":"Feature","id":14370,"geometry":{"type":"LineString","coordinates":[[87.3183472,53.6193186],[87.3195703,53.6194554]]},"properties":{"name":"Осинники","type":"Не обособленные","lanes":1,"length":82.35523113201963,"population":38740,"short_name":"Осинники","lanes_length":82.35523113201963}},{"type":"Feature","id":14371,"geometry":{"type":"LineString","coordinates":[[87.3216517,53.6196973],[87.3228211,53.6198277]]},"properties":{"name":"Осинники","type":"Не обособленные","lanes":1,"length":78.73067217169577,"population":38740,"short_name":"Осинники","lanes_length":78.73067217169577}},{"type":"Feature","id":14372,"geometry":{"type":"LineString","coordinates":[[87.3280204,53.6172637],[87.3281507,53.6165745]]},"properties":{"name":"Осинники","type":"Не обособленные","lanes":1,"length":77.18961120957765,"population":38740,"short_name":"Осинники","lanes_length":77.18961120957765}},{"type":"Feature","id":14373,"geometry":{"type":"LineString","coordinates":[[87.3321042,53.6075523],[87.3321149,53.6051328]]},"properties":{"name":"Осинники","type":"Не обособленные","lanes":1,"length":269.2856000558959,"population":38740,"short_name":"Осинники","lanes_length":269.2856000558959}},{"type":"Feature","id":14374,"geometry":{"type":"LineString","coordinates":[[87.3422943,53.6272553],[87.345153,53.6282708],[87.3461186,53.6285762],[87.3473309,53.6291933]]},"properties":{"name":"Осинники","type":"Не обособленные","lanes":1,"length":398.282513112523,"population":38740,"short_name":"Осинники","lanes_length":398.282513112523}},{"type":"Feature","id":14375,"geometry":{"type":"LineString","coordinates":[[86.0749846,55.3562038],[86.0745381,55.3554715]]},"properties":{"name":"Кемерово","type":"Не обособленные","lanes":1,"length":86.30569412815294,"population":544600,"short_name":"Кемерово","lanes_length":86.30569412815294}},{"type":"Feature","id":14376,"geometry":{"type":"LineString","coordinates":[[86.0621383,55.3392339],[86.061752,55.3390386],[86.0567524,55.3401369]]},"properties":{"name":"Кемерово","type":"Не обособленные","lanes":1,"length":372.75121645908024,"population":544600,"short_name":"Кемерово","lanes_length":372.75121645908024}},{"type":"Feature","id":14377,"geometry":{"type":"LineString","coordinates":[[86.0721591,55.3273155],[86.0777959,55.3239122]]},"properties":{"name":"Кемерово","type":"Не обособленные","lanes":1,"length":521.1268440844653,"population":544600,"short_name":"Кемерово","lanes_length":521.1268440844653}},{"type":"Feature","id":14378,"geometry":{"type":"LineString","coordinates":[[92.977032,55.987852],[92.9685455,55.999007]]},"properties":{"name":"Красноярск","type":"Не обособленные","lanes":1,"length":1350.2100047146887,"population":1205473,"short_name":"Красноярск","lanes_length":1350.2100047146887}},{"type":"Feature","id":14379,"geometry":{"type":"LineString","coordinates":[[92.963782,56.005414],[92.962012,56.007916],[92.966862,56.009025],[92.965445,56.010849]]},"properties":{"name":"Красноярск","type":"Не обособленные","lanes":1,"length":847.9169819877972,"population":1205473,"short_name":"Красноярск","lanes_length":847.9169819877972}},{"type":"Feature","id":14380,"geometry":{"type":"LineString","coordinates":[[92.962012,56.007916],[92.958313,56.006964],[92.956876,56.008781]]},"properties":{"name":"Красноярск","type":"Не обособленные","lanes":1,"length":475.2062056637999,"population":1205473,"short_name":"Красноярск","lanes_length":475.2062056637999}},{"type":"Feature","id":14381,"geometry":{"type":"LineString","coordinates":[[92.887833,55.992161],[92.8868251,55.9924436],[92.8861067,55.9923089],[92.8857662,55.9919211],[92.8860894,55.9914992],[92.8866702,55.9912694]]},"properties":{"name":"Красноярск","type":"Не обособленные","lanes":1,"length":261.21601898951326,"population":1205473,"short_name":"Красноярск","lanes_length":261.21601898951326}},{"type":"Feature","id":14382,"geometry":{"type":"LineString","coordinates":[[92.8868514,55.9897484],[92.887023,55.9855714],[92.8886967,55.9802175]]},"properties":{"name":"Красноярск","type":"Не обособленные","lanes":1,"length":1070.3941167971175,"population":1205473,"short_name":"Красноярск","lanes_length":1070.3941167971175}},{"type":"Feature","id":14383,"geometry":{"type":"LineString","coordinates":[[38.96825,45.038112],[38.966432,45.032511],[38.990164,45.028431],[38.99157,45.023237],[38.994108,45.024166]]},"properties":{"name":"Краснодар","type":"Не обособленные","lanes":1,"length":3375.96938751299,"population":1138654,"short_name":"Краснодар","lanes_length":3375.96938751299}},{"type":"Feature","id":14384,"geometry":{"type":"LineString","coordinates":[[38.99157,45.023237],[38.988437,45.021993],[38.990186,45.019893]]},"properties":{"name":"Краснодар","type":"Не обособленные","lanes":1,"length":554.0472907444669,"population":1138654,"short_name":"Краснодар","lanes_length":554.0472907444669}},{"type":"Feature","id":14385,"geometry":{"type":"LineString","coordinates":[[38.988437,45.021993],[38.986892,45.023874],[38.983716,45.024738],[38.975348,45.026149],[38.980486,45.041626]]},"properties":{"name":"Краснодар","type":"Не обособленные","lanes":1,"length":2954.9071704686357,"population":1138654,"short_name":"Краснодар","lanes_length":2954.9071704686357}},{"type":"Feature","id":14386,"geometry":{"type":"LineString","coordinates":[[38.990164,45.028431],[38.991198,45.029538],[38.994176,45.038862]]},"properties":{"name":"Краснодар","type":"Не обособленные","lanes":1,"length":1210.001882132479,"population":1138654,"short_name":"Краснодар","lanes_length":1210.001882132479}},{"type":"Feature","id":14387,"geometry":{"type":"LineString","coordinates":[[38.975348,45.026149],[38.971307,45.014204],[38.970156,45.014269]]},"properties":{"name":"Краснодар","type":"Не обособленные","lanes":1,"length":1456.1671958535746,"population":1138654,"short_name":"Краснодар","lanes_length":1456.1671958535746}},{"type":"Feature","id":14388,"geometry":{"type":"LineString","coordinates":[[38.990341,45.051515],[38.9922399,45.05203]]},"properties":{"name":"Краснодар","type":"Не обособленные","lanes":1,"length":160.1625376261639,"population":1138654,"short_name":"Краснодар","lanes_length":160.1625376261639}},{"type":"Feature","id":14389,"geometry":{"type":"LineString","coordinates":[[83.7633025,53.3270271],[83.7563073,53.333665],[83.7488186,53.3403403]]},"properties":{"name":"Барнаул","type":"Не обособленные","lanes":1,"length":1768.3241052898002,"population":620419,"short_name":"Барнаул","lanes_length":1768.3241052898002}},{"type":"Feature","id":14390,"geometry":{"type":"LineString","coordinates":[[83.7413084,53.3400329],[83.7385618,53.3408528],[83.7368237,53.3419802],[83.729335,53.3487439],[83.7278759,53.3491794]]},"properties":{"name":"Барнаул","type":"Не обособленные","lanes":1,"length":1386.7316772531776,"population":620419,"short_name":"Барнаул","lanes_length":1386.7316772531776}},{"type":"Feature","id":14391,"geometry":{"type":"LineString","coordinates":[[83.768492,53.355974],[83.7697251,53.3548032],[83.769532,53.3544574],[83.7631376,53.3514347],[83.7616355,53.3492061],[83.7623458,53.3485605]]},"properties":{"name":"Барнаул","type":"Не обособленные","lanes":1,"length":1090.6996709507252,"population":620419,"short_name":"Барнаул","lanes_length":1090.6996709507252}},{"type":"Feature","id":14392,"geometry":{"type":"LineString","coordinates":[[83.6776665,53.3708199],[83.6764014,53.3709081]]},"properties":{"name":"Барнаул","type":"Не обособленные","lanes":1,"length":84.77593132877703,"population":620419,"short_name":"Барнаул","lanes_length":84.77593132877703}},{"type":"Feature","id":14393,"geometry":{"type":"LineString","coordinates":[[56.007031,54.71857],[56.002611,54.715459],[55.995879,54.713141],[55.988476,54.711418],[55.983513,54.711078],[55.9826919,54.7113648],[55.9820853,54.7120421]]},"properties":{"name":"Уфа","type":"Не обособленные","lanes":1,"length":1936.2891618361853,"population":1163304,"short_name":"Уфа","lanes_length":1936.2891618361853}},{"type":"Feature","id":14394,"geometry":{"type":"LineString","coordinates":[[55.9691996,54.7179067],[55.9680511,54.7201911],[55.965851,54.724192],[55.967725,54.728127]]},"properties":{"name":"Уфа","type":"Не обособленные","lanes":1,"length":1186.6123369272154,"population":1163304,"short_name":"Уфа","lanes_length":1186.6123369272154}},{"type":"Feature","id":14395,"geometry":{"type":"LineString","coordinates":[[55.969904,54.732896],[55.972211,54.737401]]},"properties":{"name":"Уфа","type":"Не обособленные","lanes":1,"length":523.0451802045575,"population":1163304,"short_name":"Уфа","lanes_length":523.0451802045575}},{"type":"Feature","id":14396,"geometry":{"type":"LineString","coordinates":[[55.973446,54.739291],[55.9729318,54.7385476]]},"properties":{"name":"Уфа","type":"Не обособленные","lanes":1,"length":89.13559534828434,"population":1163304,"short_name":"Уфа","lanes_length":89.13559534828434}},{"type":"Feature","id":14397,"geometry":{"type":"LineString","coordinates":[[55.973322,54.739128],[55.95668,54.742836],[55.960494,54.748586]]},"properties":{"name":"Уфа","type":"Не обособленные","lanes":1,"length":1834.16267554335,"population":1163304,"short_name":"Уфа","lanes_length":1834.16267554335}},{"type":"Feature","id":14398,"geometry":{"type":"LineString","coordinates":[[55.928727,54.727222],[55.934735,54.726299],[55.940097,54.737674],[55.969904,54.732896]]},"properties":{"name":"Уфа","type":"Не обособленные","lanes":1,"length":3705.326150725291,"population":1163304,"short_name":"Уфа","lanes_length":3705.326150725291}},{"type":"Feature","id":14399,"geometry":{"type":"LineString","coordinates":[[56.123733,54.816782],[56.118934,54.818237]]},"properties":{"name":"Уфа","type":"Не обособленные","lanes":1,"length":348.4348888627539,"population":1163304,"short_name":"Уфа","lanes_length":348.4348888627539}},{"type":"Feature","id":14400,"geometry":{"type":"LineString","coordinates":[[56.109274,54.821007],[56.098909,54.823959]]},"properties":{"name":"Уфа","type":"Не обособленные","lanes":1,"length":742.862245469474,"population":1163304,"short_name":"Уфа","lanes_length":742.862245469474}},{"type":"Feature","id":14401,"geometry":{"type":"LineString","coordinates":[[56.083,54.823602],[56.080961,54.824247]]},"properties":{"name":"Уфа","type":"Не обособленные","lanes":1,"length":149.43503963385044,"population":1163304,"short_name":"Уфа","lanes_length":149.43503963385044}},{"type":"Feature","id":14402,"geometry":{"type":"LineString","coordinates":[[56.07697,54.825508],[56.070748,54.825444]]},"properties":{"name":"Уфа","type":"Не обособленные","lanes":1,"length":399.96134064430004,"population":1163304,"short_name":"Уфа","lanes_length":399.96134064430004}},{"type":"Feature","id":14403,"geometry":{"type":"LineString","coordinates":[[56.067313,54.81618],[56.0771291,54.8133896],[56.078319,54.814877]]},"properties":{"name":"Уфа","type":"Не обособленные","lanes":1,"length":885.7654460487361,"population":1163304,"short_name":"Уфа","lanes_length":885.7654460487361}},{"type":"Feature","id":14404,"geometry":{"type":"LineString","coordinates":[[56.0830934,54.8135351],[56.0883924,54.812017]]},"properties":{"name":"Уфа","type":"Не обособленные","lanes":1,"length":380.2940742388537,"population":1163304,"short_name":"Уфа","lanes_length":380.2940742388537}},{"type":"Feature","id":14405,"geometry":{"type":"LineString","coordinates":[[53.2757008,56.8697878],[53.2752056,56.8685905]]},"properties":{"name":"Ижевск","type":"Не обособленные","lanes":1,"length":136.7058450867395,"population":618776,"short_name":"Ижевск","lanes_length":136.7058450867395}},{"type":"Feature","id":14406,"geometry":{"type":"LineString","coordinates":[[104.2518392,52.2741469],[104.2579064,52.2631494]]},"properties":{"name":"Иркутск","type":"Не обособленные","lanes":1,"length":1291.9118922197085,"population":606369,"short_name":"Иркутск","lanes_length":1291.9118922197085}},{"type":"Feature","id":14407,"geometry":{"type":"LineString","coordinates":[[36.1473687,51.7097607],[36.1633016,51.7056856]]},"properties":{"name":"Курск","type":"Не обособленные","lanes":1,"length":1191.0290524888458,"population":436678,"short_name":"Курск","lanes_length":1191.0290524888458}},{"type":"Feature","id":14408,"geometry":{"type":"LineString","coordinates":[[36.1891212,51.7219373],[36.1749955,51.7374721]]},"properties":{"name":"Курск","type":"Не обособленные","lanes":1,"length":1984.9392279603817,"population":436678,"short_name":"Курск","lanes_length":1984.9392279603817}},{"type":"Feature","id":14409,"geometry":{"type":"LineString","coordinates":[[36.1677224,51.7454405],[36.1679799,51.7458009]]},"properties":{"name":"Курск","type":"Не обособленные","lanes":1,"length":43.86598304214257,"population":436678,"short_name":"Курск","lanes_length":43.86598304214257}},{"type":"Feature","id":14410,"geometry":{"type":"LineString","coordinates":[[36.1830861,51.7529878],[36.1846525,51.7522971],[36.1867124,51.7516595],[36.1878282,51.7516196],[36.1895019,51.7516595],[36.1901886,51.7515798]]},"properties":{"name":"Курск","type":"Не обособленные","lanes":1,"length":532.7398334081887,"population":436678,"short_name":"Курск","lanes_length":532.7398334081887}},{"type":"Feature","id":14411,"geometry":{"type":"LineString","coordinates":[[36.1914546,51.7513274],[36.1945445,51.7482454]]},"properties":{"name":"Курск","type":"Не обособленные","lanes":1,"length":403.88507902082154,"population":436678,"short_name":"Курск","lanes_length":403.88507902082154}},{"type":"Feature","id":14412,"geometry":{"type":"LineString","coordinates":[[36.2585883,51.738396],[36.2632231,51.7373794]]},"properties":{"name":"Курск","type":"Не обособленные","lanes":1,"length":339.55716702010176,"population":436678,"short_name":"Курск","lanes_length":339.55716702010176}},{"type":"Feature","id":14413,"geometry":{"type":"LineString","coordinates":[[60.65208,56.840245],[60.6467768,56.8397444]]},"properties":{"name":"Екатеринбург","type":"Не обособленные","lanes":1,"length":328.43434234086726,"population":1536183,"short_name":"Екатеринбург","lanes_length":328.43434234086726}},{"type":"Feature","id":14414,"geometry":{"type":"LineString","coordinates":[[60.626813,56.894361],[60.6356536,56.8973798],[60.6379711,56.8953876]]},"properties":{"name":"Екатеринбург","type":"Не обособленные","lanes":1,"length":898.0255569210801,"population":1536183,"short_name":"Екатеринбург","lanes_length":898.0255569210801}},{"type":"Feature","id":14415,"geometry":{"type":"LineString","coordinates":[[60.559257,56.839786],[60.5586412,56.8396515],[60.5555432,56.8395517]]},"properties":{"name":"Екатеринбург","type":"Не обособленные","lanes":1,"length":229.86643359851203,"population":1536183,"short_name":"Екатеринбург","lanes_length":229.86643359851203}},{"type":"Feature","id":14416,"geometry":{"type":"LineString","coordinates":[[60.614225,56.85723],[60.6193469,56.8429311]]},"properties":{"name":"Екатеринбург","type":"Не обособленные","lanes":1,"length":1622.6647593107757,"population":1536183,"short_name":"Екатеринбург","lanes_length":1622.6647593107757}},{"type":"Feature","id":14417,"geometry":{"type":"LineString","coordinates":[[60.6265979,56.824028],[60.6272279,56.822448]]},"properties":{"name":"Екатеринбург","type":"Не обособленные","lanes":1,"length":180.09975200878205,"population":1536183,"short_name":"Екатеринбург","lanes_length":180.09975200878205}},{"type":"Feature","id":14418,"geometry":{"type":"LineString","coordinates":[[49.1011709,55.7894165],[49.1037029,55.7877757],[49.1076082,55.7854713],[49.1258495,55.7675552],[49.1270918,55.7669222]]},"properties":{"name":"Казань","type":"Не обособленные","lanes":1,"length":3001.7890238858654,"population":1318604,"short_name":"Казань","lanes_length":3001.7890238858654}},{"type":"Feature","id":14419,"geometry":{"type":"LineString","coordinates":[[20.4985901,54.720308],[20.4945132,54.7199982],[20.4935154,54.7196573],[20.492936,54.7192793],[20.4923888,54.7192422],[20.4909512,54.7194157],[20.4884406,54.7201531],[20.4877218,54.7201964],[20.4863485,54.7199982],[20.4856082,54.7200973],[20.4848894,54.7205435],[20.4837199,54.7208471],[20.4821321,54.7208657],[20.4778405,54.7203452]]},"properties":{"name":"Калининград","type":"Не обособленные","lanes":1,"length":1429.5519553793827,"population":489584,"short_name":"Калининград","lanes_length":1429.5519553793827}},{"type":"Feature","id":14420,"geometry":{"type":"LineString","coordinates":[[20.51301,54.6995202],[20.5113043,54.6995766],[20.5031075,54.6989938],[20.5029573,54.6971834],[20.5032791,54.6963401],[20.5029787,54.6949512],[20.5001463,54.6958069],[20.4990734,54.6948582]]},"properties":{"name":"Калининград","type":"Не обособленные","lanes":1,"length":1428.5232561464225,"population":489584,"short_name":"Калининград","lanes_length":1428.5232561464225}},{"type":"Feature","id":14421,"geometry":{"type":"LineString","coordinates":[[50.266908,53.2160104],[50.2645655,53.2180249]]},"properties":{"name":"Самара","type":"Не обособленные","lanes":1,"length":273.40242852455106,"population":1158952,"short_name":"Самара","lanes_length":273.40242852455106}},{"type":"Feature","id":14422,"geometry":{"type":"LineString","coordinates":[[104.2560087,52.2791752],[104.2557932,52.2796242],[104.2559434,52.279913]]},"properties":{"name":"Иркутск","type":"Не обособленные","lanes":1,"length":85.81225271313019,"population":606369,"short_name":"Иркутск","lanes_length":85.81225271313019}},{"type":"Feature","id":14423,"geometry":{"type":"LineString","coordinates":[[61.3894643,55.1531888],[61.3895436,55.151825]]},"properties":{"name":"Челябинск","type":"Не обособленные","lanes":1,"length":151.9110013594391,"population":1177058,"short_name":"Челябинск","lanes_length":151.9110013594391}},{"type":"Feature","id":14424,"geometry":{"type":"LineString","coordinates":[[56.0873414,54.8106235],[56.0878188,54.8103731]]},"properties":{"name":"Уфа","type":"Не обособленные","lanes":1,"length":41.46262452893993,"population":1163304,"short_name":"Уфа","lanes_length":41.46262452893993}},{"type":"Feature","id":14425,"geometry":{"type":"LineString","coordinates":[[38.9377872,47.2065149],[38.9365473,47.2048773]]},"properties":{"name":"Таганрог","type":"Не обособленные","lanes":1,"length":204.8668208602412,"population":241557,"short_name":"Таганрог","lanes_length":204.8668208602412}},{"type":"Feature","id":14426,"geometry":{"type":"LineString","coordinates":[[37.6022078,54.1718095],[37.6021298,54.1717932],[37.5943767,54.1646879],[37.5942633,54.1646548]]},"properties":{"name":"Тула","type":"Не обособленные","lanes":1,"length":952.7706148503614,"population":461692,"short_name":"Тула","lanes_length":952.7706148503614}},{"type":"Feature","id":14427,"geometry":{"type":"LineString","coordinates":[[43.8934234,56.2849329],[43.8940033,56.2853204],[43.9035734,56.2895245]]},"properties":{"name":"Нижний Новгород","type":"Не обособленные","lanes":1,"length":811.3760676291517,"population":1204985,"short_name":"Нижний Новгород","lanes_length":811.3760676291517}},{"type":"Feature","id":14428,"geometry":{"type":"LineString","coordinates":[[43.9201575,56.3057126],[43.9202601,56.3071812],[43.9263755,56.3095261]]},"properties":{"name":"Нижний Новгород","type":"Не обособленные","lanes":1,"length":623.4792209265419,"population":1204985,"short_name":"Нижний Новгород","lanes_length":623.4792209265419}},{"type":"Feature","id":14429,"geometry":{"type":"LineString","coordinates":[[73.3757617,55.0003422],[73.376174,55.0003068],[73.3765817,55.0001899],[73.377086,54.9999991]]},"properties":{"name":"Омск","type":"Не обособленные","lanes":1,"length":94.4678647796479,"population":1104485,"short_name":"Омск","lanes_length":94.4678647796479}},{"type":"Feature","id":14430,"geometry":{"type":"LineString","coordinates":[[45.9958004,51.5333687],[45.9953203,51.5329539]]},"properties":{"name":"Саратов","type":"Не обособленные","lanes":1,"length":56.918002187923,"population":887365,"short_name":"Саратов","lanes_length":56.918002187923}},{"type":"Feature","id":14431,"geometry":{"type":"LineString","coordinates":[[37.6221443,55.7028871],[37.6216507,55.7013031],[37.6207065,55.6995735],[37.6222515,55.689324],[37.6242363,55.6820921],[37.6266065,55.6752956],[37.6276573,55.6739444],[37.6274424,55.6724945],[37.6240305,55.6678488],[37.6240601,55.6655223],[37.6237463,55.6642123],[37.6229203,55.6638194],[37.6217082,55.6635339],[37.6200079,55.6636357],[37.6146072,55.6642416]]},"properties":{"name":"Москва","type":"Обособленные","lanes":1,"length":5009.123100084386,"population":13274285,"short_name":"Москва","lanes_length":5009.123100084386}},{"type":"Feature","id":14432,"geometry":{"type":"LineString","coordinates":[[37.6053643,55.6563814],[37.6054716,55.6521927],[37.605772,55.6413193],[37.6050854,55.6376861],[37.6034546,55.634101],[37.5964165,55.6254761],[37.5937557,55.6185942],[37.5897217,55.6040024],[37.5878978,55.5962196]]},"properties":{"name":"Москва","type":"Обособленные","lanes":1,"length":6856.496626815507,"population":13274285,"short_name":"Москва","lanes_length":6856.496626815507}},{"type":"Feature","id":14433,"geometry":{"type":"LineString","coordinates":[[37.6594377,55.7765609],[37.6661858,55.7794814],[37.6697159,55.7813035],[37.6754665,55.7848751],[37.6807022,55.7892185],[37.6913452,55.7934167],[37.7053356,55.7953467],[37.7105713,55.795202],[37.7145946,55.7959136],[37.7290249,55.7984346]]},"properties":{"name":"Москва","type":"Обособленные","lanes":1,"length":5215.081679207771,"population":13274285,"short_name":"Москва","lanes_length":5215.081679207771}},{"type":"Feature","id":14434,"geometry":{"type":"LineString","coordinates":[[37.7269006,55.80309],[37.7285957,55.8033795],[37.728703,55.8036568],[37.7272331,55.8062556]]},"properties":{"name":"Москва","type":"Обособленные","lanes":1,"length":446.34913893400517,"population":13274285,"short_name":"Москва","lanes_length":446.34913893400517}},{"type":"Feature","id":14435,"geometry":{"type":"LineString","coordinates":[[37.7267718,55.8082514],[37.7424574,55.8173183],[37.7503967,55.8205249],[37.7664042,55.828432]]},"properties":{"name":"Москва","type":"Обособленные","lanes":1,"length":3356.5557997733913,"population":13274285,"short_name":"Москва","lanes_length":3356.5557997733913}},{"type":"Feature","id":14436,"geometry":{"type":"LineString","coordinates":[[37.684763,55.8109554],[37.6917744,55.8057431],[37.6879549,55.8019081],[37.6869678,55.800292],[37.6832342,55.7962393],[37.6816785,55.7928316]]},"properties":{"name":"Москва","type":"Обособленные","lanes":1,"length":2308.01764127114,"population":13274285,"short_name":"Москва","lanes_length":2308.01764127114}},{"type":"Feature","id":14437,"geometry":{"type":"LineString","coordinates":[[37.6479793,55.8266633],[37.6452971,55.8274437],[37.6347613,55.8221463],[37.6309848,55.8220921],[37.6292896,55.8217304],[37.6194191,55.8218027],[37.6187754,55.8226947],[37.6161575,55.8227911],[37.6162004,55.8235144]]},"properties":{"name":"Москва","type":"Обособленные","lanes":1,"length":2395.962044355478,"population":13274285,"short_name":"Москва","lanes_length":2395.962044355478}},{"type":"Feature","id":14438,"geometry":{"type":"LineString","coordinates":[[37.6469278,55.8270821],[37.6522493,55.8321921],[37.6644802,55.8418799],[37.664609,55.8424702],[37.6699519,55.8463736],[37.6707458,55.8487949],[37.6704884,55.8510474],[37.6666689,55.8534804],[37.6622701,55.8563469],[37.6610255,55.8575994],[37.6601243,55.8592734],[37.6600385,55.8612603],[37.662549,55.8664381],[37.6637828,55.8688822],[37.6636648,55.8693758],[37.6631927,55.8696648],[37.6626241,55.8698333],[37.6570559,55.8706339],[37.6513374,55.8715248],[37.649653,55.8716753],[37.6475286,55.8717114],[37.6383662,55.8708627],[37.638098,55.8709951],[37.6378834,55.8713623],[37.6360099,55.8786015],[37.6433453,55.8862171]]},"properties":{"name":"Москва","type":"Обособленные","lanes":1,"length":8897.840518087425,"population":13274285,"short_name":"Москва","lanes_length":8897.840518087425}},{"type":"Feature","id":14439,"geometry":{"type":"LineString","coordinates":[[37.6133815,55.7032634],[37.614162,55.7024276],[37.6144624,55.7017384],[37.6150846,55.701025],[37.6145911,55.7002995],[37.6093769,55.6948094],[37.5981975,55.6904555],[37.5968456,55.6894032],[37.5908375,55.6838269],[37.5873399,55.6806453],[37.5860739,55.6798226],[37.5850224,55.6798831],[37.5836277,55.6794476],[37.5840569,55.6787459],[37.5794864,55.6771005]]},"properties":{"name":"Москва","type":"Обособленные","lanes":1,"length":3907.1341488680573,"population":13274285,"short_name":"Москва","lanes_length":3907.1341488680573}},{"type":"Feature","id":14440,"geometry":{"type":"LineString","coordinates":[[37.5794864,55.6771005],[37.5790143,55.6770763],[37.5608397,55.6832705],[37.5543808,55.6855205]]},"properties":{"name":"Москва","type":"Обособленные","lanes":1,"length":1842.3125611692956,"population":13274285,"short_name":"Москва","lanes_length":1842.3125611692956}},{"type":"Feature","id":14441,"geometry":{"type":"LineString","coordinates":[[37.5543165,55.6858229],[37.5615263,55.6916771],[37.574873,55.6993322]]},"properties":{"name":"Москва","type":"Обособленные","lanes":1,"length":1990.1523686935943,"population":13274285,"short_name":"Москва","lanes_length":1990.1523686935943}},{"type":"Feature","id":14442,"geometry":{"type":"LineString","coordinates":[[37.5517416,55.6841657],[37.5369787,55.6924874]]},"properties":{"name":"Москва","type":"Обособленные","lanes":1,"length":1311.686132561659,"population":13274285,"short_name":"Москва","lanes_length":1311.686132561659}},{"type":"Feature","id":14443,"geometry":{"type":"LineString","coordinates":[[37.6364243,55.7303181],[37.6371109,55.7305175],[37.6410377,55.7307592],[37.6415634,55.7306867]]},"properties":{"name":"Москва","type":"Обособленные","lanes":1,"length":330.68245652387793,"population":13274285,"short_name":"Москва","lanes_length":330.68245652387793}},{"type":"Feature","id":14444,"geometry":{"type":"LineString","coordinates":[[37.6510262,55.7282278],[37.6509887,55.7280254],[37.650758,55.7277988],[37.6508224,55.7276236],[37.6511228,55.7275693],[37.6557148,55.729563],[37.6638794,55.7314056],[37.6663041,55.7320338],[37.6668191,55.7323178]]},"properties":{"name":"Москва","type":"Обособленные","lanes":1,"length":1220.8279821031763,"population":13274285,"short_name":"Москва","lanes_length":1220.8279821031763}},{"type":"Feature","id":14445,"geometry":{"type":"LineString","coordinates":[[37.6803025,55.7467409],[37.6805921,55.7469147],[37.6812197,55.746856],[37.6987267,55.7481902],[37.7080607,55.7499534],[37.7359343,55.7553754],[37.770052,55.7620643],[37.7841228,55.7648349]]},"properties":{"name":"Москва","type":"Обособленные","lanes":1,"length":6848.74438464679,"population":13274285,"short_name":"Москва","lanes_length":6848.74438464679}},{"type":"Feature","id":14446,"geometry":{"type":"LineString","coordinates":[[37.7841228,55.7648349],[37.7917242,55.7520909]]},"properties":{"name":"Москва","type":"Обособленные","lanes":1,"length":1496.9893589422495,"population":13274285,"short_name":"Москва","lanes_length":1496.9893589422495}},{"type":"Feature","id":14447,"geometry":{"type":"LineString","coordinates":[[37.7917242,55.7520909],[37.8009081,55.7538298],[37.8191042,55.7512939]]},"properties":{"name":"Москва","type":"Обособленные","lanes":1,"length":1785.2073185378226,"population":13274285,"short_name":"Москва","lanes_length":1785.2073185378226}},{"type":"Feature","id":14448,"geometry":{"type":"LineString","coordinates":[[37.7119768,55.7530841],[37.7131838,55.7510554]]},"properties":{"name":"Москва","type":"Обособленные","lanes":1,"length":238.24631191243986,"population":13274285,"short_name":"Москва","lanes_length":238.24631191243986}},{"type":"Feature","id":14449,"geometry":{"type":"LineString","coordinates":[[37.6981044,55.7671586],[37.7026963,55.7700073],[37.7044559,55.7705505],[37.7055073,55.7712747],[37.7076745,55.7721799],[37.7143478,55.7755955]]},"properties":{"name":"Москва","type":"Обособленные","lanes":1,"length":1393.6322041547937,"population":13274285,"short_name":"Москва","lanes_length":1393.6322041547937}},{"type":"Feature","id":14450,"geometry":{"type":"LineString","coordinates":[[37.7205276,55.7787332],[37.7207639,55.7781901],[37.7260208,55.7724455],[37.7404404,55.7566795]]},"properties":{"name":"Москва","type":"Обособленные","lanes":1,"length":2756.890265626723,"population":13274285,"short_name":"Москва","lanes_length":2756.890265626723}},{"type":"Feature","id":14451,"geometry":{"type":"LineString","coordinates":[[37.745676,55.78321],[37.7461052,55.783572],[37.7457619,55.7856232],[37.7473927,55.7865884],[37.7624989,55.7868056]]},"properties":{"name":"Москва","type":"Обособленные","lanes":1,"length":1374.2508023022992,"population":13274285,"short_name":"Москва","lanes_length":1374.2508023022992}},{"type":"Feature","id":14452,"geometry":{"type":"LineString","coordinates":[[37.6728916,55.7600119],[37.6707458,55.7589735],[37.6686645,55.7574764],[37.6695442,55.755635]]},"properties":{"name":"Москва","type":"Обособленные","lanes":1,"length":601.6428594426549,"population":13274285,"short_name":"Москва","lanes_length":601.6428594426549}},{"type":"Feature","id":14453,"geometry":{"type":"LineString","coordinates":[[37.5084186,55.8062436],[37.5058758,55.8066657],[37.4996638,55.8078534],[37.4968529,55.8082393],[37.4924541,55.8092221],[37.4906838,55.8095898],[37.4889135,55.8091135],[37.4884522,55.8091799],[37.4844718,55.8105665],[37.4832273,55.8106871],[37.4620271,55.8099395],[37.4613404,55.8096381]]},"properties":{"name":"Москва","type":"Обособленные","lanes":1,"length":3085.908528062239,"population":13274285,"short_name":"Москва","lanes_length":3085.908528062239}},{"type":"Feature","id":14454,"geometry":{"type":"LineString","coordinates":[[37.4612975,55.8095537],[37.4577141,55.806539],[37.4565125,55.8060567],[37.4544311,55.8057552],[37.4513841,55.8055261],[37.4354839,55.8048507],[37.426815,55.8036689],[37.4116659,55.8053814]]},"properties":{"name":"Москва","type":"Обособленные","lanes":1,"length":3352.040461580493,"population":13274285,"short_name":"Москва","lanes_length":3352.040461580493}},{"type":"Feature","id":14455,"geometry":{"type":"LineString","coordinates":[[37.4106789,55.8054175],[37.4100137,55.8048146],[37.4068809,55.8002679],[37.4059582,55.7996889],[37.4046278,55.7994477],[37.3985338,55.7989894],[37.3966455,55.7991582],[37.3911846,55.800298]]},"properties":{"name":"Москва","type":"Обособленные","lanes":1,"length":1667.0426431573273,"population":13274285,"short_name":"Москва","lanes_length":1667.0426431573273}},{"type":"Feature","id":14456,"geometry":{"type":"LineString","coordinates":[[37.3907984,55.8007925],[37.3955727,55.8078896],[37.3986197,55.8123028],[37.40201,55.8115191],[37.4047995,55.809626],[37.4107432,55.8054899],[37.4115157,55.8054175]]},"properties":{"name":"Москва","type":"Обособленные","lanes":1,"length":2517.3657040088065,"population":13274285,"short_name":"Москва","lanes_length":2517.3657040088065}},{"type":"Feature","id":14457,"geometry":{"type":"LineString","coordinates":[[37.4750304,55.8105062],[37.4748373,55.8120014],[37.4739146,55.8123751],[37.4727345,55.8134241],[37.4639797,55.8158957],[37.4512985,55.8192654],[37.4507617,55.8193436],[37.4500537,55.8191869],[37.449131,55.8191025],[37.448498,55.8193858],[37.4484015,55.8197052],[37.4484444,55.8201392],[37.4488306,55.8206214],[37.4502039,55.8215857],[37.4522531,55.8266542]]},"properties":{"name":"Москва","type":"Обособленные","lanes":1,"length":2920.871354073757,"population":13274285,"short_name":"Москва","lanes_length":2920.871354073757}},{"type":"Feature","id":14458,"geometry":{"type":"LineString","coordinates":[[37.4540663,55.8358916],[37.4529504,55.8363374],[37.4517917,55.8364941],[37.437877,55.8375545],[37.4400106,55.8485648],[37.4383737,55.8542385],[37.4350196,55.856925],[37.4282954,55.8582624],[37.421056,55.8582506],[37.4138598,55.8572268],[37.4088956,55.8549019],[37.4072027,55.852011]]},"properties":{"name":"Москва","type":"Обособленные","lanes":1,"length":5387.035258738984,"population":13274285,"short_name":"Москва","lanes_length":5387.035258738984}},{"type":"Feature","id":14459,"geometry":{"type":"LineString","coordinates":[[37.4905229,55.809614],[37.4899435,55.8106992],[37.4910593,55.8120134],[37.4961877,55.8138823],[37.4980116,55.8140028],[37.5013161,55.8145815],[37.5025606,55.8145213],[37.5035262,55.8144248],[37.5038266,55.8147624],[37.5037193,55.8154617],[37.5027537,55.8166673]]},"properties":{"name":"Москва","type":"Обособленные","lanes":1,"length":1410.6361968910526,"population":13274285,"short_name":"Москва","lanes_length":1410.6361968910526}},{"type":"Feature","id":14460,"geometry":{"type":"LineString","coordinates":[[37.4986875,55.8191507],[37.4994814,55.8181983],[37.4997604,55.818138],[37.5051892,55.8195244],[37.5174522,55.8226947],[37.517817,55.8228635],[37.5177956,55.8231648],[37.515564,55.8257684],[37.5167227,55.8267567],[37.5179029,55.8270942],[37.5199305,55.8306555],[37.5216579,55.8320234]]},"properties":{"name":"Москва","type":"Обособленные","lanes":1,"length":2558.4209626314882,"population":13274285,"short_name":"Москва","lanes_length":2558.4209626314882}},{"type":"Feature","id":14461,"geometry":{"type":"LineString","coordinates":[[37.5229454,55.8393497],[37.5252414,55.8400847]]},"properties":{"name":"Москва","type":"Обособленные","lanes":1,"length":165.49479040731683,"population":13274285,"short_name":"Москва","lanes_length":165.49479040731683}},{"type":"Feature","id":14462,"geometry":{"type":"LineString","coordinates":[[37.5488448,55.835036],[37.5519724,55.8311074],[37.5527072,55.8306616],[37.5574064,55.8248885],[37.5585008,55.824551],[37.5621271,55.8242918]]},"properties":{"name":"Москва","type":"Обособленные","lanes":1,"length":1561.3453607943507,"population":13274285,"short_name":"Москва","lanes_length":1561.3453607943507}},{"type":"Feature","id":14463,"geometry":{"type":"LineString","coordinates":[[37.5630069,55.8224295],[37.5630927,55.8218389],[37.5629425,55.8210312],[37.5632215,55.8202718],[37.5667405,55.8163297],[37.5670838,55.8162332],[37.5688863,55.8167275]]},"properties":{"name":"Москва","type":"Обособленные","lanes":1,"length":883.6972716288268,"population":13274285,"short_name":"Москва","lanes_length":883.6972716288268}},{"type":"Feature","id":14464,"geometry":{"type":"LineString","coordinates":[[37.5752807,55.8086975],[37.576654,55.8089266]]},"properties":{"name":"Москва","type":"Обособленные","lanes":1,"length":89.80517086363137,"population":13274285,"short_name":"Москва","lanes_length":89.80517086363137}},{"type":"Feature","id":14465,"geometry":{"type":"LineString","coordinates":[[37.4516201,55.8054537],[37.4505043,55.8046096],[37.4502897,55.8021734],[37.4502468,55.7990015],[37.4542379,55.795214],[37.4545598,55.7940077],[37.4541736,55.7869021],[37.4544525,55.785961],[37.4564266,55.7831376],[37.4549031,55.7798856]]},"properties":{"name":"Москва","type":"Обособленные","lanes":1,"length":2978.187085781369,"population":13274285,"short_name":"Москва","lanes_length":2978.187085781369}},{"type":"Feature","id":14466,"geometry":{"type":"LineString","coordinates":[[37.7191114,55.8170289],[37.7214503,55.8183792],[37.7325654,55.815317],[37.7355909,55.8135085]]},"properties":{"name":"Москва","type":"Обособленные","lanes":1,"length":1262.3382464985732,"population":13274285,"short_name":"Москва","lanes_length":1262.3382464985732}},{"type":"Feature","id":14467,"geometry":{"type":"LineString","coordinates":[[37.6792431,55.769947],[37.6784599,55.7731275]]},"properties":{"name":"Москва","type":"Обособленные","lanes":1,"length":357.50470351363236,"population":13274285,"short_name":"Москва","lanes_length":357.50470351363236}},{"type":"Feature","id":14468,"geometry":{"type":"LineString","coordinates":[[37.6609826,55.7306746],[37.6630425,55.7276538],[37.6637721,55.726083],[37.6641154,55.7228564]]},"properties":{"name":"Москва","type":"Обособленные","lanes":1,"length":901.0507516583777,"population":13274285,"short_name":"Москва","lanes_length":901.0507516583777}},{"type":"Feature","id":14469,"geometry":{"type":"LineString","coordinates":[[37.6641154,55.7228564],[37.6743943,55.7209168],[37.6780629,55.7156653],[37.6811314,55.7118818],[37.6823649,55.7117671],[37.6942742,55.7150971]]},"properties":{"name":"Москва","type":"Обособленные","lanes":1,"length":2686.76970745307,"population":13274285,"short_name":"Москва","lanes_length":2686.76970745307}},{"type":"Feature","id":14470,"geometry":{"type":"LineString","coordinates":[[37.624408,55.6818551],[37.6340532,55.6802461],[37.6484299,55.6786975]]},"properties":{"name":"Москва","type":"Обособленные","lanes":1,"length":1553.3300744755961,"population":13274285,"short_name":"Москва","lanes_length":1553.3300744755961}},{"type":"Feature","id":14471,"geometry":{"type":"LineString","coordinates":[[37.6656389,55.6786249],[37.665242,55.6769674]]},"properties":{"name":"Москва","type":"Обособленные","lanes":1,"length":186.2209424529086,"population":13274285,"short_name":"Москва","lanes_length":186.2209424529086}},{"type":"Feature","id":14472,"geometry":{"type":"LineString","coordinates":[[37.6641369,55.7526404],[37.6660198,55.7530811],[37.666347,55.753217]]},"properties":{"name":"Москва","type":"Обособленные","lanes":1,"length":153.5205671052663,"population":13274285,"short_name":"Москва","lanes_length":153.5205671052663}},{"type":"Feature","id":14473,"geometry":{"type":"LineString","coordinates":[[37.6715183,55.7413419],[37.6736319,55.7414506]]},"properties":{"name":"Москва","type":"Обособленные","lanes":1,"length":133.30308896381925,"population":13274285,"short_name":"Москва","lanes_length":133.30308896381925}},{"type":"Feature","id":14474,"geometry":{"type":"LineString","coordinates":[[37.6594377,55.7765609],[37.6564442,55.7754477],[37.6526999,55.7744927],[37.6522064,55.7745636]]},"properties":{"name":"Москва","type":"Обособленные","lanes":1,"length":514.9252137980494,"population":13274285,"short_name":"Москва","lanes_length":514.9252137980494}},{"type":"Feature","id":14475,"geometry":{"type":"LineString","coordinates":[[37.6410484,55.7488243],[37.636199,55.7454486]]},"properties":{"name":"Москва","type":"Обособленные","lanes":1,"length":483.7366546008214,"population":13274285,"short_name":"Москва","lanes_length":483.7366546008214}},{"type":"Feature","id":14476,"geometry":{"type":"LineString","coordinates":[[37.6793772,55.792135],[37.6798117,55.7913689]]},"properties":{"name":"Москва","type":"Обособленные","lanes":1,"length":89.54478461649983,"population":13274285,"short_name":"Москва","lanes_length":89.54478461649983}},{"type":"Feature","id":14477,"geometry":{"type":"LineString","coordinates":[[37.6296409,55.7415766],[37.6297724,55.7422871],[37.6302069,55.7425619],[37.6310867,55.7429575]]},"properties":{"name":"Москва","type":"Обособленные","lanes":1,"length":191.19611306055998,"population":13274285,"short_name":"Москва","lanes_length":191.19611306055998}},{"type":"Feature","id":14478,"geometry":{"type":"LineString","coordinates":[[37.6324922,55.7433953],[37.6340586,55.7441955]]},"properties":{"name":"Москва","type":"Обособленные","lanes":1,"length":132.72352799467336,"population":13274285,"short_name":"Москва","lanes_length":132.72352799467336}},{"type":"Feature","id":14479,"geometry":{"type":"LineString","coordinates":[[37.6840121,55.7625803],[37.6867962,55.7616779]]},"properties":{"name":"Москва","type":"Обособленные","lanes":1,"length":201.59379854256292,"population":13274285,"short_name":"Москва","lanes_length":201.59379854256292}},{"type":"Feature","id":14480,"geometry":{"type":"LineString","coordinates":[[37.6840121,55.7625803],[37.6836312,55.7626921],[37.6800478,55.7630558]]},"properties":{"name":"Москва","type":"Обособленные","lanes":1,"length":255.51772837806095,"population":13274285,"short_name":"Москва","lanes_length":255.51772837806095}},{"type":"Feature","id":14481,"geometry":{"type":"LineString","coordinates":[[37.7064729,55.7634405],[37.7162361,55.7597462],[37.715705,55.7538992],[37.7171481,55.7518132]]},"properties":{"name":"Москва","type":"Обособленные","lanes":1,"length":1639.2645214577747,"population":13274285,"short_name":"Москва","lanes_length":1639.2645214577747}},{"type":"Feature","id":14482,"geometry":{"type":"LineString","coordinates":[[37.6521206,55.7745938],[37.6490041,55.7765549],[37.648119,55.7775505],[37.6447606,55.7797348]]},"properties":{"name":"Москва","type":"Обособленные","lanes":1,"length":738.9075811410676,"population":13274285,"short_name":"Москва","lanes_length":738.9075811410676}},{"type":"Feature","id":14483,"geometry":{"type":"LineString","coordinates":[[37.6880785,55.8171405],[37.6905513,55.8165226],[37.6928825,55.8154813]]},"properties":{"name":"Москва","type":"Обособленные","lanes":1,"length":356.13719133051984,"population":13274285,"short_name":"Москва","lanes_length":356.13719133051984}},{"type":"Feature","id":14484,"geometry":{"type":"LineString","coordinates":[[37.6610342,55.6772418],[37.665242,55.6769674]]},"properties":{"name":"Москва","type":"Обособленные","lanes":1,"length":266.4780196899614,"population":13274285,"short_name":"Москва","lanes_length":266.4780196899614}},{"type":"Feature","id":14485,"geometry":{"type":"LineString","coordinates":[[37.6054287,55.6566719],[37.6145375,55.6642295]]},"properties":{"name":"Москва","type":"Обособленные","lanes":1,"length":1018.1714572996464,"population":13274285,"short_name":"Москва","lanes_length":1018.1714572996464}},{"type":"Feature","id":14486,"geometry":{"type":"LineString","coordinates":[[37.5521279,55.6841173],[37.5541019,55.6856052]]},"properties":{"name":"Москва","type":"Обособленные","lanes":1,"length":207.02377279929203,"population":13274285,"short_name":"Москва","lanes_length":207.02377279929203}},{"type":"Feature","id":14487,"geometry":{"type":"LineString","coordinates":[[37.6118016,55.7271705],[37.6100044,55.7208683],[37.606751,55.7120123]]},"properties":{"name":"Москва","type":"Обособленные","lanes":1,"length":1717.6721611373187,"population":13274285,"short_name":"Москва","lanes_length":1717.6721611373187}},{"type":"Feature","id":14488,"geometry":{"type":"LineString","coordinates":[[37.6064533,55.7118923],[37.6214667,55.7114062],[37.62223,55.7114768]]},"properties":{"name":"Москва","type":"Обособленные","lanes":1,"length":993.8589492399951,"population":13274285,"short_name":"Москва","lanes_length":993.8589492399951}},{"type":"Feature","id":14489,"geometry":{"type":"LineString","coordinates":[[37.6967096,55.7357308],[37.6981634,55.7355662],[37.6982438,55.7354257],[37.69701,55.7337796]]},"properties":{"name":"Москва","type":"Обособленные","lanes":1,"length":308.57049661147903,"population":13274285,"short_name":"Москва","lanes_length":308.57049661147903}},{"type":"Feature","id":14490,"geometry":{"type":"LineString","coordinates":[[37.6801014,55.7465477],[37.6737499,55.7398924],[37.6708746,55.7357126],[37.6688254,55.7337072]]},"properties":{"name":"Москва","type":"Обособленные","lanes":1,"length":1598.4496129870379,"population":13274285,"short_name":"Москва","lanes_length":1598.4496129870379}},{"type":"Feature","id":14491,"geometry":{"type":"LineString","coordinates":[[37.6678812,55.7783652],[37.6709121,55.7760058]]},"properties":{"name":"Москва","type":"Обособленные","lanes":1,"length":324.3139108459565,"population":13274285,"short_name":"Москва","lanes_length":324.3139108459565}},{"type":"Feature","id":14492,"geometry":{"type":"LineString","coordinates":[[37.6641369,55.7526404],[37.6658697,55.7501738],[37.6688468,55.747224]]},"properties":{"name":"Москва","type":"Обособленные","lanes":1,"length":673.2999534949545,"population":13274285,"short_name":"Москва","lanes_length":673.2999534949545}},{"type":"Feature","id":14493,"geometry":{"type":"LineString","coordinates":[[37.6701503,55.7467093],[37.6715183,55.7413419]]},"properties":{"name":"Москва","type":"Обособленные","lanes":1,"length":603.7357038831778,"population":13274285,"short_name":"Москва","lanes_length":603.7357038831778}},{"type":"Feature","id":14494,"geometry":{"type":"LineString","coordinates":[[37.6743722,55.7380804],[37.6731062,55.7386482]]},"properties":{"name":"Москва","type":"Обособленные","lanes":1,"length":101.58822767483802,"population":13274285,"short_name":"Москва","lanes_length":101.58822767483802}},{"type":"Feature","id":14495,"geometry":{"type":"LineString","coordinates":[[37.6340961,55.7442167],[37.6361273,55.7454343]]},"properties":{"name":"Москва","type":"Обособленные","lanes":1,"length":186.14701422528617,"population":13274285,"short_name":"Москва","lanes_length":186.14701422528617}},{"type":"Feature","id":14496,"geometry":{"type":"LineString","coordinates":[[37.6410484,55.7488243],[37.6425451,55.7504667]]},"properties":{"name":"Москва","type":"Обособленные","lanes":1,"length":205.59979237374395,"population":13274285,"short_name":"Москва","lanes_length":205.59979237374395}},{"type":"Feature","id":14497,"geometry":{"type":"LineString","coordinates":[[37.642647,55.7505331],[37.6451093,55.7509618],[37.6459059,55.7514826],[37.6475193,55.7536524],[37.6484218,55.7555973],[37.6481535,55.756201],[37.6463162,55.7584121]]},"properties":{"name":"Москва","type":"Обособленные","lanes":1,"length":1065.3447181232268,"population":13274285,"short_name":"Москва","lanes_length":1065.3447181232268}},{"type":"Feature","id":14498,"geometry":{"type":"LineString","coordinates":[[37.6454035,55.7600411],[37.6434209,55.7621685],[37.642509,55.7628929],[37.6388933,55.7646555]]},"properties":{"name":"Москва","type":"Обособленные","lanes":1,"length":666.514933010913,"population":13274285,"short_name":"Москва","lanes_length":666.514933010913}},{"type":"Feature","id":14499,"geometry":{"type":"LineString","coordinates":[[37.6510262,55.7282278],[37.6415634,55.7306867]]},"properties":{"name":"Москва","type":"Обособленные","lanes":1,"length":654.5316175986558,"population":13274285,"short_name":"Москва","lanes_length":654.5316175986558}},{"type":"Feature","id":14500,"geometry":{"type":"LineString","coordinates":[[37.6361561,55.7307108],[37.6371431,55.7282943],[37.6364136,55.723364]]},"properties":{"name":"Москва","type":"Обособленные","lanes":1,"length":826.9339483605215,"population":13274285,"short_name":"Москва","lanes_length":826.9339483605215}},{"type":"Feature","id":14501,"geometry":{"type":"LineString","coordinates":[[37.5847435,55.7762109],[37.5969949,55.7841572],[37.6012176,55.7848374]]},"properties":{"name":"Москва","type":"Обособленные","lanes":1,"length":1447.5848002922116,"population":13274285,"short_name":"Москва","lanes_length":1447.5848002922116}},{"type":"Feature","id":14502,"geometry":{"type":"LineString","coordinates":[[37.7144757,55.7963695],[37.7145195,55.7958835]]},"properties":{"name":"Москва","type":"Обособленные","lanes":1,"length":54.180016999555136,"population":13274285,"short_name":"Москва","lanes_length":54.180016999555136}},{"type":"Feature","id":14503,"geometry":{"type":"LineString","coordinates":[[37.7269006,55.80309],[37.7291751,55.7984828]]},"properties":{"name":"Москва","type":"Обособленные","lanes":1,"length":532.4207458721506,"population":13274285,"short_name":"Москва","lanes_length":532.4207458721506}},{"type":"Feature","id":14504,"geometry":{"type":"LineString","coordinates":[[37.7624989,55.7868056],[37.7626491,55.7870469],[37.7623272,55.7882654],[37.7626276,55.7884584],[37.7658892,55.7888445],[37.7693224,55.7897734]]},"properties":{"name":"Москва","type":"Обособленные","lanes":1,"length":642.2035665189351,"population":13274285,"short_name":"Москва","lanes_length":642.2035665189351}},{"type":"Feature","id":14505,"geometry":{"type":"LineString","coordinates":[[37.745393,55.7832148],[37.7189398,55.7822085]]},"properties":{"name":"Москва","type":"Обособленные","lanes":1,"length":1663.5139793731744,"population":13274285,"short_name":"Москва","lanes_length":1663.5139793731744}},{"type":"Feature","id":14506,"geometry":{"type":"LineString","coordinates":[[37.7188713,55.7820323],[37.7181995,55.7802371],[37.7205706,55.7797348],[37.7205276,55.7787332]]},"properties":{"name":"Москва","type":"Обособленные","lanes":1,"length":474.7613180505127,"population":13274285,"short_name":"Москва","lanes_length":474.7613180505127}},{"type":"Feature","id":14507,"geometry":{"type":"LineString","coordinates":[[37.7205276,55.7787332],[37.7143478,55.7755955]]},"properties":{"name":"Москва","type":"Обособленные","lanes":1,"length":521.9415918881501,"population":13274285,"short_name":"Москва","lanes_length":521.9415918881501}},{"type":"Feature","id":14508,"geometry":{"type":"LineString","coordinates":[[37.6848006,55.8110127],[37.6869893,55.8139666],[37.6850152,55.8152688]]},"properties":{"name":"Москва","type":"Обособленные","lanes":1,"length":546.9827966961475,"population":13274285,"short_name":"Москва","lanes_length":546.9827966961475}},{"type":"Feature","id":14509,"geometry":{"type":"LineString","coordinates":[[37.6830304,55.8156546],[37.6796615,55.8171917],[37.6760566,55.8178065],[37.6639438,55.8211638],[37.6583648,55.8228755],[37.6521528,55.825003],[37.6515412,55.8254007],[37.6479793,55.8266633]]},"properties":{"name":"Москва","type":"Обособленные","lanes":1,"length":2530.6006060616846,"population":13274285,"short_name":"Москва","lanes_length":2530.6006060616846}},{"type":"Feature","id":14510,"geometry":{"type":"LineString","coordinates":[[37.5688863,55.8167275],[37.5746799,55.8090834],[37.5751305,55.8086734]]},"properties":{"name":"Москва","type":"Обособленные","lanes":1,"length":979.0339782606004,"population":13274285,"short_name":"Москва","lanes_length":979.0339782606004}},{"type":"Feature","id":14511,"geometry":{"type":"LineString","coordinates":[[37.4526179,55.8285223],[37.4534333,55.8324693],[37.4540448,55.8357711]]},"properties":{"name":"Москва","type":"Обособленные","lanes":1,"length":812.024656639599,"population":13274285,"short_name":"Москва","lanes_length":812.024656639599}},{"type":"Feature","id":14512,"geometry":{"type":"LineString","coordinates":[[37.5389421,55.8364157],[37.5359654,55.83721]]},"properties":{"name":"Москва","type":"Обособленные","lanes":1,"length":206.41133168038073,"population":13274285,"short_name":"Москва","lanes_length":206.41133168038073}},{"type":"Feature","id":14513,"geometry":{"type":"LineString","coordinates":[[37.574873,55.6993322],[37.5934124,55.7098146],[37.5974464,55.7100564],[37.6061153,55.7113258]]},"properties":{"name":"Москва","type":"Обособленные","lanes":1,"length":2467.341207832217,"population":13274285,"short_name":"Москва","lanes_length":2467.341207832217}},{"type":"Feature","id":14514,"geometry":{"type":"LineString","coordinates":[[37.6867962,55.7616779],[37.6957011,55.7585389]]},"properties":{"name":"Москва","type":"Обособленные","lanes":1,"length":659.291705469886,"population":13274285,"short_name":"Москва","lanes_length":659.291705469886}},{"type":"Feature","id":14515,"geometry":{"type":"LineString","coordinates":[[37.7701941,55.7900101],[37.7754298,55.7915422]]},"properties":{"name":"Москва","type":"Обособленные","lanes":1,"length":370.08881427949586,"population":13274285,"short_name":"Москва","lanes_length":370.08881427949586}},{"type":"Feature","id":14516,"geometry":{"type":"LineString","coordinates":[[37.7769399,55.791945],[37.7840209,55.7929583],[37.822237,55.7936338]]},"properties":{"name":"Москва","type":"Обособленные","lanes":1,"length":2856.570608374479,"population":13274285,"short_name":"Москва","lanes_length":2856.570608374479}},{"type":"Feature","id":14517,"geometry":{"type":"LineString","coordinates":[[37.7145159,55.7958074],[37.7149057,55.7923792],[37.7158284,55.7916795],[37.717545,55.7855508],[37.7189398,55.7822085]]},"properties":{"name":"Москва","type":"Обособленные","lanes":1,"length":1552.6003199121747,"population":13274285,"short_name":"Москва","lanes_length":1552.6003199121747}},{"type":"Feature","id":14518,"geometry":{"type":"LineString","coordinates":[[49.0883043,55.8680387],[49.0814432,55.8691283],[49.080145,55.869351],[49.0793403,55.8694594],[49.0788361,55.8694985],[49.0781924,55.8695136],[49.0771141,55.8695437],[49.0735199,55.869649],[49.0690138,55.8697634],[49.0641859,55.8699018],[49.0579739,55.8700614],[49.0533068,55.8701938],[49.0508124,55.870266],[49.0474918,55.8703172],[49.0472397,55.8702841],[49.0471646,55.8702239]]},"properties":{"name":"Казань","type":"Обособленные","lanes":1,"length":2603.753368356005,"population":1318604,"short_name":"Казань","lanes_length":2603.753368356005}},{"type":"Feature","id":14577,"geometry":{"type":"LineString","coordinates":[[37.673986,55.7773816],[37.670955,55.7760058]]},"properties":{"name":"Москва","type":"Обособленные","lanes":1,"length":244.2135283766801,"population":13274285,"short_name":"Москва","lanes_length":244.2135283766801}},{"type":"Feature","id":14578,"geometry":{"type":"LineString","coordinates":[[37.6202989,55.7798615],[37.6183382,55.7785552],[37.6178044,55.7784737]]},"properties":{"name":"Москва","type":"Обособленные","lanes":1,"length":225.20044885108388,"population":13274285,"short_name":"Москва","lanes_length":225.20044885108388}},{"type":"Feature","id":14579,"geometry":{"type":"LineString","coordinates":[[37.6669049,55.7323661],[37.6688254,55.7337072]]},"properties":{"name":"Москва","type":"Обособленные","lanes":1,"length":191.96638471184235,"population":13274285,"short_name":"Москва","lanes_length":191.96638471184235}},{"type":"Feature","id":14580,"geometry":{"type":"LineString","coordinates":[[37.6607037,55.7545664],[37.662828,55.7540653],[37.663343,55.7537634],[37.6641369,55.7526404]]},"properties":{"name":"Москва","type":"Обособленные","lanes":1,"length":325.8230347868008,"population":13274285,"short_name":"Москва","lanes_length":325.8230347868008}},{"type":"Feature","id":14581,"geometry":{"type":"LineString","coordinates":[[37.6016736,55.7851405],[37.604286,55.7853427]]},"properties":{"name":"Москва","type":"Обособленные","lanes":1,"length":165.43647799765478,"population":13274285,"short_name":"Москва","lanes_length":165.43647799765478}},{"type":"Feature","id":14582,"geometry":{"type":"LineString","coordinates":[[37.6854873,55.7602231],[37.6867638,55.7616241]]},"properties":{"name":"Москва","type":"Обособленные","lanes":1,"length":175.3642453502159,"population":13274285,"short_name":"Москва","lanes_length":175.3642453502159}},{"type":"Feature","id":14583,"geometry":{"type":"LineString","coordinates":[[37.6705685,55.7473206],[37.6716149,55.7483895],[37.6721728,55.7485163],[37.6735246,55.7484438],[37.6743507,55.7482929]]},"properties":{"name":"Москва","type":"Обособленные","lanes":1,"length":313.51947478679136,"population":13274285,"short_name":"Москва","lanes_length":313.51947478679136}},{"type":"Feature","id":14584,"geometry":{"type":"LineString","coordinates":[[37.7144766,55.7963931],[37.7144337,55.7968906],[37.7148521,55.7972585],[37.7148628,55.7976385],[37.7115154,55.8012086],[37.7076101,55.8035483]]},"properties":{"name":"Москва","type":"Обособленные","lanes":1,"length":953.4808616743223,"population":13274285,"short_name":"Москва","lanes_length":953.4808616743223}},{"type":"Feature","id":14585,"geometry":{"type":"LineString","coordinates":[[37.6928825,55.8154813],[37.6947784,55.8145213],[37.6971602,55.8126766],[37.7025676,55.8106992],[37.7055931,55.8087337],[37.70744,55.8041439]]},"properties":{"name":"Москва","type":"Обособленные","lanes":1,"length":1631.599269781348,"population":13274285,"short_name":"Москва","lanes_length":1631.599269781348}},{"type":"Feature","id":14586,"geometry":{"type":"LineString","coordinates":[[37.6484299,55.6786975],[37.6610342,55.6772418]]},"properties":{"name":"Москва","type":"Обособленные","lanes":1,"length":809.337480182878,"population":13274285,"short_name":"Москва","lanes_length":809.337480182878}},{"type":"Feature","id":14587,"geometry":{"type":"LineString","coordinates":[[37.6061475,55.7847756],[37.6110778,55.7829637]]},"properties":{"name":"Москва","type":"Обособленные","lanes":1,"length":369.29804448842185,"population":13274285,"short_name":"Москва","lanes_length":369.29804448842185}},{"type":"Feature","id":14588,"geometry":{"type":"LineString","coordinates":[[37.6800478,55.7630558],[37.6741845,55.7637069],[37.6737392,55.7636699]]},"properties":{"name":"Москва","type":"Обособленные","lanes":1,"length":403.3851720370128,"population":13274285,"short_name":"Москва","lanes_length":403.3851720370128}},{"type":"Feature","id":14589,"geometry":{"type":"LineString","coordinates":[[37.6662841,55.779408],[37.6670512,55.7789192]]},"properties":{"name":"Москва","type":"Обособленные","lanes":1,"length":72.65419812586904,"population":13274285,"short_name":"Москва","lanes_length":72.65419812586904}},{"type":"Feature","id":14590,"geometry":{"type":"LineString","coordinates":[[37.6957011,55.7585389],[37.7103084,55.7536336]]},"properties":{"name":"Москва","type":"Обособленные","lanes":1,"length":1067.4195705800764,"population":13274285,"short_name":"Москва","lanes_length":1067.4195705800764}},{"type":"Feature","id":14591,"geometry":{"type":"LineString","coordinates":[[37.6880785,55.8171405],[37.686158,55.8163569]]},"properties":{"name":"Москва","type":"Обособленные","lanes":1,"length":148.6802597145131,"population":13274285,"short_name":"Москва","lanes_length":148.6802597145131}},{"type":"Feature","id":14596,"geometry":{"type":"LineString","coordinates":[[37.6040125,55.7896408],[37.6096831,55.7901029]]},"properties":{"name":"Москва","type":"Обособленные","lanes":1,"length":359.4230831801286,"population":13274285,"short_name":"Москва","lanes_length":359.4230831801286}},{"type":"Feature","id":14597,"geometry":{"type":"LineString","coordinates":[[37.4526179,55.8285223],[37.4522531,55.8266542]]},"properties":{"name":"Москва","type":"Обособленные","lanes":1,"length":209.24451810513662,"population":13274285,"short_name":"Москва","lanes_length":209.24451810513662}},{"type":"Feature","id":14598,"geometry":{"type":"LineString","coordinates":[[37.5012636,55.8184501],[37.5020885,55.8175413]]},"properties":{"name":"Москва","type":"Обособленные","lanes":1,"length":113.631662394536,"population":13274285,"short_name":"Москва","lanes_length":113.631662394536}},{"type":"Feature","id":14599,"geometry":{"type":"LineString","coordinates":[[37.604312,55.7853397],[37.6046531,55.7852899],[37.6061475,55.7847756]]},"properties":{"name":"Москва","type":"Обособленные","lanes":1,"length":131.96626122739056,"population":13274285,"short_name":"Москва","lanes_length":131.96626122739056}},{"type":"Feature","id":14600,"geometry":{"type":"LineString","coordinates":[[37.5359654,55.83721],[37.5252414,55.8400847]]},"properties":{"name":"Москва","type":"Обособленные","lanes":1,"length":744.2255968375765,"population":13274285,"short_name":"Москва","lanes_length":744.2255968375765}},{"type":"Feature","id":14601,"geometry":{"type":"LineString","coordinates":[[37.6454035,55.7600411],[37.6458005,55.7593288]]},"properties":{"name":"Москва","type":"Обособленные","lanes":1,"length":83.12981073906964,"population":13274285,"short_name":"Москва","lanes_length":83.12981073906964}},{"type":"Feature","id":14602,"geometry":{"type":"LineString","coordinates":[[37.6743507,55.7482929],[37.6750267,55.748311],[37.6755738,55.7486491],[37.6765716,55.7499172],[37.6794791,55.753709],[37.6857018,55.7582551],[37.6859808,55.7586838],[37.6862276,55.7597704],[37.6854873,55.7602231]]},"properties":{"name":"Москва","type":"Обособленные","lanes":1,"length":1588.6512750262114,"population":13274285,"short_name":"Москва","lanes_length":1588.6512750262114}},{"type":"Feature","id":14603,"geometry":{"type":"LineString","coordinates":[[37.6688468,55.747224],[37.6692081,55.7470157],[37.6701415,55.7467228],[37.6705685,55.7473206]]},"properties":{"name":"Москва","type":"Обособленные","lanes":1,"length":171.2790077645143,"population":13274285,"short_name":"Москва","lanes_length":171.2790077645143}},{"type":"Feature","id":14604,"geometry":{"type":"LineString","coordinates":[[37.7103084,55.7536336],[37.7117944,55.7531506],[37.715705,55.7538992]]},"properties":{"name":"Москва","type":"Обособленные","lanes":1,"length":366.99645485901146,"population":13274285,"short_name":"Москва","lanes_length":366.99645485901146}},{"type":"Feature","id":14605,"geometry":{"type":"LineString","coordinates":[[37.7701941,55.7900101],[37.7693224,55.7897734]]},"properties":{"name":"Москва","type":"Обособленные","lanes":1,"length":60.701654472544476,"population":13274285,"short_name":"Москва","lanes_length":60.701654472544476}},{"type":"Feature","id":14606,"geometry":{"type":"LineString","coordinates":[[37.7754298,55.7915422],[37.7769399,55.791945]]},"properties":{"name":"Москва","type":"Обособленные","lanes":1,"length":104.80525733778303,"population":13274285,"short_name":"Москва","lanes_length":104.80525733778303}},{"type":"Feature","id":14607,"geometry":{"type":"LineString","coordinates":[[37.686158,55.8163569],[37.685223,55.8159682],[37.6850259,55.8153592]]},"properties":{"name":"Москва","type":"Обособленные","lanes":1,"length":141.78125350032582,"population":13274285,"short_name":"Москва","lanes_length":141.78125350032582}},{"type":"Feature","id":14608,"geometry":{"type":"LineString","coordinates":[[37.6850259,55.8153592],[37.683996,55.8154346],[37.6830304,55.8156546]]},"properties":{"name":"Москва","type":"Обособленные","lanes":1,"length":130.4088587858537,"population":13274285,"short_name":"Москва","lanes_length":130.4088587858537}},{"type":"Feature","id":14609,"geometry":{"type":"LineString","coordinates":[[37.6804662,55.7924034],[37.6810563,55.7914594],[37.6820755,55.7898941]]},"properties":{"name":"Москва","type":"Обособленные","lanes":1,"length":297.06525622190713,"population":13274285,"short_name":"Москва","lanes_length":297.06525622190713}},{"type":"Feature","id":14610,"geometry":{"type":"LineString","coordinates":[[37.6816785,55.7928316],[37.6804662,55.7924034],[37.6800209,55.7923853],[37.6794308,55.7922495],[37.6793772,55.792135]]},"properties":{"name":"Москва","type":"Обособленные","lanes":1,"length":170.92541708747783,"population":13274285,"short_name":"Москва","lanes_length":170.92541708747783}},{"type":"Feature","id":14611,"geometry":{"type":"LineString","coordinates":[[37.6798117,55.7913689],[37.6800102,55.7913327],[37.6809758,55.7915499]]},"properties":{"name":"Москва","type":"Обособленные","lanes":1,"length":78.30717090737892,"population":13274285,"short_name":"Москва","lanes_length":78.30717090737892}},{"type":"Feature","id":14613,"geometry":{"type":"LineString","coordinates":[[37.6701503,55.7467093],[37.6728738,55.7469498],[37.6755774,55.7470585],[37.6803025,55.7467409]]},"properties":{"name":"Москва","type":"Обособленные","lanes":1,"length":642.1706927039854,"population":13274285,"short_name":"Москва","lanes_length":642.1706927039854}},{"type":"Feature","id":14618,"geometry":{"type":"LineString","coordinates":[[37.6388933,55.7646555],[37.636416,55.7658993],[37.6437116,55.7702448],[37.6481748,55.773576],[37.6517368,55.7746864]]},"properties":{"name":"Москва","type":"Обособленные","lanes":1,"length":1594.6082367080712,"population":13274285,"short_name":"Москва","lanes_length":1594.6082367080712}},{"type":"Feature","id":14619,"geometry":{"type":"LineString","coordinates":[[37.6905394,55.6853499],[37.6656389,55.6786249]]},"properties":{"name":"Москва","type":"Обособленные","lanes":1,"length":1736.0986106941593,"population":13274285,"short_name":"Москва","lanes_length":1736.0986106941593}},{"type":"Feature","id":14620,"geometry":{"type":"LineString","coordinates":[[37.6334797,55.7922673],[37.6335333,55.7902647],[37.6292096,55.7889618],[37.6225148,55.7887325],[37.609946,55.7882104]]},"properties":{"name":"Москва","type":"Обособленные","lanes":1,"length":1741.954272022743,"population":13274285,"short_name":"Москва","lanes_length":1741.954272022743}},{"type":"Feature","id":14621,"geometry":{"type":"LineString","coordinates":[[37.6296718,55.7407865],[37.6302187,55.7387984],[37.6316456,55.7366058],[37.6331691,55.734987],[37.6358513,55.7310846]]},"properties":{"name":"Москва","type":"Обособленные","lanes":1,"length":1154.128047357769,"population":13274285,"short_name":"Москва","lanes_length":1154.128047357769}},{"type":"Feature","id":14622,"geometry":{"type":"LineString","coordinates":[[37.7064729,55.7634405],[37.7048421,55.7637544],[37.6993704,55.7662171],[37.6985657,55.7665913],[37.6979971,55.7666818],[37.697922,55.7668931],[37.69804,55.76705]]},"properties":{"name":"Москва","type":"Обособленные","lanes":1,"length":693.1852262674117,"population":13274285,"short_name":"Москва","lanes_length":693.1852262674117}},{"type":"Feature","id":14623,"geometry":{"type":"LineString","coordinates":[[37.7175762,55.7855124],[37.714262,55.7852129]]},"properties":{"name":"Москва","type":"Обособленные","lanes":1,"length":210.58356847673065,"population":13274285,"short_name":"Москва","lanes_length":210.58356847673065}},{"type":"Feature","id":14633,"geometry":{"type":"LineString","coordinates":[[37.6202989,55.7798615],[37.6231164,55.7790187],[37.6271056,55.778344],[37.6290375,55.778335]]},"properties":{"name":"Москва","type":"Обособленные","lanes":1,"length":582.7268435579958,"population":13274285,"short_name":"Москва","lanes_length":582.7268435579958}},{"type":"Feature","id":14634,"geometry":{"type":"LineString","coordinates":[[37.6096831,55.7901029],[37.6098229,55.7900132],[37.609946,55.7882104]]},"properties":{"name":"Москва","type":"Обособленные","lanes":1,"length":214.1595526721714,"population":13274285,"short_name":"Москва","lanes_length":214.1595526721714}},{"type":"Feature","id":14635,"geometry":{"type":"LineString","coordinates":[[37.6315963,55.7808148],[37.6331209,55.7805717]]},"properties":{"name":"Москва","type":"Обособленные","lanes":1,"length":99.4172748460192,"population":13274285,"short_name":"Москва","lanes_length":99.4172748460192}},{"type":"Feature","id":14636,"geometry":{"type":"LineString","coordinates":[[37.6296409,55.7415766],[37.6296718,55.7407865]]},"properties":{"name":"Москва","type":"Не обособленные","lanes":1,"length":87.98886221229596,"population":13274285,"short_name":"Москва","lanes_length":87.98886221229596}},{"type":"Feature","id":14637,"geometry":{"type":"LineString","coordinates":[[37.6245045,55.7115071],[37.6248264,55.7098509],[37.6244831,55.7081101],[37.6247835,55.7058977],[37.6230968,55.7044589],[37.6221956,55.703806],[37.6220668,55.7032982],[37.6221443,55.7028871]]},"properties":{"name":"Москва","type":"Не обособленные","lanes":1,"length":1014.9715036337179,"population":13274285,"short_name":"Москва","lanes_length":1014.9715036337179}},{"type":"Feature","id":14638,"geometry":{"type":"LineString","coordinates":[[37.7272331,55.8062556],[37.7265573,55.8076002],[37.7267718,55.8082514]]},"properties":{"name":"Москва","type":"Не обособленные","lanes":1,"length":229.32762987492265,"population":13274285,"short_name":"Москва","lanes_length":229.32762987492265}},{"type":"Feature","id":14639,"geometry":{"type":"LineString","coordinates":[[37.6315963,55.7808148],[37.6311564,55.7805795],[37.6306844,55.7787332],[37.6306415,55.7783651],[37.6290375,55.778335]]},"properties":{"name":"Москва","type":"Не обособленные","lanes":1,"length":387.5181428187882,"population":13274285,"short_name":"Москва","lanes_length":387.5181428187882}},{"type":"Feature","id":14640,"geometry":{"type":"LineString","coordinates":[[37.6178044,55.7784737],[37.6173806,55.7784255],[37.613368,55.7791857],[37.612499,55.7796624],[37.6091504,55.7804618],[37.6088118,55.7806639],[37.6088245,55.7808132],[37.6110778,55.7829637]]},"properties":{"name":"Москва","type":"Не обособленные","lanes":1,"length":922.6861871308092,"population":13274285,"short_name":"Москва","lanes_length":922.6861871308092}},{"type":"Feature","id":14641,"geometry":{"type":"LineString","coordinates":[[37.6040125,55.7896408],[37.6001716,55.7893391],[37.6016736,55.7851405],[37.6012176,55.7848374]]},"properties":{"name":"Москва","type":"Не обособленные","lanes":1,"length":764.3828097743306,"population":13274285,"short_name":"Москва","lanes_length":764.3828097743306}},{"type":"Feature","id":14642,"geometry":{"type":"LineString","coordinates":[[37.6012256,55.7848178],[37.6021886,55.7799037],[37.6039267,55.7788056],[37.6056433,55.7791435],[37.6051283,55.7802899],[37.6027894,55.779602]]},"properties":{"name":"Москва","type":"Не обособленные","lanes":1,"length":1125.5880577652613,"population":13274285,"short_name":"Москва","lanes_length":1125.5880577652613}},{"type":"Feature","id":14643,"geometry":{"type":"LineString","coordinates":[[37.6064506,55.7118826],[37.6061368,55.7109752],[37.6064372,55.7094762],[37.6071668,55.7082793],[37.6106,55.7084607],[37.6104283,55.706478],[37.6133815,55.7032634]]},"properties":{"name":"Москва","type":"Не обособленные","lanes":1,"length":1252.7852239131673,"population":13274285,"short_name":"Москва","lanes_length":1252.7852239131673}},{"type":"Feature","id":14644,"geometry":{"type":"LineString","coordinates":[[37.6737392,55.7636699],[37.6728916,55.7600119]]},"properties":{"name":"Москва","type":"Не обособленные","lanes":1,"length":410.7336255709619,"population":13274285,"short_name":"Москва","lanes_length":410.7336255709619}},{"type":"Feature","id":14645,"geometry":{"type":"LineString","coordinates":[[37.6607037,55.7545664],[37.6607788,55.7551701]]},"properties":{"name":"Москва","type":"Не обособленные","lanes":1,"length":67.3795619144192,"population":13274285,"short_name":"Москва","lanes_length":67.3795619144192}},{"type":"Feature","id":14646,"geometry":{"type":"LineString","coordinates":[[37.5027537,55.8166673],[37.5020885,55.8175413]]},"properties":{"name":"Москва","type":"Не обособленные","lanes":1,"length":105.86808678368607,"population":13274285,"short_name":"Москва","lanes_length":105.86808678368607}},{"type":"Feature","id":14647,"geometry":{"type":"LineString","coordinates":[[37.5216579,55.8320234],[37.5252734,55.8353191],[37.5261855,55.8370001],[37.5282669,55.83794],[37.5291038,55.8389039]]},"properties":{"name":"Москва","type":"Не обособленные","lanes":1,"length":913.5812764907204,"population":13274285,"short_name":"Москва","lanes_length":913.5812764907204}},{"type":"Feature","id":14648,"geometry":{"type":"LineString","coordinates":[[37.539103,55.8363736],[37.5452828,55.8347468],[37.5462699,55.8347468],[37.5488448,55.835036]]},"properties":{"name":"Москва","type":"Не обособленные","lanes":1,"length":653.8507997024541,"population":13274285,"short_name":"Москва","lanes_length":653.8507997024541}},{"type":"Feature","id":14649,"geometry":{"type":"LineString","coordinates":[[37.5621486,55.8242376],[37.5630283,55.8225139]]},"properties":{"name":"Москва","type":"Не обособленные","lanes":1,"length":199.67776866287335,"population":13274285,"short_name":"Москва","lanes_length":199.67776866287335}},{"type":"Feature","id":14650,"geometry":{"type":"LineString","coordinates":[[37.6947784,55.8145213],[37.6969671,55.815534],[37.6997566,55.816185],[37.7019024,55.8177282],[37.7038765,55.8187649],[37.7114296,55.8200186],[37.7146053,55.8191266],[37.7191114,55.8170289]]},"properties":{"name":"Москва","type":"Не обособленные","lanes":1,"length":1836.9059273220546,"population":13274285,"short_name":"Москва","lanes_length":1836.9059273220546}},{"type":"Feature","id":14651,"geometry":{"type":"LineString","coordinates":[[37.6800478,55.7630558],[37.6802731,55.7638269],[37.6792431,55.769947]]},"properties":{"name":"Москва","type":"Не обособленные","lanes":1,"length":771.4667801828098,"population":13274285,"short_name":"Москва","lanes_length":771.4667801828098}},{"type":"Feature","id":14652,"geometry":{"type":"LineString","coordinates":[[37.6784385,55.7732903],[37.6776767,55.7755834],[37.673986,55.7773816]]},"properties":{"name":"Москва","type":"Не обособленные","lanes":1,"length":565.8860575049913,"population":13274285,"short_name":"Москва","lanes_length":565.8860575049913}},{"type":"Feature","id":14653,"geometry":{"type":"LineString","coordinates":[[37.6743722,55.7380804],[37.6880622,55.7365945],[37.6967096,55.7357308]]},"properties":{"name":"Москва","type":"Не обособленные","lanes":1,"length":1427.3607787625147,"population":13274285,"short_name":"Москва","lanes_length":1427.3607787625147}},{"type":"Feature","id":14654,"geometry":{"type":"LineString","coordinates":[[37.6695549,55.7555686],[37.6678598,55.7546811],[37.6667655,55.7534072],[37.6664221,55.7532381]]},"properties":{"name":"Москва","type":"Не обособленные","lanes":1,"length":331.4516040399273,"population":13274285,"short_name":"Москва","lanes_length":331.4516040399273}},{"type":"Feature","id":14655,"geometry":{"type":"LineString","coordinates":[[37.6737499,55.7398924],[37.6737928,55.7413238],[37.6736319,55.7414506]]},"properties":{"name":"Москва","type":"Не обособленные","lanes":1,"length":176.75259251782262,"population":13274285,"short_name":"Москва","lanes_length":176.75259251782262}},{"type":"Feature","id":14656,"geometry":{"type":"LineString","coordinates":[[37.714262,55.7852129],[37.7145302,55.7839219],[37.7170408,55.7837288],[37.7181566,55.783765]]},"properties":{"name":"Москва","type":"Не обособленные","lanes":1,"length":373.8177910148341,"population":13274285,"short_name":"Москва","lanes_length":373.8177910148341}},{"type":"Feature","id":14657,"geometry":{"type":"LineString","coordinates":[[37.6310867,55.7429575],[37.6318109,55.7432262],[37.6324922,55.7433953]]},"properties":{"name":"Москва","type":"Не обособленные","lanes":1,"length":101.18898868875687,"population":13274285,"short_name":"Москва","lanes_length":101.18898868875687}},{"type":"Feature","id":14658,"geometry":{"type":"LineString","coordinates":[[37.6364136,55.723364],[37.633237,55.7160213],[37.6327218,55.7118211],[37.62223,55.7114768]]},"properties":{"name":"Москва","type":"Не обособленные","lanes":1,"length":1970.8800955074712,"population":13274285,"short_name":"Москва","lanes_length":1970.8800955074712}},{"type":"Feature","id":14659,"geometry":{"type":"LineString","coordinates":[[37.6462619,55.7584957],[37.6454035,55.7600411]]},"properties":{"name":"Москва","type":"Не обособленные","lanes":1,"length":180.3028660376546,"population":13274285,"short_name":"Москва","lanes_length":180.3028660376546}},{"type":"Feature","id":14660,"geometry":{"type":"LineString","coordinates":[[37.8191408,55.7511552],[37.8166731,55.7454065]]},"properties":{"name":"Москва","type":"Не обособленные","lanes":1,"length":658.537229170694,"population":13274285,"short_name":"Москва","lanes_length":658.537229170694}},{"type":"Feature","id":14661,"geometry":{"type":"LineString","coordinates":[[49.1072943,55.8628371],[49.1043975,55.8637402],[49.1009214,55.8647517],[49.0985181,55.8654621],[49.0971878,55.8659798],[49.0961256,55.8665818],[49.0951064,55.866919],[49.0883043,55.8680387]]},"properties":{"name":"Казань","type":"Не обособленные","lanes":1,"length":1335.8997665845136,"population":1318604,"short_name":"Казань","lanes_length":1335.8997665845136}},{"type":"Feature","id":14662,"geometry":{"type":"LineString","coordinates":[[37.696687,55.735731],[37.6957616,55.7340305],[37.69701,55.7337796]]},"properties":{"name":"Москва","type":"Не обособленные","lanes":1,"length":281.3043196601098,"population":13274285,"short_name":"Москва","lanes_length":281.3043196601098}},{"type":"Feature","id":14697,"geometry":{"type":"LineString","coordinates":[[37.70744,55.8041439],[37.7076101,55.8035483]]},"properties":{"name":"Москва","type":"Не обособленные","lanes":1,"length":67.16547719527516,"population":13274285,"short_name":"Москва","lanes_length":67.16547719527516}},{"type":"Feature","id":14698,"geometry":{"type":"LineString","coordinates":[[37.6670512,55.7789192],[37.6678812,55.7783652]]},"properties":{"name":"Москва","type":"Не обособленные","lanes":1,"length":80.72828765022359,"population":13274285,"short_name":"Москва","lanes_length":80.72828765022359}},{"type":"Feature","id":14702,"geometry":{"type":"LineString","coordinates":[[37.609946,55.7882104],[37.6080738,55.7863388],[37.6069175,55.7853249],[37.6061475,55.7847756]]},"properties":{"name":"Москва","type":"Не обособленные","lanes":1,"length":451.32274462900483,"population":13274285,"short_name":"Москва","lanes_length":451.32274462900483}},{"type":"Feature","id":14710,"geometry":{"type":"LineString","coordinates":[[37.6331209,55.7805717],[37.6412358,55.779727],[37.6447606,55.7797348]]},"properties":{"name":"Москва","type":"Не обособленные","lanes":1,"length":738.9669980718198,"population":13274285,"short_name":"Москва","lanes_length":738.9669980718198}}]}
