route;date;hour;prediction
1;2025-11-01;0;31
5;2025-11-01;0;0
7;2025-11-01;0;11
11;2025-11-01;0;26
12;2025-11-01;0;23
17;2025-11-01;0;24
25;2025-11-01;0;16
26;2025-11-01;0;29
28;2025-11-01;0;22
50;2025-11-01;0;25
1;2025-11-01;1;24
5;2025-11-01;1;0
7;2025-11-01;1;15
11;2025-11-01;1;24
12;2025-11-01;1;24
17;2025-11-01;1;25
25;2025-11-01;1;30
26;2025-11-01;1;22
28;2025-11-01;1;38
50;2025-11-01;1;32
1;2025-11-01;2;34
5;2025-11-01;2;0
7;2025-11-01;2;30
11;2025-11-01;2;27
12;2025-11-01;2;28
17;2025-11-01;2;21
25;2025-11-01;2;25
26;2025-11-01;2;27
28;2025-11-01;2;17
50;2025-11-01;2;32
1;2025-11-01;3;30
5;2025-11-01;3;0
7;2025-11-01;3;27
11;2025-11-01;3;29
12;2025-11-01;3;31
17;2025-11-01;3;30
25;2025-11-01;3;27
26;2025-11-01;3;20
28;2025-11-01;3;27
50;2025-11-01;3;30
1;2025-11-01;4;28
5;2025-11-01;4;0
7;2025-11-01;4;24
11;2025-11-01;4;18
12;2025-11-01;4;26
17;2025-11-01;4;33
25;2025-11-01;4;31
26;2025-11-01;4;24
28;2025-11-01;4;33
50;2025-11-01;4;27
1;2025-11-01;5;24
5;2025-11-01;5;0
7;2025-11-01;5;26
11;2025-11-01;5;33
12;2025-11-01;5;23
17;2025-11-01;5;33
25;2025-11-01;5;28
26;2025-11-01;5;22
28;2025-11-01;5;29
50;2025-11-01;5;33
1;2025-11-01;6;19
5;2025-11-01;6;0
7;2025-11-01;6;22
11;2025-11-01;6;34
12;2025-11-01;6;12
17;2025-11-01;6;27
25;2025-11-01;6;26
26;2025-11-01;6;25
28;2025-11-01;6;24
50;2025-11-01;6;21
1;2025-11-01;7;23
5;2025-11-01;7;0
7;2025-11-01;7;24
11;2025-11-01;7;33
12;2025-11-01;7;28
17;2025-11-01;7;29
25;2025-11-01;7;28
26;2025-11-01;7;23
28;2025-11-01;7;22
50;2025-11-01;7;20
1;2025-11-01;8;29
5;2025-11-01;8;0
7;2025-11-01;8;31
11;2025-11-01;8;19
12;2025-11-01;8;21
17;2025-11-01;8;18
25;2025-11-01;8;27
26;2025-11-01;8;13
28;2025-11-01;8;22
50;2025-11-01;8;17
1;2025-11-01;9;24
5;2025-11-01;9;0
7;2025-11-01;9;24
11;2025-11-01;9;24
12;2025-11-01;9;26
17;2025-11-01;9;27
25;2025-11-01;9;28
26;2025-11-01;9;26
28;2025-11-01;9;25
50;2025-11-01;9;26
1;2025-11-01;10;23
5;2025-11-01;10;0
7;2025-11-01;10;19
11;2025-11-01;10;18
12;2025-11-01;10;23
17;2025-11-01;10;32
25;2025-11-01;10;20
26;2025-11-01;10;22
28;2025-11-01;10;21
50;2025-11-01;10;23
1;2025-11-01;11;20
5;2025-11-01;11;0
7;2025-11-01;11;31
11;2025-11-01;11;21
12;2025-11-01;11;35
17;2025-11-01;11;28
25;2025-11-01;11;16
26;2025-11-01;11;20
28;2025-11-01;11;24
50;2025-11-01;11;23
1;2025-11-01;12;19
5;2025-11-01;12;0
7;2025-11-01;12;22
11;2025-11-01;12;23
12;2025-11-01;12;20
17;2025-11-01;12;33
25;2025-11-01;12;28
26;2025-11-01;12;28
28;2025-11-01;12;21
50;2025-11-01;12;38
1;2025-11-01;13;20
5;2025-11-01;13;0
7;2025-11-01;13;30
11;2025-11-01;13;20
12;2025-11-01;13;25
17;2025-11-01;13;29
25;2025-11-01;13;25
26;2025-11-01;13;31
28;2025-11-01;13;23
50;2025-11-01;13;28
1;2025-11-01;14;22
5;2025-11-01;14;0
7;2025-11-01;14;24
11;2025-11-01;14;27
12;2025-11-01;14;19
17;2025-11-01;14;22
25;2025-11-01;14;23
26;2025-11-01;14;30
28;2025-11-01;14;24
50;2025-11-01;14;17
1;2025-11-01;15;29
5;2025-11-01;15;0
7;2025-11-01;15;23
11;2025-11-01;15;18
12;2025-11-01;15;31
17;2025-11-01;15;23
25;2025-11-01;15;21
26;2025-11-01;15;22
28;2025-11-01;15;21
50;2025-11-01;15;33
1;2025-11-01;16;23
5;2025-11-01;16;0
7;2025-11-01;16;21
11;2025-11-01;16;25
12;2025-11-01;16;28
17;2025-11-01;16;18
25;2025-11-01;16;22
26;2025-11-01;16;27
28;2025-11-01;16;24
50;2025-11-01;16;17
1;2025-11-01;17;19
5;2025-11-01;17;0
7;2025-11-01;17;25
11;2025-11-01;17;32
12;2025-11-01;17;31
17;2025-11-01;17;29
25;2025-11-01;17;27
26;2025-11-01;17;28
28;2025-11-01;17;19
50;2025-11-01;17;18
1;2025-11-01;18;27
5;2025-11-01;18;0
7;2025-11-01;18;25
11;2025-11-01;18;29
12;2025-11-01;18;30
17;2025-11-01;18;23
25;2025-11-01;18;21
26;2025-11-01;18;24
28;2025-11-01;18;34
50;2025-11-01;18;34
1;2025-11-01;19;24
5;2025-11-01;19;0
7;2025-11-01;19;28
11;2025-11-01;19;30
12;2025-11-01;19;24
17;2025-11-01;19;28
25;2025-11-01;19;25
26;2025-11-01;19;25
28;2025-11-01;19;20
50;2025-11-01;19;22
1;2025-11-01;20;19
5;2025-11-01;20;0
7;2025-11-01;20;31
11;2025-11-01;20;25
12;2025-11-01;20;22
17;2025-11-01;20;29
25;2025-11-01;20;22
26;2025-11-01;20;35
28;2025-11-01;20;20
50;2025-11-01;20;34
1;2025-11-01;21;28
5;2025-11-01;21;0
7;2025-11-01;21;24
11;2025-11-01;21;23
12;2025-11-01;21;24
17;2025-11-01;21;22
25;2025-11-01;21;31
26;2025-11-01;21;30
28;2025-11-01;21;29
50;2025-11-01;21;20
1;2025-11-01;22;26
5;2025-11-01;22;0
7;2025-11-01;22;21
11;2025-11-01;22;28
12;2025-11-01;22;14
17;2025-11-01;22;29
25;2025-11-01;22;31
26;2025-11-01;22;29
28;2025-11-01;22;18
50;2025-11-01;22;32
1;2025-11-01;23;24
5;2025-11-01;23;0
7;2025-11-01;23;19
11;2025-11-01;23;22
12;2025-11-01;23;20
17;2025-11-01;23;26
25;2025-11-01;23;27
26;2025-11-01;23;28
28;2025-11-01;23;30
50;2025-11-01;23;33
1;2025-11-02;0;24
5;2025-11-02;0;0
7;2025-11-02;0;15
11;2025-11-02;0;19
12;2025-11-02;0;23
17;2025-11-02;0;29
25;2025-11-02;0;22
26;2025-11-02;0;20
28;2025-11-02;0;24
50;2025-11-02;0;0
1;2025-11-02;1;22
5;2025-11-02;1;0
7;2025-11-02;1;15
11;2025-11-02;1;22
12;2025-11-02;1;25
17;2025-11-02;1;32
25;2025-11-02;1;28
26;2025-11-02;1;25
28;2025-11-02;1;26
50;2025-11-02;1;0
1;2025-11-02;2;19
5;2025-11-02;2;0
7;2025-11-02;2;19
11;2025-11-02;2;19
12;2025-11-02;2;25
17;2025-11-02;2;42
25;2025-11-02;2;25
26;2025-11-02;2;28
28;2025-11-02;2;22
50;2025-11-02;2;0
1;2025-11-02;3;26
5;2025-11-02;3;0
7;2025-11-02;3;15
11;2025-11-02;3;28
12;2025-11-02;3;24
17;2025-11-02;3;33
25;2025-11-02;3;29
26;2025-11-02;3;25
28;2025-11-02;3;19
50;2025-11-02;3;0
1;2025-11-02;4;24
5;2025-11-02;4;0
7;2025-11-02;4;11
11;2025-11-02;4;29
12;2025-11-02;4;18
17;2025-11-02;4;25
25;2025-11-02;4;27
26;2025-11-02;4;27
28;2025-11-02;4;25
50;2025-11-02;4;0
1;2025-11-02;5;30
5;2025-11-02;5;0
7;2025-11-02;5;15
11;2025-11-02;5;24
12;2025-11-02;5;22
17;2025-11-02;5;34
25;2025-11-02;5;32
26;2025-11-02;5;22
28;2025-11-02;5;27
50;2025-11-02;5;0
1;2025-11-02;6;24
5;2025-11-02;6;0
7;2025-11-02;6;18
11;2025-11-02;6;24
12;2025-11-02;6;20
17;2025-11-02;6;26
25;2025-11-02;6;30
26;2025-11-02;6;35
28;2025-11-02;6;32
50;2025-11-02;6;0
1;2025-11-02;7;28
5;2025-11-02;7;0
7;2025-11-02;7;14
11;2025-11-02;7;21
12;2025-11-02;7;22
17;2025-11-02;7;34
25;2025-11-02;7;27
26;2025-11-02;7;28
28;2025-11-02;7;26
50;2025-11-02;7;0
1;2025-11-02;8;27
5;2025-11-02;8;0
7;2025-11-02;8;17
11;2025-11-02;8;20
12;2025-11-02;8;26
17;2025-11-02;8;34
25;2025-11-02;8;32
26;2025-11-02;8;29
28;2025-11-02;8;26
50;2025-11-02;8;0
1;2025-11-02;9;23
5;2025-11-02;9;0
7;2025-11-02;9;19
11;2025-11-02;9;26
12;2025-11-02;9;28
17;2025-11-02;9;24
25;2025-11-02;9;37
26;2025-11-02;9;18
28;2025-11-02;9;21
50;2025-11-02;9;0
1;2025-11-02;10;26
5;2025-11-02;10;0
7;2025-11-02;10;16
11;2025-11-02;10;24
12;2025-11-02;10;26
17;2025-11-02;10;28
25;2025-11-02;10;30
26;2025-11-02;10;23
28;2025-11-02;10;27
50;2025-11-02;10;0
1;2025-11-02;11;29
5;2025-11-02;11;0
7;2025-11-02;11;12
11;2025-11-02;11;22
12;2025-11-02;11;25
17;2025-11-02;11;31
25;2025-11-02;11;34
26;2025-11-02;11;20
28;2025-11-02;11;28
50;2025-11-02;11;0
1;2025-11-02;12;24
5;2025-11-02;12;0
7;2025-11-02;12;14
11;2025-11-02;12;28
12;2025-11-02;12;24
17;2025-11-02;12;26
25;2025-11-02;12;32
26;2025-11-02;12;26
28;2025-11-02;12;20
50;2025-11-02;12;0
1;2025-11-02;13;28
5;2025-11-02;13;0
7;2025-11-02;13;11
11;2025-11-02;13;27
12;2025-11-02;13;24
17;2025-11-02;13;27
25;2025-11-02;13;24
26;2025-11-02;13;30
28;2025-11-02;13;28
50;2025-11-02;13;0
1;2025-11-02;14;24
5;2025-11-02;14;0
7;2025-11-02;14;18
11;2025-11-02;14;23
12;2025-11-02;14;20
17;2025-11-02;14;29
25;2025-11-02;14;24
26;2025-11-02;14;28
28;2025-11-02;14;24
50;2025-11-02;14;0
1;2025-11-02;15;29
5;2025-11-02;15;0
7;2025-11-02;15;12
11;2025-11-02;15;28
12;2025-11-02;15;22
17;2025-11-02;15;32
25;2025-11-02;15;24
26;2025-11-02;15;26
28;2025-11-02;15;25
50;2025-11-02;15;0
1;2025-11-02;16;24
5;2025-11-02;16;0
7;2025-11-02;16;14
11;2025-11-02;16;24
12;2025-11-02;16;24
17;2025-11-02;16;29
25;2025-11-02;16;26
26;2025-11-02;16;27
28;2025-11-02;16;24
50;2025-11-02;16;0
1;2025-11-02;17;30
5;2025-11-02;17;0
7;2025-11-02;17;19
11;2025-11-02;17;20
12;2025-11-02;17;22
17;2025-11-02;17;32
25;2025-11-02;17;33
26;2025-11-02;17;30
28;2025-11-02;17;23
50;2025-11-02;17;0
1;2025-11-02;18;24
5;2025-11-02;18;0
7;2025-11-02;18;18
11;2025-11-02;18;18
12;2025-11-02;18;26
17;2025-11-02;18;31
25;2025-11-02;18;30
26;2025-11-02;18;22
28;2025-11-02;18;20
50;2025-11-02;18;0
1;2025-11-02;19;29
5;2025-11-02;19;0
7;2025-11-02;19;16
11;2025-11-02;19;20
12;2025-11-02;19;25
17;2025-11-02;19;22
25;2025-11-02;19;31
26;2025-11-02;19;23
28;2025-11-02;19;21
50;2025-11-02;19;0
1;2025-11-02;20;26
5;2025-11-02;20;0
7;2025-11-02;20;17
11;2025-11-02;20;26
12;2025-11-02;20;28
17;2025-11-02;20;23
25;2025-11-02;20;27
26;2025-11-02;20;24
28;2025-11-02;20;28
50;2025-11-02;20;0
1;2025-11-02;21;23
5;2025-11-02;21;0
7;2025-11-02;21;17
11;2025-11-02;21;25
12;2025-11-02;21;24
17;2025-11-02;21;31
25;2025-11-02;21;23
26;2025-11-02;21;26
28;2025-11-02;21;29
50;2025-11-02;21;0
1;2025-11-02;22;16
5;2025-11-02;22;0
7;2025-11-02;22;16
11;2025-11-02;22;16
12;2025-11-02;22;25
17;2025-11-02;22;34
25;2025-11-02;22;28
26;2025-11-02;22;26
28;2025-11-02;22;16
50;2025-11-02;22;0
1;2025-11-02;23;14
5;2025-11-02;23;0
7;2025-11-02;23;14
11;2025-11-02;23;23
12;2025-11-02;23;21
17;2025-11-02;23;30
25;2025-11-02;23;36
26;2025-11-02;23;33
28;2025-11-02;23;31
50;2025-11-02;23;0
1;2025-11-03;0;24
5;2025-11-03;0;0
7;2025-11-03;0;15
11;2025-11-03;0;19
12;2025-11-03;0;23
17;2025-11-03;0;29
25;2025-11-03;0;22
26;2025-11-03;0;20
28;2025-11-03;0;24
50;2025-11-03;0;0
1;2025-11-03;1;22
5;2025-11-03;1;0
7;2025-11-03;1;15
11;2025-11-03;1;22
12;2025-11-03;1;25
17;2025-11-03;1;32
25;2025-11-03;1;28
26;2025-11-03;1;25
28;2025-11-03;1;26
50;2025-11-03;1;0
1;2025-11-03;2;19
5;2025-11-03;2;0
7;2025-11-03;2;19
11;2025-11-03;2;19
12;2025-11-03;2;25
17;2025-11-03;2;42
25;2025-11-03;2;25
26;2025-11-03;2;28
28;2025-11-03;2;22
50;2025-11-03;2;0
1;2025-11-03;3;26
5;2025-11-03;3;0
7;2025-11-03;3;15
11;2025-11-03;3;28
12;2025-11-03;3;24
17;2025-11-03;3;33
25;2025-11-03;3;29
26;2025-11-03;3;25
28;2025-11-03;3;19
50;2025-11-03;3;0
1;2025-11-03;4;24
5;2025-11-03;4;0
7;2025-11-03;4;11
11;2025-11-03;4;29
12;2025-11-03;4;18
17;2025-11-03;4;25
25;2025-11-03;4;27
26;2025-11-03;4;27
28;2025-11-03;4;25
50;2025-11-03;4;0
1;2025-11-03;5;30
5;2025-11-03;5;0
7;2025-11-03;5;15
11;2025-11-03;5;24
12;2025-11-03;5;22
17;2025-11-03;5;34
25;2025-11-03;5;32
26;2025-11-03;5;22
28;2025-11-03;5;27
50;2025-11-03;5;0
1;2025-11-03;6;24
5;2025-11-03;6;0
7;2025-11-03;6;18
11;2025-11-03;6;24
12;2025-11-03;6;20
17;2025-11-03;6;26
25;2025-11-03;6;30
26;2025-11-03;6;35
28;2025-11-03;6;32
50;2025-11-03;6;0
1;2025-11-03;7;28
5;2025-11-03;7;0
7;2025-11-03;7;14
11;2025-11-03;7;21
12;2025-11-03;7;22
17;2025-11-03;7;34
25;2025-11-03;7;27
26;2025-11-03;7;28
28;2025-11-03;7;26
50;2025-11-03;7;0
1;2025-11-03;8;27
5;2025-11-03;8;0
7;2025-11-03;8;17
11;2025-11-03;8;20
12;2025-11-03;8;26
17;2025-11-03;8;34
25;2025-11-03;8;32
26;2025-11-03;8;29
28;2025-11-03;8;26
50;2025-11-03;8;0
1;2025-11-03;9;23
5;2025-11-03;9;0
7;2025-11-03;9;19
11;2025-11-03;9;26
12;2025-11-03;9;28
17;2025-11-03;9;24
25;2025-11-03;9;37
26;2025-11-03;9;18
28;2025-11-03;9;21
50;2025-11-03;9;0
1;2025-11-03;10;26
5;2025-11-03;10;0
7;2025-11-03;10;16
11;2025-11-03;10;24
12;2025-11-03;10;26
17;2025-11-03;10;28
25;2025-11-03;10;30
26;2025-11-03;10;23
28;2025-11-03;10;27
50;2025-11-03;10;0
1;2025-11-03;11;29
5;2025-11-03;11;0
7;2025-11-03;11;12
11;2025-11-03;11;22
12;2025-11-03;11;25
17;2025-11-03;11;31
25;2025-11-03;11;34
26;2025-11-03;11;20
28;2025-11-03;11;28
50;2025-11-03;11;0
1;2025-11-03;12;24
5;2025-11-03;12;0
7;2025-11-03;12;14
11;2025-11-03;12;28
12;2025-11-03;12;24
17;2025-11-03;12;26
25;2025-11-03;12;32
26;2025-11-03;12;26
28;2025-11-03;12;20
50;2025-11-03;12;0
1;2025-11-03;13;28
5;2025-11-03;13;0
7;2025-11-03;13;11
11;2025-11-03;13;27
12;2025-11-03;13;24
17;2025-11-03;13;27
25;2025-11-03;13;24
26;2025-11-03;13;30
28;2025-11-03;13;28
50;2025-11-03;13;0
1;2025-11-03;14;24
5;2025-11-03;14;0
7;2025-11-03;14;18
11;2025-11-03;14;23
12;2025-11-03;14;20
17;2025-11-03;14;29
25;2025-11-03;14;24
26;2025-11-03;14;28
28;2025-11-03;14;24
50;2025-11-03;14;0
1;2025-11-03;15;29
5;2025-11-03;15;0
7;2025-11-03;15;12
11;2025-11-03;15;28
12;2025-11-03;15;22
17;2025-11-03;15;32
25;2025-11-03;15;24
26;2025-11-03;15;26
28;2025-11-03;15;25
50;2025-11-03;15;0
1;2025-11-03;16;24
5;2025-11-03;16;0
7;2025-11-03;16;14
11;2025-11-03;16;24
12;2025-11-03;16;24
17;2025-11-03;16;29
25;2025-11-03;16;26
26;2025-11-03;16;27
28;2025-11-03;16;24
50;2025-11-03;16;0
1;2025-11-03;17;30
5;2025-11-03;17;0
7;2025-11-03;17;19
11;2025-11-03;17;20
12;2025-11-03;17;22
17;2025-11-03;17;32
25;2025-11-03;17;33
26;2025-11-03;17;30
28;2025-11-03;17;23
50;2025-11-03;17;0
1;2025-11-03;18;24
5;2025-11-03;18;0
7;2025-11-03;18;18
11;2025-11-03;18;18
12;2025-11-03;18;26
17;2025-11-03;18;31
25;2025-11-03;18;30
26;2025-11-03;18;22
28;2025-11-03;18;20
50;2025-11-03;18;0
1;2025-11-03;19;29
5;2025-11-03;19;0
7;2025-11-03;19;16
11;2025-11-03;19;20
12;2025-11-03;19;25
17;2025-11-03;19;22
25;2025-11-03;19;31
26;2025-11-03;19;23
28;2025-11-03;19;21
50;2025-11-03;19;0
1;2025-11-03;20;26
5;2025-11-03;20;0
7;2025-11-03;20;17
11;2025-11-03;20;26
12;2025-11-03;20;28
17;2025-11-03;20;23
25;2025-11-03;20;27
26;2025-11-03;20;24
28;2025-11-03;20;28
50;2025-11-03;20;0
1;2025-11-03;21;23
5;2025-11-03;21;0
7;2025-11-03;21;17
11;2025-11-03;21;25
12;2025-11-03;21;24
17;2025-11-03;21;31
25;2025-11-03;21;23
26;2025-11-03;21;26
28;2025-11-03;21;29
50;2025-11-03;21;0
1;2025-11-03;22;16
5;2025-11-03;22;0
7;2025-11-03;22;16
11;2025-11-03;22;16
12;2025-11-03;22;25
17;2025-11-03;22;34
25;2025-11-03;22;28
26;2025-11-03;22;26
28;2025-11-03;22;16
50;2025-11-03;22;0
1;2025-11-03;23;14
5;2025-11-03;23;0
7;2025-11-03;23;14
11;2025-11-03;23;23
12;2025-11-03;23;21
17;2025-11-03;23;30
25;2025-11-03;23;36
26;2025-11-03;23;33
28;2025-11-03;23;31
50;2025-11-03;23;0
1;2025-11-04;0;24
5;2025-11-04;0;0
7;2025-11-04;0;15
11;2025-11-04;0;19
12;2025-11-04;0;23
17;2025-11-04;0;29
25;2025-11-04;0;22
26;2025-11-04;0;20
28;2025-11-04;0;24
50;2025-11-04;0;0
1;2025-11-04;1;22
5;2025-11-04;1;0
7;2025-11-04;1;15
11;2025-11-04;1;22
12;2025-11-04;1;25
17;2025-11-04;1;32
25;2025-11-04;1;28
26;2025-11-04;1;25
28;2025-11-04;1;26
50;2025-11-04;1;0
1;2025-11-04;2;19
5;2025-11-04;2;0
7;2025-11-04;2;19
11;2025-11-04;2;19
12;2025-11-04;2;25
17;2025-11-04;2;42
25;2025-11-04;2;25
26;2025-11-04;2;28
28;2025-11-04;2;22
50;2025-11-04;2;0
1;2025-11-04;3;26
5;2025-11-04;3;0
7;2025-11-04;3;15
11;2025-11-04;3;28
12;2025-11-04;3;24
17;2025-11-04;3;33
25;2025-11-04;3;29
26;2025-11-04;3;25
28;2025-11-04;3;19
50;2025-11-04;3;0
1;2025-11-04;4;24
5;2025-11-04;4;0
7;2025-11-04;4;11
11;2025-11-04;4;29
12;2025-11-04;4;18
17;2025-11-04;4;25
25;2025-11-04;4;27
26;2025-11-04;4;27
28;2025-11-04;4;25
50;2025-11-04;4;0
1;2025-11-04;5;30
5;2025-11-04;5;0
7;2025-11-04;5;15
11;2025-11-04;5;24
12;2025-11-04;5;22
17;2025-11-04;5;34
25;2025-11-04;5;32
26;2025-11-04;5;22
28;2025-11-04;5;27
50;2025-11-04;5;0
1;2025-11-04;6;24
5;2025-11-04;6;0
7;2025-11-04;6;18
11;2025-11-04;6;24
12;2025-11-04;6;20
17;2025-11-04;6;26
25;2025-11-04;6;30
26;2025-11-04;6;35
28;2025-11-04;6;32
50;2025-11-04;6;0
1;2025-11-04;7;28
5;2025-11-04;7;0
7;2025-11-04;7;14
11;2025-11-04;7;21
12;2025-11-04;7;22
17;2025-11-04;7;34
25;2025-11-04;7;27
26;2025-11-04;7;28
28;2025-11-04;7;26
50;2025-11-04;7;0
1;2025-11-04;8;27
5;2025-11-04;8;0
7;2025-11-04;8;17
11;2025-11-04;8;20
12;2025-11-04;8;26
17;2025-11-04;8;34
25;2025-11-04;8;32
26;2025-11-04;8;29
28;2025-11-04;8;26
50;2025-11-04;8;0
1;2025-11-04;9;23
5;2025-11-04;9;0
7;2025-11-04;9;19
11;2025-11-04;9;26
12;2025-11-04;9;28
17;2025-11-04;9;24
25;2025-11-04;9;37
26;2025-11-04;9;18
28;2025-11-04;9;21
50;2025-11-04;9;0
1;2025-11-04;10;26
5;2025-11-04;10;0
7;2025-11-04;10;16
11;2025-11-04;10;24
12;2025-11-04;10;26
17;2025-11-04;10;28
25;2025-11-04;10;30
26;2025-11-04;10;23
28;2025-11-04;10;27
50;2025-11-04;10;0
1;2025-11-04;11;29
5;2025-11-04;11;0
7;2025-11-04;11;12
11;2025-11-04;11;22
12;2025-11-04;11;25
17;2025-11-04;11;31
25;2025-11-04;11;34
26;2025-11-04;11;20
28;2025-11-04;11;28
50;2025-11-04;11;0
1;2025-11-04;12;24
5;2025-11-04;12;0
7;2025-11-04;12;14
11;2025-11-04;12;28
12;2025-11-04;12;24
17;2025-11-04;12;26
25;2025-11-04;12;32
26;2025-11-04;12;26
28;2025-11-04;12;20
50;2025-11-04;12;0
1;2025-11-04;13;28
5;2025-11-04;13;0
7;2025-11-04;13;11
11;2025-11-04;13;27
12;2025-11-04;13;24
17;2025-11-04;13;27
25;2025-11-04;13;24
26;2025-11-04;13;30
28;2025-11-04;13;28
50;2025-11-04;13;0
1;2025-11-04;14;24
5;2025-11-04;14;0
7;2025-11-04;14;18
11;2025-11-04;14;23
12;2025-11-04;14;20
17;2025-11-04;14;29
25;2025-11-04;14;24
26;2025-11-04;14;28
28;2025-11-04;14;24
50;2025-11-04;14;0
1;2025-11-04;15;29
5;2025-11-04;15;0
7;2025-11-04;15;12
11;2025-11-04;15;28
12;2025-11-04;15;22
17;2025-11-04;15;32
25;2025-11-04;15;24
26;2025-11-04;15;26
28;2025-11-04;15;25
50;2025-11-04;15;0
1;2025-11-04;16;24
5;2025-11-04;16;0
7;2025-11-04;16;14
11;2025-11-04;16;24
12;2025-11-04;16;24
17;2025-11-04;16;29
25;2025-11-04;16;26
26;2025-11-04;16;27
28;2025-11-04;16;24
50;2025-11-04;16;0
1;2025-11-04;17;30
5;2025-11-04;17;0
7;2025-11-04;17;19
11;2025-11-04;17;20
12;2025-11-04;17;22
17;2025-11-04;17;32
25;2025-11-04;17;33
26;2025-11-04;17;30
28;2025-11-04;17;23
50;2025-11-04;17;0
1;2025-11-04;18;24
5;2025-11-04;18;0
7;2025-11-04;18;18
11;2025-11-04;18;18
12;2025-11-04;18;26
17;2025-11-04;18;31
25;2025-11-04;18;30
26;2025-11-04;18;22
28;2025-11-04;18;20
50;2025-11-04;18;0
1;2025-11-04;19;29
5;2025-11-04;19;0
7;2025-11-04;19;16
11;2025-11-04;19;20
12;2025-11-04;19;25
17;2025-11-04;19;22
25;2025-11-04;19;31
26;2025-11-04;19;23
28;2025-11-04;19;21
50;2025-11-04;19;0
1;2025-11-04;20;26
5;2025-11-04;20;0
7;2025-11-04;20;17
11;2025-11-04;20;26
12;2025-11-04;20;28
17;2025-11-04;20;23
25;2025-11-04;20;27
26;2025-11-04;20;24
28;2025-11-04;20;28
50;2025-11-04;20;0
1;2025-11-04;21;23
5;2025-11-04;21;0
7;2025-11-04;21;17
11;2025-11-04;21;25
12;2025-11-04;21;24
17;2025-11-04;21;31
25;2025-11-04;21;23
26;2025-11-04;21;26
28;2025-11-04;21;29
50;2025-11-04;21;0
1;2025-11-04;22;16
5;2025-11-04;22;0
7;2025-11-04;22;16
11;2025-11-04;22;16
12;2025-11-04;22;25
17;2025-11-04;22;34
25;2025-11-04;22;28
26;2025-11-04;22;26
28;2025-11-04;22;16
50;2025-11-04;22;0
1;2025-11-04;23;14
5;2025-11-04;23;0
7;2025-11-04;23;14
11;2025-11-04;23;23
12;2025-11-04;23;21
17;2025-11-04;23;30
25;2025-11-04;23;36
26;2025-11-04;23;33
28;2025-11-04;23;31
50;2025-11-04;23;0
1;2025-11-05;0;22
5;2025-11-05;0;0
7;2025-11-05;0;32
11;2025-11-05;0;26
12;2025-11-05;0;33
17;2025-11-05;0;23
25;2025-11-05;0;20
26;2025-11-05;0;32
28;2025-11-05;0;26
50;2025-11-05;0;29
1;2025-11-05;1;29
5;2025-11-05;1;0
7;2025-11-05;1;19
11;2025-11-05;1;21
12;2025-11-05;1;22
17;2025-11-05;1;22
25;2025-11-05;1;37
26;2025-11-05;1;27
28;2025-11-05;1;16
50;2025-11-05;1;20
1;2025-11-05;2;27
5;2025-11-05;2;0
7;2025-11-05;2;26
11;2025-11-05;2;24
12;2025-11-05;2;27
17;2025-11-05;2;29
25;2025-11-05;2;23
26;2025-11-05;2;25
28;2025-11-05;2;29
50;2025-11-05;2;23
1;2025-11-05;3;24
5;2025-11-05;3;0
7;2025-11-05;3;31
11;2025-11-05;3;25
12;2025-11-05;3;25
17;2025-11-05;3;21
25;2025-11-05;3;21
26;2025-11-05;3;28
28;2025-11-05;3;22
50;2025-11-05;3;18
1;2025-11-05;4;24
5;2025-11-05;4;0
7;2025-11-05;4;27
11;2025-11-05;4;28
12;2025-11-05;4;24
17;2025-11-05;4;27
25;2025-11-05;4;24
26;2025-11-05;4;27
28;2025-11-05;4;24
50;2025-11-05;4;21
1;2025-11-05;5;27
5;2025-11-05;5;0
7;2025-11-05;5;25
11;2025-11-05;5;23
12;2025-11-05;5;23
17;2025-11-05;5;25
25;2025-11-05;5;32
26;2025-11-05;5;30
28;2025-11-05;5;29
50;2025-11-05;5;27
1;2025-11-05;6;25
5;2025-11-05;6;0
7;2025-11-05;6;29
11;2025-11-05;6;18
12;2025-11-05;6;23
17;2025-11-05;6;32
25;2025-11-05;6;26
26;2025-11-05;6;21
28;2025-11-05;6;30
50;2025-11-05;6;26
1;2025-11-05;7;21
5;2025-11-05;7;0
7;2025-11-05;7;28
11;2025-11-05;7;33
12;2025-11-05;7;19
17;2025-11-05;7;31
25;2025-11-05;7;19
26;2025-11-05;7;23
28;2025-11-05;7;33
50;2025-11-05;7;25
1;2025-11-05;8;24
5;2025-11-05;8;0
7;2025-11-05;8;24
11;2025-11-05;8;25
12;2025-11-05;8;30
17;2025-11-05;8;29
25;2025-11-05;8;22
26;2025-11-05;8;30
28;2025-11-05;8;24
50;2025-11-05;8;27
1;2025-11-05;9;33
5;2025-11-05;9;0
7;2025-11-05;9;25
11;2025-11-05;9;26
12;2025-11-05;9;22
17;2025-11-05;9;29
25;2025-11-05;9;26
26;2025-11-05;9;37
28;2025-11-05;9;16
50;2025-11-05;9;26
1;2025-11-05;10;31
5;2025-11-05;10;0
7;2025-11-05;10;26
11;2025-11-05;10;24
12;2025-11-05;10;26
17;2025-11-05;10;29
25;2025-11-05;10;29
26;2025-11-05;10;31
28;2025-11-05;10;30
50;2025-11-05;10;24
1;2025-11-05;11;22
5;2025-11-05;11;0
7;2025-11-05;11;20
11;2025-11-05;11;23
12;2025-11-05;11;29
17;2025-11-05;11;24
25;2025-11-05;11;34
26;2025-11-05;11;20
28;2025-11-05;11;24
50;2025-11-05;11;27
1;2025-11-05;12;34
5;2025-11-05;12;0
7;2025-11-05;12;30
11;2025-11-05;12;34
12;2025-11-05;12;27
17;2025-11-05;12;26
25;2025-11-05;12;27
26;2025-11-05;12;24
28;2025-11-05;12;20
50;2025-11-05;12;23
1;2025-11-05;13;23
5;2025-11-05;13;0
7;2025-11-05;13;28
11;2025-11-05;13;25
12;2025-11-05;13;30
17;2025-11-05;13;28
25;2025-11-05;13;21
26;2025-11-05;13;28
28;2025-11-05;13;22
50;2025-11-05;13;27
1;2025-11-05;14;32
5;2025-11-05;14;0
7;2025-11-05;14;19
11;2025-11-05;14;26
12;2025-11-05;14;28
17;2025-11-05;14;24
25;2025-11-05;14;25
26;2025-11-05;14;28
28;2025-11-05;14;26
50;2025-11-05;14;22
1;2025-11-05;15;26
5;2025-11-05;15;0
7;2025-11-05;15;24
11;2025-11-05;15;32
12;2025-11-05;15;25
17;2025-11-05;15;26
25;2025-11-05;15;25
26;2025-11-05;15;27
28;2025-11-05;15;15
50;2025-11-05;15;22
1;2025-11-05;16;32
5;2025-11-05;16;0
7;2025-11-05;16;26
11;2025-11-05;16;24
12;2025-11-05;16;25
17;2025-11-05;16;25
25;2025-11-05;16;33
26;2025-11-05;16;32
28;2025-11-05;16;27
50;2025-11-05;16;26
1;2025-11-05;17;27
5;2025-11-05;17;0
7;2025-11-05;17;15
11;2025-11-05;17;18
12;2025-11-05;17;30
17;2025-11-05;17;24
25;2025-11-05;17;25
26;2025-11-05;17;36
28;2025-11-05;17;23
50;2025-11-05;17;30
1;2025-11-05;18;30
5;2025-11-05;18;0
7;2025-11-05;18;20
11;2025-11-05;18;26
12;2025-11-05;18;23
17;2025-11-05;18;30
25;2025-11-05;18;27
26;2025-11-05;18;19
28;2025-11-05;18;29
50;2025-11-05;18;26
1;2025-11-05;19;29
5;2025-11-05;19;0
7;2025-11-05;19;23
11;2025-11-05;19;30
12;2025-11-05;19;28
17;2025-11-05;19;30
25;2025-11-05;19;27
26;2025-11-05;19;23
28;2025-11-05;19;19
50;2025-11-05;19;29
1;2025-11-05;20;28
5;2025-11-05;20;0
7;2025-11-05;20;32
11;2025-11-05;20;28
12;2025-11-05;20;19
17;2025-11-05;20;30
25;2025-11-05;20;31
26;2025-11-05;20;26
28;2025-11-05;20;28
50;2025-11-05;20;21
1;2025-11-05;21;26
5;2025-11-05;21;0
7;2025-11-05;21;28
11;2025-11-05;21;32
12;2025-11-05;21;19
17;2025-11-05;21;23
25;2025-11-05;21;26
26;2025-11-05;21;19
28;2025-11-05;21;26
50;2025-11-05;21;28
1;2025-11-05;22;25
5;2025-11-05;22;0
7;2025-11-05;22;25
11;2025-11-05;22;30
12;2025-11-05;22;31
17;2025-11-05;22;24
25;2025-11-05;22;28
26;2025-11-05;22;28
28;2025-11-05;22;24
50;2025-11-05;22;25
1;2025-11-05;23;29
5;2025-11-05;23;0
7;2025-11-05;23;25
11;2025-11-05;23;21
12;2025-11-05;23;26
17;2025-11-05;23;27
25;2025-11-05;23;26
26;2025-11-05;23;29
28;2025-11-05;23;14
50;2025-11-05;23;31
1;2025-11-06;0;33
5;2025-11-06;0;0
7;2025-11-06;0;15
11;2025-11-06;0;33
12;2025-11-06;0;25
17;2025-11-06;0;24
25;2025-11-06;0;23
26;2025-11-06;0;31
28;2025-11-06;0;24
50;2025-11-06;0;21
1;2025-11-06;1;18
5;2025-11-06;1;0
7;2025-11-06;1;25
11;2025-11-06;1;25
12;2025-11-06;1;16
17;2025-11-06;1;31
25;2025-11-06;1;21
26;2025-11-06;1;27
28;2025-11-06;1;24
50;2025-11-06;1;31
1;2025-11-06;2;25
5;2025-11-06;2;0
7;2025-11-06;2;25
11;2025-11-06;2;26
12;2025-11-06;2;30
17;2025-11-06;2;31
25;2025-11-06;2;28
26;2025-11-06;2;31
28;2025-11-06;2;26
50;2025-11-06;2;27
1;2025-11-06;3;34
5;2025-11-06;3;0
7;2025-11-06;3;19
11;2025-11-06;3;28
12;2025-11-06;3;29
17;2025-11-06;3;21
25;2025-11-06;3;25
26;2025-11-06;3;31
28;2025-11-06;3;24
50;2025-11-06;3;24
1;2025-11-06;4;22
5;2025-11-06;4;0
7;2025-11-06;4;25
11;2025-11-06;4;35
12;2025-11-06;4;18
17;2025-11-06;4;23
25;2025-11-06;4;22
26;2025-11-06;4;23
28;2025-11-06;4;23
50;2025-11-06;4;25
1;2025-11-06;5;24
5;2025-11-06;5;0
7;2025-11-06;5;26
11;2025-11-06;5;25
12;2025-11-06;5;29
17;2025-11-06;5;26
25;2025-11-06;5;27
26;2025-11-06;5;24
28;2025-11-06;5;28
50;2025-11-06;5;22
1;2025-11-06;6;31
5;2025-11-06;6;0
7;2025-11-06;6;33
11;2025-11-06;6;26
12;2025-11-06;6;31
17;2025-11-06;6;18
25;2025-11-06;6;23
26;2025-11-06;6;20
28;2025-11-06;6;25
50;2025-11-06;6;28
1;2025-11-06;7;27
5;2025-11-06;7;0
7;2025-11-06;7;18
11;2025-11-06;7;34
12;2025-11-06;7;35
17;2025-11-06;7;26
25;2025-11-06;7;26
26;2025-11-06;7;23
28;2025-11-06;7;20
50;2025-11-06;7;20
1;2025-11-06;8;25
5;2025-11-06;8;0
7;2025-11-06;8;21
11;2025-11-06;8;32
12;2025-11-06;8;31
17;2025-11-06;8;17
25;2025-11-06;8;18
26;2025-11-06;8;32
28;2025-11-06;8;19
50;2025-11-06;8;23
1;2025-11-06;9;25
5;2025-11-06;9;0
7;2025-11-06;9;23
11;2025-11-06;9;28
12;2025-11-06;9;23
17;2025-11-06;9;20
25;2025-11-06;9;22
26;2025-11-06;9;28
28;2025-11-06;9;20
50;2025-11-06;9;29
1;2025-11-06;10;27
5;2025-11-06;10;0
7;2025-11-06;10;27
11;2025-11-06;10;17
12;2025-11-06;10;24
17;2025-11-06;10;30
25;2025-11-06;10;26
26;2025-11-06;10;22
28;2025-11-06;10;23
50;2025-11-06;10;29
1;2025-11-06;11;22
5;2025-11-06;11;0
7;2025-11-06;11;27
11;2025-11-06;11;26
12;2025-11-06;11;32
17;2025-11-06;11;28
25;2025-11-06;11;24
26;2025-11-06;11;24
28;2025-11-06;11;27
50;2025-11-06;11;35
1;2025-11-06;12;32
5;2025-11-06;12;0
7;2025-11-06;12;34
11;2025-11-06;12;31
12;2025-11-06;12;20
17;2025-11-06;12;28
25;2025-11-06;12;25
26;2025-11-06;12;27
28;2025-11-06;12;28
50;2025-11-06;12;22
1;2025-11-06;13;24
5;2025-11-06;13;0
7;2025-11-06;13;22
11;2025-11-06;13;21
12;2025-11-06;13;27
17;2025-11-06;13;22
25;2025-11-06;13;8
26;2025-11-06;13;23
28;2025-11-06;13;20
50;2025-11-06;13;31
1;2025-11-06;14;24
5;2025-11-06;14;0
7;2025-11-06;14;30
11;2025-11-06;14;23
12;2025-11-06;14;21
17;2025-11-06;14;33
25;2025-11-06;14;26
26;2025-11-06;14;22
28;2025-11-06;14;25
50;2025-11-06;14;30
1;2025-11-06;15;30
5;2025-11-06;15;0
7;2025-11-06;15;29
11;2025-11-06;15;32
12;2025-11-06;15;19
17;2025-11-06;15;20
25;2025-11-06;15;23
26;2025-11-06;15;26
28;2025-11-06;15;33
50;2025-11-06;15;27
1;2025-11-06;16;35
5;2025-11-06;16;0
7;2025-11-06;16;25
11;2025-11-06;16;23
12;2025-11-06;16;28
17;2025-11-06;16;22
25;2025-11-06;16;28
26;2025-11-06;16;19
28;2025-11-06;16;25
50;2025-11-06;16;29
1;2025-11-06;17;27
5;2025-11-06;17;0
7;2025-11-06;17;27
11;2025-11-06;17;28
12;2025-11-06;17;27
17;2025-11-06;17;32
25;2025-11-06;17;22
26;2025-11-06;17;24
28;2025-11-06;17;25
50;2025-11-06;17;31
1;2025-11-06;18;17
5;2025-11-06;18;0
7;2025-11-06;18;30
11;2025-11-06;18;19
12;2025-11-06;18;23
17;2025-11-06;18;20
25;2025-11-06;18;25
26;2025-11-06;18;27
28;2025-11-06;18;29
50;2025-11-06;18;25
1;2025-11-06;19;29
5;2025-11-06;19;0
7;2025-11-06;19;23
11;2025-11-06;19;24
12;2025-11-06;19;19
17;2025-11-06;19;25
25;2025-11-06;19;29
26;2025-11-06;19;17
28;2025-11-06;19;29
50;2025-11-06;19;19
1;2025-11-06;20;27
5;2025-11-06;20;0
7;2025-11-06;20;36
11;2025-11-06;20;29
12;2025-11-06;20;25
17;2025-11-06;20;24
25;2025-11-06;20;24
26;2025-11-06;20;24
28;2025-11-06;20;27
50;2025-11-06;20;31
1;2025-11-06;21;22
5;2025-11-06;21;0
7;2025-11-06;21;24
11;2025-11-06;21;25
12;2025-11-06;21;30
17;2025-11-06;21;18
25;2025-11-06;21;18
26;2025-11-06;21;34
28;2025-11-06;21;23
50;2025-11-06;21;19
1;2025-11-06;22;26
5;2025-11-06;22;0
7;2025-11-06;22;33
11;2025-11-06;22;27
12;2025-11-06;22;20
17;2025-11-06;22;29
25;2025-11-06;22;29
26;2025-11-06;22;24
28;2025-11-06;22;31
50;2025-11-06;22;30
1;2025-11-06;23;24
5;2025-11-06;23;0
7;2025-11-06;23;32
11;2025-11-06;23;22
12;2025-11-06;23;31
17;2025-11-06;23;26
25;2025-11-06;23;29
26;2025-11-06;23;20
28;2025-11-06;23;33
50;2025-11-06;23;20
1;2025-11-07;0;31
5;2025-11-07;0;0
7;2025-11-07;0;11
11;2025-11-07;0;26
12;2025-11-07;0;23
17;2025-11-07;0;24
25;2025-11-07;0;16
26;2025-11-07;0;29
28;2025-11-07;0;22
50;2025-11-07;0;25
1;2025-11-07;1;24
5;2025-11-07;1;0
7;2025-11-07;1;15
11;2025-11-07;1;24
12;2025-11-07;1;24
17;2025-11-07;1;25
25;2025-11-07;1;30
26;2025-11-07;1;22
28;2025-11-07;1;38
50;2025-11-07;1;32
1;2025-11-07;2;34
5;2025-11-07;2;0
7;2025-11-07;2;30
11;2025-11-07;2;27
12;2025-11-07;2;28
17;2025-11-07;2;21
25;2025-11-07;2;25
26;2025-11-07;2;27
28;2025-11-07;2;17
50;2025-11-07;2;32
1;2025-11-07;3;30
5;2025-11-07;3;0
7;2025-11-07;3;27
11;2025-11-07;3;29
12;2025-11-07;3;31
17;2025-11-07;3;30
25;2025-11-07;3;27
26;2025-11-07;3;20
28;2025-11-07;3;27
50;2025-11-07;3;30
1;2025-11-07;4;28
5;2025-11-07;4;0
7;2025-11-07;4;24
11;2025-11-07;4;18
12;2025-11-07;4;26
17;2025-11-07;4;33
25;2025-11-07;4;31
26;2025-11-07;4;24
28;2025-11-07;4;33
50;2025-11-07;4;27
1;2025-11-07;5;24
5;2025-11-07;5;0
7;2025-11-07;5;26
11;2025-11-07;5;33
12;2025-11-07;5;23
17;2025-11-07;5;33
25;2025-11-07;5;28
26;2025-11-07;5;22
28;2025-11-07;5;29
50;2025-11-07;5;33
1;2025-11-07;6;19
5;2025-11-07;6;0
7;2025-11-07;6;22
11;2025-11-07;6;34
12;2025-11-07;6;12
17;2025-11-07;6;27
25;2025-11-07;6;26
26;2025-11-07;6;25
28;2025-11-07;6;24
50;2025-11-07;6;21
1;2025-11-07;7;23
5;2025-11-07;7;0
7;2025-11-07;7;24
11;2025-11-07;7;33
12;2025-11-07;7;28
17;2025-11-07;7;29
25;2025-11-07;7;28
26;2025-11-07;7;23
28;2025-11-07;7;22
50;2025-11-07;7;20
1;2025-11-07;8;29
5;2025-11-07;8;0
7;2025-11-07;8;31
11;2025-11-07;8;19
12;2025-11-07;8;21
17;2025-11-07;8;18
25;2025-11-07;8;27
26;2025-11-07;8;13
28;2025-11-07;8;22
50;2025-11-07;8;17
1;2025-11-07;9;24
5;2025-11-07;9;0
7;2025-11-07;9;24
11;2025-11-07;9;24
12;2025-11-07;9;26
17;2025-11-07;9;27
25;2025-11-07;9;28
26;2025-11-07;9;26
28;2025-11-07;9;25
50;2025-11-07;9;26
1;2025-11-07;10;23
5;2025-11-07;10;0
7;2025-11-07;10;19
11;2025-11-07;10;18
12;2025-11-07;10;23
17;2025-11-07;10;32
25;2025-11-07;10;20
26;2025-11-07;10;22
28;2025-11-07;10;21
50;2025-11-07;10;23
1;2025-11-07;11;20
5;2025-11-07;11;0
7;2025-11-07;11;31
11;2025-11-07;11;21
12;2025-11-07;11;35
17;2025-11-07;11;28
25;2025-11-07;11;16
26;2025-11-07;11;20
28;2025-11-07;11;24
50;2025-11-07;11;23
1;2025-11-07;12;19
5;2025-11-07;12;0
7;2025-11-07;12;22
11;2025-11-07;12;23
12;2025-11-07;12;20
17;2025-11-07;12;33
25;2025-11-07;12;28
26;2025-11-07;12;28
28;2025-11-07;12;21
50;2025-11-07;12;38
1;2025-11-07;13;20
5;2025-11-07;13;0
7;2025-11-07;13;30
11;2025-11-07;13;20
12;2025-11-07;13;25
17;2025-11-07;13;29
25;2025-11-07;13;25
26;2025-11-07;13;31
28;2025-11-07;13;23
50;2025-11-07;13;28
1;2025-11-07;14;22
5;2025-11-07;14;0
7;2025-11-07;14;24
11;2025-11-07;14;27
12;2025-11-07;14;19
17;2025-11-07;14;22
25;2025-11-07;14;23
26;2025-11-07;14;30
28;2025-11-07;14;24
50;2025-11-07;14;17
1;2025-11-07;15;29
5;2025-11-07;15;0
7;2025-11-07;15;23
11;2025-11-07;15;18
12;2025-11-07;15;31
17;2025-11-07;15;23
25;2025-11-07;15;21
26;2025-11-07;15;22
28;2025-11-07;15;21
50;2025-11-07;15;33
1;2025-11-07;16;23
5;2025-11-07;16;0
7;2025-11-07;16;21
11;2025-11-07;16;25
12;2025-11-07;16;28
17;2025-11-07;16;18
25;2025-11-07;16;22
26;2025-11-07;16;27
28;2025-11-07;16;24
50;2025-11-07;16;17
1;2025-11-07;17;19
5;2025-11-07;17;0
7;2025-11-07;17;25
11;2025-11-07;17;32
12;2025-11-07;17;31
17;2025-11-07;17;29
25;2025-11-07;17;27
26;2025-11-07;17;28
28;2025-11-07;17;19
50;2025-11-07;17;18
1;2025-11-07;18;27
5;2025-11-07;18;0
7;2025-11-07;18;25
11;2025-11-07;18;29
12;2025-11-07;18;30
17;2025-11-07;18;23
25;2025-11-07;18;21
26;2025-11-07;18;24
28;2025-11-07;18;34
50;2025-11-07;18;34
1;2025-11-07;19;24
5;2025-11-07;19;0
7;2025-11-07;19;28
11;2025-11-07;19;30
12;2025-11-07;19;24
17;2025-11-07;19;28
25;2025-11-07;19;25
26;2025-11-07;19;25
28;2025-11-07;19;20
50;2025-11-07;19;22
1;2025-11-07;20;19
5;2025-11-07;20;0
7;2025-11-07;20;31
11;2025-11-07;20;25
12;2025-11-07;20;22
17;2025-11-07;20;29
25;2025-11-07;20;22
26;2025-11-07;20;35
28;2025-11-07;20;20
50;2025-11-07;20;34
1;2025-11-07;21;28
5;2025-11-07;21;0
7;2025-11-07;21;24
11;2025-11-07;21;23
12;2025-11-07;21;24
17;2025-11-07;21;22
25;2025-11-07;21;31
26;2025-11-07;21;30
28;2025-11-07;21;29
50;2025-11-07;21;20
1;2025-11-07;22;26
5;2025-11-07;22;0
7;2025-11-07;22;21
11;2025-11-07;22;28
12;2025-11-07;22;14
17;2025-11-07;22;29
25;2025-11-07;22;31
26;2025-11-07;22;29
28;2025-11-07;22;18
50;2025-11-07;22;32
1;2025-11-07;23;24
5;2025-11-07;23;0
7;2025-11-07;23;19
11;2025-11-07;23;22
12;2025-11-07;23;20
17;2025-11-07;23;26
25;2025-11-07;23;27
26;2025-11-07;23;28
28;2025-11-07;23;30
50;2025-11-07;23;33
1;2025-11-08;0;23
5;2025-11-08;0;0
7;2025-11-08;0;16
11;2025-11-08;0;34
12;2025-11-08;0;20
17;2025-11-08;0;25
25;2025-11-08;0;33
26;2025-11-08;0;35
28;2025-11-08;0;16
50;2025-11-08;0;0
1;2025-11-08;1;34
5;2025-11-08;1;0
7;2025-11-08;1;17
11;2025-11-08;1;17
12;2025-11-08;1;22
17;2025-11-08;1;33
25;2025-11-08;1;33
26;2025-11-08;1;15
28;2025-11-08;1;25
50;2025-11-08;1;0
1;2025-11-08;2;27
5;2025-11-08;2;0
7;2025-11-08;2;17
11;2025-11-08;2;20
12;2025-11-08;2;24
17;2025-11-08;2;26
25;2025-11-08;2;30
26;2025-11-08;2;21
28;2025-11-08;2;26
50;2025-11-08;2;0
1;2025-11-08;3;19
5;2025-11-08;3;0
7;2025-11-08;3;13
11;2025-11-08;3;22
12;2025-11-08;3;14
17;2025-11-08;3;30
25;2025-11-08;3;19
26;2025-11-08;3;33
28;2025-11-08;3;31
50;2025-11-08;3;0
1;2025-11-08;4;21
5;2025-11-08;4;0
7;2025-11-08;4;13
11;2025-11-08;4;19
12;2025-11-08;4;15
17;2025-11-08;4;39
25;2025-11-08;4;27
26;2025-11-08;4;18
28;2025-11-08;4;31
50;2025-11-08;4;0
1;2025-11-08;5;22
5;2025-11-08;5;0
7;2025-11-08;5;11
11;2025-11-08;5;30
12;2025-11-08;5;17
17;2025-11-08;5;21
25;2025-11-08;5;25
26;2025-11-08;5;24
28;2025-11-08;5;20
50;2025-11-08;5;0
1;2025-11-08;6;19
5;2025-11-08;6;0
7;2025-11-08;6;14
11;2025-11-08;6;19
12;2025-11-08;6;25
17;2025-11-08;6;29
25;2025-11-08;6;26
26;2025-11-08;6;11
28;2025-11-08;6;17
50;2025-11-08;6;0
1;2025-11-08;7;26
5;2025-11-08;7;0
7;2025-11-08;7;10
11;2025-11-08;7;24
12;2025-11-08;7;27
17;2025-11-08;7;29
25;2025-11-08;7;28
26;2025-11-08;7;20
28;2025-11-08;7;26
50;2025-11-08;7;0
1;2025-11-08;8;27
5;2025-11-08;8;0
7;2025-11-08;8;18
11;2025-11-08;8;27
12;2025-11-08;8;21
17;2025-11-08;8;26
25;2025-11-08;8;25
26;2025-11-08;8;22
28;2025-11-08;8;29
50;2025-11-08;8;0
1;2025-11-08;9;25
5;2025-11-08;9;0
7;2025-11-08;9;8
11;2025-11-08;9;22
12;2025-11-08;9;22
17;2025-11-08;9;23
25;2025-11-08;9;24
26;2025-11-08;9;25
28;2025-11-08;9;32
50;2025-11-08;9;0
1;2025-11-08;10;28
5;2025-11-08;10;0
7;2025-11-08;10;8
11;2025-11-08;10;17
12;2025-11-08;10;22
17;2025-11-08;10;28
25;2025-11-08;10;24
26;2025-11-08;10;26
28;2025-11-08;10;27
50;2025-11-08;10;0
1;2025-11-08;11;21
5;2025-11-08;11;0
7;2025-11-08;11;16
11;2025-11-08;11;22
12;2025-11-08;11;32
17;2025-11-08;11;23
25;2025-11-08;11;35
26;2025-11-08;11;27
28;2025-11-08;11;28
50;2025-11-08;11;0
1;2025-11-08;12;24
5;2025-11-08;12;0
7;2025-11-08;12;13
11;2025-11-08;12;20
12;2025-11-08;12;25
17;2025-11-08;12;25
25;2025-11-08;12;24
26;2025-11-08;12;30
28;2025-11-08;12;29
50;2025-11-08;12;0
1;2025-11-08;13;21
5;2025-11-08;13;0
7;2025-11-08;13;13
11;2025-11-08;13;21
12;2025-11-08;13;27
17;2025-11-08;13;31
25;2025-11-08;13;30
26;2025-11-08;13;26
28;2025-11-08;13;28
50;2025-11-08;13;0
1;2025-11-08;14;22
5;2025-11-08;14;0
7;2025-11-08;14;11
11;2025-11-08;14;16
12;2025-11-08;14;31
17;2025-11-08;14;23
25;2025-11-08;14;25
26;2025-11-08;14;29
28;2025-11-08;14;25
50;2025-11-08;14;0
1;2025-11-08;15;24
5;2025-11-08;15;0
7;2025-11-08;15;13
11;2025-11-08;15;22
12;2025-11-08;15;30
17;2025-11-08;15;28
25;2025-11-08;15;20
26;2025-11-08;15;25
28;2025-11-08;15;25
50;2025-11-08;15;0
1;2025-11-08;16;26
5;2025-11-08;16;0
7;2025-11-08;16;11
11;2025-11-08;16;31
12;2025-11-08;16;20
17;2025-11-08;16;33
25;2025-11-08;16;31
26;2025-11-08;16;18
28;2025-11-08;16;25
50;2025-11-08;16;0
1;2025-11-08;17;15
5;2025-11-08;17;0
7;2025-11-08;17;10
11;2025-11-08;17;19
12;2025-11-08;17;30
17;2025-11-08;17;30
25;2025-11-08;17;27
26;2025-11-08;17;17
28;2025-11-08;17;35
50;2025-11-08;17;0
1;2025-11-08;18;20
5;2025-11-08;18;0
7;2025-11-08;18;14
11;2025-11-08;18;23
12;2025-11-08;18;24
17;2025-11-08;18;22
25;2025-11-08;18;28
26;2025-11-08;18;27
28;2025-11-08;18;21
50;2025-11-08;18;0
1;2025-11-08;19;26
5;2025-11-08;19;0
7;2025-11-08;19;16
11;2025-11-08;19;32
12;2025-11-08;19;24
17;2025-11-08;19;33
25;2025-11-08;19;31
26;2025-11-08;19;25
28;2025-11-08;19;19
50;2025-11-08;19;0
1;2025-11-08;20;15
5;2025-11-08;20;0
7;2025-11-08;20;15
11;2025-11-08;20;26
12;2025-11-08;20;23
17;2025-11-08;20;30
25;2025-11-08;20;37
26;2025-11-08;20;26
28;2025-11-08;20;23
50;2025-11-08;20;0
1;2025-11-08;21;21
5;2025-11-08;21;0
7;2025-11-08;21;16
11;2025-11-08;21;26
12;2025-11-08;21;26
17;2025-11-08;21;34
25;2025-11-08;21;28
26;2025-11-08;21;28
28;2025-11-08;21;20
50;2025-11-08;21;0
1;2025-11-08;22;21
5;2025-11-08;22;0
7;2025-11-08;22;16
11;2025-11-08;22;27
12;2025-11-08;22;20
17;2025-11-08;22;32
25;2025-11-08;22;25
26;2025-11-08;22;27
28;2025-11-08;22;29
50;2025-11-08;22;0
1;2025-11-08;23;25
5;2025-11-08;23;0
7;2025-11-08;23;11
11;2025-11-08;23;23
12;2025-11-08;23;24
17;2025-11-08;23;31
25;2025-11-08;23;27
26;2025-11-08;23;15
28;2025-11-08;23;29
50;2025-11-08;23;0
1;2025-11-09;0;24
5;2025-11-09;0;0
7;2025-11-09;0;15
11;2025-11-09;0;19
12;2025-11-09;0;23
17;2025-11-09;0;29
25;2025-11-09;0;22
26;2025-11-09;0;20
28;2025-11-09;0;24
50;2025-11-09;0;0
1;2025-11-09;1;22
5;2025-11-09;1;0
7;2025-11-09;1;15
11;2025-11-09;1;22
12;2025-11-09;1;25
17;2025-11-09;1;32
25;2025-11-09;1;28
26;2025-11-09;1;25
28;2025-11-09;1;26
50;2025-11-09;1;0
1;2025-11-09;2;19
5;2025-11-09;2;0
7;2025-11-09;2;19
11;2025-11-09;2;19
12;2025-11-09;2;25
17;2025-11-09;2;42
25;2025-11-09;2;25
26;2025-11-09;2;28
28;2025-11-09;2;22
50;2025-11-09;2;0
1;2025-11-09;3;26
5;2025-11-09;3;0
7;2025-11-09;3;15
11;2025-11-09;3;28
12;2025-11-09;3;24
17;2025-11-09;3;33
25;2025-11-09;3;29
26;2025-11-09;3;25
28;2025-11-09;3;19
50;2025-11-09;3;0
1;2025-11-09;4;24
5;2025-11-09;4;0
7;2025-11-09;4;11
11;2025-11-09;4;29
12;2025-11-09;4;18
17;2025-11-09;4;25
25;2025-11-09;4;27
26;2025-11-09;4;27
28;2025-11-09;4;25
50;2025-11-09;4;0
1;2025-11-09;5;30
5;2025-11-09;5;0
7;2025-11-09;5;15
11;2025-11-09;5;24
12;2025-11-09;5;22
17;2025-11-09;5;34
25;2025-11-09;5;32
26;2025-11-09;5;22
28;2025-11-09;5;27
50;2025-11-09;5;0
1;2025-11-09;6;24
5;2025-11-09;6;0
7;2025-11-09;6;18
11;2025-11-09;6;24
12;2025-11-09;6;20
17;2025-11-09;6;26
25;2025-11-09;6;30
26;2025-11-09;6;35
28;2025-11-09;6;32
50;2025-11-09;6;0
1;2025-11-09;7;28
5;2025-11-09;7;0
7;2025-11-09;7;14
11;2025-11-09;7;21
12;2025-11-09;7;22
17;2025-11-09;7;34
25;2025-11-09;7;27
26;2025-11-09;7;28
28;2025-11-09;7;26
50;2025-11-09;7;0
1;2025-11-09;8;27
5;2025-11-09;8;0
7;2025-11-09;8;17
11;2025-11-09;8;20
12;2025-11-09;8;26
17;2025-11-09;8;34
25;2025-11-09;8;32
26;2025-11-09;8;29
28;2025-11-09;8;26
50;2025-11-09;8;0
1;2025-11-09;9;23
5;2025-11-09;9;0
7;2025-11-09;9;19
11;2025-11-09;9;26
12;2025-11-09;9;28
17;2025-11-09;9;24
25;2025-11-09;9;37
26;2025-11-09;9;18
28;2025-11-09;9;21
50;2025-11-09;9;0
1;2025-11-09;10;26
5;2025-11-09;10;0
7;2025-11-09;10;16
11;2025-11-09;10;24
12;2025-11-09;10;26
17;2025-11-09;10;28
25;2025-11-09;10;30
26;2025-11-09;10;23
28;2025-11-09;10;27
50;2025-11-09;10;0
1;2025-11-09;11;29
5;2025-11-09;11;0
7;2025-11-09;11;12
11;2025-11-09;11;22
12;2025-11-09;11;25
17;2025-11-09;11;31
25;2025-11-09;11;34
26;2025-11-09;11;20
28;2025-11-09;11;28
50;2025-11-09;11;0
1;2025-11-09;12;24
5;2025-11-09;12;0
7;2025-11-09;12;14
11;2025-11-09;12;28
12;2025-11-09;12;24
17;2025-11-09;12;26
25;2025-11-09;12;32
26;2025-11-09;12;26
28;2025-11-09;12;20
50;2025-11-09;12;0
1;2025-11-09;13;28
5;2025-11-09;13;0
7;2025-11-09;13;11
11;2025-11-09;13;27
12;2025-11-09;13;24
17;2025-11-09;13;27
25;2025-11-09;13;24
26;2025-11-09;13;30
28;2025-11-09;13;28
50;2025-11-09;13;0
1;2025-11-09;14;24
5;2025-11-09;14;0
7;2025-11-09;14;18
11;2025-11-09;14;23
12;2025-11-09;14;20
17;2025-11-09;14;29
25;2025-11-09;14;24
26;2025-11-09;14;28
28;2025-11-09;14;24
50;2025-11-09;14;0
1;2025-11-09;15;29
5;2025-11-09;15;0
7;2025-11-09;15;12
11;2025-11-09;15;28
12;2025-11-09;15;22
17;2025-11-09;15;32
25;2025-11-09;15;24
26;2025-11-09;15;26
28;2025-11-09;15;25
50;2025-11-09;15;0
1;2025-11-09;16;24
5;2025-11-09;16;0
7;2025-11-09;16;14
11;2025-11-09;16;24
12;2025-11-09;16;24
17;2025-11-09;16;29
25;2025-11-09;16;26
26;2025-11-09;16;27
28;2025-11-09;16;24
50;2025-11-09;16;0
1;2025-11-09;17;30
5;2025-11-09;17;0
7;2025-11-09;17;19
11;2025-11-09;17;20
12;2025-11-09;17;22
17;2025-11-09;17;32
25;2025-11-09;17;33
26;2025-11-09;17;30
28;2025-11-09;17;23
50;2025-11-09;17;0
1;2025-11-09;18;24
5;2025-11-09;18;0
7;2025-11-09;18;18
11;2025-11-09;18;18
12;2025-11-09;18;26
17;2025-11-09;18;31
25;2025-11-09;18;30
26;2025-11-09;18;22
28;2025-11-09;18;20
50;2025-11-09;18;0
1;2025-11-09;19;29
5;2025-11-09;19;0
7;2025-11-09;19;16
11;2025-11-09;19;20
12;2025-11-09;19;25
17;2025-11-09;19;22
25;2025-11-09;19;31
26;2025-11-09;19;23
28;2025-11-09;19;21
50;2025-11-09;19;0
1;2025-11-09;20;26
5;2025-11-09;20;0
7;2025-11-09;20;17
11;2025-11-09;20;26
12;2025-11-09;20;28
17;2025-11-09;20;23
25;2025-11-09;20;27
26;2025-11-09;20;24
28;2025-11-09;20;28
50;2025-11-09;20;0
1;2025-11-09;21;23
5;2025-11-09;21;0
7;2025-11-09;21;17
11;2025-11-09;21;25
12;2025-11-09;21;24
17;2025-11-09;21;31
25;2025-11-09;21;23
26;2025-11-09;21;26
28;2025-11-09;21;29
50;2025-11-09;21;0
1;2025-11-09;22;16
5;2025-11-09;22;0
7;2025-11-09;22;16
11;2025-11-09;22;16
12;2025-11-09;22;25
17;2025-11-09;22;34
25;2025-11-09;22;28
26;2025-11-09;22;26
28;2025-11-09;22;16
50;2025-11-09;22;0
1;2025-11-09;23;14
5;2025-11-09;23;0
7;2025-11-09;23;14
11;2025-11-09;23;23
12;2025-11-09;23;21
17;2025-11-09;23;30
25;2025-11-09;23;36
26;2025-11-09;23;33
28;2025-11-09;23;31
50;2025-11-09;23;0
1;2025-11-10;0;29
5;2025-11-10;0;0
7;2025-11-10;0;20
11;2025-11-10;0;25
12;2025-11-10;0;27
17;2025-11-10;0;34
25;2025-11-10;0;27
26;2025-11-10;0;22
28;2025-11-10;0;22
50;2025-11-10;0;25
1;2025-11-10;1;20
5;2025-11-10;1;0
7;2025-11-10;1;23
11;2025-11-10;1;25
12;2025-11-10;1;30
17;2025-11-10;1;27
25;2025-11-10;1;27
26;2025-11-10;1;23
28;2025-11-10;1;21
50;2025-11-10;1;27
1;2025-11-10;2;30
5;2025-11-10;2;0
7;2025-11-10;2;22
11;2025-11-10;2;33
12;2025-11-10;2;18
17;2025-11-10;2;23
25;2025-11-10;2;23
26;2025-11-10;2;22
28;2025-11-10;2;25
50;2025-11-10;2;27
1;2025-11-10;3;21
5;2025-11-10;3;0
7;2025-11-10;3;22
11;2025-11-10;3;29
12;2025-11-10;3;29
17;2025-11-10;3;10
25;2025-11-10;3;27
26;2025-11-10;3;27
28;2025-11-10;3;26
50;2025-11-10;3;24
1;2025-11-10;4;26
5;2025-11-10;4;0
7;2025-11-10;4;26
11;2025-11-10;4;17
12;2025-11-10;4;30
17;2025-11-10;4;17
25;2025-11-10;4;26
26;2025-11-10;4;31
28;2025-11-10;4;26
50;2025-11-10;4;21
1;2025-11-10;5;21
5;2025-11-10;5;0
7;2025-11-10;5;27
11;2025-11-10;5;28
12;2025-11-10;5;22
17;2025-11-10;5;25
25;2025-11-10;5;27
26;2025-11-10;5;25
28;2025-11-10;5;34
50;2025-11-10;5;24
1;2025-11-10;6;27
5;2025-11-10;6;0
7;2025-11-10;6;29
11;2025-11-10;6;16
12;2025-11-10;6;22
17;2025-11-10;6;21
25;2025-11-10;6;21
26;2025-11-10;6;22
28;2025-11-10;6;34
50;2025-11-10;6;27
1;2025-11-10;7;28
5;2025-11-10;7;0
7;2025-11-10;7;30
11;2025-11-10;7;24
12;2025-11-10;7;24
17;2025-11-10;7;22
25;2025-11-10;7;32
26;2025-11-10;7;31
28;2025-11-10;7;28
50;2025-11-10;7;25
1;2025-11-10;8;20
5;2025-11-10;8;0
7;2025-11-10;8;23
11;2025-11-10;8;22
12;2025-11-10;8;26
17;2025-11-10;8;26
25;2025-11-10;8;24
26;2025-11-10;8;30
28;2025-11-10;8;30
50;2025-11-10;8;31
1;2025-11-10;9;28
5;2025-11-10;9;0
7;2025-11-10;9;23
11;2025-11-10;9;31
12;2025-11-10;9;19
17;2025-11-10;9;22
25;2025-11-10;9;20
26;2025-11-10;9;33
28;2025-11-10;9;22
50;2025-11-10;9;23
1;2025-11-10;10;31
5;2025-11-10;10;0
7;2025-11-10;10;26
11;2025-11-10;10;20
12;2025-11-10;10;18
17;2025-11-10;10;27
25;2025-11-10;10;33
26;2025-11-10;10;27
28;2025-11-10;10;31
50;2025-11-10;10;27
1;2025-11-10;11;23
5;2025-11-10;11;0
7;2025-11-10;11;31
11;2025-11-10;11;32
12;2025-11-10;11;24
17;2025-11-10;11;28
25;2025-11-10;11;25
26;2025-11-10;11;27
28;2025-11-10;11;24
50;2025-11-10;11;34
1;2025-11-10;12;23
5;2025-11-10;12;0
7;2025-11-10;12;27
11;2025-11-10;12;26
12;2025-11-10;12;31
17;2025-11-10;12;31
25;2025-11-10;12;26
26;2025-11-10;12;25
28;2025-11-10;12;21
50;2025-11-10;12;25
1;2025-11-10;13;21
5;2025-11-10;13;0
7;2025-11-10;13;20
11;2025-11-10;13;28
12;2025-11-10;13;24
17;2025-11-10;13;27
25;2025-11-10;13;21
26;2025-11-10;13;23
28;2025-11-10;13;29
50;2025-11-10;13;29
1;2025-11-10;14;24
5;2025-11-10;14;0
7;2025-11-10;14;20
11;2025-11-10;14;32
12;2025-11-10;14;25
17;2025-11-10;14;21
25;2025-11-10;14;23
26;2025-11-10;14;31
28;2025-11-10;14;23
50;2025-11-10;14;25
1;2025-11-10;15;19
5;2025-11-10;15;0
7;2025-11-10;15;17
11;2025-11-10;15;25
12;2025-11-10;15;24
17;2025-11-10;15;20
25;2025-11-10;15;21
26;2025-11-10;15;21
28;2025-11-10;15;25
50;2025-11-10;15;25
1;2025-11-10;16;31
5;2025-11-10;16;0
7;2025-11-10;16;30
11;2025-11-10;16;25
12;2025-11-10;16;29
17;2025-11-10;16;15
25;2025-11-10;16;26
26;2025-11-10;16;25
28;2025-11-10;16;17
50;2025-11-10;16;22
1;2025-11-10;17;16
5;2025-11-10;17;0
7;2025-11-10;17;19
11;2025-11-10;17;27
12;2025-11-10;17;26
17;2025-11-10;17;26
25;2025-11-10;17;21
26;2025-11-10;17;27
28;2025-11-10;17;29
50;2025-11-10;17;28
1;2025-11-10;18;29
5;2025-11-10;18;0
7;2025-11-10;18;24
11;2025-11-10;18;36
12;2025-11-10;18;26
17;2025-11-10;18;25
25;2025-11-10;18;35
26;2025-11-10;18;26
28;2025-11-10;18;32
50;2025-11-10;18;26
1;2025-11-10;19;30
5;2025-11-10;19;0
7;2025-11-10;19;26
11;2025-11-10;19;23
12;2025-11-10;19;23
17;2025-11-10;19;26
25;2025-11-10;19;32
26;2025-11-10;19;21
28;2025-11-10;19;25
50;2025-11-10;19;27
1;2025-11-10;20;30
5;2025-11-10;20;0
7;2025-11-10;20;18
11;2025-11-10;20;27
12;2025-11-10;20;23
17;2025-11-10;20;34
25;2025-11-10;20;30
26;2025-11-10;20;21
28;2025-11-10;20;26
50;2025-11-10;20;28
1;2025-11-10;21;27
5;2025-11-10;21;0
7;2025-11-10;21;25
11;2025-11-10;21;27
12;2025-11-10;21;31
17;2025-11-10;21;28
25;2025-11-10;21;21
26;2025-11-10;21;26
28;2025-11-10;21;19
50;2025-11-10;21;24
1;2025-11-10;22;22
5;2025-11-10;22;0
7;2025-11-10;22;30
11;2025-11-10;22;27
12;2025-11-10;22;19
17;2025-11-10;22;20
25;2025-11-10;22;21
26;2025-11-10;22;28
28;2025-11-10;22;31
50;2025-11-10;22;25
1;2025-11-10;23;24
5;2025-11-10;23;0
7;2025-11-10;23;30
11;2025-11-10;23;25
12;2025-11-10;23;29
17;2025-11-10;23;25
25;2025-11-10;23;30
26;2025-11-10;23;33
28;2025-11-10;23;29
50;2025-11-10;23;27
1;2025-11-11;0;18
5;2025-11-11;0;0
7;2025-11-11;0;17
11;2025-11-11;0;19
12;2025-11-11;0;20
17;2025-11-11;0;32
25;2025-11-11;0;36
26;2025-11-11;0;22
28;2025-11-11;0;22
50;2025-11-11;0;28
1;2025-11-11;1;26
5;2025-11-11;1;0
7;2025-11-11;1;27
11;2025-11-11;1;19
12;2025-11-11;1;18
17;2025-11-11;1;31
25;2025-11-11;1;22
26;2025-11-11;1;30
28;2025-11-11;1;29
50;2025-11-11;1;29
1;2025-11-11;2;22
5;2025-11-11;2;0
7;2025-11-11;2;23
11;2025-11-11;2;18
12;2025-11-11;2;27
17;2025-11-11;2;25
25;2025-11-11;2;25
26;2025-11-11;2;27
28;2025-11-11;2;22
50;2025-11-11;2;33
1;2025-11-11;3;16
5;2025-11-11;3;0
7;2025-11-11;3;26
11;2025-11-11;3;36
12;2025-11-11;3;22
17;2025-11-11;3;21
25;2025-11-11;3;24
26;2025-11-11;3;28
28;2025-11-11;3;32
50;2025-11-11;3;24
1;2025-11-11;4;31
5;2025-11-11;4;0
7;2025-11-11;4;26
11;2025-11-11;4;27
12;2025-11-11;4;23
17;2025-11-11;4;24
25;2025-11-11;4;34
26;2025-11-11;4;28
28;2025-11-11;4;23
50;2025-11-11;4;28
1;2025-11-11;5;30
5;2025-11-11;5;0
7;2025-11-11;5;25
11;2025-11-11;5;31
12;2025-11-11;5;30
17;2025-11-11;5;25
25;2025-11-11;5;23
26;2025-11-11;5;20
28;2025-11-11;5;32
50;2025-11-11;5;29
1;2025-11-11;6;22
5;2025-11-11;6;0
7;2025-11-11;6;26
11;2025-11-11;6;18
12;2025-11-11;6;26
17;2025-11-11;6;35
25;2025-11-11;6;20
26;2025-11-11;6;30
28;2025-11-11;6;23
50;2025-11-11;6;25
1;2025-11-11;7;18
5;2025-11-11;7;0
7;2025-11-11;7;32
11;2025-11-11;7;29
12;2025-11-11;7;30
17;2025-11-11;7;18
25;2025-11-11;7;25
26;2025-11-11;7;29
28;2025-11-11;7;32
50;2025-11-11;7;23
1;2025-11-11;8;27
5;2025-11-11;8;0
7;2025-11-11;8;21
11;2025-11-11;8;24
12;2025-11-11;8;23
17;2025-11-11;8;28
25;2025-11-11;8;24
26;2025-11-11;8;23
28;2025-11-11;8;29
50;2025-11-11;8;30
1;2025-11-11;9;31
5;2025-11-11;9;0
7;2025-11-11;9;28
11;2025-11-11;9;20
12;2025-11-11;9;28
17;2025-11-11;9;27
25;2025-11-11;9;23
26;2025-11-11;9;27
28;2025-11-11;9;26
50;2025-11-11;9;29
1;2025-11-11;10;23
5;2025-11-11;10;0
7;2025-11-11;10;26
11;2025-11-11;10;23
12;2025-11-11;10;24
17;2025-11-11;10;29
25;2025-11-11;10;35
26;2025-11-11;10;20
28;2025-11-11;10;28
50;2025-11-11;10;16
1;2025-11-11;11;33
5;2025-11-11;11;0
7;2025-11-11;11;25
11;2025-11-11;11;28
12;2025-11-11;11;25
17;2025-11-11;11;27
25;2025-11-11;11;31
26;2025-11-11;11;26
28;2025-11-11;11;22
50;2025-11-11;11;22
1;2025-11-11;12;26
5;2025-11-11;12;0
7;2025-11-11;12;25
11;2025-11-11;12;22
12;2025-11-11;12;28
17;2025-11-11;12;30
25;2025-11-11;12;29
26;2025-11-11;12;22
28;2025-11-11;12;37
50;2025-11-11;12;34
1;2025-11-11;13;29
5;2025-11-11;13;0
7;2025-11-11;13;23
11;2025-11-11;13;30
12;2025-11-11;13;31
17;2025-11-11;13;22
25;2025-11-11;13;23
26;2025-11-11;13;24
28;2025-11-11;13;22
50;2025-11-11;13;32
1;2025-11-11;14;25
5;2025-11-11;14;0
7;2025-11-11;14;21
11;2025-11-11;14;32
12;2025-11-11;14;26
17;2025-11-11;14;24
25;2025-11-11;14;23
26;2025-11-11;14;21
28;2025-11-11;14;25
50;2025-11-11;14;26
1;2025-11-11;15;22
5;2025-11-11;15;0
7;2025-11-11;15;25
11;2025-11-11;15;24
12;2025-11-11;15;27
17;2025-11-11;15;27
25;2025-11-11;15;32
26;2025-11-11;15;26
28;2025-11-11;15;24
50;2025-11-11;15;28
1;2025-11-11;16;27
5;2025-11-11;16;0
7;2025-11-11;16;32
11;2025-11-11;16;28
12;2025-11-11;16;23
17;2025-11-11;16;29
25;2025-11-11;16;33
26;2025-11-11;16;27
28;2025-11-11;16;23
50;2025-11-11;16;23
1;2025-11-11;17;26
5;2025-11-11;17;0
7;2025-11-11;17;26
11;2025-11-11;17;17
12;2025-11-11;17;29
17;2025-11-11;17;30
25;2025-11-11;17;17
26;2025-11-11;17;22
28;2025-11-11;17;25
50;2025-11-11;17;24
1;2025-11-11;18;22
5;2025-11-11;18;0
7;2025-11-11;18;27
11;2025-11-11;18;17
12;2025-11-11;18;19
17;2025-11-11;18;26
25;2025-11-11;18;32
26;2025-11-11;18;34
28;2025-11-11;18;20
50;2025-11-11;18;20
1;2025-11-11;19;27
5;2025-11-11;19;0
7;2025-11-11;19;28
11;2025-11-11;19;23
12;2025-11-11;19;27
17;2025-11-11;19;30
25;2025-11-11;19;24
26;2025-11-11;19;22
28;2025-11-11;19;29
50;2025-11-11;19;22
1;2025-11-11;20;26
5;2025-11-11;20;0
7;2025-11-11;20;18
11;2025-11-11;20;31
12;2025-11-11;20;20
17;2025-11-11;20;18
25;2025-11-11;20;31
26;2025-11-11;20;21
28;2025-11-11;20;23
50;2025-11-11;20;20
1;2025-11-11;21;31
5;2025-11-11;21;0
7;2025-11-11;21;17
11;2025-11-11;21;31
12;2025-11-11;21;29
17;2025-11-11;21;29
25;2025-11-11;21;18
26;2025-11-11;21;20
28;2025-11-11;21;25
50;2025-11-11;21;24
1;2025-11-11;22;24
5;2025-11-11;22;0
7;2025-11-11;22;25
11;2025-11-11;22;25
12;2025-11-11;22;24
17;2025-11-11;22;22
25;2025-11-11;22;27
26;2025-11-11;22;22
28;2025-11-11;22;31
50;2025-11-11;22;26
1;2025-11-11;23;25
5;2025-11-11;23;0
7;2025-11-11;23;16
11;2025-11-11;23;24
12;2025-11-11;23;34
17;2025-11-11;23;24
25;2025-11-11;23;29
26;2025-11-11;23;23
28;2025-11-11;23;20
50;2025-11-11;23;29
1;2025-11-12;0;22
5;2025-11-12;0;0
7;2025-11-12;0;32
11;2025-11-12;0;26
12;2025-11-12;0;33
17;2025-11-12;0;23
25;2025-11-12;0;20
26;2025-11-12;0;32
28;2025-11-12;0;26
50;2025-11-12;0;29
1;2025-11-12;1;29
5;2025-11-12;1;0
7;2025-11-12;1;19
11;2025-11-12;1;21
12;2025-11-12;1;22
17;2025-11-12;1;22
25;2025-11-12;1;37
26;2025-11-12;1;27
28;2025-11-12;1;16
50;2025-11-12;1;20
1;2025-11-12;2;27
5;2025-11-12;2;0
7;2025-11-12;2;26
11;2025-11-12;2;24
12;2025-11-12;2;27
17;2025-11-12;2;29
25;2025-11-12;2;23
26;2025-11-12;2;25
28;2025-11-12;2;29
50;2025-11-12;2;23
1;2025-11-12;3;24
5;2025-11-12;3;0
7;2025-11-12;3;31
11;2025-11-12;3;25
12;2025-11-12;3;25
17;2025-11-12;3;21
25;2025-11-12;3;21
26;2025-11-12;3;28
28;2025-11-12;3;22
50;2025-11-12;3;18
1;2025-11-12;4;24
5;2025-11-12;4;0
7;2025-11-12;4;27
11;2025-11-12;4;28
12;2025-11-12;4;24
17;2025-11-12;4;27
25;2025-11-12;4;24
26;2025-11-12;4;27
28;2025-11-12;4;24
50;2025-11-12;4;21
1;2025-11-12;5;27
5;2025-11-12;5;0
7;2025-11-12;5;25
11;2025-11-12;5;23
12;2025-11-12;5;23
17;2025-11-12;5;25
25;2025-11-12;5;32
26;2025-11-12;5;30
28;2025-11-12;5;29
50;2025-11-12;5;27
1;2025-11-12;6;25
5;2025-11-12;6;0
7;2025-11-12;6;29
11;2025-11-12;6;18
12;2025-11-12;6;23
17;2025-11-12;6;32
25;2025-11-12;6;26
26;2025-11-12;6;21
28;2025-11-12;6;30
50;2025-11-12;6;26
1;2025-11-12;7;21
5;2025-11-12;7;0
7;2025-11-12;7;28
11;2025-11-12;7;33
12;2025-11-12;7;19
17;2025-11-12;7;31
25;2025-11-12;7;19
26;2025-11-12;7;23
28;2025-11-12;7;33
50;2025-11-12;7;25
1;2025-11-12;8;24
5;2025-11-12;8;0
7;2025-11-12;8;24
11;2025-11-12;8;25
12;2025-11-12;8;30
17;2025-11-12;8;29
25;2025-11-12;8;22
26;2025-11-12;8;30
28;2025-11-12;8;24
50;2025-11-12;8;27
1;2025-11-12;9;33
5;2025-11-12;9;0
7;2025-11-12;9;25
11;2025-11-12;9;26
12;2025-11-12;9;22
17;2025-11-12;9;29
25;2025-11-12;9;26
26;2025-11-12;9;37
28;2025-11-12;9;16
50;2025-11-12;9;26
1;2025-11-12;10;31
5;2025-11-12;10;0
7;2025-11-12;10;26
11;2025-11-12;10;24
12;2025-11-12;10;26
17;2025-11-12;10;29
25;2025-11-12;10;29
26;2025-11-12;10;31
28;2025-11-12;10;30
50;2025-11-12;10;24
1;2025-11-12;11;22
5;2025-11-12;11;0
7;2025-11-12;11;20
11;2025-11-12;11;23
12;2025-11-12;11;29
17;2025-11-12;11;24
25;2025-11-12;11;34
26;2025-11-12;11;20
28;2025-11-12;11;24
50;2025-11-12;11;27
1;2025-11-12;12;34
5;2025-11-12;12;0
7;2025-11-12;12;30
11;2025-11-12;12;34
12;2025-11-12;12;27
17;2025-11-12;12;26
25;2025-11-12;12;27
26;2025-11-12;12;24
28;2025-11-12;12;20
50;2025-11-12;12;23
1;2025-11-12;13;23
5;2025-11-12;13;0
7;2025-11-12;13;28
11;2025-11-12;13;25
12;2025-11-12;13;30
17;2025-11-12;13;28
25;2025-11-12;13;21
26;2025-11-12;13;28
28;2025-11-12;13;22
50;2025-11-12;13;27
1;2025-11-12;14;32
5;2025-11-12;14;0
7;2025-11-12;14;19
11;2025-11-12;14;26
12;2025-11-12;14;28
17;2025-11-12;14;24
25;2025-11-12;14;25
26;2025-11-12;14;28
28;2025-11-12;14;26
50;2025-11-12;14;22
1;2025-11-12;15;26
5;2025-11-12;15;0
7;2025-11-12;15;24
11;2025-11-12;15;32
12;2025-11-12;15;25
17;2025-11-12;15;26
25;2025-11-12;15;25
26;2025-11-12;15;27
28;2025-11-12;15;15
50;2025-11-12;15;22
1;2025-11-12;16;32
5;2025-11-12;16;0
7;2025-11-12;16;26
11;2025-11-12;16;24
12;2025-11-12;16;25
17;2025-11-12;16;25
25;2025-11-12;16;33
26;2025-11-12;16;32
28;2025-11-12;16;27
50;2025-11-12;16;26
1;2025-11-12;17;27
5;2025-11-12;17;0
7;2025-11-12;17;15
11;2025-11-12;17;18
12;2025-11-12;17;30
17;2025-11-12;17;24
25;2025-11-12;17;25
26;2025-11-12;17;36
28;2025-11-12;17;23
50;2025-11-12;17;30
1;2025-11-12;18;30
5;2025-11-12;18;0
7;2025-11-12;18;20
11;2025-11-12;18;26
12;2025-11-12;18;23
17;2025-11-12;18;30
25;2025-11-12;18;27
26;2025-11-12;18;19
28;2025-11-12;18;29
50;2025-11-12;18;26
1;2025-11-12;19;29
5;2025-11-12;19;0
7;2025-11-12;19;23
11;2025-11-12;19;30
12;2025-11-12;19;28
17;2025-11-12;19;30
25;2025-11-12;19;27
26;2025-11-12;19;23
28;2025-11-12;19;19
50;2025-11-12;19;29
1;2025-11-12;20;28
5;2025-11-12;20;0
7;2025-11-12;20;32
11;2025-11-12;20;28
12;2025-11-12;20;19
17;2025-11-12;20;30
25;2025-11-12;20;31
26;2025-11-12;20;26
28;2025-11-12;20;28
50;2025-11-12;20;21
1;2025-11-12;21;26
5;2025-11-12;21;0
7;2025-11-12;21;28
11;2025-11-12;21;32
12;2025-11-12;21;19
17;2025-11-12;21;23
25;2025-11-12;21;26
26;2025-11-12;21;19
28;2025-11-12;21;26
50;2025-11-12;21;28
1;2025-11-12;22;25
5;2025-11-12;22;0
7;2025-11-12;22;25
11;2025-11-12;22;30
12;2025-11-12;22;31
17;2025-11-12;22;24
25;2025-11-12;22;28
26;2025-11-12;22;28
28;2025-11-12;22;24
50;2025-11-12;22;25
1;2025-11-12;23;29
5;2025-11-12;23;0
7;2025-11-12;23;25
11;2025-11-12;23;21
12;2025-11-12;23;26
17;2025-11-12;23;27
25;2025-11-12;23;26
26;2025-11-12;23;29
28;2025-11-12;23;14
50;2025-11-12;23;31
1;2025-11-13;0;33
5;2025-11-13;0;0
7;2025-11-13;0;15
11;2025-11-13;0;33
12;2025-11-13;0;25
17;2025-11-13;0;24
25;2025-11-13;0;23
26;2025-11-13;0;31
28;2025-11-13;0;24
50;2025-11-13;0;21
1;2025-11-13;1;18
5;2025-11-13;1;0
7;2025-11-13;1;25
11;2025-11-13;1;25
12;2025-11-13;1;16
17;2025-11-13;1;31
25;2025-11-13;1;21
26;2025-11-13;1;27
28;2025-11-13;1;24
50;2025-11-13;1;31
1;2025-11-13;2;25
5;2025-11-13;2;0
7;2025-11-13;2;25
11;2025-11-13;2;26
12;2025-11-13;2;30
17;2025-11-13;2;31
25;2025-11-13;2;28
26;2025-11-13;2;31
28;2025-11-13;2;26
50;2025-11-13;2;27
1;2025-11-13;3;34
5;2025-11-13;3;0
7;2025-11-13;3;19
11;2025-11-13;3;28
12;2025-11-13;3;29
17;2025-11-13;3;21
25;2025-11-13;3;25
26;2025-11-13;3;31
28;2025-11-13;3;24
50;2025-11-13;3;24
1;2025-11-13;4;22
5;2025-11-13;4;0
7;2025-11-13;4;25
11;2025-11-13;4;35
12;2025-11-13;4;18
17;2025-11-13;4;23
25;2025-11-13;4;22
26;2025-11-13;4;23
28;2025-11-13;4;23
50;2025-11-13;4;25
1;2025-11-13;5;24
5;2025-11-13;5;0
7;2025-11-13;5;26
11;2025-11-13;5;25
12;2025-11-13;5;29
17;2025-11-13;5;26
25;2025-11-13;5;27
26;2025-11-13;5;24
28;2025-11-13;5;28
50;2025-11-13;5;22
1;2025-11-13;6;31
5;2025-11-13;6;0
7;2025-11-13;6;33
11;2025-11-13;6;26
12;2025-11-13;6;31
17;2025-11-13;6;18
25;2025-11-13;6;23
26;2025-11-13;6;20
28;2025-11-13;6;25
50;2025-11-13;6;28
1;2025-11-13;7;27
5;2025-11-13;7;0
7;2025-11-13;7;18
11;2025-11-13;7;34
12;2025-11-13;7;35
17;2025-11-13;7;26
25;2025-11-13;7;26
26;2025-11-13;7;23
28;2025-11-13;7;20
50;2025-11-13;7;20
1;2025-11-13;8;25
5;2025-11-13;8;0
7;2025-11-13;8;21
11;2025-11-13;8;32
12;2025-11-13;8;31
17;2025-11-13;8;17
25;2025-11-13;8;18
26;2025-11-13;8;32
28;2025-11-13;8;19
50;2025-11-13;8;23
1;2025-11-13;9;25
5;2025-11-13;9;0
7;2025-11-13;9;23
11;2025-11-13;9;28
12;2025-11-13;9;23
17;2025-11-13;9;20
25;2025-11-13;9;22
26;2025-11-13;9;28
28;2025-11-13;9;20
50;2025-11-13;9;29
1;2025-11-13;10;27
5;2025-11-13;10;0
7;2025-11-13;10;27
11;2025-11-13;10;17
12;2025-11-13;10;24
17;2025-11-13;10;30
25;2025-11-13;10;26
26;2025-11-13;10;22
28;2025-11-13;10;23
50;2025-11-13;10;29
1;2025-11-13;11;22
5;2025-11-13;11;0
7;2025-11-13;11;27
11;2025-11-13;11;26
12;2025-11-13;11;32
17;2025-11-13;11;28
25;2025-11-13;11;24
26;2025-11-13;11;24
28;2025-11-13;11;27
50;2025-11-13;11;35
1;2025-11-13;12;32
5;2025-11-13;12;0
7;2025-11-13;12;34
11;2025-11-13;12;31
12;2025-11-13;12;20
17;2025-11-13;12;28
25;2025-11-13;12;25
26;2025-11-13;12;27
28;2025-11-13;12;28
50;2025-11-13;12;22
1;2025-11-13;13;24
5;2025-11-13;13;0
7;2025-11-13;13;22
11;2025-11-13;13;21
12;2025-11-13;13;27
17;2025-11-13;13;22
25;2025-11-13;13;8
26;2025-11-13;13;23
28;2025-11-13;13;20
50;2025-11-13;13;31
1;2025-11-13;14;24
5;2025-11-13;14;0
7;2025-11-13;14;30
11;2025-11-13;14;23
12;2025-11-13;14;21
17;2025-11-13;14;33
25;2025-11-13;14;26
26;2025-11-13;14;22
28;2025-11-13;14;25
50;2025-11-13;14;30
1;2025-11-13;15;30
5;2025-11-13;15;0
7;2025-11-13;15;29
11;2025-11-13;15;32
12;2025-11-13;15;19
17;2025-11-13;15;20
25;2025-11-13;15;23
26;2025-11-13;15;26
28;2025-11-13;15;33
50;2025-11-13;15;27
1;2025-11-13;16;35
5;2025-11-13;16;0
7;2025-11-13;16;25
11;2025-11-13;16;23
12;2025-11-13;16;28
17;2025-11-13;16;22
25;2025-11-13;16;28
26;2025-11-13;16;19
28;2025-11-13;16;25
50;2025-11-13;16;29
1;2025-11-13;17;27
5;2025-11-13;17;0
7;2025-11-13;17;27
11;2025-11-13;17;28
12;2025-11-13;17;27
17;2025-11-13;17;32
25;2025-11-13;17;22
26;2025-11-13;17;24
28;2025-11-13;17;25
50;2025-11-13;17;31
1;2025-11-13;18;17
5;2025-11-13;18;0
7;2025-11-13;18;30
11;2025-11-13;18;19
12;2025-11-13;18;23
17;2025-11-13;18;20
25;2025-11-13;18;25
26;2025-11-13;18;27
28;2025-11-13;18;29
50;2025-11-13;18;25
1;2025-11-13;19;29
5;2025-11-13;19;0
7;2025-11-13;19;23
11;2025-11-13;19;24
12;2025-11-13;19;19
17;2025-11-13;19;25
25;2025-11-13;19;29
26;2025-11-13;19;17
28;2025-11-13;19;29
50;2025-11-13;19;19
1;2025-11-13;20;27
5;2025-11-13;20;0
7;2025-11-13;20;36
11;2025-11-13;20;29
12;2025-11-13;20;25
17;2025-11-13;20;24
25;2025-11-13;20;24
26;2025-11-13;20;24
28;2025-11-13;20;27
50;2025-11-13;20;31
1;2025-11-13;21;22
5;2025-11-13;21;0
7;2025-11-13;21;24
11;2025-11-13;21;25
12;2025-11-13;21;30
17;2025-11-13;21;18
25;2025-11-13;21;18
26;2025-11-13;21;34
28;2025-11-13;21;23
50;2025-11-13;21;19
1;2025-11-13;22;26
5;2025-11-13;22;0
7;2025-11-13;22;33
11;2025-11-13;22;27
12;2025-11-13;22;20
17;2025-11-13;22;29
25;2025-11-13;22;29
26;2025-11-13;22;24
28;2025-11-13;22;31
50;2025-11-13;22;30
1;2025-11-13;23;24
5;2025-11-13;23;0
7;2025-11-13;23;32
11;2025-11-13;23;22
12;2025-11-13;23;31
17;2025-11-13;23;26
25;2025-11-13;23;29
26;2025-11-13;23;20
28;2025-11-13;23;33
50;2025-11-13;23;20
1;2025-11-14;0;31
5;2025-11-14;0;0
7;2025-11-14;0;11
11;2025-11-14;0;26
12;2025-11-14;0;23
17;2025-11-14;0;24
25;2025-11-14;0;16
26;2025-11-14;0;29
28;2025-11-14;0;22
50;2025-11-14;0;25
1;2025-11-14;1;24
5;2025-11-14;1;0
7;2025-11-14;1;15
11;2025-11-14;1;24
12;2025-11-14;1;24
17;2025-11-14;1;25
25;2025-11-14;1;30
26;2025-11-14;1;22
28;2025-11-14;1;38
50;2025-11-14;1;32
1;2025-11-14;2;34
5;2025-11-14;2;0
7;2025-11-14;2;30
11;2025-11-14;2;27
12;2025-11-14;2;28
17;2025-11-14;2;21
25;2025-11-14;2;25
26;2025-11-14;2;27
28;2025-11-14;2;17
50;2025-11-14;2;32
1;2025-11-14;3;30
5;2025-11-14;3;0
7;2025-11-14;3;27
11;2025-11-14;3;29
12;2025-11-14;3;31
17;2025-11-14;3;30
25;2025-11-14;3;27
26;2025-11-14;3;20
28;2025-11-14;3;27
50;2025-11-14;3;30
1;2025-11-14;4;28
5;2025-11-14;4;0
7;2025-11-14;4;24
11;2025-11-14;4;18
12;2025-11-14;4;26
17;2025-11-14;4;33
25;2025-11-14;4;31
26;2025-11-14;4;24
28;2025-11-14;4;33
50;2025-11-14;4;27
1;2025-11-14;5;24
5;2025-11-14;5;0
7;2025-11-14;5;26
11;2025-11-14;5;33
12;2025-11-14;5;23
17;2025-11-14;5;33
25;2025-11-14;5;28
26;2025-11-14;5;22
28;2025-11-14;5;29
50;2025-11-14;5;33
1;2025-11-14;6;19
5;2025-11-14;6;0
7;2025-11-14;6;22
11;2025-11-14;6;34
12;2025-11-14;6;12
17;2025-11-14;6;27
25;2025-11-14;6;26
26;2025-11-14;6;25
28;2025-11-14;6;24
50;2025-11-14;6;21
1;2025-11-14;7;23
5;2025-11-14;7;0
7;2025-11-14;7;24
11;2025-11-14;7;33
12;2025-11-14;7;28
17;2025-11-14;7;29
25;2025-11-14;7;28
26;2025-11-14;7;23
28;2025-11-14;7;22
50;2025-11-14;7;20
1;2025-11-14;8;29
5;2025-11-14;8;0
7;2025-11-14;8;31
11;2025-11-14;8;19
12;2025-11-14;8;21
17;2025-11-14;8;18
25;2025-11-14;8;27
26;2025-11-14;8;13
28;2025-11-14;8;22
50;2025-11-14;8;17
1;2025-11-14;9;24
5;2025-11-14;9;0
7;2025-11-14;9;24
11;2025-11-14;9;24
12;2025-11-14;9;26
17;2025-11-14;9;27
25;2025-11-14;9;28
26;2025-11-14;9;26
28;2025-11-14;9;25
50;2025-11-14;9;26
1;2025-11-14;10;23
5;2025-11-14;10;0
7;2025-11-14;10;19
11;2025-11-14;10;18
12;2025-11-14;10;23
17;2025-11-14;10;32
25;2025-11-14;10;20
26;2025-11-14;10;22
28;2025-11-14;10;21
50;2025-11-14;10;23
1;2025-11-14;11;20
5;2025-11-14;11;0
7;2025-11-14;11;31
11;2025-11-14;11;21
12;2025-11-14;11;35
17;2025-11-14;11;28
25;2025-11-14;11;16
26;2025-11-14;11;20
28;2025-11-14;11;24
50;2025-11-14;11;23
1;2025-11-14;12;19
5;2025-11-14;12;0
7;2025-11-14;12;22
11;2025-11-14;12;23
12;2025-11-14;12;20
17;2025-11-14;12;33
25;2025-11-14;12;28
26;2025-11-14;12;28
28;2025-11-14;12;21
50;2025-11-14;12;38
1;2025-11-14;13;20
5;2025-11-14;13;0
7;2025-11-14;13;30
11;2025-11-14;13;20
12;2025-11-14;13;25
17;2025-11-14;13;29
25;2025-11-14;13;25
26;2025-11-14;13;31
28;2025-11-14;13;23
50;2025-11-14;13;28
1;2025-11-14;14;22
5;2025-11-14;14;0
7;2025-11-14;14;24
11;2025-11-14;14;27
12;2025-11-14;14;19
17;2025-11-14;14;22
25;2025-11-14;14;23
26;2025-11-14;14;30
28;2025-11-14;14;24
50;2025-11-14;14;17
1;2025-11-14;15;29
5;2025-11-14;15;0
7;2025-11-14;15;23
11;2025-11-14;15;18
12;2025-11-14;15;31
17;2025-11-14;15;23
25;2025-11-14;15;21
26;2025-11-14;15;22
28;2025-11-14;15;21
50;2025-11-14;15;33
1;2025-11-14;16;23
5;2025-11-14;16;0
7;2025-11-14;16;21
11;2025-11-14;16;25
12;2025-11-14;16;28
17;2025-11-14;16;18
25;2025-11-14;16;22
26;2025-11-14;16;27
28;2025-11-14;16;24
50;2025-11-14;16;17
1;2025-11-14;17;19
5;2025-11-14;17;0
7;2025-11-14;17;25
11;2025-11-14;17;32
12;2025-11-14;17;31
17;2025-11-14;17;29
25;2025-11-14;17;27
26;2025-11-14;17;28
28;2025-11-14;17;19
50;2025-11-14;17;18
1;2025-11-14;18;27
5;2025-11-14;18;0
7;2025-11-14;18;25
11;2025-11-14;18;29
12;2025-11-14;18;30
17;2025-11-14;18;23
25;2025-11-14;18;21
26;2025-11-14;18;24
28;2025-11-14;18;34
50;2025-11-14;18;34
1;2025-11-14;19;24
5;2025-11-14;19;0
7;2025-11-14;19;28
11;2025-11-14;19;30
12;2025-11-14;19;24
17;2025-11-14;19;28
25;2025-11-14;19;25
26;2025-11-14;19;25
28;2025-11-14;19;20
50;2025-11-14;19;22
1;2025-11-14;20;19
5;2025-11-14;20;0
7;2025-11-14;20;31
11;2025-11-14;20;25
12;2025-11-14;20;22
17;2025-11-14;20;29
25;2025-11-14;20;22
26;2025-11-14;20;35
28;2025-11-14;20;20
50;2025-11-14;20;34
1;2025-11-14;21;28
5;2025-11-14;21;0
7;2025-11-14;21;24
11;2025-11-14;21;23
12;2025-11-14;21;24
17;2025-11-14;21;22
25;2025-11-14;21;31
26;2025-11-14;21;30
28;2025-11-14;21;29
50;2025-11-14;21;20
1;2025-11-14;22;26
5;2025-11-14;22;0
7;2025-11-14;22;21
11;2025-11-14;22;28
12;2025-11-14;22;14
17;2025-11-14;22;29
25;2025-11-14;22;31
26;2025-11-14;22;29
28;2025-11-14;22;18
50;2025-11-14;22;32
1;2025-11-14;23;24
5;2025-11-14;23;0
7;2025-11-14;23;19
11;2025-11-14;23;22
12;2025-11-14;23;20
17;2025-11-14;23;26
25;2025-11-14;23;27
26;2025-11-14;23;28
28;2025-11-14;23;30
50;2025-11-14;23;33
1;2025-11-15;0;23
5;2025-11-15;0;0
7;2025-11-15;0;16
11;2025-11-15;0;34
12;2025-11-15;0;20
17;2025-11-15;0;25
25;2025-11-15;0;33
26;2025-11-15;0;35
28;2025-11-15;0;16
50;2025-11-15;0;0
1;2025-11-15;1;34
5;2025-11-15;1;0
7;2025-11-15;1;17
11;2025-11-15;1;17
12;2025-11-15;1;22
17;2025-11-15;1;33
25;2025-11-15;1;33
26;2025-11-15;1;15
28;2025-11-15;1;25
50;2025-11-15;1;0
1;2025-11-15;2;27
5;2025-11-15;2;0
7;2025-11-15;2;17
11;2025-11-15;2;20
12;2025-11-15;2;24
17;2025-11-15;2;26
25;2025-11-15;2;30
26;2025-11-15;2;21
28;2025-11-15;2;26
50;2025-11-15;2;0
1;2025-11-15;3;19
5;2025-11-15;3;0
7;2025-11-15;3;13
11;2025-11-15;3;22
12;2025-11-15;3;14
17;2025-11-15;3;30
25;2025-11-15;3;19
26;2025-11-15;3;33
28;2025-11-15;3;31
50;2025-11-15;3;0
1;2025-11-15;4;21
5;2025-11-15;4;0
7;2025-11-15;4;13
11;2025-11-15;4;19
12;2025-11-15;4;15
17;2025-11-15;4;39
25;2025-11-15;4;27
26;2025-11-15;4;18
28;2025-11-15;4;31
50;2025-11-15;4;0
1;2025-11-15;5;22
5;2025-11-15;5;0
7;2025-11-15;5;11
11;2025-11-15;5;30
12;2025-11-15;5;17
17;2025-11-15;5;21
25;2025-11-15;5;25
26;2025-11-15;5;24
28;2025-11-15;5;20
50;2025-11-15;5;0
1;2025-11-15;6;19
5;2025-11-15;6;0
7;2025-11-15;6;14
11;2025-11-15;6;19
12;2025-11-15;6;25
17;2025-11-15;6;29
25;2025-11-15;6;26
26;2025-11-15;6;11
28;2025-11-15;6;17
50;2025-11-15;6;0
1;2025-11-15;7;26
5;2025-11-15;7;0
7;2025-11-15;7;10
11;2025-11-15;7;24
12;2025-11-15;7;27
17;2025-11-15;7;29
25;2025-11-15;7;28
26;2025-11-15;7;20
28;2025-11-15;7;26
50;2025-11-15;7;0
1;2025-11-15;8;27
5;2025-11-15;8;0
7;2025-11-15;8;18
11;2025-11-15;8;27
12;2025-11-15;8;21
17;2025-11-15;8;26
25;2025-11-15;8;25
26;2025-11-15;8;22
28;2025-11-15;8;29
50;2025-11-15;8;0
1;2025-11-15;9;25
5;2025-11-15;9;0
7;2025-11-15;9;8
11;2025-11-15;9;22
12;2025-11-15;9;22
17;2025-11-15;9;23
25;2025-11-15;9;24
26;2025-11-15;9;25
28;2025-11-15;9;32
50;2025-11-15;9;0
1;2025-11-15;10;28
5;2025-11-15;10;0
7;2025-11-15;10;8
11;2025-11-15;10;17
12;2025-11-15;10;22
17;2025-11-15;10;28
25;2025-11-15;10;24
26;2025-11-15;10;26
28;2025-11-15;10;27
50;2025-11-15;10;0
1;2025-11-15;11;21
5;2025-11-15;11;0
7;2025-11-15;11;16
11;2025-11-15;11;22
12;2025-11-15;11;32
17;2025-11-15;11;23
25;2025-11-15;11;35
26;2025-11-15;11;27
28;2025-11-15;11;28
50;2025-11-15;11;0
1;2025-11-15;12;24
5;2025-11-15;12;0
7;2025-11-15;12;13
11;2025-11-15;12;20
12;2025-11-15;12;25
17;2025-11-15;12;25
25;2025-11-15;12;24
26;2025-11-15;12;30
28;2025-11-15;12;29
50;2025-11-15;12;0
1;2025-11-15;13;21
5;2025-11-15;13;0
7;2025-11-15;13;13
11;2025-11-15;13;21
12;2025-11-15;13;27
17;2025-11-15;13;31
25;2025-11-15;13;30
26;2025-11-15;13;26
28;2025-11-15;13;28
50;2025-11-15;13;0
1;2025-11-15;14;22
5;2025-11-15;14;0
7;2025-11-15;14;11
11;2025-11-15;14;16
12;2025-11-15;14;31
17;2025-11-15;14;23
25;2025-11-15;14;25
26;2025-11-15;14;29
28;2025-11-15;14;25
50;2025-11-15;14;0
1;2025-11-15;15;24
5;2025-11-15;15;0
7;2025-11-15;15;13
11;2025-11-15;15;22
12;2025-11-15;15;30
17;2025-11-15;15;28
25;2025-11-15;15;20
26;2025-11-15;15;25
28;2025-11-15;15;25
50;2025-11-15;15;0
1;2025-11-15;16;26
5;2025-11-15;16;0
7;2025-11-15;16;11
11;2025-11-15;16;31
12;2025-11-15;16;20
17;2025-11-15;16;33
25;2025-11-15;16;31
26;2025-11-15;16;18
28;2025-11-15;16;25
50;2025-11-15;16;0
1;2025-11-15;17;15
5;2025-11-15;17;0
7;2025-11-15;17;10
11;2025-11-15;17;19
12;2025-11-15;17;30
17;2025-11-15;17;30
25;2025-11-15;17;27
26;2025-11-15;17;17
28;2025-11-15;17;35
50;2025-11-15;17;0
1;2025-11-15;18;20
5;2025-11-15;18;0
7;2025-11-15;18;14
11;2025-11-15;18;23
12;2025-11-15;18;24
17;2025-11-15;18;22
25;2025-11-15;18;28
26;2025-11-15;18;27
28;2025-11-15;18;21
50;2025-11-15;18;0
1;2025-11-15;19;26
5;2025-11-15;19;0
7;2025-11-15;19;16
11;2025-11-15;19;32
12;2025-11-15;19;24
17;2025-11-15;19;33
25;2025-11-15;19;31
26;2025-11-15;19;25
28;2025-11-15;19;19
50;2025-11-15;19;0
1;2025-11-15;20;15
5;2025-11-15;20;0
7;2025-11-15;20;15
11;2025-11-15;20;26
12;2025-11-15;20;23
17;2025-11-15;20;30
25;2025-11-15;20;37
26;2025-11-15;20;26
28;2025-11-15;20;23
50;2025-11-15;20;0
1;2025-11-15;21;21
5;2025-11-15;21;0
7;2025-11-15;21;16
11;2025-11-15;21;26
12;2025-11-15;21;26
17;2025-11-15;21;34
25;2025-11-15;21;28
26;2025-11-15;21;28
28;2025-11-15;21;20
50;2025-11-15;21;0
1;2025-11-15;22;21
5;2025-11-15;22;0
7;2025-11-15;22;16
11;2025-11-15;22;27
12;2025-11-15;22;20
17;2025-11-15;22;32
25;2025-11-15;22;25
26;2025-11-15;22;27
28;2025-11-15;22;29
50;2025-11-15;22;0
1;2025-11-15;23;25
5;2025-11-15;23;0
7;2025-11-15;23;11
11;2025-11-15;23;23
12;2025-11-15;23;24
17;2025-11-15;23;31
25;2025-11-15;23;27
26;2025-11-15;23;15
28;2025-11-15;23;29
50;2025-11-15;23;0
1;2025-11-16;0;24
5;2025-11-16;0;0
7;2025-11-16;0;15
11;2025-11-16;0;19
12;2025-11-16;0;23
17;2025-11-16;0;29
25;2025-11-16;0;22
26;2025-11-16;0;20
28;2025-11-16;0;24
50;2025-11-16;0;0
1;2025-11-16;1;22
5;2025-11-16;1;0
7;2025-11-16;1;15
11;2025-11-16;1;22
12;2025-11-16;1;25
17;2025-11-16;1;32
25;2025-11-16;1;28
26;2025-11-16;1;25
28;2025-11-16;1;26
50;2025-11-16;1;0
1;2025-11-16;2;19
5;2025-11-16;2;0
7;2025-11-16;2;19
11;2025-11-16;2;19
12;2025-11-16;2;25
17;2025-11-16;2;42
25;2025-11-16;2;25
26;2025-11-16;2;28
28;2025-11-16;2;22
50;2025-11-16;2;0
1;2025-11-16;3;26
5;2025-11-16;3;0
7;2025-11-16;3;15
11;2025-11-16;3;28
12;2025-11-16;3;24
17;2025-11-16;3;33
25;2025-11-16;3;29
26;2025-11-16;3;25
28;2025-11-16;3;19
50;2025-11-16;3;0
1;2025-11-16;4;24
5;2025-11-16;4;0
7;2025-11-16;4;11
11;2025-11-16;4;29
12;2025-11-16;4;18
17;2025-11-16;4;25
25;2025-11-16;4;27
26;2025-11-16;4;27
28;2025-11-16;4;25
50;2025-11-16;4;0
1;2025-11-16;5;30
5;2025-11-16;5;0
7;2025-11-16;5;15
11;2025-11-16;5;24
12;2025-11-16;5;22
17;2025-11-16;5;34
25;2025-11-16;5;32
26;2025-11-16;5;22
28;2025-11-16;5;27
50;2025-11-16;5;0
1;2025-11-16;6;24
5;2025-11-16;6;0
7;2025-11-16;6;18
11;2025-11-16;6;24
12;2025-11-16;6;20
17;2025-11-16;6;26
25;2025-11-16;6;30
26;2025-11-16;6;35
28;2025-11-16;6;32
50;2025-11-16;6;0
1;2025-11-16;7;28
5;2025-11-16;7;0
7;2025-11-16;7;14
11;2025-11-16;7;21
12;2025-11-16;7;22
17;2025-11-16;7;34
25;2025-11-16;7;27
26;2025-11-16;7;28
28;2025-11-16;7;26
50;2025-11-16;7;0
1;2025-11-16;8;27
5;2025-11-16;8;0
7;2025-11-16;8;17
11;2025-11-16;8;20
12;2025-11-16;8;26
17;2025-11-16;8;34
25;2025-11-16;8;32
26;2025-11-16;8;29
28;2025-11-16;8;26
50;2025-11-16;8;0
1;2025-11-16;9;23
5;2025-11-16;9;0
7;2025-11-16;9;19
11;2025-11-16;9;26
12;2025-11-16;9;28
17;2025-11-16;9;24
25;2025-11-16;9;37
26;2025-11-16;9;18
28;2025-11-16;9;21
50;2025-11-16;9;0
1;2025-11-16;10;26
5;2025-11-16;10;0
7;2025-11-16;10;16
11;2025-11-16;10;24
12;2025-11-16;10;26
17;2025-11-16;10;28
25;2025-11-16;10;30
26;2025-11-16;10;23
28;2025-11-16;10;27
50;2025-11-16;10;0
1;2025-11-16;11;29
5;2025-11-16;11;0
7;2025-11-16;11;12
11;2025-11-16;11;22
12;2025-11-16;11;25
17;2025-11-16;11;31
25;2025-11-16;11;34
26;2025-11-16;11;20
28;2025-11-16;11;28
50;2025-11-16;11;0
1;2025-11-16;12;24
5;2025-11-16;12;0
7;2025-11-16;12;14
11;2025-11-16;12;28
12;2025-11-16;12;24
17;2025-11-16;12;26
25;2025-11-16;12;32
26;2025-11-16;12;26
28;2025-11-16;12;20
50;2025-11-16;12;0
1;2025-11-16;13;28
5;2025-11-16;13;0
7;2025-11-16;13;11
11;2025-11-16;13;27
12;2025-11-16;13;24
17;2025-11-16;13;27
25;2025-11-16;13;24
26;2025-11-16;13;30
28;2025-11-16;13;28
50;2025-11-16;13;0
1;2025-11-16;14;24
5;2025-11-16;14;0
7;2025-11-16;14;18
11;2025-11-16;14;23
12;2025-11-16;14;20
17;2025-11-16;14;29
25;2025-11-16;14;24
26;2025-11-16;14;28
28;2025-11-16;14;24
50;2025-11-16;14;0
1;2025-11-16;15;29
5;2025-11-16;15;0
7;2025-11-16;15;12
11;2025-11-16;15;28
12;2025-11-16;15;22
17;2025-11-16;15;32
25;2025-11-16;15;24
26;2025-11-16;15;26
28;2025-11-16;15;25
50;2025-11-16;15;0
1;2025-11-16;16;24
5;2025-11-16;16;0
7;2025-11-16;16;14
11;2025-11-16;16;24
12;2025-11-16;16;24
17;2025-11-16;16;29
25;2025-11-16;16;26
26;2025-11-16;16;27
28;2025-11-16;16;24
50;2025-11-16;16;0
1;2025-11-16;17;30
5;2025-11-16;17;0
7;2025-11-16;17;19
11;2025-11-16;17;20
12;2025-11-16;17;22
17;2025-11-16;17;32
25;2025-11-16;17;33
26;2025-11-16;17;30
28;2025-11-16;17;23
50;2025-11-16;17;0
1;2025-11-16;18;24
5;2025-11-16;18;0
7;2025-11-16;18;18
11;2025-11-16;18;18
12;2025-11-16;18;26
17;2025-11-16;18;31
25;2025-11-16;18;30
26;2025-11-16;18;22
28;2025-11-16;18;20
50;2025-11-16;18;0
1;2025-11-16;19;29
5;2025-11-16;19;0
7;2025-11-16;19;16
11;2025-11-16;19;20
12;2025-11-16;19;25
17;2025-11-16;19;22
25;2025-11-16;19;31
26;2025-11-16;19;23
28;2025-11-16;19;21
50;2025-11-16;19;0
1;2025-11-16;20;26
5;2025-11-16;20;0
7;2025-11-16;20;17
11;2025-11-16;20;26
12;2025-11-16;20;28
17;2025-11-16;20;23
25;2025-11-16;20;27
26;2025-11-16;20;24
28;2025-11-16;20;28
50;2025-11-16;20;0
1;2025-11-16;21;23
5;2025-11-16;21;0
7;2025-11-16;21;17
11;2025-11-16;21;25
12;2025-11-16;21;24
17;2025-11-16;21;31
25;2025-11-16;21;23
26;2025-11-16;21;26
28;2025-11-16;21;29
50;2025-11-16;21;0
1;2025-11-16;22;16
5;2025-11-16;22;0
7;2025-11-16;22;16
11;2025-11-16;22;16
12;2025-11-16;22;25
17;2025-11-16;22;34
25;2025-11-16;22;28
26;2025-11-16;22;26
28;2025-11-16;22;16
50;2025-11-16;22;0
1;2025-11-16;23;14
5;2025-11-16;23;0
7;2025-11-16;23;14
11;2025-11-16;23;23
12;2025-11-16;23;21
17;2025-11-16;23;30
25;2025-11-16;23;36
26;2025-11-16;23;33
28;2025-11-16;23;31
50;2025-11-16;23;0
1;2025-11-17;0;29
5;2025-11-17;0;0
7;2025-11-17;0;20
11;2025-11-17;0;25
12;2025-11-17;0;27
17;2025-11-17;0;34
25;2025-11-17;0;27
26;2025-11-17;0;22
28;2025-11-17;0;22
50;2025-11-17;0;25
1;2025-11-17;1;20
5;2025-11-17;1;0
7;2025-11-17;1;23
11;2025-11-17;1;25
12;2025-11-17;1;30
17;2025-11-17;1;27
25;2025-11-17;1;27
26;2025-11-17;1;23
28;2025-11-17;1;21
50;2025-11-17;1;27
1;2025-11-17;2;30
5;2025-11-17;2;0
7;2025-11-17;2;22
11;2025-11-17;2;33
12;2025-11-17;2;18
17;2025-11-17;2;23
25;2025-11-17;2;23
26;2025-11-17;2;22
28;2025-11-17;2;25
50;2025-11-17;2;27
1;2025-11-17;3;21
5;2025-11-17;3;0
7;2025-11-17;3;22
11;2025-11-17;3;29
12;2025-11-17;3;29
17;2025-11-17;3;10
25;2025-11-17;3;27
26;2025-11-17;3;27
28;2025-11-17;3;26
50;2025-11-17;3;24
1;2025-11-17;4;26
5;2025-11-17;4;0
7;2025-11-17;4;26
11;2025-11-17;4;17
12;2025-11-17;4;30
17;2025-11-17;4;17
25;2025-11-17;4;26
26;2025-11-17;4;31
28;2025-11-17;4;26
50;2025-11-17;4;21
1;2025-11-17;5;21
5;2025-11-17;5;0
7;2025-11-17;5;27
11;2025-11-17;5;28
12;2025-11-17;5;22
17;2025-11-17;5;25
25;2025-11-17;5;27
26;2025-11-17;5;25
28;2025-11-17;5;34
50;2025-11-17;5;24
1;2025-11-17;6;27
5;2025-11-17;6;0
7;2025-11-17;6;29
11;2025-11-17;6;16
12;2025-11-17;6;22
17;2025-11-17;6;21
25;2025-11-17;6;21
26;2025-11-17;6;22
28;2025-11-17;6;34
50;2025-11-17;6;27
1;2025-11-17;7;28
5;2025-11-17;7;0
7;2025-11-17;7;30
11;2025-11-17;7;24
12;2025-11-17;7;24
17;2025-11-17;7;22
25;2025-11-17;7;32
26;2025-11-17;7;31
28;2025-11-17;7;28
50;2025-11-17;7;25
1;2025-11-17;8;20
5;2025-11-17;8;0
7;2025-11-17;8;23
11;2025-11-17;8;22
12;2025-11-17;8;26
17;2025-11-17;8;26
25;2025-11-17;8;24
26;2025-11-17;8;30
28;2025-11-17;8;30
50;2025-11-17;8;31
1;2025-11-17;9;28
5;2025-11-17;9;0
7;2025-11-17;9;23
11;2025-11-17;9;31
12;2025-11-17;9;19
17;2025-11-17;9;22
25;2025-11-17;9;20
26;2025-11-17;9;33
28;2025-11-17;9;22
50;2025-11-17;9;23
1;2025-11-17;10;31
5;2025-11-17;10;0
7;2025-11-17;10;26
11;2025-11-17;10;20
12;2025-11-17;10;18
17;2025-11-17;10;27
25;2025-11-17;10;33
26;2025-11-17;10;27
28;2025-11-17;10;31
50;2025-11-17;10;27
1;2025-11-17;11;23
5;2025-11-17;11;0
7;2025-11-17;11;31
11;2025-11-17;11;32
12;2025-11-17;11;24
17;2025-11-17;11;28
25;2025-11-17;11;25
26;2025-11-17;11;27
28;2025-11-17;11;24
50;2025-11-17;11;34
1;2025-11-17;12;23
5;2025-11-17;12;0
7;2025-11-17;12;27
11;2025-11-17;12;26
12;2025-11-17;12;31
17;2025-11-17;12;31
25;2025-11-17;12;26
26;2025-11-17;12;25
28;2025-11-17;12;21
50;2025-11-17;12;25
1;2025-11-17;13;21
5;2025-11-17;13;0
7;2025-11-17;13;20
11;2025-11-17;13;28
12;2025-11-17;13;24
17;2025-11-17;13;27
25;2025-11-17;13;21
26;2025-11-17;13;23
28;2025-11-17;13;29
50;2025-11-17;13;29
1;2025-11-17;14;24
5;2025-11-17;14;0
7;2025-11-17;14;20
11;2025-11-17;14;32
12;2025-11-17;14;25
17;2025-11-17;14;21
25;2025-11-17;14;23
26;2025-11-17;14;31
28;2025-11-17;14;23
50;2025-11-17;14;25
1;2025-11-17;15;19
5;2025-11-17;15;0
7;2025-11-17;15;17
11;2025-11-17;15;25
12;2025-11-17;15;24
17;2025-11-17;15;20
25;2025-11-17;15;21
26;2025-11-17;15;21
28;2025-11-17;15;25
50;2025-11-17;15;25
1;2025-11-17;16;31
5;2025-11-17;16;0
7;2025-11-17;16;30
11;2025-11-17;16;25
12;2025-11-17;16;29
17;2025-11-17;16;15
25;2025-11-17;16;26
26;2025-11-17;16;25
28;2025-11-17;16;17
50;2025-11-17;16;22
1;2025-11-17;17;16
5;2025-11-17;17;0
7;2025-11-17;17;19
11;2025-11-17;17;27
12;2025-11-17;17;26
17;2025-11-17;17;26
25;2025-11-17;17;21
26;2025-11-17;17;27
28;2025-11-17;17;29
50;2025-11-17;17;28
1;2025-11-17;18;29
5;2025-11-17;18;0
7;2025-11-17;18;24
11;2025-11-17;18;36
12;2025-11-17;18;26
17;2025-11-17;18;25
25;2025-11-17;18;35
26;2025-11-17;18;26
28;2025-11-17;18;32
50;2025-11-17;18;26
1;2025-11-17;19;30
5;2025-11-17;19;0
7;2025-11-17;19;26
11;2025-11-17;19;23
12;2025-11-17;19;23
17;2025-11-17;19;26
25;2025-11-17;19;32
26;2025-11-17;19;21
28;2025-11-17;19;25
50;2025-11-17;19;27
1;2025-11-17;20;30
5;2025-11-17;20;0
7;2025-11-17;20;18
11;2025-11-17;20;27
12;2025-11-17;20;23
17;2025-11-17;20;34
25;2025-11-17;20;30
26;2025-11-17;20;21
28;2025-11-17;20;26
50;2025-11-17;20;28
1;2025-11-17;21;27
5;2025-11-17;21;0
7;2025-11-17;21;25
11;2025-11-17;21;27
12;2025-11-17;21;31
17;2025-11-17;21;28
25;2025-11-17;21;21
26;2025-11-17;21;26
28;2025-11-17;21;19
50;2025-11-17;21;24
1;2025-11-17;22;22
5;2025-11-17;22;0
7;2025-11-17;22;30
11;2025-11-17;22;27
12;2025-11-17;22;19
17;2025-11-17;22;20
25;2025-11-17;22;21
26;2025-11-17;22;28
28;2025-11-17;22;31
50;2025-11-17;22;25
1;2025-11-17;23;24
5;2025-11-17;23;0
7;2025-11-17;23;30
11;2025-11-17;23;25
12;2025-11-17;23;29
17;2025-11-17;23;25
25;2025-11-17;23;30
26;2025-11-17;23;33
28;2025-11-17;23;29
50;2025-11-17;23;27
1;2025-11-18;0;18
5;2025-11-18;0;0
7;2025-11-18;0;17
11;2025-11-18;0;19
12;2025-11-18;0;20
17;2025-11-18;0;32
25;2025-11-18;0;36
26;2025-11-18;0;22
28;2025-11-18;0;22
50;2025-11-18;0;28
1;2025-11-18;1;26
5;2025-11-18;1;0
7;2025-11-18;1;27
11;2025-11-18;1;19
12;2025-11-18;1;18
17;2025-11-18;1;31
25;2025-11-18;1;22
26;2025-11-18;1;30
28;2025-11-18;1;29
50;2025-11-18;1;29
1;2025-11-18;2;22
5;2025-11-18;2;0
7;2025-11-18;2;23
11;2025-11-18;2;18
12;2025-11-18;2;27
17;2025-11-18;2;25
25;2025-11-18;2;25
26;2025-11-18;2;27
28;2025-11-18;2;22
50;2025-11-18;2;33
1;2025-11-18;3;16
5;2025-11-18;3;0
7;2025-11-18;3;26
11;2025-11-18;3;36
12;2025-11-18;3;22
17;2025-11-18;3;21
25;2025-11-18;3;24
26;2025-11-18;3;28
28;2025-11-18;3;32
50;2025-11-18;3;24
1;2025-11-18;4;31
5;2025-11-18;4;0
7;2025-11-18;4;26
11;2025-11-18;4;27
12;2025-11-18;4;23
17;2025-11-18;4;24
25;2025-11-18;4;34
26;2025-11-18;4;28
28;2025-11-18;4;23
50;2025-11-18;4;28
1;2025-11-18;5;30
5;2025-11-18;5;0
7;2025-11-18;5;25
11;2025-11-18;5;31
12;2025-11-18;5;30
17;2025-11-18;5;25
25;2025-11-18;5;23
26;2025-11-18;5;20
28;2025-11-18;5;32
50;2025-11-18;5;29
1;2025-11-18;6;22
5;2025-11-18;6;0
7;2025-11-18;6;26
11;2025-11-18;6;18
12;2025-11-18;6;26
17;2025-11-18;6;35
25;2025-11-18;6;20
26;2025-11-18;6;30
28;2025-11-18;6;23
50;2025-11-18;6;25
1;2025-11-18;7;18
5;2025-11-18;7;0
7;2025-11-18;7;32
11;2025-11-18;7;29
12;2025-11-18;7;30
17;2025-11-18;7;18
25;2025-11-18;7;25
26;2025-11-18;7;29
28;2025-11-18;7;32
50;2025-11-18;7;23
1;2025-11-18;8;27
5;2025-11-18;8;0
7;2025-11-18;8;21
11;2025-11-18;8;24
12;2025-11-18;8;23
17;2025-11-18;8;28
25;2025-11-18;8;24
26;2025-11-18;8;23
28;2025-11-18;8;29
50;2025-11-18;8;30
1;2025-11-18;9;31
5;2025-11-18;9;0
7;2025-11-18;9;28
11;2025-11-18;9;20
12;2025-11-18;9;28
17;2025-11-18;9;27
25;2025-11-18;9;23
26;2025-11-18;9;27
28;2025-11-18;9;26
50;2025-11-18;9;29
1;2025-11-18;10;23
5;2025-11-18;10;0
7;2025-11-18;10;26
11;2025-11-18;10;23
12;2025-11-18;10;24
17;2025-11-18;10;29
25;2025-11-18;10;35
26;2025-11-18;10;20
28;2025-11-18;10;28
50;2025-11-18;10;16
1;2025-11-18;11;33
5;2025-11-18;11;0
7;2025-11-18;11;25
11;2025-11-18;11;28
12;2025-11-18;11;25
17;2025-11-18;11;27
25;2025-11-18;11;31
26;2025-11-18;11;26
28;2025-11-18;11;22
50;2025-11-18;11;22
1;2025-11-18;12;26
5;2025-11-18;12;0
7;2025-11-18;12;25
11;2025-11-18;12;22
12;2025-11-18;12;28
17;2025-11-18;12;30
25;2025-11-18;12;29
26;2025-11-18;12;22
28;2025-11-18;12;37
50;2025-11-18;12;34
1;2025-11-18;13;29
5;2025-11-18;13;0
7;2025-11-18;13;23
11;2025-11-18;13;30
12;2025-11-18;13;31
17;2025-11-18;13;22
25;2025-11-18;13;23
26;2025-11-18;13;24
28;2025-11-18;13;22
50;2025-11-18;13;32
1;2025-11-18;14;25
5;2025-11-18;14;0
7;2025-11-18;14;21
11;2025-11-18;14;32
12;2025-11-18;14;26
17;2025-11-18;14;24
25;2025-11-18;14;23
26;2025-11-18;14;21
28;2025-11-18;14;25
50;2025-11-18;14;26
1;2025-11-18;15;22
5;2025-11-18;15;0
7;2025-11-18;15;25
11;2025-11-18;15;24
12;2025-11-18;15;27
17;2025-11-18;15;27
25;2025-11-18;15;32
26;2025-11-18;15;26
28;2025-11-18;15;24
50;2025-11-18;15;28
1;2025-11-18;16;27
5;2025-11-18;16;0
7;2025-11-18;16;32
11;2025-11-18;16;28
12;2025-11-18;16;23
17;2025-11-18;16;29
25;2025-11-18;16;33
26;2025-11-18;16;27
28;2025-11-18;16;23
50;2025-11-18;16;23
1;2025-11-18;17;26
5;2025-11-18;17;0
7;2025-11-18;17;26
11;2025-11-18;17;17
12;2025-11-18;17;29
17;2025-11-18;17;30
25;2025-11-18;17;17
26;2025-11-18;17;22
28;2025-11-18;17;25
50;2025-11-18;17;24
1;2025-11-18;18;22
5;2025-11-18;18;0
7;2025-11-18;18;27
11;2025-11-18;18;17
12;2025-11-18;18;19
17;2025-11-18;18;26
25;2025-11-18;18;32
26;2025-11-18;18;34
28;2025-11-18;18;20
50;2025-11-18;18;20
1;2025-11-18;19;27
5;2025-11-18;19;0
7;2025-11-18;19;28
11;2025-11-18;19;23
12;2025-11-18;19;27
17;2025-11-18;19;30
25;2025-11-18;19;24
26;2025-11-18;19;22
28;2025-11-18;19;29
50;2025-11-18;19;22
1;2025-11-18;20;26
5;2025-11-18;20;0
7;2025-11-18;20;18
11;2025-11-18;20;31
12;2025-11-18;20;20
17;2025-11-18;20;18
25;2025-11-18;20;31
26;2025-11-18;20;21
28;2025-11-18;20;23
50;2025-11-18;20;20
1;2025-11-18;21;31
5;2025-11-18;21;0
7;2025-11-18;21;17
11;2025-11-18;21;31
12;2025-11-18;21;29
17;2025-11-18;21;29
25;2025-11-18;21;18
26;2025-11-18;21;20
28;2025-11-18;21;25
50;2025-11-18;21;24
1;2025-11-18;22;24
5;2025-11-18;22;0
7;2025-11-18;22;25
11;2025-11-18;22;25
12;2025-11-18;22;24
17;2025-11-18;22;22
25;2025-11-18;22;27
26;2025-11-18;22;22
28;2025-11-18;22;31
50;2025-11-18;22;26
1;2025-11-18;23;25
5;2025-11-18;23;0
7;2025-11-18;23;16
11;2025-11-18;23;24
12;2025-11-18;23;34
17;2025-11-18;23;24
25;2025-11-18;23;29
26;2025-11-18;23;23
28;2025-11-18;23;20
50;2025-11-18;23;29
1;2025-11-19;0;22
5;2025-11-19;0;0
7;2025-11-19;0;32
11;2025-11-19;0;26
12;2025-11-19;0;33
17;2025-11-19;0;23
25;2025-11-19;0;20
26;2025-11-19;0;32
28;2025-11-19;0;26
50;2025-11-19;0;29
1;2025-11-19;1;29
5;2025-11-19;1;0
7;2025-11-19;1;19
11;2025-11-19;1;21
12;2025-11-19;1;22
17;2025-11-19;1;22
25;2025-11-19;1;37
26;2025-11-19;1;27
28;2025-11-19;1;16
50;2025-11-19;1;20
1;2025-11-19;2;27
5;2025-11-19;2;0
7;2025-11-19;2;26
11;2025-11-19;2;24
12;2025-11-19;2;27
17;2025-11-19;2;29
25;2025-11-19;2;23
26;2025-11-19;2;25
28;2025-11-19;2;29
50;2025-11-19;2;23
1;2025-11-19;3;24
5;2025-11-19;3;0
7;2025-11-19;3;31
11;2025-11-19;3;25
12;2025-11-19;3;25
17;2025-11-19;3;21
25;2025-11-19;3;21
26;2025-11-19;3;28
28;2025-11-19;3;22
50;2025-11-19;3;18
1;2025-11-19;4;24
5;2025-11-19;4;0
7;2025-11-19;4;27
11;2025-11-19;4;28
12;2025-11-19;4;24
17;2025-11-19;4;27
25;2025-11-19;4;24
26;2025-11-19;4;27
28;2025-11-19;4;24
50;2025-11-19;4;21
1;2025-11-19;5;27
5;2025-11-19;5;0
7;2025-11-19;5;25
11;2025-11-19;5;23
12;2025-11-19;5;23
17;2025-11-19;5;25
25;2025-11-19;5;32
26;2025-11-19;5;30
28;2025-11-19;5;29
50;2025-11-19;5;27
1;2025-11-19;6;25
5;2025-11-19;6;0
7;2025-11-19;6;29
11;2025-11-19;6;18
12;2025-11-19;6;23
17;2025-11-19;6;32
25;2025-11-19;6;26
26;2025-11-19;6;21
28;2025-11-19;6;30
50;2025-11-19;6;26
1;2025-11-19;7;21
5;2025-11-19;7;0
7;2025-11-19;7;28
11;2025-11-19;7;33
12;2025-11-19;7;19
17;2025-11-19;7;31
25;2025-11-19;7;19
26;2025-11-19;7;23
28;2025-11-19;7;33
50;2025-11-19;7;25
1;2025-11-19;8;24
5;2025-11-19;8;0
7;2025-11-19;8;24
11;2025-11-19;8;25
12;2025-11-19;8;30
17;2025-11-19;8;29
25;2025-11-19;8;22
26;2025-11-19;8;30
28;2025-11-19;8;24
50;2025-11-19;8;27
1;2025-11-19;9;33
5;2025-11-19;9;0
7;2025-11-19;9;25
11;2025-11-19;9;26
12;2025-11-19;9;22
17;2025-11-19;9;29
25;2025-11-19;9;26
26;2025-11-19;9;37
28;2025-11-19;9;16
50;2025-11-19;9;26
1;2025-11-19;10;31
5;2025-11-19;10;0
7;2025-11-19;10;26
11;2025-11-19;10;24
12;2025-11-19;10;26
17;2025-11-19;10;29
25;2025-11-19;10;29
26;2025-11-19;10;31
28;2025-11-19;10;30
50;2025-11-19;10;24
1;2025-11-19;11;22
5;2025-11-19;11;0
7;2025-11-19;11;20
11;2025-11-19;11;23
12;2025-11-19;11;29
17;2025-11-19;11;24
25;2025-11-19;11;34
26;2025-11-19;11;20
28;2025-11-19;11;24
50;2025-11-19;11;27
1;2025-11-19;12;34
5;2025-11-19;12;0
7;2025-11-19;12;30
11;2025-11-19;12;34
12;2025-11-19;12;27
17;2025-11-19;12;26
25;2025-11-19;12;27
26;2025-11-19;12;24
28;2025-11-19;12;20
50;2025-11-19;12;23
1;2025-11-19;13;23
5;2025-11-19;13;0
7;2025-11-19;13;28
11;2025-11-19;13;25
12;2025-11-19;13;30
17;2025-11-19;13;28
25;2025-11-19;13;21
26;2025-11-19;13;28
28;2025-11-19;13;22
50;2025-11-19;13;27
1;2025-11-19;14;32
5;2025-11-19;14;0
7;2025-11-19;14;19
11;2025-11-19;14;26
12;2025-11-19;14;28
17;2025-11-19;14;24
25;2025-11-19;14;25
26;2025-11-19;14;28
28;2025-11-19;14;26
50;2025-11-19;14;22
1;2025-11-19;15;26
5;2025-11-19;15;0
7;2025-11-19;15;24
11;2025-11-19;15;32
12;2025-11-19;15;25
17;2025-11-19;15;26
25;2025-11-19;15;25
26;2025-11-19;15;27
28;2025-11-19;15;15
50;2025-11-19;15;22
1;2025-11-19;16;32
5;2025-11-19;16;0
7;2025-11-19;16;26
11;2025-11-19;16;24
12;2025-11-19;16;25
17;2025-11-19;16;25
25;2025-11-19;16;33
26;2025-11-19;16;32
28;2025-11-19;16;27
50;2025-11-19;16;26
1;2025-11-19;17;27
5;2025-11-19;17;0
7;2025-11-19;17;15
11;2025-11-19;17;18
12;2025-11-19;17;30
17;2025-11-19;17;24
25;2025-11-19;17;25
26;2025-11-19;17;36
28;2025-11-19;17;23
50;2025-11-19;17;30
1;2025-11-19;18;30
5;2025-11-19;18;0
7;2025-11-19;18;20
11;2025-11-19;18;26
12;2025-11-19;18;23
17;2025-11-19;18;30
25;2025-11-19;18;27
26;2025-11-19;18;19
28;2025-11-19;18;29
50;2025-11-19;18;26
1;2025-11-19;19;29
5;2025-11-19;19;0
7;2025-11-19;19;23
11;2025-11-19;19;30
12;2025-11-19;19;28
17;2025-11-19;19;30
25;2025-11-19;19;27
26;2025-11-19;19;23
28;2025-11-19;19;19
50;2025-11-19;19;29
1;2025-11-19;20;28
5;2025-11-19;20;0
7;2025-11-19;20;32
11;2025-11-19;20;28
12;2025-11-19;20;19
17;2025-11-19;20;30
25;2025-11-19;20;31
26;2025-11-19;20;26
28;2025-11-19;20;28
50;2025-11-19;20;21
1;2025-11-19;21;26
5;2025-11-19;21;0
7;2025-11-19;21;28
11;2025-11-19;21;32
12;2025-11-19;21;19
17;2025-11-19;21;23
25;2025-11-19;21;26
26;2025-11-19;21;19
28;2025-11-19;21;26
50;2025-11-19;21;28
1;2025-11-19;22;25
5;2025-11-19;22;0
7;2025-11-19;22;25
11;2025-11-19;22;30
12;2025-11-19;22;31
17;2025-11-19;22;24
25;2025-11-19;22;28
26;2025-11-19;22;28
28;2025-11-19;22;24
50;2025-11-19;22;25
1;2025-11-19;23;29
5;2025-11-19;23;0
7;2025-11-19;23;25
11;2025-11-19;23;21
12;2025-11-19;23;26
17;2025-11-19;23;27
25;2025-11-19;23;26
26;2025-11-19;23;29
28;2025-11-19;23;14
50;2025-11-19;23;31
1;2025-11-20;0;33
5;2025-11-20;0;0
7;2025-11-20;0;15
11;2025-11-20;0;33
12;2025-11-20;0;25
17;2025-11-20;0;24
25;2025-11-20;0;23
26;2025-11-20;0;31
28;2025-11-20;0;24
50;2025-11-20;0;21
1;2025-11-20;1;18
5;2025-11-20;1;0
7;2025-11-20;1;25
11;2025-11-20;1;25
12;2025-11-20;1;16
17;2025-11-20;1;31
25;2025-11-20;1;21
26;2025-11-20;1;27
28;2025-11-20;1;24
50;2025-11-20;1;31
1;2025-11-20;2;25
5;2025-11-20;2;0
7;2025-11-20;2;25
11;2025-11-20;2;26
12;2025-11-20;2;30
17;2025-11-20;2;31
25;2025-11-20;2;28
26;2025-11-20;2;31
28;2025-11-20;2;26
50;2025-11-20;2;27
1;2025-11-20;3;34
5;2025-11-20;3;0
7;2025-11-20;3;19
11;2025-11-20;3;28
12;2025-11-20;3;29
17;2025-11-20;3;21
25;2025-11-20;3;25
26;2025-11-20;3;31
28;2025-11-20;3;24
50;2025-11-20;3;24
1;2025-11-20;4;22
5;2025-11-20;4;0
7;2025-11-20;4;25
11;2025-11-20;4;35
12;2025-11-20;4;18
17;2025-11-20;4;23
25;2025-11-20;4;22
26;2025-11-20;4;23
28;2025-11-20;4;23
50;2025-11-20;4;25
1;2025-11-20;5;24
5;2025-11-20;5;0
7;2025-11-20;5;26
11;2025-11-20;5;25
12;2025-11-20;5;29
17;2025-11-20;5;26
25;2025-11-20;5;27
26;2025-11-20;5;24
28;2025-11-20;5;28
50;2025-11-20;5;22
1;2025-11-20;6;31
5;2025-11-20;6;0
7;2025-11-20;6;33
11;2025-11-20;6;26
12;2025-11-20;6;31
17;2025-11-20;6;18
25;2025-11-20;6;23
26;2025-11-20;6;20
28;2025-11-20;6;25
50;2025-11-20;6;28
1;2025-11-20;7;27
5;2025-11-20;7;0
7;2025-11-20;7;18
11;2025-11-20;7;34
12;2025-11-20;7;35
17;2025-11-20;7;26
25;2025-11-20;7;26
26;2025-11-20;7;23
28;2025-11-20;7;20
50;2025-11-20;7;20
1;2025-11-20;8;25
5;2025-11-20;8;0
7;2025-11-20;8;21
11;2025-11-20;8;32
12;2025-11-20;8;31
17;2025-11-20;8;17
25;2025-11-20;8;18
26;2025-11-20;8;32
28;2025-11-20;8;19
50;2025-11-20;8;23
1;2025-11-20;9;25
5;2025-11-20;9;0
7;2025-11-20;9;23
11;2025-11-20;9;28
12;2025-11-20;9;23
17;2025-11-20;9;20
25;2025-11-20;9;22
26;2025-11-20;9;28
28;2025-11-20;9;20
50;2025-11-20;9;29
1;2025-11-20;10;27
5;2025-11-20;10;0
7;2025-11-20;10;27
11;2025-11-20;10;17
12;2025-11-20;10;24
17;2025-11-20;10;30
25;2025-11-20;10;26
26;2025-11-20;10;22
28;2025-11-20;10;23
50;2025-11-20;10;29
1;2025-11-20;11;22
5;2025-11-20;11;0
7;2025-11-20;11;27
11;2025-11-20;11;26
12;2025-11-20;11;32
17;2025-11-20;11;28
25;2025-11-20;11;24
26;2025-11-20;11;24
28;2025-11-20;11;27
50;2025-11-20;11;35
1;2025-11-20;12;32
5;2025-11-20;12;0
7;2025-11-20;12;34
11;2025-11-20;12;31
12;2025-11-20;12;20
17;2025-11-20;12;28
25;2025-11-20;12;25
26;2025-11-20;12;27
28;2025-11-20;12;28
50;2025-11-20;12;22
1;2025-11-20;13;24
5;2025-11-20;13;0
7;2025-11-20;13;22
11;2025-11-20;13;21
12;2025-11-20;13;27
17;2025-11-20;13;22
25;2025-11-20;13;8
26;2025-11-20;13;23
28;2025-11-20;13;20
50;2025-11-20;13;31
1;2025-11-20;14;24
5;2025-11-20;14;0
7;2025-11-20;14;30
11;2025-11-20;14;23
12;2025-11-20;14;21
17;2025-11-20;14;33
25;2025-11-20;14;26
26;2025-11-20;14;22
28;2025-11-20;14;25
50;2025-11-20;14;30
1;2025-11-20;15;30
5;2025-11-20;15;0
7;2025-11-20;15;29
11;2025-11-20;15;32
12;2025-11-20;15;19
17;2025-11-20;15;20
25;2025-11-20;15;23
26;2025-11-20;15;26
28;2025-11-20;15;33
50;2025-11-20;15;27
1;2025-11-20;16;35
5;2025-11-20;16;0
7;2025-11-20;16;25
11;2025-11-20;16;23
12;2025-11-20;16;28
17;2025-11-20;16;22
25;2025-11-20;16;28
26;2025-11-20;16;19
28;2025-11-20;16;25
50;2025-11-20;16;29
1;2025-11-20;17;27
5;2025-11-20;17;0
7;2025-11-20;17;27
11;2025-11-20;17;28
12;2025-11-20;17;27
17;2025-11-20;17;32
25;2025-11-20;17;22
26;2025-11-20;17;24
28;2025-11-20;17;25
50;2025-11-20;17;31
1;2025-11-20;18;17
5;2025-11-20;18;0
7;2025-11-20;18;30
11;2025-11-20;18;19
12;2025-11-20;18;23
17;2025-11-20;18;20
25;2025-11-20;18;25
26;2025-11-20;18;27
28;2025-11-20;18;29
50;2025-11-20;18;25
1;2025-11-20;19;29
5;2025-11-20;19;0
7;2025-11-20;19;23
11;2025-11-20;19;24
12;2025-11-20;19;19
17;2025-11-20;19;25
25;2025-11-20;19;29
26;2025-11-20;19;17
28;2025-11-20;19;29
50;2025-11-20;19;19
1;2025-11-20;20;27
5;2025-11-20;20;0
7;2025-11-20;20;36
11;2025-11-20;20;29
12;2025-11-20;20;25
17;2025-11-20;20;24
25;2025-11-20;20;24
26;2025-11-20;20;24
28;2025-11-20;20;27
50;2025-11-20;20;31
1;2025-11-20;21;22
5;2025-11-20;21;0
7;2025-11-20;21;24
11;2025-11-20;21;25
12;2025-11-20;21;30
17;2025-11-20;21;18
25;2025-11-20;21;18
26;2025-11-20;21;34
28;2025-11-20;21;23
50;2025-11-20;21;19
1;2025-11-20;22;26
5;2025-11-20;22;0
7;2025-11-20;22;33
11;2025-11-20;22;27
12;2025-11-20;22;20
17;2025-11-20;22;29
25;2025-11-20;22;29
26;2025-11-20;22;24
28;2025-11-20;22;31
50;2025-11-20;22;30
1;2025-11-20;23;24
5;2025-11-20;23;0
7;2025-11-20;23;32
11;2025-11-20;23;22
12;2025-11-20;23;31
17;2025-11-20;23;26
25;2025-11-20;23;29
26;2025-11-20;23;20
28;2025-11-20;23;33
50;2025-11-20;23;20
1;2025-11-21;0;31
5;2025-11-21;0;0
7;2025-11-21;0;11
11;2025-11-21;0;26
12;2025-11-21;0;23
17;2025-11-21;0;24
25;2025-11-21;0;16
26;2025-11-21;0;29
28;2025-11-21;0;22
50;2025-11-21;0;25
1;2025-11-21;1;24
5;2025-11-21;1;0
7;2025-11-21;1;15
11;2025-11-21;1;24
12;2025-11-21;1;24
17;2025-11-21;1;25
25;2025-11-21;1;30
26;2025-11-21;1;22
28;2025-11-21;1;38
50;2025-11-21;1;32
1;2025-11-21;2;34
5;2025-11-21;2;0
7;2025-11-21;2;30
11;2025-11-21;2;27
12;2025-11-21;2;28
17;2025-11-21;2;21
25;2025-11-21;2;25
26;2025-11-21;2;27
28;2025-11-21;2;17
50;2025-11-21;2;32
1;2025-11-21;3;30
5;2025-11-21;3;0
7;2025-11-21;3;27
11;2025-11-21;3;29
12;2025-11-21;3;31
17;2025-11-21;3;30
25;2025-11-21;3;27
26;2025-11-21;3;20
28;2025-11-21;3;27
50;2025-11-21;3;30
1;2025-11-21;4;28
5;2025-11-21;4;0
7;2025-11-21;4;24
11;2025-11-21;4;18
12;2025-11-21;4;26
17;2025-11-21;4;33
25;2025-11-21;4;31
26;2025-11-21;4;24
28;2025-11-21;4;33
50;2025-11-21;4;27
1;2025-11-21;5;24
5;2025-11-21;5;0
7;2025-11-21;5;26
11;2025-11-21;5;33
12;2025-11-21;5;23
17;2025-11-21;5;33
25;2025-11-21;5;28
26;2025-11-21;5;22
28;2025-11-21;5;29
50;2025-11-21;5;33
1;2025-11-21;6;19
5;2025-11-21;6;0
7;2025-11-21;6;22
11;2025-11-21;6;34
12;2025-11-21;6;12
17;2025-11-21;6;27
25;2025-11-21;6;26
26;2025-11-21;6;25
28;2025-11-21;6;24
50;2025-11-21;6;21
1;2025-11-21;7;23
5;2025-11-21;7;0
7;2025-11-21;7;24
11;2025-11-21;7;33
12;2025-11-21;7;28
17;2025-11-21;7;29
25;2025-11-21;7;28
26;2025-11-21;7;23
28;2025-11-21;7;22
50;2025-11-21;7;20
1;2025-11-21;8;29
5;2025-11-21;8;0
7;2025-11-21;8;31
11;2025-11-21;8;19
12;2025-11-21;8;21
17;2025-11-21;8;18
25;2025-11-21;8;27
26;2025-11-21;8;13
28;2025-11-21;8;22
50;2025-11-21;8;17
1;2025-11-21;9;24
5;2025-11-21;9;0
7;2025-11-21;9;24
11;2025-11-21;9;24
12;2025-11-21;9;26
17;2025-11-21;9;27
25;2025-11-21;9;28
26;2025-11-21;9;26
28;2025-11-21;9;25
50;2025-11-21;9;26
1;2025-11-21;10;23
5;2025-11-21;10;0
7;2025-11-21;10;19
11;2025-11-21;10;18
12;2025-11-21;10;23
17;2025-11-21;10;32
25;2025-11-21;10;20
26;2025-11-21;10;22
28;2025-11-21;10;21
50;2025-11-21;10;23
1;2025-11-21;11;20
5;2025-11-21;11;0
7;2025-11-21;11;31
11;2025-11-21;11;21
12;2025-11-21;11;35
17;2025-11-21;11;28
25;2025-11-21;11;16
26;2025-11-21;11;20
28;2025-11-21;11;24
50;2025-11-21;11;23
1;2025-11-21;12;19
5;2025-11-21;12;0
7;2025-11-21;12;22
11;2025-11-21;12;23
12;2025-11-21;12;20
17;2025-11-21;12;33
25;2025-11-21;12;28
26;2025-11-21;12;28
28;2025-11-21;12;21
50;2025-11-21;12;38
1;2025-11-21;13;20
5;2025-11-21;13;0
7;2025-11-21;13;30
11;2025-11-21;13;20
12;2025-11-21;13;25
17;2025-11-21;13;29
25;2025-11-21;13;25
26;2025-11-21;13;31
28;2025-11-21;13;23
50;2025-11-21;13;28
1;2025-11-21;14;22
5;2025-11-21;14;0
7;2025-11-21;14;24
11;2025-11-21;14;27
12;2025-11-21;14;19
17;2025-11-21;14;22
25;2025-11-21;14;23
26;2025-11-21;14;30
28;2025-11-21;14;24
50;2025-11-21;14;17
1;2025-11-21;15;29
5;2025-11-21;15;0
7;2025-11-21;15;23
11;2025-11-21;15;18
12;2025-11-21;15;31
17;2025-11-21;15;23
25;2025-11-21;15;21
26;2025-11-21;15;22
28;2025-11-21;15;21
50;2025-11-21;15;33
1;2025-11-21;16;23
5;2025-11-21;16;0
7;2025-11-21;16;21
11;2025-11-21;16;25
12;2025-11-21;16;28
17;2025-11-21;16;18
25;2025-11-21;16;22
26;2025-11-21;16;27
28;2025-11-21;16;24
50;2025-11-21;16;17
1;2025-11-21;17;19
5;2025-11-21;17;0
7;2025-11-21;17;25
11;2025-11-21;17;32
12;2025-11-21;17;31
17;2025-11-21;17;29
25;2025-11-21;17;27
26;2025-11-21;17;28
28;2025-11-21;17;19
50;2025-11-21;17;18
1;2025-11-21;18;27
5;2025-11-21;18;0
7;2025-11-21;18;25
11;2025-11-21;18;29
12;2025-11-21;18;30
17;2025-11-21;18;23
25;2025-11-21;18;21
26;2025-11-21;18;24
28;2025-11-21;18;34
50;2025-11-21;18;34
1;2025-11-21;19;24
5;2025-11-21;19;0
7;2025-11-21;19;28
11;2025-11-21;19;30
12;2025-11-21;19;24
17;2025-11-21;19;28
25;2025-11-21;19;25
26;2025-11-21;19;25
28;2025-11-21;19;20
50;2025-11-21;19;22
1;2025-11-21;20;19
5;2025-11-21;20;0
7;2025-11-21;20;31
11;2025-11-21;20;25
12;2025-11-21;20;22
17;2025-11-21;20;29
25;2025-11-21;20;22
26;2025-11-21;20;35
28;2025-11-21;20;20
50;2025-11-21;20;34
1;2025-11-21;21;28
5;2025-11-21;21;0
7;2025-11-21;21;24
11;2025-11-21;21;23
12;2025-11-21;21;24
17;2025-11-21;21;22
25;2025-11-21;21;31
26;2025-11-21;21;30
28;2025-11-21;21;29
50;2025-11-21;21;20
1;2025-11-21;22;26
5;2025-11-21;22;0
7;2025-11-21;22;21
11;2025-11-21;22;28
12;2025-11-21;22;14
17;2025-11-21;22;29
25;2025-11-21;22;31
26;2025-11-21;22;29
28;2025-11-21;22;18
50;2025-11-21;22;32
1;2025-11-21;23;24
5;2025-11-21;23;0
7;2025-11-21;23;19
11;2025-11-21;23;22
12;2025-11-21;23;20
17;2025-11-21;23;26
25;2025-11-21;23;27
26;2025-11-21;23;28
28;2025-11-21;23;30
50;2025-11-21;23;33
1;2025-11-22;0;23
5;2025-11-22;0;0
7;2025-11-22;0;16
11;2025-11-22;0;34
12;2025-11-22;0;20
17;2025-11-22;0;25
25;2025-11-22;0;33
26;2025-11-22;0;35
28;2025-11-22;0;16
50;2025-11-22;0;0
1;2025-11-22;1;34
5;2025-11-22;1;0
7;2025-11-22;1;17
11;2025-11-22;1;17
12;2025-11-22;1;22
17;2025-11-22;1;33
25;2025-11-22;1;33
26;2025-11-22;1;15
28;2025-11-22;1;25
50;2025-11-22;1;0
1;2025-11-22;2;27
5;2025-11-22;2;0
7;2025-11-22;2;17
11;2025-11-22;2;20
12;2025-11-22;2;24
17;2025-11-22;2;26
25;2025-11-22;2;30
26;2025-11-22;2;21
28;2025-11-22;2;26
50;2025-11-22;2;0
1;2025-11-22;3;19
5;2025-11-22;3;0
7;2025-11-22;3;13
11;2025-11-22;3;22
12;2025-11-22;3;14
17;2025-11-22;3;30
25;2025-11-22;3;19
26;2025-11-22;3;33
28;2025-11-22;3;31
50;2025-11-22;3;0
1;2025-11-22;4;21
5;2025-11-22;4;0
7;2025-11-22;4;13
11;2025-11-22;4;19
12;2025-11-22;4;15
17;2025-11-22;4;39
25;2025-11-22;4;27
26;2025-11-22;4;18
28;2025-11-22;4;31
50;2025-11-22;4;0
1;2025-11-22;5;22
5;2025-11-22;5;0
7;2025-11-22;5;11
11;2025-11-22;5;30
12;2025-11-22;5;17
17;2025-11-22;5;21
25;2025-11-22;5;25
26;2025-11-22;5;24
28;2025-11-22;5;20
50;2025-11-22;5;0
1;2025-11-22;6;19
5;2025-11-22;6;0
7;2025-11-22;6;14
11;2025-11-22;6;19
12;2025-11-22;6;25
17;2025-11-22;6;29
25;2025-11-22;6;26
26;2025-11-22;6;11
28;2025-11-22;6;17
50;2025-11-22;6;0
1;2025-11-22;7;26
5;2025-11-22;7;0
7;2025-11-22;7;10
11;2025-11-22;7;24
12;2025-11-22;7;27
17;2025-11-22;7;29
25;2025-11-22;7;28
26;2025-11-22;7;20
28;2025-11-22;7;26
50;2025-11-22;7;0
1;2025-11-22;8;27
5;2025-11-22;8;0
7;2025-11-22;8;18
11;2025-11-22;8;27
12;2025-11-22;8;21
17;2025-11-22;8;26
25;2025-11-22;8;25
26;2025-11-22;8;22
28;2025-11-22;8;29
50;2025-11-22;8;0
1;2025-11-22;9;25
5;2025-11-22;9;0
7;2025-11-22;9;8
11;2025-11-22;9;22
12;2025-11-22;9;22
17;2025-11-22;9;23
25;2025-11-22;9;24
26;2025-11-22;9;25
28;2025-11-22;9;32
50;2025-11-22;9;0
1;2025-11-22;10;28
5;2025-11-22;10;0
7;2025-11-22;10;8
11;2025-11-22;10;17
12;2025-11-22;10;22
17;2025-11-22;10;28
25;2025-11-22;10;24
26;2025-11-22;10;26
28;2025-11-22;10;27
50;2025-11-22;10;0
1;2025-11-22;11;21
5;2025-11-22;11;0
7;2025-11-22;11;16
11;2025-11-22;11;22
12;2025-11-22;11;32
17;2025-11-22;11;23
25;2025-11-22;11;35
26;2025-11-22;11;27
28;2025-11-22;11;28
50;2025-11-22;11;0
1;2025-11-22;12;24
5;2025-11-22;12;0
7;2025-11-22;12;13
11;2025-11-22;12;20
12;2025-11-22;12;25
17;2025-11-22;12;25
25;2025-11-22;12;24
26;2025-11-22;12;30
28;2025-11-22;12;29
50;2025-11-22;12;0
1;2025-11-22;13;21
5;2025-11-22;13;0
7;2025-11-22;13;13
11;2025-11-22;13;21
12;2025-11-22;13;27
17;2025-11-22;13;31
25;2025-11-22;13;30
26;2025-11-22;13;26
28;2025-11-22;13;28
50;2025-11-22;13;0
1;2025-11-22;14;22
5;2025-11-22;14;0
7;2025-11-22;14;11
11;2025-11-22;14;16
12;2025-11-22;14;31
17;2025-11-22;14;23
25;2025-11-22;14;25
26;2025-11-22;14;29
28;2025-11-22;14;25
50;2025-11-22;14;0
1;2025-11-22;15;24
5;2025-11-22;15;0
7;2025-11-22;15;13
11;2025-11-22;15;22
12;2025-11-22;15;30
17;2025-11-22;15;28
25;2025-11-22;15;20
26;2025-11-22;15;25
28;2025-11-22;15;25
50;2025-11-22;15;0
1;2025-11-22;16;26
5;2025-11-22;16;0
7;2025-11-22;16;11
11;2025-11-22;16;31
12;2025-11-22;16;20
17;2025-11-22;16;33
25;2025-11-22;16;31
26;2025-11-22;16;18
28;2025-11-22;16;25
50;2025-11-22;16;0
1;2025-11-22;17;15
5;2025-11-22;17;0
7;2025-11-22;17;10
11;2025-11-22;17;19
12;2025-11-22;17;30
17;2025-11-22;17;30
25;2025-11-22;17;27
26;2025-11-22;17;17
28;2025-11-22;17;35
50;2025-11-22;17;0
1;2025-11-22;18;20
5;2025-11-22;18;0
7;2025-11-22;18;14
11;2025-11-22;18;23
12;2025-11-22;18;24
17;2025-11-22;18;22
25;2025-11-22;18;28
26;2025-11-22;18;27
28;2025-11-22;18;21
50;2025-11-22;18;0
1;2025-11-22;19;26
5;2025-11-22;19;0
7;2025-11-22;19;16
11;2025-11-22;19;32
12;2025-11-22;19;24
17;2025-11-22;19;33
25;2025-11-22;19;31
26;2025-11-22;19;25
28;2025-11-22;19;19
50;2025-11-22;19;0
1;2025-11-22;20;15
5;2025-11-22;20;0
7;2025-11-22;20;15
11;2025-11-22;20;26
12;2025-11-22;20;23
17;2025-11-22;20;30
25;2025-11-22;20;37
26;2025-11-22;20;26
28;2025-11-22;20;23
50;2025-11-22;20;0
1;2025-11-22;21;21
5;2025-11-22;21;0
7;2025-11-22;21;16
11;2025-11-22;21;26
12;2025-11-22;21;26
17;2025-11-22;21;34
25;2025-11-22;21;28
26;2025-11-22;21;28
28;2025-11-22;21;20
50;2025-11-22;21;0
1;2025-11-22;22;21
5;2025-11-22;22;0
7;2025-11-22;22;16
11;2025-11-22;22;27
12;2025-11-22;22;20
17;2025-11-22;22;32
25;2025-11-22;22;25
26;2025-11-22;22;27
28;2025-11-22;22;29
50;2025-11-22;22;0
1;2025-11-22;23;25
5;2025-11-22;23;0
7;2025-11-22;23;11
11;2025-11-22;23;23
12;2025-11-22;23;24
17;2025-11-22;23;31
25;2025-11-22;23;27
26;2025-11-22;23;15
28;2025-11-22;23;29
50;2025-11-22;23;0
1;2025-11-23;0;24
5;2025-11-23;0;0
7;2025-11-23;0;15
11;2025-11-23;0;19
12;2025-11-23;0;23
17;2025-11-23;0;29
25;2025-11-23;0;22
26;2025-11-23;0;20
28;2025-11-23;0;24
50;2025-11-23;0;0
1;2025-11-23;1;22
5;2025-11-23;1;0
7;2025-11-23;1;15
11;2025-11-23;1;22
12;2025-11-23;1;25
17;2025-11-23;1;32
25;2025-11-23;1;28
26;2025-11-23;1;25
28;2025-11-23;1;26
50;2025-11-23;1;0
1;2025-11-23;2;19
5;2025-11-23;2;0
7;2025-11-23;2;19
11;2025-11-23;2;19
12;2025-11-23;2;25
17;2025-11-23;2;42
25;2025-11-23;2;25
26;2025-11-23;2;28
28;2025-11-23;2;22
50;2025-11-23;2;0
1;2025-11-23;3;26
5;2025-11-23;3;0
7;2025-11-23;3;15
11;2025-11-23;3;28
12;2025-11-23;3;24
17;2025-11-23;3;33
25;2025-11-23;3;29
26;2025-11-23;3;25
28;2025-11-23;3;19
50;2025-11-23;3;0
1;2025-11-23;4;24
5;2025-11-23;4;0
7;2025-11-23;4;11
11;2025-11-23;4;29
12;2025-11-23;4;18
17;2025-11-23;4;25
25;2025-11-23;4;27
26;2025-11-23;4;27
28;2025-11-23;4;25
50;2025-11-23;4;0
1;2025-11-23;5;30
5;2025-11-23;5;0
7;2025-11-23;5;15
11;2025-11-23;5;24
12;2025-11-23;5;22
17;2025-11-23;5;34
25;2025-11-23;5;32
26;2025-11-23;5;22
28;2025-11-23;5;27
50;2025-11-23;5;0
1;2025-11-23;6;24
5;2025-11-23;6;0
7;2025-11-23;6;18
11;2025-11-23;6;24
12;2025-11-23;6;20
17;2025-11-23;6;26
25;2025-11-23;6;30
26;2025-11-23;6;35
28;2025-11-23;6;32
50;2025-11-23;6;0
1;2025-11-23;7;28
5;2025-11-23;7;0
7;2025-11-23;7;14
11;2025-11-23;7;21
12;2025-11-23;7;22
17;2025-11-23;7;34
25;2025-11-23;7;27
26;2025-11-23;7;28
28;2025-11-23;7;26
50;2025-11-23;7;0
1;2025-11-23;8;27
5;2025-11-23;8;0
7;2025-11-23;8;17
11;2025-11-23;8;20
12;2025-11-23;8;26
17;2025-11-23;8;34
25;2025-11-23;8;32
26;2025-11-23;8;29
28;2025-11-23;8;26
50;2025-11-23;8;0
1;2025-11-23;9;23
5;2025-11-23;9;0
7;2025-11-23;9;19
11;2025-11-23;9;26
12;2025-11-23;9;28
17;2025-11-23;9;24
25;2025-11-23;9;37
26;2025-11-23;9;18
28;2025-11-23;9;21
50;2025-11-23;9;0
1;2025-11-23;10;26
5;2025-11-23;10;0
7;2025-11-23;10;16
11;2025-11-23;10;24
12;2025-11-23;10;26
17;2025-11-23;10;28
25;2025-11-23;10;30
26;2025-11-23;10;23
28;2025-11-23;10;27
50;2025-11-23;10;0
1;2025-11-23;11;29
5;2025-11-23;11;0
7;2025-11-23;11;12
11;2025-11-23;11;22
12;2025-11-23;11;25
17;2025-11-23;11;31
25;2025-11-23;11;34
26;2025-11-23;11;20
28;2025-11-23;11;28
50;2025-11-23;11;0
1;2025-11-23;12;24
5;2025-11-23;12;0
7;2025-11-23;12;14
11;2025-11-23;12;28
12;2025-11-23;12;24
17;2025-11-23;12;26
25;2025-11-23;12;32
26;2025-11-23;12;26
28;2025-11-23;12;20
50;2025-11-23;12;0
1;2025-11-23;13;28
5;2025-11-23;13;0
7;2025-11-23;13;11
11;2025-11-23;13;27
12;2025-11-23;13;24
17;2025-11-23;13;27
25;2025-11-23;13;24
26;2025-11-23;13;30
28;2025-11-23;13;28
50;2025-11-23;13;0
1;2025-11-23;14;24
5;2025-11-23;14;0
7;2025-11-23;14;18
11;2025-11-23;14;23
12;2025-11-23;14;20
17;2025-11-23;14;29
25;2025-11-23;14;24
26;2025-11-23;14;28
28;2025-11-23;14;24
50;2025-11-23;14;0
1;2025-11-23;15;29
5;2025-11-23;15;0
7;2025-11-23;15;12
11;2025-11-23;15;28
12;2025-11-23;15;22
17;2025-11-23;15;32
25;2025-11-23;15;24
26;2025-11-23;15;26
28;2025-11-23;15;25
50;2025-11-23;15;0
1;2025-11-23;16;24
5;2025-11-23;16;0
7;2025-11-23;16;14
11;2025-11-23;16;24
12;2025-11-23;16;24
17;2025-11-23;16;29
25;2025-11-23;16;26
26;2025-11-23;16;27
28;2025-11-23;16;24
50;2025-11-23;16;0
1;2025-11-23;17;30
5;2025-11-23;17;0
7;2025-11-23;17;19
11;2025-11-23;17;20
12;2025-11-23;17;22
17;2025-11-23;17;32
25;2025-11-23;17;33
26;2025-11-23;17;30
28;2025-11-23;17;23
50;2025-11-23;17;0
1;2025-11-23;18;24
5;2025-11-23;18;0
7;2025-11-23;18;18
11;2025-11-23;18;18
12;2025-11-23;18;26
17;2025-11-23;18;31
25;2025-11-23;18;30
26;2025-11-23;18;22
28;2025-11-23;18;20
50;2025-11-23;18;0
1;2025-11-23;19;29
5;2025-11-23;19;0
7;2025-11-23;19;16
11;2025-11-23;19;20
12;2025-11-23;19;25
17;2025-11-23;19;22
25;2025-11-23;19;31
26;2025-11-23;19;23
28;2025-11-23;19;21
50;2025-11-23;19;0
1;2025-11-23;20;26
5;2025-11-23;20;0
7;2025-11-23;20;17
11;2025-11-23;20;26
12;2025-11-23;20;28
17;2025-11-23;20;23
25;2025-11-23;20;27
26;2025-11-23;20;24
28;2025-11-23;20;28
50;2025-11-23;20;0
1;2025-11-23;21;23
5;2025-11-23;21;0
7;2025-11-23;21;17
11;2025-11-23;21;25
12;2025-11-23;21;24
17;2025-11-23;21;31
25;2025-11-23;21;23
26;2025-11-23;21;26
28;2025-11-23;21;29
50;2025-11-23;21;0
1;2025-11-23;22;16
5;2025-11-23;22;0
7;2025-11-23;22;16
11;2025-11-23;22;16
12;2025-11-23;22;25
17;2025-11-23;22;34
25;2025-11-23;22;28
26;2025-11-23;22;26
28;2025-11-23;22;16
50;2025-11-23;22;0
1;2025-11-23;23;14
5;2025-11-23;23;0
7;2025-11-23;23;14
11;2025-11-23;23;23
12;2025-11-23;23;21
17;2025-11-23;23;30
25;2025-11-23;23;36
26;2025-11-23;23;33
28;2025-11-23;23;31
50;2025-11-23;23;0
1;2025-11-24;0;29
5;2025-11-24;0;0
7;2025-11-24;0;20
11;2025-11-24;0;25
12;2025-11-24;0;27
17;2025-11-24;0;34
25;2025-11-24;0;27
26;2025-11-24;0;22
28;2025-11-24;0;22
50;2025-11-24;0;25
1;2025-11-24;1;20
5;2025-11-24;1;0
7;2025-11-24;1;23
11;2025-11-24;1;25
12;2025-11-24;1;30
17;2025-11-24;1;27
25;2025-11-24;1;27
26;2025-11-24;1;23
28;2025-11-24;1;21
50;2025-11-24;1;27
1;2025-11-24;2;30
5;2025-11-24;2;0
7;2025-11-24;2;22
11;2025-11-24;2;33
12;2025-11-24;2;18
17;2025-11-24;2;23
25;2025-11-24;2;23
26;2025-11-24;2;22
28;2025-11-24;2;25
50;2025-11-24;2;27
1;2025-11-24;3;21
5;2025-11-24;3;0
7;2025-11-24;3;22
11;2025-11-24;3;29
12;2025-11-24;3;29
17;2025-11-24;3;10
25;2025-11-24;3;27
26;2025-11-24;3;27
28;2025-11-24;3;26
50;2025-11-24;3;24
1;2025-11-24;4;26
5;2025-11-24;4;0
7;2025-11-24;4;26
11;2025-11-24;4;17
12;2025-11-24;4;30
17;2025-11-24;4;17
25;2025-11-24;4;26
26;2025-11-24;4;31
28;2025-11-24;4;26
50;2025-11-24;4;21
1;2025-11-24;5;21
5;2025-11-24;5;0
7;2025-11-24;5;27
11;2025-11-24;5;28
12;2025-11-24;5;22
17;2025-11-24;5;25
25;2025-11-24;5;27
26;2025-11-24;5;25
28;2025-11-24;5;34
50;2025-11-24;5;24
1;2025-11-24;6;27
5;2025-11-24;6;0
7;2025-11-24;6;29
11;2025-11-24;6;16
12;2025-11-24;6;22
17;2025-11-24;6;21
25;2025-11-24;6;21
26;2025-11-24;6;22
28;2025-11-24;6;34
50;2025-11-24;6;27
1;2025-11-24;7;28
5;2025-11-24;7;0
7;2025-11-24;7;30
11;2025-11-24;7;24
12;2025-11-24;7;24
17;2025-11-24;7;22
25;2025-11-24;7;32
26;2025-11-24;7;31
28;2025-11-24;7;28
50;2025-11-24;7;25
1;2025-11-24;8;20
5;2025-11-24;8;0
7;2025-11-24;8;23
11;2025-11-24;8;22
12;2025-11-24;8;26
17;2025-11-24;8;26
25;2025-11-24;8;24
26;2025-11-24;8;30
28;2025-11-24;8;30
50;2025-11-24;8;31
1;2025-11-24;9;28
5;2025-11-24;9;0
7;2025-11-24;9;23
11;2025-11-24;9;31
12;2025-11-24;9;19
17;2025-11-24;9;22
25;2025-11-24;9;20
26;2025-11-24;9;33
28;2025-11-24;9;22
50;2025-11-24;9;23
1;2025-11-24;10;31
5;2025-11-24;10;0
7;2025-11-24;10;26
11;2025-11-24;10;20
12;2025-11-24;10;18
17;2025-11-24;10;27
25;2025-11-24;10;33
26;2025-11-24;10;27
28;2025-11-24;10;31
50;2025-11-24;10;27
1;2025-11-24;11;23
5;2025-11-24;11;0
7;2025-11-24;11;31
11;2025-11-24;11;32
12;2025-11-24;11;24
17;2025-11-24;11;28
25;2025-11-24;11;25
26;2025-11-24;11;27
28;2025-11-24;11;24
50;2025-11-24;11;34
1;2025-11-24;12;23
5;2025-11-24;12;0
7;2025-11-24;12;27
11;2025-11-24;12;26
12;2025-11-24;12;31
17;2025-11-24;12;31
25;2025-11-24;12;26
26;2025-11-24;12;25
28;2025-11-24;12;21
50;2025-11-24;12;25
1;2025-11-24;13;21
5;2025-11-24;13;0
7;2025-11-24;13;20
11;2025-11-24;13;28
12;2025-11-24;13;24
17;2025-11-24;13;27
25;2025-11-24;13;21
26;2025-11-24;13;23
28;2025-11-24;13;29
50;2025-11-24;13;29
1;2025-11-24;14;24
5;2025-11-24;14;0
7;2025-11-24;14;20
11;2025-11-24;14;32
12;2025-11-24;14;25
17;2025-11-24;14;21
25;2025-11-24;14;23
26;2025-11-24;14;31
28;2025-11-24;14;23
50;2025-11-24;14;25
1;2025-11-24;15;19
5;2025-11-24;15;0
7;2025-11-24;15;17
11;2025-11-24;15;25
12;2025-11-24;15;24
17;2025-11-24;15;20
25;2025-11-24;15;21
26;2025-11-24;15;21
28;2025-11-24;15;25
50;2025-11-24;15;25
1;2025-11-24;16;31
5;2025-11-24;16;0
7;2025-11-24;16;30
11;2025-11-24;16;25
12;2025-11-24;16;29
17;2025-11-24;16;15
25;2025-11-24;16;26
26;2025-11-24;16;25
28;2025-11-24;16;17
50;2025-11-24;16;22
1;2025-11-24;17;16
5;2025-11-24;17;0
7;2025-11-24;17;19
11;2025-11-24;17;27
12;2025-11-24;17;26
17;2025-11-24;17;26
25;2025-11-24;17;21
26;2025-11-24;17;27
28;2025-11-24;17;29
50;2025-11-24;17;28
1;2025-11-24;18;29
5;2025-11-24;18;0
7;2025-11-24;18;24
11;2025-11-24;18;36
12;2025-11-24;18;26
17;2025-11-24;18;25
25;2025-11-24;18;35
26;2025-11-24;18;26
28;2025-11-24;18;32
50;2025-11-24;18;26
1;2025-11-24;19;30
5;2025-11-24;19;0
7;2025-11-24;19;26
11;2025-11-24;19;23
12;2025-11-24;19;23
17;2025-11-24;19;26
25;2025-11-24;19;32
26;2025-11-24;19;21
28;2025-11-24;19;25
50;2025-11-24;19;27
1;2025-11-24;20;30
5;2025-11-24;20;0
7;2025-11-24;20;18
11;2025-11-24;20;27
12;2025-11-24;20;23
17;2025-11-24;20;34
25;2025-11-24;20;30
26;2025-11-24;20;21
28;2025-11-24;20;26
50;2025-11-24;20;28
1;2025-11-24;21;27
5;2025-11-24;21;0
7;2025-11-24;21;25
11;2025-11-24;21;27
12;2025-11-24;21;31
17;2025-11-24;21;28
25;2025-11-24;21;21
26;2025-11-24;21;26
28;2025-11-24;21;19
50;2025-11-24;21;24
1;2025-11-24;22;22
5;2025-11-24;22;0
7;2025-11-24;22;30
11;2025-11-24;22;27
12;2025-11-24;22;19
17;2025-11-24;22;20
25;2025-11-24;22;21
26;2025-11-24;22;28
28;2025-11-24;22;31
50;2025-11-24;22;25
1;2025-11-24;23;24
5;2025-11-24;23;0
7;2025-11-24;23;30
11;2025-11-24;23;25
12;2025-11-24;23;29
17;2025-11-24;23;25
25;2025-11-24;23;30
26;2025-11-24;23;33
28;2025-11-24;23;29
50;2025-11-24;23;27
1;2025-11-25;0;18
5;2025-11-25;0;0
7;2025-11-25;0;17
11;2025-11-25;0;19
12;2025-11-25;0;20
17;2025-11-25;0;32
25;2025-11-25;0;36
26;2025-11-25;0;22
28;2025-11-25;0;22
50;2025-11-25;0;28
1;2025-11-25;1;26
5;2025-11-25;1;0
7;2025-11-25;1;27
11;2025-11-25;1;19
12;2025-11-25;1;18
17;2025-11-25;1;31
25;2025-11-25;1;22
26;2025-11-25;1;30
28;2025-11-25;1;29
50;2025-11-25;1;29
1;2025-11-25;2;22
5;2025-11-25;2;0
7;2025-11-25;2;23
11;2025-11-25;2;18
12;2025-11-25;2;27
17;2025-11-25;2;25
25;2025-11-25;2;25
26;2025-11-25;2;27
28;2025-11-25;2;22
50;2025-11-25;2;33
1;2025-11-25;3;16
5;2025-11-25;3;0
7;2025-11-25;3;26
11;2025-11-25;3;36
12;2025-11-25;3;22
17;2025-11-25;3;21
25;2025-11-25;3;24
26;2025-11-25;3;28
28;2025-11-25;3;32
50;2025-11-25;3;24
1;2025-11-25;4;31
5;2025-11-25;4;0
7;2025-11-25;4;26
11;2025-11-25;4;27
12;2025-11-25;4;23
17;2025-11-25;4;24
25;2025-11-25;4;34
26;2025-11-25;4;28
28;2025-11-25;4;23
50;2025-11-25;4;28
1;2025-11-25;5;30
5;2025-11-25;5;0
7;2025-11-25;5;25
11;2025-11-25;5;31
12;2025-11-25;5;30
17;2025-11-25;5;25
25;2025-11-25;5;23
26;2025-11-25;5;20
28;2025-11-25;5;32
50;2025-11-25;5;29
1;2025-11-25;6;22
5;2025-11-25;6;0
7;2025-11-25;6;26
11;2025-11-25;6;18
12;2025-11-25;6;26
17;2025-11-25;6;35
25;2025-11-25;6;20
26;2025-11-25;6;30
28;2025-11-25;6;23
50;2025-11-25;6;25
1;2025-11-25;7;18
5;2025-11-25;7;0
7;2025-11-25;7;32
11;2025-11-25;7;29
12;2025-11-25;7;30
17;2025-11-25;7;18
25;2025-11-25;7;25
26;2025-11-25;7;29
28;2025-11-25;7;32
50;2025-11-25;7;23
1;2025-11-25;8;27
5;2025-11-25;8;0
7;2025-11-25;8;21
11;2025-11-25;8;24
12;2025-11-25;8;23
17;2025-11-25;8;28
25;2025-11-25;8;24
26;2025-11-25;8;23
28;2025-11-25;8;29
50;2025-11-25;8;30
1;2025-11-25;9;31
5;2025-11-25;9;0
7;2025-11-25;9;28
11;2025-11-25;9;20
12;2025-11-25;9;28
17;2025-11-25;9;27
25;2025-11-25;9;23
26;2025-11-25;9;27
28;2025-11-25;9;26
50;2025-11-25;9;29
1;2025-11-25;10;23
5;2025-11-25;10;0
7;2025-11-25;10;26
11;2025-11-25;10;23
12;2025-11-25;10;24
17;2025-11-25;10;29
25;2025-11-25;10;35
26;2025-11-25;10;20
28;2025-11-25;10;28
50;2025-11-25;10;16
1;2025-11-25;11;33
5;2025-11-25;11;0
7;2025-11-25;11;25
11;2025-11-25;11;28
12;2025-11-25;11;25
17;2025-11-25;11;27
25;2025-11-25;11;31
26;2025-11-25;11;26
28;2025-11-25;11;22
50;2025-11-25;11;22
1;2025-11-25;12;26
5;2025-11-25;12;0
7;2025-11-25;12;25
11;2025-11-25;12;22
12;2025-11-25;12;28
17;2025-11-25;12;30
25;2025-11-25;12;29
26;2025-11-25;12;22
28;2025-11-25;12;37
50;2025-11-25;12;34
1;2025-11-25;13;29
5;2025-11-25;13;0
7;2025-11-25;13;23
11;2025-11-25;13;30
12;2025-11-25;13;31
17;2025-11-25;13;22
25;2025-11-25;13;23
26;2025-11-25;13;24
28;2025-11-25;13;22
50;2025-11-25;13;32
1;2025-11-25;14;25
5;2025-11-25;14;0
7;2025-11-25;14;21
11;2025-11-25;14;32
12;2025-11-25;14;26
17;2025-11-25;14;24
25;2025-11-25;14;23
26;2025-11-25;14;21
28;2025-11-25;14;25
50;2025-11-25;14;26
1;2025-11-25;15;22
5;2025-11-25;15;0
7;2025-11-25;15;25
11;2025-11-25;15;24
12;2025-11-25;15;27
17;2025-11-25;15;27
25;2025-11-25;15;32
26;2025-11-25;15;26
28;2025-11-25;15;24
50;2025-11-25;15;28
1;2025-11-25;16;27
5;2025-11-25;16;0
7;2025-11-25;16;32
11;2025-11-25;16;28
12;2025-11-25;16;23
17;2025-11-25;16;29
25;2025-11-25;16;33
26;2025-11-25;16;27
28;2025-11-25;16;23
50;2025-11-25;16;23
1;2025-11-25;17;26
5;2025-11-25;17;0
7;2025-11-25;17;26
11;2025-11-25;17;17
12;2025-11-25;17;29
17;2025-11-25;17;30
25;2025-11-25;17;17
26;2025-11-25;17;22
28;2025-11-25;17;25
50;2025-11-25;17;24
1;2025-11-25;18;22
5;2025-11-25;18;0
7;2025-11-25;18;27
11;2025-11-25;18;17
12;2025-11-25;18;19
17;2025-11-25;18;26
25;2025-11-25;18;32
26;2025-11-25;18;34
28;2025-11-25;18;20
50;2025-11-25;18;20
1;2025-11-25;19;27
5;2025-11-25;19;0
7;2025-11-25;19;28
11;2025-11-25;19;23
12;2025-11-25;19;27
17;2025-11-25;19;30
25;2025-11-25;19;24
26;2025-11-25;19;22
28;2025-11-25;19;29
50;2025-11-25;19;22
1;2025-11-25;20;26
5;2025-11-25;20;0
7;2025-11-25;20;18
11;2025-11-25;20;31
12;2025-11-25;20;20
17;2025-11-25;20;18
25;2025-11-25;20;31
26;2025-11-25;20;21
28;2025-11-25;20;23
50;2025-11-25;20;20
1;2025-11-25;21;31
5;2025-11-25;21;0
7;2025-11-25;21;17
11;2025-11-25;21;31
12;2025-11-25;21;29
17;2025-11-25;21;29
25;2025-11-25;21;18
26;2025-11-25;21;20
28;2025-11-25;21;25
50;2025-11-25;21;24
1;2025-11-25;22;24
5;2025-11-25;22;0
7;2025-11-25;22;25
11;2025-11-25;22;25
12;2025-11-25;22;24
17;2025-11-25;22;22
25;2025-11-25;22;27
26;2025-11-25;22;22
28;2025-11-25;22;31
50;2025-11-25;22;26
1;2025-11-25;23;25
5;2025-11-25;23;0
7;2025-11-25;23;16
11;2025-11-25;23;24
12;2025-11-25;23;34
17;2025-11-25;23;24
25;2025-11-25;23;29
26;2025-11-25;23;23
28;2025-11-25;23;20
50;2025-11-25;23;29
1;2025-11-26;0;22
5;2025-11-26;0;0
7;2025-11-26;0;32
11;2025-11-26;0;26
12;2025-11-26;0;33
17;2025-11-26;0;23
25;2025-11-26;0;20
26;2025-11-26;0;32
28;2025-11-26;0;26
50;2025-11-26;0;29
1;2025-11-26;1;29
5;2025-11-26;1;0
7;2025-11-26;1;19
11;2025-11-26;1;21
12;2025-11-26;1;22
17;2025-11-26;1;22
25;2025-11-26;1;37
26;2025-11-26;1;27
28;2025-11-26;1;16
50;2025-11-26;1;20
1;2025-11-26;2;27
5;2025-11-26;2;0
7;2025-11-26;2;26
11;2025-11-26;2;24
12;2025-11-26;2;27
17;2025-11-26;2;29
25;2025-11-26;2;23
26;2025-11-26;2;25
28;2025-11-26;2;29
50;2025-11-26;2;23
1;2025-11-26;3;24
5;2025-11-26;3;0
7;2025-11-26;3;31
11;2025-11-26;3;25
12;2025-11-26;3;25
17;2025-11-26;3;21
25;2025-11-26;3;21
26;2025-11-26;3;28
28;2025-11-26;3;22
50;2025-11-26;3;18
1;2025-11-26;4;24
5;2025-11-26;4;0
7;2025-11-26;4;27
11;2025-11-26;4;28
12;2025-11-26;4;24
17;2025-11-26;4;27
25;2025-11-26;4;24
26;2025-11-26;4;27
28;2025-11-26;4;24
50;2025-11-26;4;21
1;2025-11-26;5;27
5;2025-11-26;5;0
7;2025-11-26;5;25
11;2025-11-26;5;23
12;2025-11-26;5;23
17;2025-11-26;5;25
25;2025-11-26;5;32
26;2025-11-26;5;30
28;2025-11-26;5;29
50;2025-11-26;5;27
1;2025-11-26;6;25
5;2025-11-26;6;0
7;2025-11-26;6;29
11;2025-11-26;6;18
12;2025-11-26;6;23
17;2025-11-26;6;32
25;2025-11-26;6;26
26;2025-11-26;6;21
28;2025-11-26;6;30
50;2025-11-26;6;26
1;2025-11-26;7;21
5;2025-11-26;7;0
7;2025-11-26;7;28
11;2025-11-26;7;33
12;2025-11-26;7;19
17;2025-11-26;7;31
25;2025-11-26;7;19
26;2025-11-26;7;23
28;2025-11-26;7;33
50;2025-11-26;7;25
1;2025-11-26;8;24
5;2025-11-26;8;0
7;2025-11-26;8;24
11;2025-11-26;8;25
12;2025-11-26;8;30
17;2025-11-26;8;29
25;2025-11-26;8;22
26;2025-11-26;8;30
28;2025-11-26;8;24
50;2025-11-26;8;27
1;2025-11-26;9;33
5;2025-11-26;9;0
7;2025-11-26;9;25
11;2025-11-26;9;26
12;2025-11-26;9;22
17;2025-11-26;9;29
25;2025-11-26;9;26
26;2025-11-26;9;37
28;2025-11-26;9;16
50;2025-11-26;9;26
1;2025-11-26;10;31
5;2025-11-26;10;0
7;2025-11-26;10;26
11;2025-11-26;10;24
12;2025-11-26;10;26
17;2025-11-26;10;29
25;2025-11-26;10;29
26;2025-11-26;10;31
28;2025-11-26;10;30
50;2025-11-26;10;24
1;2025-11-26;11;22
5;2025-11-26;11;0
7;2025-11-26;11;20
11;2025-11-26;11;23
12;2025-11-26;11;29
17;2025-11-26;11;24
25;2025-11-26;11;34
26;2025-11-26;11;20
28;2025-11-26;11;24
50;2025-11-26;11;27
1;2025-11-26;12;34
5;2025-11-26;12;0
7;2025-11-26;12;30
11;2025-11-26;12;34
12;2025-11-26;12;27
17;2025-11-26;12;26
25;2025-11-26;12;27
26;2025-11-26;12;24
28;2025-11-26;12;20
50;2025-11-26;12;23
1;2025-11-26;13;23
5;2025-11-26;13;0
7;2025-11-26;13;28
11;2025-11-26;13;25
12;2025-11-26;13;30
17;2025-11-26;13;28
25;2025-11-26;13;21
26;2025-11-26;13;28
28;2025-11-26;13;22
50;2025-11-26;13;27
1;2025-11-26;14;32
5;2025-11-26;14;0
7;2025-11-26;14;19
11;2025-11-26;14;26
12;2025-11-26;14;28
17;2025-11-26;14;24
25;2025-11-26;14;25
26;2025-11-26;14;28
28;2025-11-26;14;26
50;2025-11-26;14;22
1;2025-11-26;15;26
5;2025-11-26;15;0
7;2025-11-26;15;24
11;2025-11-26;15;32
12;2025-11-26;15;25
17;2025-11-26;15;26
25;2025-11-26;15;25
26;2025-11-26;15;27
28;2025-11-26;15;15
50;2025-11-26;15;22
1;2025-11-26;16;32
5;2025-11-26;16;0
7;2025-11-26;16;26
11;2025-11-26;16;24
12;2025-11-26;16;25
17;2025-11-26;16;25
25;2025-11-26;16;33
26;2025-11-26;16;32
28;2025-11-26;16;27
50;2025-11-26;16;26
1;2025-11-26;17;27
5;2025-11-26;17;0
7;2025-11-26;17;15
11;2025-11-26;17;18
12;2025-11-26;17;30
17;2025-11-26;17;24
25;2025-11-26;17;25
26;2025-11-26;17;36
28;2025-11-26;17;23
50;2025-11-26;17;30
1;2025-11-26;18;30
5;2025-11-26;18;0
7;2025-11-26;18;20
11;2025-11-26;18;26
12;2025-11-26;18;23
17;2025-11-26;18;30
25;2025-11-26;18;27
26;2025-11-26;18;19
28;2025-11-26;18;29
50;2025-11-26;18;26
1;2025-11-26;19;29
5;2025-11-26;19;0
7;2025-11-26;19;23
11;2025-11-26;19;30
12;2025-11-26;19;28
17;2025-11-26;19;30
25;2025-11-26;19;27
26;2025-11-26;19;23
28;2025-11-26;19;19
50;2025-11-26;19;29
1;2025-11-26;20;28
5;2025-11-26;20;0
7;2025-11-26;20;32
11;2025-11-26;20;28
12;2025-11-26;20;19
17;2025-11-26;20;30
25;2025-11-26;20;31
26;2025-11-26;20;26
28;2025-11-26;20;28
50;2025-11-26;20;21
1;2025-11-26;21;26
5;2025-11-26;21;0
7;2025-11-26;21;28
11;2025-11-26;21;32
12;2025-11-26;21;19
17;2025-11-26;21;23
25;2025-11-26;21;26
26;2025-11-26;21;19
28;2025-11-26;21;26
50;2025-11-26;21;28
1;2025-11-26;22;25
5;2025-11-26;22;0
7;2025-11-26;22;25
11;2025-11-26;22;30
12;2025-11-26;22;31
17;2025-11-26;22;24
25;2025-11-26;22;28
26;2025-11-26;22;28
28;2025-11-26;22;24
50;2025-11-26;22;25
1;2025-11-26;23;29
5;2025-11-26;23;0
7;2025-11-26;23;25
11;2025-11-26;23;21
12;2025-11-26;23;26
17;2025-11-26;23;27
25;2025-11-26;23;26
26;2025-11-26;23;29
28;2025-11-26;23;14
50;2025-11-26;23;31
1;2025-11-27;0;33
5;2025-11-27;0;0
7;2025-11-27;0;15
11;2025-11-27;0;33
12;2025-11-27;0;25
17;2025-11-27;0;24
25;2025-11-27;0;23
26;2025-11-27;0;31
28;2025-11-27;0;24
50;2025-11-27;0;21
1;2025-11-27;1;18
5;2025-11-27;1;0
7;2025-11-27;1;25
11;2025-11-27;1;25
12;2025-11-27;1;16
17;2025-11-27;1;31
25;2025-11-27;1;21
26;2025-11-27;1;27
28;2025-11-27;1;24
50;2025-11-27;1;31
1;2025-11-27;2;25
5;2025-11-27;2;0
7;2025-11-27;2;25
11;2025-11-27;2;26
12;2025-11-27;2;30
17;2025-11-27;2;31
25;2025-11-27;2;28
26;2025-11-27;2;31
28;2025-11-27;2;26
50;2025-11-27;2;27
1;2025-11-27;3;34
5;2025-11-27;3;0
7;2025-11-27;3;19
11;2025-11-27;3;28
12;2025-11-27;3;29
17;2025-11-27;3;21
25;2025-11-27;3;25
26;2025-11-27;3;31
28;2025-11-27;3;24
50;2025-11-27;3;24
1;2025-11-27;4;22
5;2025-11-27;4;0
7;2025-11-27;4;25
11;2025-11-27;4;35
12;2025-11-27;4;18
17;2025-11-27;4;23
25;2025-11-27;4;22
26;2025-11-27;4;23
28;2025-11-27;4;23
50;2025-11-27;4;25
1;2025-11-27;5;24
5;2025-11-27;5;0
7;2025-11-27;5;26
11;2025-11-27;5;25
12;2025-11-27;5;29
17;2025-11-27;5;26
25;2025-11-27;5;27
26;2025-11-27;5;24
28;2025-11-27;5;28
50;2025-11-27;5;22
1;2025-11-27;6;31
5;2025-11-27;6;0
7;2025-11-27;6;33
11;2025-11-27;6;26
12;2025-11-27;6;31
17;2025-11-27;6;18
25;2025-11-27;6;23
26;2025-11-27;6;20
28;2025-11-27;6;25
50;2025-11-27;6;28
1;2025-11-27;7;27
5;2025-11-27;7;0
7;2025-11-27;7;18
11;2025-11-27;7;34
12;2025-11-27;7;35
17;2025-11-27;7;26
25;2025-11-27;7;26
26;2025-11-27;7;23
28;2025-11-27;7;20
50;2025-11-27;7;20
1;2025-11-27;8;25
5;2025-11-27;8;0
7;2025-11-27;8;21
11;2025-11-27;8;32
12;2025-11-27;8;31
17;2025-11-27;8;17
25;2025-11-27;8;18
26;2025-11-27;8;32
28;2025-11-27;8;19
50;2025-11-27;8;23
1;2025-11-27;9;25
5;2025-11-27;9;0
7;2025-11-27;9;23
11;2025-11-27;9;28
12;2025-11-27;9;23
17;2025-11-27;9;20
25;2025-11-27;9;22
26;2025-11-27;9;28
28;2025-11-27;9;20
50;2025-11-27;9;29
1;2025-11-27;10;27
5;2025-11-27;10;0
7;2025-11-27;10;27
11;2025-11-27;10;17
12;2025-11-27;10;24
17;2025-11-27;10;30
25;2025-11-27;10;26
26;2025-11-27;10;22
28;2025-11-27;10;23
50;2025-11-27;10;29
1;2025-11-27;11;22
5;2025-11-27;11;0
7;2025-11-27;11;27
11;2025-11-27;11;26
12;2025-11-27;11;32
17;2025-11-27;11;28
25;2025-11-27;11;24
26;2025-11-27;11;24
28;2025-11-27;11;27
50;2025-11-27;11;35
1;2025-11-27;12;32
5;2025-11-27;12;0
7;2025-11-27;12;34
11;2025-11-27;12;31
12;2025-11-27;12;20
17;2025-11-27;12;28
25;2025-11-27;12;25
26;2025-11-27;12;27
28;2025-11-27;12;28
50;2025-11-27;12;22
1;2025-11-27;13;24
5;2025-11-27;13;0
7;2025-11-27;13;22
11;2025-11-27;13;21
12;2025-11-27;13;27
17;2025-11-27;13;22
25;2025-11-27;13;8
26;2025-11-27;13;23
28;2025-11-27;13;20
50;2025-11-27;13;31
1;2025-11-27;14;24
5;2025-11-27;14;0
7;2025-11-27;14;30
11;2025-11-27;14;23
12;2025-11-27;14;21
17;2025-11-27;14;33
25;2025-11-27;14;26
26;2025-11-27;14;22
28;2025-11-27;14;25
50;2025-11-27;14;30
1;2025-11-27;15;30
5;2025-11-27;15;0
7;2025-11-27;15;29
11;2025-11-27;15;32
12;2025-11-27;15;19
17;2025-11-27;15;20
25;2025-11-27;15;23
26;2025-11-27;15;26
28;2025-11-27;15;33
50;2025-11-27;15;27
1;2025-11-27;16;35
5;2025-11-27;16;0
7;2025-11-27;16;25
11;2025-11-27;16;23
12;2025-11-27;16;28
17;2025-11-27;16;22
25;2025-11-27;16;28
26;2025-11-27;16;19
28;2025-11-27;16;25
50;2025-11-27;16;29
1;2025-11-27;17;27
5;2025-11-27;17;0
7;2025-11-27;17;27
11;2025-11-27;17;28
12;2025-11-27;17;27
17;2025-11-27;17;32
25;2025-11-27;17;22
26;2025-11-27;17;24
28;2025-11-27;17;25
50;2025-11-27;17;31
1;2025-11-27;18;17
5;2025-11-27;18;0
7;2025-11-27;18;30
11;2025-11-27;18;19
12;2025-11-27;18;23
17;2025-11-27;18;20
25;2025-11-27;18;25
26;2025-11-27;18;27
28;2025-11-27;18;29
50;2025-11-27;18;25
1;2025-11-27;19;29
5;2025-11-27;19;0
7;2025-11-27;19;23
11;2025-11-27;19;24
12;2025-11-27;19;19
17;2025-11-27;19;25
25;2025-11-27;19;29
26;2025-11-27;19;17
28;2025-11-27;19;29
50;2025-11-27;19;19
1;2025-11-27;20;27
5;2025-11-27;20;0
7;2025-11-27;20;36
11;2025-11-27;20;29
12;2025-11-27;20;25
17;2025-11-27;20;24
25;2025-11-27;20;24
26;2025-11-27;20;24
28;2025-11-27;20;27
50;2025-11-27;20;31
1;2025-11-27;21;22
5;2025-11-27;21;0
7;2025-11-27;21;24
11;2025-11-27;21;25
12;2025-11-27;21;30
17;2025-11-27;21;18
25;2025-11-27;21;18
26;2025-11-27;21;34
28;2025-11-27;21;23
50;2025-11-27;21;19
1;2025-11-27;22;26
5;2025-11-27;22;0
7;2025-11-27;22;33
11;2025-11-27;22;27
12;2025-11-27;22;20
17;2025-11-27;22;29
25;2025-11-27;22;29
26;2025-11-27;22;24
28;2025-11-27;22;31
50;2025-11-27;22;30
1;2025-11-27;23;24
5;2025-11-27;23;0
7;2025-11-27;23;32
11;2025-11-27;23;22
12;2025-11-27;23;31
17;2025-11-27;23;26
25;2025-11-27;23;29
26;2025-11-27;23;20
28;2025-11-27;23;33
50;2025-11-27;23;20
1;2025-11-28;0;31
5;2025-11-28;0;0
7;2025-11-28;0;11
11;2025-11-28;0;26
12;2025-11-28;0;23
17;2025-11-28;0;24
25;2025-11-28;0;16
26;2025-11-28;0;29
28;2025-11-28;0;22
50;2025-11-28;0;25
1;2025-11-28;1;24
5;2025-11-28;1;0
7;2025-11-28;1;15
11;2025-11-28;1;24
12;2025-11-28;1;24
17;2025-11-28;1;25
25;2025-11-28;1;30
26;2025-11-28;1;22
28;2025-11-28;1;38
50;2025-11-28;1;32
1;2025-11-28;2;34
5;2025-11-28;2;0
7;2025-11-28;2;30
11;2025-11-28;2;27
12;2025-11-28;2;28
17;2025-11-28;2;21
25;2025-11-28;2;25
26;2025-11-28;2;27
28;2025-11-28;2;17
50;2025-11-28;2;32
1;2025-11-28;3;30
5;2025-11-28;3;0
7;2025-11-28;3;27
11;2025-11-28;3;29
12;2025-11-28;3;31
17;2025-11-28;3;30
25;2025-11-28;3;27
26;2025-11-28;3;20
28;2025-11-28;3;27
50;2025-11-28;3;30
1;2025-11-28;4;28
5;2025-11-28;4;0
7;2025-11-28;4;24
11;2025-11-28;4;18
12;2025-11-28;4;26
17;2025-11-28;4;33
25;2025-11-28;4;31
26;2025-11-28;4;24
28;2025-11-28;4;33
50;2025-11-28;4;27
1;2025-11-28;5;24
5;2025-11-28;5;0
7;2025-11-28;5;26
11;2025-11-28;5;33
12;2025-11-28;5;23
17;2025-11-28;5;33
25;2025-11-28;5;28
26;2025-11-28;5;22
28;2025-11-28;5;29
50;2025-11-28;5;33
1;2025-11-28;6;19
5;2025-11-28;6;0
7;2025-11-28;6;22
11;2025-11-28;6;34
12;2025-11-28;6;12
17;2025-11-28;6;27
25;2025-11-28;6;26
26;2025-11-28;6;25
28;2025-11-28;6;24
50;2025-11-28;6;21
1;2025-11-28;7;23
5;2025-11-28;7;0
7;2025-11-28;7;24
11;2025-11-28;7;33
12;2025-11-28;7;28
17;2025-11-28;7;29
25;2025-11-28;7;28
26;2025-11-28;7;23
28;2025-11-28;7;22
50;2025-11-28;7;20
1;2025-11-28;8;29
5;2025-11-28;8;0
7;2025-11-28;8;31
11;2025-11-28;8;19
12;2025-11-28;8;21
17;2025-11-28;8;18
25;2025-11-28;8;27
26;2025-11-28;8;13
28;2025-11-28;8;22
50;2025-11-28;8;17
1;2025-11-28;9;24
5;2025-11-28;9;0
7;2025-11-28;9;24
11;2025-11-28;9;24
12;2025-11-28;9;26
17;2025-11-28;9;27
25;2025-11-28;9;28
26;2025-11-28;9;26
28;2025-11-28;9;25
50;2025-11-28;9;26
1;2025-11-28;10;23
5;2025-11-28;10;0
7;2025-11-28;10;19
11;2025-11-28;10;18
12;2025-11-28;10;23
17;2025-11-28;10;32
25;2025-11-28;10;20
26;2025-11-28;10;22
28;2025-11-28;10;21
50;2025-11-28;10;23
1;2025-11-28;11;20
5;2025-11-28;11;0
7;2025-11-28;11;31
11;2025-11-28;11;21
12;2025-11-28;11;35
17;2025-11-28;11;28
25;2025-11-28;11;16
26;2025-11-28;11;20
28;2025-11-28;11;24
50;2025-11-28;11;23
1;2025-11-28;12;19
5;2025-11-28;12;0
7;2025-11-28;12;22
11;2025-11-28;12;23
12;2025-11-28;12;20
17;2025-11-28;12;33
25;2025-11-28;12;28
26;2025-11-28;12;28
28;2025-11-28;12;21
50;2025-11-28;12;38
1;2025-11-28;13;20
5;2025-11-28;13;0
7;2025-11-28;13;30
11;2025-11-28;13;20
12;2025-11-28;13;25
17;2025-11-28;13;29
25;2025-11-28;13;25
26;2025-11-28;13;31
28;2025-11-28;13;23
50;2025-11-28;13;28
1;2025-11-28;14;22
5;2025-11-28;14;0
7;2025-11-28;14;24
11;2025-11-28;14;27
12;2025-11-28;14;19
17;2025-11-28;14;22
25;2025-11-28;14;23
26;2025-11-28;14;30
28;2025-11-28;14;24
50;2025-11-28;14;17
1;2025-11-28;15;29
5;2025-11-28;15;0
7;2025-11-28;15;23
11;2025-11-28;15;18
12;2025-11-28;15;31
17;2025-11-28;15;23
25;2025-11-28;15;21
26;2025-11-28;15;22
28;2025-11-28;15;21
50;2025-11-28;15;33
1;2025-11-28;16;23
5;2025-11-28;16;0
7;2025-11-28;16;21
11;2025-11-28;16;25
12;2025-11-28;16;28
17;2025-11-28;16;18
25;2025-11-28;16;22
26;2025-11-28;16;27
28;2025-11-28;16;24
50;2025-11-28;16;17
1;2025-11-28;17;19
5;2025-11-28;17;0
7;2025-11-28;17;25
11;2025-11-28;17;32
12;2025-11-28;17;31
17;2025-11-28;17;29
25;2025-11-28;17;27
26;2025-11-28;17;28
28;2025-11-28;17;19
50;2025-11-28;17;18
1;2025-11-28;18;27
5;2025-11-28;18;0
7;2025-11-28;18;25
11;2025-11-28;18;29
12;2025-11-28;18;30
17;2025-11-28;18;23
25;2025-11-28;18;21
26;2025-11-28;18;24
28;2025-11-28;18;34
50;2025-11-28;18;34
1;2025-11-28;19;24
5;2025-11-28;19;0
7;2025-11-28;19;28
11;2025-11-28;19;30
12;2025-11-28;19;24
17;2025-11-28;19;28
25;2025-11-28;19;25
26;2025-11-28;19;25
28;2025-11-28;19;20
50;2025-11-28;19;22
1;2025-11-28;20;19
5;2025-11-28;20;0
7;2025-11-28;20;31
11;2025-11-28;20;25
12;2025-11-28;20;22
17;2025-11-28;20;29
25;2025-11-28;20;22
26;2025-11-28;20;35
28;2025-11-28;20;20
50;2025-11-28;20;34
1;2025-11-28;21;28
5;2025-11-28;21;0
7;2025-11-28;21;24
11;2025-11-28;21;23
12;2025-11-28;21;24
17;2025-11-28;21;22
25;2025-11-28;21;31
26;2025-11-28;21;30
28;2025-11-28;21;29
50;2025-11-28;21;20
1;2025-11-28;22;26
5;2025-11-28;22;0
7;2025-11-28;22;21
11;2025-11-28;22;28
12;2025-11-28;22;14
17;2025-11-28;22;29
25;2025-11-28;22;31
26;2025-11-28;22;29
28;2025-11-28;22;18
50;2025-11-28;22;32
1;2025-11-28;23;24
5;2025-11-28;23;0
7;2025-11-28;23;19
11;2025-11-28;23;22
12;2025-11-28;23;20
17;2025-11-28;23;26
25;2025-11-28;23;27
26;2025-11-28;23;28
28;2025-11-28;23;30
50;2025-11-28;23;33
1;2025-11-29;0;23
5;2025-11-29;0;0
7;2025-11-29;0;16
11;2025-11-29;0;34
12;2025-11-29;0;20
17;2025-11-29;0;25
25;2025-11-29;0;33
26;2025-11-29;0;35
28;2025-11-29;0;16
50;2025-11-29;0;0
1;2025-11-29;1;34
5;2025-11-29;1;0
7;2025-11-29;1;17
11;2025-11-29;1;17
12;2025-11-29;1;22
17;2025-11-29;1;33
25;2025-11-29;1;33
26;2025-11-29;1;15
28;2025-11-29;1;25
50;2025-11-29;1;0
1;2025-11-29;2;27
5;2025-11-29;2;0
7;2025-11-29;2;17
11;2025-11-29;2;20
12;2025-11-29;2;24
17;2025-11-29;2;26
25;2025-11-29;2;30
26;2025-11-29;2;21
28;2025-11-29;2;26
50;2025-11-29;2;0
1;2025-11-29;3;19
5;2025-11-29;3;0
7;2025-11-29;3;13
11;2025-11-29;3;22
12;2025-11-29;3;14
17;2025-11-29;3;30
25;2025-11-29;3;19
26;2025-11-29;3;33
28;2025-11-29;3;31
50;2025-11-29;3;0
1;2025-11-29;4;21
5;2025-11-29;4;0
7;2025-11-29;4;13
11;2025-11-29;4;19
12;2025-11-29;4;15
17;2025-11-29;4;39
25;2025-11-29;4;27
26;2025-11-29;4;18
28;2025-11-29;4;31
50;2025-11-29;4;0
1;2025-11-29;5;22
5;2025-11-29;5;0
7;2025-11-29;5;11
11;2025-11-29;5;30
12;2025-11-29;5;17
17;2025-11-29;5;21
25;2025-11-29;5;25
26;2025-11-29;5;24
28;2025-11-29;5;20
50;2025-11-29;5;0
1;2025-11-29;6;19
5;2025-11-29;6;0
7;2025-11-29;6;14
11;2025-11-29;6;19
12;2025-11-29;6;25
17;2025-11-29;6;29
25;2025-11-29;6;26
26;2025-11-29;6;11
28;2025-11-29;6;17
50;2025-11-29;6;0
1;2025-11-29;7;26
5;2025-11-29;7;0
7;2025-11-29;7;10
11;2025-11-29;7;24
12;2025-11-29;7;27
17;2025-11-29;7;29
25;2025-11-29;7;28
26;2025-11-29;7;20
28;2025-11-29;7;26
50;2025-11-29;7;0
1;2025-11-29;8;27
5;2025-11-29;8;0
7;2025-11-29;8;18
11;2025-11-29;8;27
12;2025-11-29;8;21
17;2025-11-29;8;26
25;2025-11-29;8;25
26;2025-11-29;8;22
28;2025-11-29;8;29
50;2025-11-29;8;0
1;2025-11-29;9;25
5;2025-11-29;9;0
7;2025-11-29;9;8
11;2025-11-29;9;22
12;2025-11-29;9;22
17;2025-11-29;9;23
25;2025-11-29;9;24
26;2025-11-29;9;25
28;2025-11-29;9;32
50;2025-11-29;9;0
1;2025-11-29;10;28
5;2025-11-29;10;0
7;2025-11-29;10;8
11;2025-11-29;10;17
12;2025-11-29;10;22
17;2025-11-29;10;28
25;2025-11-29;10;24
26;2025-11-29;10;26
28;2025-11-29;10;27
50;2025-11-29;10;0
1;2025-11-29;11;21
5;2025-11-29;11;0
7;2025-11-29;11;16
11;2025-11-29;11;22
12;2025-11-29;11;32
17;2025-11-29;11;23
25;2025-11-29;11;35
26;2025-11-29;11;27
28;2025-11-29;11;28
50;2025-11-29;11;0
1;2025-11-29;12;24
5;2025-11-29;12;0
7;2025-11-29;12;13
11;2025-11-29;12;20
12;2025-11-29;12;25
17;2025-11-29;12;25
25;2025-11-29;12;24
26;2025-11-29;12;30
28;2025-11-29;12;29
50;2025-11-29;12;0
1;2025-11-29;13;21
5;2025-11-29;13;0
7;2025-11-29;13;13
11;2025-11-29;13;21
12;2025-11-29;13;27
17;2025-11-29;13;31
25;2025-11-29;13;30
26;2025-11-29;13;26
28;2025-11-29;13;28
50;2025-11-29;13;0
1;2025-11-29;14;22
5;2025-11-29;14;0
7;2025-11-29;14;11
11;2025-11-29;14;16
12;2025-11-29;14;31
17;2025-11-29;14;23
25;2025-11-29;14;25
26;2025-11-29;14;29
28;2025-11-29;14;25
50;2025-11-29;14;0
1;2025-11-29;15;24
5;2025-11-29;15;0
7;2025-11-29;15;13
11;2025-11-29;15;22
12;2025-11-29;15;30
17;2025-11-29;15;28
25;2025-11-29;15;20
26;2025-11-29;15;25
28;2025-11-29;15;25
50;2025-11-29;15;0
1;2025-11-29;16;26
5;2025-11-29;16;0
7;2025-11-29;16;11
11;2025-11-29;16;31
12;2025-11-29;16;20
17;2025-11-29;16;33
25;2025-11-29;16;31
26;2025-11-29;16;18
28;2025-11-29;16;25
50;2025-11-29;16;0
1;2025-11-29;17;15
5;2025-11-29;17;0
7;2025-11-29;17;10
11;2025-11-29;17;19
12;2025-11-29;17;30
17;2025-11-29;17;30
25;2025-11-29;17;27
26;2025-11-29;17;17
28;2025-11-29;17;35
50;2025-11-29;17;0
1;2025-11-29;18;20
5;2025-11-29;18;0
7;2025-11-29;18;14
11;2025-11-29;18;23
12;2025-11-29;18;24
17;2025-11-29;18;22
25;2025-11-29;18;28
26;2025-11-29;18;27
28;2025-11-29;18;21
50;2025-11-29;18;0
1;2025-11-29;19;26
5;2025-11-29;19;0
7;2025-11-29;19;16
11;2025-11-29;19;32
12;2025-11-29;19;24
17;2025-11-29;19;33
25;2025-11-29;19;31
26;2025-11-29;19;25
28;2025-11-29;19;19
50;2025-11-29;19;0
1;2025-11-29;20;15
5;2025-11-29;20;0
7;2025-11-29;20;15
11;2025-11-29;20;26
12;2025-11-29;20;23
17;2025-11-29;20;30
25;2025-11-29;20;37
26;2025-11-29;20;26
28;2025-11-29;20;23
50;2025-11-29;20;0
1;2025-11-29;21;21
5;2025-11-29;21;0
7;2025-11-29;21;16
11;2025-11-29;21;26
12;2025-11-29;21;26
17;2025-11-29;21;34
25;2025-11-29;21;28
26;2025-11-29;21;28
28;2025-11-29;21;20
50;2025-11-29;21;0
1;2025-11-29;22;21
5;2025-11-29;22;0
7;2025-11-29;22;16
11;2025-11-29;22;27
12;2025-11-29;22;20
17;2025-11-29;22;32
25;2025-11-29;22;25
26;2025-11-29;22;27
28;2025-11-29;22;29
50;2025-11-29;22;0
1;2025-11-29;23;25
5;2025-11-29;23;0
7;2025-11-29;23;11
11;2025-11-29;23;23
12;2025-11-29;23;24
17;2025-11-29;23;31
25;2025-11-29;23;27
26;2025-11-29;23;15
28;2025-11-29;23;29
50;2025-11-29;23;0
1;2025-11-30;0;24
5;2025-11-30;0;0
7;2025-11-30;0;15
11;2025-11-30;0;19
12;2025-11-30;0;23
17;2025-11-30;0;29
25;2025-11-30;0;22
26;2025-11-30;0;20
28;2025-11-30;0;24
50;2025-11-30;0;0
1;2025-11-30;1;22
5;2025-11-30;1;0
7;2025-11-30;1;15
11;2025-11-30;1;22
12;2025-11-30;1;25
17;2025-11-30;1;32
25;2025-11-30;1;28
26;2025-11-30;1;25
28;2025-11-30;1;26
50;2025-11-30;1;0
1;2025-11-30;2;19
5;2025-11-30;2;0
7;2025-11-30;2;19
11;2025-11-30;2;19
12;2025-11-30;2;25
17;2025-11-30;2;42
25;2025-11-30;2;25
26;2025-11-30;2;28
28;2025-11-30;2;22
50;2025-11-30;2;0
1;2025-11-30;3;26
5;2025-11-30;3;0
7;2025-11-30;3;15
11;2025-11-30;3;28
12;2025-11-30;3;24
17;2025-11-30;3;33
25;2025-11-30;3;29
26;2025-11-30;3;25
28;2025-11-30;3;19
50;2025-11-30;3;0
1;2025-11-30;4;24
5;2025-11-30;4;0
7;2025-11-30;4;11
11;2025-11-30;4;29
12;2025-11-30;4;18
17;2025-11-30;4;25
25;2025-11-30;4;27
26;2025-11-30;4;27
28;2025-11-30;4;25
50;2025-11-30;4;0
1;2025-11-30;5;30
5;2025-11-30;5;0
7;2025-11-30;5;15
11;2025-11-30;5;24
12;2025-11-30;5;22
17;2025-11-30;5;34
25;2025-11-30;5;32
26;2025-11-30;5;22
28;2025-11-30;5;27
50;2025-11-30;5;0
1;2025-11-30;6;24
5;2025-11-30;6;0
7;2025-11-30;6;18
11;2025-11-30;6;24
12;2025-11-30;6;20
17;2025-11-30;6;26
25;2025-11-30;6;30
26;2025-11-30;6;35
28;2025-11-30;6;32
50;2025-11-30;6;0
1;2025-11-30;7;28
5;2025-11-30;7;0
7;2025-11-30;7;14
11;2025-11-30;7;21
12;2025-11-30;7;22
17;2025-11-30;7;34
25;2025-11-30;7;27
26;2025-11-30;7;28
28;2025-11-30;7;26
50;2025-11-30;7;0
1;2025-11-30;8;27
5;2025-11-30;8;0
7;2025-11-30;8;17
11;2025-11-30;8;20
12;2025-11-30;8;26
17;2025-11-30;8;34
25;2025-11-30;8;32
26;2025-11-30;8;29
28;2025-11-30;8;26
50;2025-11-30;8;0
1;2025-11-30;9;23
5;2025-11-30;9;0
7;2025-11-30;9;19
11;2025-11-30;9;26
12;2025-11-30;9;28
17;2025-11-30;9;24
25;2025-11-30;9;37
26;2025-11-30;9;18
28;2025-11-30;9;21
50;2025-11-30;9;0
1;2025-11-30;10;26
5;2025-11-30;10;0
7;2025-11-30;10;16
11;2025-11-30;10;24
12;2025-11-30;10;26
17;2025-11-30;10;28
25;2025-11-30;10;30
26;2025-11-30;10;23
28;2025-11-30;10;27
50;2025-11-30;10;0
1;2025-11-30;11;29
5;2025-11-30;11;0
7;2025-11-30;11;12
11;2025-11-30;11;22
12;2025-11-30;11;25
17;2025-11-30;11;31
25;2025-11-30;11;34
26;2025-11-30;11;20
28;2025-11-30;11;28
50;2025-11-30;11;0
1;2025-11-30;12;24
5;2025-11-30;12;0
7;2025-11-30;12;14
11;2025-11-30;12;28
12;2025-11-30;12;24
17;2025-11-30;12;26
25;2025-11-30;12;32
26;2025-11-30;12;26
28;2025-11-30;12;20
50;2025-11-30;12;0
1;2025-11-30;13;28
5;2025-11-30;13;0
7;2025-11-30;13;11
11;2025-11-30;13;27
12;2025-11-30;13;24
17;2025-11-30;13;27
25;2025-11-30;13;24
26;2025-11-30;13;30
28;2025-11-30;13;28
50;2025-11-30;13;0
1;2025-11-30;14;24
5;2025-11-30;14;0
7;2025-11-30;14;18
11;2025-11-30;14;23
12;2025-11-30;14;20
17;2025-11-30;14;29
25;2025-11-30;14;24
26;2025-11-30;14;28
28;2025-11-30;14;24
50;2025-11-30;14;0
1;2025-11-30;15;29
5;2025-11-30;15;0
7;2025-11-30;15;12
11;2025-11-30;15;28
12;2025-11-30;15;22
17;2025-11-30;15;32
25;2025-11-30;15;24
26;2025-11-30;15;26
28;2025-11-30;15;25
50;2025-11-30;15;0
1;2025-11-30;16;24
5;2025-11-30;16;0
7;2025-11-30;16;14
11;2025-11-30;16;24
12;2025-11-30;16;24
17;2025-11-30;16;29
25;2025-11-30;16;26
26;2025-11-30;16;27
28;2025-11-30;16;24
50;2025-11-30;16;0
1;2025-11-30;17;30
5;2025-11-30;17;0
7;2025-11-30;17;19
11;2025-11-30;17;20
12;2025-11-30;17;22
17;2025-11-30;17;32
25;2025-11-30;17;33
26;2025-11-30;17;30
28;2025-11-30;17;23
50;2025-11-30;17;0
1;2025-11-30;18;24
5;2025-11-30;18;0
7;2025-11-30;18;18
11;2025-11-30;18;18
12;2025-11-30;18;26
17;2025-11-30;18;31
25;2025-11-30;18;30
26;2025-11-30;18;22
28;2025-11-30;18;20
50;2025-11-30;18;0
1;2025-11-30;19;29
5;2025-11-30;19;0
7;2025-11-30;19;16
11;2025-11-30;19;20
12;2025-11-30;19;25
17;2025-11-30;19;22
25;2025-11-30;19;31
26;2025-11-30;19;23
28;2025-11-30;19;21
50;2025-11-30;19;0
1;2025-11-30;20;26
5;2025-11-30;20;0
7;2025-11-30;20;17
11;2025-11-30;20;26
12;2025-11-30;20;28
17;2025-11-30;20;23
25;2025-11-30;20;27
26;2025-11-30;20;24
28;2025-11-30;20;28
50;2025-11-30;20;0
1;2025-11-30;21;23
5;2025-11-30;21;0
7;2025-11-30;21;17
11;2025-11-30;21;25
12;2025-11-30;21;24
17;2025-11-30;21;31
25;2025-11-30;21;23
26;2025-11-30;21;26
28;2025-11-30;21;29
50;2025-11-30;21;0
1;2025-11-30;22;16
5;2025-11-30;22;0
7;2025-11-30;22;16
11;2025-11-30;22;16
12;2025-11-30;22;25
17;2025-11-30;22;34
25;2025-11-30;22;28
26;2025-11-30;22;26
28;2025-11-30;22;16
50;2025-11-30;22;0
1;2025-11-30;23;14
5;2025-11-30;23;0
7;2025-11-30;23;14
11;2025-11-30;23;23
12;2025-11-30;23;21
17;2025-11-30;23;30
25;2025-11-30;23;36
26;2025-11-30;23;33
28;2025-11-30;23;31
50;2025-11-30;23;0
1;2025-12-01;0;29
5;2025-12-01;0;0
7;2025-12-01;0;20
11;2025-12-01;0;25
12;2025-12-01;0;27
17;2025-12-01;0;34
25;2025-12-01;0;27
26;2025-12-01;0;22
28;2025-12-01;0;22
50;2025-12-01;0;25
1;2025-12-01;1;20
5;2025-12-01;1;0
7;2025-12-01;1;23
11;2025-12-01;1;25
12;2025-12-01;1;30
17;2025-12-01;1;27
25;2025-12-01;1;27
26;2025-12-01;1;23
28;2025-12-01;1;21
50;2025-12-01;1;27
1;2025-12-01;2;30
5;2025-12-01;2;0
7;2025-12-01;2;22
11;2025-12-01;2;33
12;2025-12-01;2;18
17;2025-12-01;2;23
25;2025-12-01;2;23
26;2025-12-01;2;22
28;2025-12-01;2;25
50;2025-12-01;2;27
1;2025-12-01;3;21
5;2025-12-01;3;0
7;2025-12-01;3;22
11;2025-12-01;3;29
12;2025-12-01;3;29
17;2025-12-01;3;10
25;2025-12-01;3;27
26;2025-12-01;3;27
28;2025-12-01;3;26
50;2025-12-01;3;24
1;2025-12-01;4;26
5;2025-12-01;4;0
7;2025-12-01;4;26
11;2025-12-01;4;17
12;2025-12-01;4;30
17;2025-12-01;4;17
25;2025-12-01;4;26
26;2025-12-01;4;31
28;2025-12-01;4;26
50;2025-12-01;4;21
1;2025-12-01;5;21
5;2025-12-01;5;0
7;2025-12-01;5;27
11;2025-12-01;5;28
12;2025-12-01;5;22
17;2025-12-01;5;25
25;2025-12-01;5;27
26;2025-12-01;5;25
28;2025-12-01;5;34
50;2025-12-01;5;24
1;2025-12-01;6;27
5;2025-12-01;6;0
7;2025-12-01;6;29
11;2025-12-01;6;16
12;2025-12-01;6;22
17;2025-12-01;6;21
25;2025-12-01;6;21
26;2025-12-01;6;22
28;2025-12-01;6;34
50;2025-12-01;6;27
1;2025-12-01;7;28
5;2025-12-01;7;0
7;2025-12-01;7;30
11;2025-12-01;7;24
12;2025-12-01;7;24
17;2025-12-01;7;22
25;2025-12-01;7;32
26;2025-12-01;7;31
28;2025-12-01;7;28
50;2025-12-01;7;25
1;2025-12-01;8;20
5;2025-12-01;8;0
7;2025-12-01;8;23
11;2025-12-01;8;22
12;2025-12-01;8;26
17;2025-12-01;8;26
25;2025-12-01;8;24
26;2025-12-01;8;30
28;2025-12-01;8;30
50;2025-12-01;8;31
1;2025-12-01;9;28
5;2025-12-01;9;0
7;2025-12-01;9;23
11;2025-12-01;9;31
12;2025-12-01;9;19
17;2025-12-01;9;22
25;2025-12-01;9;20
26;2025-12-01;9;33
28;2025-12-01;9;22
50;2025-12-01;9;23
1;2025-12-01;10;31
5;2025-12-01;10;0
7;2025-12-01;10;26
11;2025-12-01;10;20
12;2025-12-01;10;18
17;2025-12-01;10;27
25;2025-12-01;10;33
26;2025-12-01;10;27
28;2025-12-01;10;31
50;2025-12-01;10;27
1;2025-12-01;11;23
5;2025-12-01;11;0
7;2025-12-01;11;31
11;2025-12-01;11;32
12;2025-12-01;11;24
17;2025-12-01;11;28
25;2025-12-01;11;25
26;2025-12-01;11;27
28;2025-12-01;11;24
50;2025-12-01;11;34
1;2025-12-01;12;23
5;2025-12-01;12;0
7;2025-12-01;12;27
11;2025-12-01;12;26
12;2025-12-01;12;31
17;2025-12-01;12;31
25;2025-12-01;12;26
26;2025-12-01;12;25
28;2025-12-01;12;21
50;2025-12-01;12;25
1;2025-12-01;13;21
5;2025-12-01;13;0
7;2025-12-01;13;20
11;2025-12-01;13;28
12;2025-12-01;13;24
17;2025-12-01;13;27
25;2025-12-01;13;21
26;2025-12-01;13;23
28;2025-12-01;13;29
50;2025-12-01;13;29
1;2025-12-01;14;24
5;2025-12-01;14;0
7;2025-12-01;14;20
11;2025-12-01;14;32
12;2025-12-01;14;25
17;2025-12-01;14;21
25;2025-12-01;14;23
26;2025-12-01;14;31
28;2025-12-01;14;23
50;2025-12-01;14;25
1;2025-12-01;15;19
5;2025-12-01;15;0
7;2025-12-01;15;17
11;2025-12-01;15;25
12;2025-12-01;15;24
17;2025-12-01;15;20
25;2025-12-01;15;21
26;2025-12-01;15;21
28;2025-12-01;15;25
50;2025-12-01;15;25
1;2025-12-01;16;31
5;2025-12-01;16;0
7;2025-12-01;16;30
11;2025-12-01;16;25
12;2025-12-01;16;29
17;2025-12-01;16;15
25;2025-12-01;16;26
26;2025-12-01;16;25
28;2025-12-01;16;17
50;2025-12-01;16;22
1;2025-12-01;17;16
5;2025-12-01;17;0
7;2025-12-01;17;19
11;2025-12-01;17;27
12;2025-12-01;17;26
17;2025-12-01;17;26
25;2025-12-01;17;21
26;2025-12-01;17;27
28;2025-12-01;17;29
50;2025-12-01;17;28
1;2025-12-01;18;29
5;2025-12-01;18;0
7;2025-12-01;18;24
11;2025-12-01;18;36
12;2025-12-01;18;26
17;2025-12-01;18;25
25;2025-12-01;18;35
26;2025-12-01;18;26
28;2025-12-01;18;32
50;2025-12-01;18;26
1;2025-12-01;19;30
5;2025-12-01;19;0
7;2025-12-01;19;26
11;2025-12-01;19;23
12;2025-12-01;19;23
17;2025-12-01;19;26
25;2025-12-01;19;32
26;2025-12-01;19;21
28;2025-12-01;19;25
50;2025-12-01;19;27
1;2025-12-01;20;30
5;2025-12-01;20;0
7;2025-12-01;20;18
11;2025-12-01;20;27
12;2025-12-01;20;23
17;2025-12-01;20;34
25;2025-12-01;20;30
26;2025-12-01;20;21
28;2025-12-01;20;26
50;2025-12-01;20;28
1;2025-12-01;21;27
5;2025-12-01;21;0
7;2025-12-01;21;25
11;2025-12-01;21;27
12;2025-12-01;21;31
17;2025-12-01;21;28
25;2025-12-01;21;21
26;2025-12-01;21;26
28;2025-12-01;21;19
50;2025-12-01;21;24
1;2025-12-01;22;22
5;2025-12-01;22;0
7;2025-12-01;22;30
11;2025-12-01;22;27
12;2025-12-01;22;19
17;2025-12-01;22;20
25;2025-12-01;22;21
26;2025-12-01;22;28
28;2025-12-01;22;31
50;2025-12-01;22;25
1;2025-12-01;23;24
5;2025-12-01;23;0
7;2025-12-01;23;30
11;2025-12-01;23;25
12;2025-12-01;23;29
17;2025-12-01;23;25
25;2025-12-01;23;30
26;2025-12-01;23;33
28;2025-12-01;23;29
50;2025-12-01;23;27
1;2025-12-02;0;18
5;2025-12-02;0;0
7;2025-12-02;0;17
11;2025-12-02;0;19
12;2025-12-02;0;20
17;2025-12-02;0;32
25;2025-12-02;0;36
26;2025-12-02;0;22
28;2025-12-02;0;22
50;2025-12-02;0;28
1;2025-12-02;1;26
5;2025-12-02;1;0
7;2025-12-02;1;27
11;2025-12-02;1;19
12;2025-12-02;1;18
17;2025-12-02;1;31
25;2025-12-02;1;22
26;2025-12-02;1;30
28;2025-12-02;1;29
50;2025-12-02;1;29
1;2025-12-02;2;22
5;2025-12-02;2;0
7;2025-12-02;2;23
11;2025-12-02;2;18
12;2025-12-02;2;27
17;2025-12-02;2;25
25;2025-12-02;2;25
26;2025-12-02;2;27
28;2025-12-02;2;22
50;2025-12-02;2;33
1;2025-12-02;3;16
5;2025-12-02;3;0
7;2025-12-02;3;26
11;2025-12-02;3;36
12;2025-12-02;3;22
17;2025-12-02;3;21
25;2025-12-02;3;24
26;2025-12-02;3;28
28;2025-12-02;3;32
50;2025-12-02;3;24
1;2025-12-02;4;31
5;2025-12-02;4;0
7;2025-12-02;4;26
11;2025-12-02;4;27
12;2025-12-02;4;23
17;2025-12-02;4;24
25;2025-12-02;4;34
26;2025-12-02;4;28
28;2025-12-02;4;23
50;2025-12-02;4;28
1;2025-12-02;5;30
5;2025-12-02;5;0
7;2025-12-02;5;25
11;2025-12-02;5;31
12;2025-12-02;5;30
17;2025-12-02;5;25
25;2025-12-02;5;23
26;2025-12-02;5;20
28;2025-12-02;5;32
50;2025-12-02;5;29
1;2025-12-02;6;22
5;2025-12-02;6;0
7;2025-12-02;6;26
11;2025-12-02;6;18
12;2025-12-02;6;26
17;2025-12-02;6;35
25;2025-12-02;6;20
26;2025-12-02;6;30
28;2025-12-02;6;23
50;2025-12-02;6;25
1;2025-12-02;7;18
5;2025-12-02;7;0
7;2025-12-02;7;32
11;2025-12-02;7;29
12;2025-12-02;7;30
17;2025-12-02;7;18
25;2025-12-02;7;25
26;2025-12-02;7;29
28;2025-12-02;7;32
50;2025-12-02;7;23
1;2025-12-02;8;27
5;2025-12-02;8;0
7;2025-12-02;8;21
11;2025-12-02;8;24
12;2025-12-02;8;23
17;2025-12-02;8;28
25;2025-12-02;8;24
26;2025-12-02;8;23
28;2025-12-02;8;29
50;2025-12-02;8;30
1;2025-12-02;9;31
5;2025-12-02;9;0
7;2025-12-02;9;28
11;2025-12-02;9;20
12;2025-12-02;9;28
17;2025-12-02;9;27
25;2025-12-02;9;23
26;2025-12-02;9;27
28;2025-12-02;9;26
50;2025-12-02;9;29
1;2025-12-02;10;23
5;2025-12-02;10;0
7;2025-12-02;10;26
11;2025-12-02;10;23
12;2025-12-02;10;24
17;2025-12-02;10;29
25;2025-12-02;10;35
26;2025-12-02;10;20
28;2025-12-02;10;28
50;2025-12-02;10;16
1;2025-12-02;11;33
5;2025-12-02;11;0
7;2025-12-02;11;25
11;2025-12-02;11;28
12;2025-12-02;11;25
17;2025-12-02;11;27
25;2025-12-02;11;31
26;2025-12-02;11;26
28;2025-12-02;11;22
50;2025-12-02;11;22
1;2025-12-02;12;26
5;2025-12-02;12;0
7;2025-12-02;12;25
11;2025-12-02;12;22
12;2025-12-02;12;28
17;2025-12-02;12;30
25;2025-12-02;12;29
26;2025-12-02;12;22
28;2025-12-02;12;37
50;2025-12-02;12;34
1;2025-12-02;13;29
5;2025-12-02;13;0
7;2025-12-02;13;23
11;2025-12-02;13;30
12;2025-12-02;13;31
17;2025-12-02;13;22
25;2025-12-02;13;23
26;2025-12-02;13;24
28;2025-12-02;13;22
50;2025-12-02;13;32
1;2025-12-02;14;25
5;2025-12-02;14;0
7;2025-12-02;14;21
11;2025-12-02;14;32
12;2025-12-02;14;26
17;2025-12-02;14;24
25;2025-12-02;14;23
26;2025-12-02;14;21
28;2025-12-02;14;25
50;2025-12-02;14;26
1;2025-12-02;15;22
5;2025-12-02;15;0
7;2025-12-02;15;25
11;2025-12-02;15;24
12;2025-12-02;15;27
17;2025-12-02;15;27
25;2025-12-02;15;32
26;2025-12-02;15;26
28;2025-12-02;15;24
50;2025-12-02;15;28
1;2025-12-02;16;27
5;2025-12-02;16;0
7;2025-12-02;16;32
11;2025-12-02;16;28
12;2025-12-02;16;23
17;2025-12-02;16;29
25;2025-12-02;16;33
26;2025-12-02;16;27
28;2025-12-02;16;23
50;2025-12-02;16;23
1;2025-12-02;17;26
5;2025-12-02;17;0
7;2025-12-02;17;26
11;2025-12-02;17;17
12;2025-12-02;17;29
17;2025-12-02;17;30
25;2025-12-02;17;17
26;2025-12-02;17;22
28;2025-12-02;17;25
50;2025-12-02;17;24
1;2025-12-02;18;22
5;2025-12-02;18;0
7;2025-12-02;18;27
11;2025-12-02;18;17
12;2025-12-02;18;19
17;2025-12-02;18;26
25;2025-12-02;18;32
26;2025-12-02;18;34
28;2025-12-02;18;20
50;2025-12-02;18;20
1;2025-12-02;19;27
5;2025-12-02;19;0
7;2025-12-02;19;28
11;2025-12-02;19;23
12;2025-12-02;19;27
17;2025-12-02;19;30
25;2025-12-02;19;24
26;2025-12-02;19;22
28;2025-12-02;19;29
50;2025-12-02;19;22
1;2025-12-02;20;26
5;2025-12-02;20;0
7;2025-12-02;20;18
11;2025-12-02;20;31
12;2025-12-02;20;20
17;2025-12-02;20;18
25;2025-12-02;20;31
26;2025-12-02;20;21
28;2025-12-02;20;23
50;2025-12-02;20;20
1;2025-12-02;21;31
5;2025-12-02;21;0
7;2025-12-02;21;17
11;2025-12-02;21;31
12;2025-12-02;21;29
17;2025-12-02;21;29
25;2025-12-02;21;18
26;2025-12-02;21;20
28;2025-12-02;21;25
50;2025-12-02;21;24
1;2025-12-02;22;24
5;2025-12-02;22;0
7;2025-12-02;22;25
11;2025-12-02;22;25
12;2025-12-02;22;24
17;2025-12-02;22;22
25;2025-12-02;22;27
26;2025-12-02;22;22
28;2025-12-02;22;31
50;2025-12-02;22;26
1;2025-12-02;23;25
5;2025-12-02;23;0
7;2025-12-02;23;16
11;2025-12-02;23;24
12;2025-12-02;23;34
17;2025-12-02;23;24
25;2025-12-02;23;29
26;2025-12-02;23;23
28;2025-12-02;23;20
50;2025-12-02;23;29
1;2025-12-03;0;22
5;2025-12-03;0;0
7;2025-12-03;0;32
11;2025-12-03;0;26
12;2025-12-03;0;33
17;2025-12-03;0;23
25;2025-12-03;0;20
26;2025-12-03;0;32
28;2025-12-03;0;26
50;2025-12-03;0;29
1;2025-12-03;1;29
5;2025-12-03;1;0
7;2025-12-03;1;19
11;2025-12-03;1;21
12;2025-12-03;1;22
17;2025-12-03;1;22
25;2025-12-03;1;37
26;2025-12-03;1;27
28;2025-12-03;1;16
50;2025-12-03;1;20
1;2025-12-03;2;27
5;2025-12-03;2;0
7;2025-12-03;2;26
11;2025-12-03;2;24
12;2025-12-03;2;27
17;2025-12-03;2;29
25;2025-12-03;2;23
26;2025-12-03;2;25
28;2025-12-03;2;29
50;2025-12-03;2;23
1;2025-12-03;3;24
5;2025-12-03;3;0
7;2025-12-03;3;31
11;2025-12-03;3;25
12;2025-12-03;3;25
17;2025-12-03;3;21
25;2025-12-03;3;21
26;2025-12-03;3;28
28;2025-12-03;3;22
50;2025-12-03;3;18
1;2025-12-03;4;24
5;2025-12-03;4;0
7;2025-12-03;4;27
11;2025-12-03;4;28
12;2025-12-03;4;24
17;2025-12-03;4;27
25;2025-12-03;4;24
26;2025-12-03;4;27
28;2025-12-03;4;24
50;2025-12-03;4;21
1;2025-12-03;5;27
5;2025-12-03;5;0
7;2025-12-03;5;25
11;2025-12-03;5;23
12;2025-12-03;5;23
17;2025-12-03;5;25
25;2025-12-03;5;32
26;2025-12-03;5;30
28;2025-12-03;5;29
50;2025-12-03;5;27
1;2025-12-03;6;25
5;2025-12-03;6;0
7;2025-12-03;6;29
11;2025-12-03;6;18
12;2025-12-03;6;23
17;2025-12-03;6;32
25;2025-12-03;6;26
26;2025-12-03;6;21
28;2025-12-03;6;30
50;2025-12-03;6;26
1;2025-12-03;7;21
5;2025-12-03;7;0
7;2025-12-03;7;28
11;2025-12-03;7;33
12;2025-12-03;7;19
17;2025-12-03;7;31
25;2025-12-03;7;19
26;2025-12-03;7;23
28;2025-12-03;7;33
50;2025-12-03;7;25
1;2025-12-03;8;24
5;2025-12-03;8;0
7;2025-12-03;8;24
11;2025-12-03;8;25
12;2025-12-03;8;30
17;2025-12-03;8;29
25;2025-12-03;8;22
26;2025-12-03;8;30
28;2025-12-03;8;24
50;2025-12-03;8;27
1;2025-12-03;9;33
5;2025-12-03;9;0
7;2025-12-03;9;25
11;2025-12-03;9;26
12;2025-12-03;9;22
17;2025-12-03;9;29
25;2025-12-03;9;26
26;2025-12-03;9;37
28;2025-12-03;9;16
50;2025-12-03;9;26
1;2025-12-03;10;31
5;2025-12-03;10;0
7;2025-12-03;10;26
11;2025-12-03;10;24
12;2025-12-03;10;26
17;2025-12-03;10;29
25;2025-12-03;10;29
26;2025-12-03;10;31
28;2025-12-03;10;30
50;2025-12-03;10;24
1;2025-12-03;11;22
5;2025-12-03;11;0
7;2025-12-03;11;20
11;2025-12-03;11;23
12;2025-12-03;11;29
17;2025-12-03;11;24
25;2025-12-03;11;34
26;2025-12-03;11;20
28;2025-12-03;11;24
50;2025-12-03;11;27
1;2025-12-03;12;34
5;2025-12-03;12;0
7;2025-12-03;12;30
11;2025-12-03;12;34
12;2025-12-03;12;27
17;2025-12-03;12;26
25;2025-12-03;12;27
26;2025-12-03;12;24
28;2025-12-03;12;20
50;2025-12-03;12;23
1;2025-12-03;13;23
5;2025-12-03;13;0
7;2025-12-03;13;28
11;2025-12-03;13;25
12;2025-12-03;13;30
17;2025-12-03;13;28
25;2025-12-03;13;21
26;2025-12-03;13;28
28;2025-12-03;13;22
50;2025-12-03;13;27
1;2025-12-03;14;32
5;2025-12-03;14;0
7;2025-12-03;14;19
11;2025-12-03;14;26
12;2025-12-03;14;28
17;2025-12-03;14;24
25;2025-12-03;14;25
26;2025-12-03;14;28
28;2025-12-03;14;26
50;2025-12-03;14;22
1;2025-12-03;15;26
5;2025-12-03;15;0
7;2025-12-03;15;24
11;2025-12-03;15;32
12;2025-12-03;15;25
17;2025-12-03;15;26
25;2025-12-03;15;25
26;2025-12-03;15;27
28;2025-12-03;15;15
50;2025-12-03;15;22
1;2025-12-03;16;32
5;2025-12-03;16;0
7;2025-12-03;16;26
11;2025-12-03;16;24
12;2025-12-03;16;25
17;2025-12-03;16;25
25;2025-12-03;16;33
26;2025-12-03;16;32
28;2025-12-03;16;27
50;2025-12-03;16;26
1;2025-12-03;17;27
5;2025-12-03;17;0
7;2025-12-03;17;15
11;2025-12-03;17;18
12;2025-12-03;17;30
17;2025-12-03;17;24
25;2025-12-03;17;25
26;2025-12-03;17;36
28;2025-12-03;17;23
50;2025-12-03;17;30
1;2025-12-03;18;30
5;2025-12-03;18;0
7;2025-12-03;18;20
11;2025-12-03;18;26
12;2025-12-03;18;23
17;2025-12-03;18;30
25;2025-12-03;18;27
26;2025-12-03;18;19
28;2025-12-03;18;29
50;2025-12-03;18;26
1;2025-12-03;19;29
5;2025-12-03;19;0
7;2025-12-03;19;23
11;2025-12-03;19;30
12;2025-12-03;19;28
17;2025-12-03;19;30
25;2025-12-03;19;27
26;2025-12-03;19;23
28;2025-12-03;19;19
50;2025-12-03;19;29
1;2025-12-03;20;28
5;2025-12-03;20;0
7;2025-12-03;20;32
11;2025-12-03;20;28
12;2025-12-03;20;19
17;2025-12-03;20;30
25;2025-12-03;20;31
26;2025-12-03;20;26
28;2025-12-03;20;28
50;2025-12-03;20;21
1;2025-12-03;21;26
5;2025-12-03;21;0
7;2025-12-03;21;28
11;2025-12-03;21;32
12;2025-12-03;21;19
17;2025-12-03;21;23
25;2025-12-03;21;26
26;2025-12-03;21;19
28;2025-12-03;21;26
50;2025-12-03;21;28
1;2025-12-03;22;25
5;2025-12-03;22;0
7;2025-12-03;22;25
11;2025-12-03;22;30
12;2025-12-03;22;31
17;2025-12-03;22;24
25;2025-12-03;22;28
26;2025-12-03;22;28
28;2025-12-03;22;24
50;2025-12-03;22;25
1;2025-12-03;23;29
5;2025-12-03;23;0
7;2025-12-03;23;25
11;2025-12-03;23;21
12;2025-12-03;23;26
17;2025-12-03;23;27
25;2025-12-03;23;26
26;2025-12-03;23;29
28;2025-12-03;23;14
50;2025-12-03;23;31
1;2025-12-04;0;33
5;2025-12-04;0;0
7;2025-12-04;0;15
11;2025-12-04;0;33
12;2025-12-04;0;25
17;2025-12-04;0;24
25;2025-12-04;0;23
26;2025-12-04;0;31
28;2025-12-04;0;24
50;2025-12-04;0;21
1;2025-12-04;1;18
5;2025-12-04;1;0
7;2025-12-04;1;25
11;2025-12-04;1;25
12;2025-12-04;1;16
17;2025-12-04;1;31
25;2025-12-04;1;21
26;2025-12-04;1;27
28;2025-12-04;1;24
50;2025-12-04;1;31
1;2025-12-04;2;25
5;2025-12-04;2;0
7;2025-12-04;2;25
11;2025-12-04;2;26
12;2025-12-04;2;30
17;2025-12-04;2;31
25;2025-12-04;2;28
26;2025-12-04;2;31
28;2025-12-04;2;26
50;2025-12-04;2;27
1;2025-12-04;3;34
5;2025-12-04;3;0
7;2025-12-04;3;19
11;2025-12-04;3;28
12;2025-12-04;3;29
17;2025-12-04;3;21
25;2025-12-04;3;25
26;2025-12-04;3;31
28;2025-12-04;3;24
50;2025-12-04;3;24
1;2025-12-04;4;22
5;2025-12-04;4;0
7;2025-12-04;4;25
11;2025-12-04;4;35
12;2025-12-04;4;18
17;2025-12-04;4;23
25;2025-12-04;4;22
26;2025-12-04;4;23
28;2025-12-04;4;23
50;2025-12-04;4;25
1;2025-12-04;5;24
5;2025-12-04;5;0
7;2025-12-04;5;26
11;2025-12-04;5;25
12;2025-12-04;5;29
17;2025-12-04;5;26
25;2025-12-04;5;27
26;2025-12-04;5;24
28;2025-12-04;5;28
50;2025-12-04;5;22
1;2025-12-04;6;31
5;2025-12-04;6;0
7;2025-12-04;6;33
11;2025-12-04;6;26
12;2025-12-04;6;31
17;2025-12-04;6;18
25;2025-12-04;6;23
26;2025-12-04;6;20
28;2025-12-04;6;25
50;2025-12-04;6;28
1;2025-12-04;7;27
5;2025-12-04;7;0
7;2025-12-04;7;18
11;2025-12-04;7;34
12;2025-12-04;7;35
17;2025-12-04;7;26
25;2025-12-04;7;26
26;2025-12-04;7;23
28;2025-12-04;7;20
50;2025-12-04;7;20
1;2025-12-04;8;25
5;2025-12-04;8;0
7;2025-12-04;8;21
11;2025-12-04;8;32
12;2025-12-04;8;31
17;2025-12-04;8;17
25;2025-12-04;8;18
26;2025-12-04;8;32
28;2025-12-04;8;19
50;2025-12-04;8;23
1;2025-12-04;9;25
5;2025-12-04;9;0
7;2025-12-04;9;23
11;2025-12-04;9;28
12;2025-12-04;9;23
17;2025-12-04;9;20
25;2025-12-04;9;22
26;2025-12-04;9;28
28;2025-12-04;9;20
50;2025-12-04;9;29
1;2025-12-04;10;27
5;2025-12-04;10;0
7;2025-12-04;10;27
11;2025-12-04;10;17
12;2025-12-04;10;24
17;2025-12-04;10;30
25;2025-12-04;10;26
26;2025-12-04;10;22
28;2025-12-04;10;23
50;2025-12-04;10;29
1;2025-12-04;11;22
5;2025-12-04;11;0
7;2025-12-04;11;27
11;2025-12-04;11;26
12;2025-12-04;11;32
17;2025-12-04;11;28
25;2025-12-04;11;24
26;2025-12-04;11;24
28;2025-12-04;11;27
50;2025-12-04;11;35
1;2025-12-04;12;32
5;2025-12-04;12;0
7;2025-12-04;12;34
11;2025-12-04;12;31
12;2025-12-04;12;20
17;2025-12-04;12;28
25;2025-12-04;12;25
26;2025-12-04;12;27
28;2025-12-04;12;28
50;2025-12-04;12;22
1;2025-12-04;13;24
5;2025-12-04;13;0
7;2025-12-04;13;22
11;2025-12-04;13;21
12;2025-12-04;13;27
17;2025-12-04;13;22
25;2025-12-04;13;8
26;2025-12-04;13;23
28;2025-12-04;13;20
50;2025-12-04;13;31
1;2025-12-04;14;24
5;2025-12-04;14;0
7;2025-12-04;14;30
11;2025-12-04;14;23
12;2025-12-04;14;21
17;2025-12-04;14;33
25;2025-12-04;14;26
26;2025-12-04;14;22
28;2025-12-04;14;25
50;2025-12-04;14;30
1;2025-12-04;15;30
5;2025-12-04;15;0
7;2025-12-04;15;29
11;2025-12-04;15;32
12;2025-12-04;15;19
17;2025-12-04;15;20
25;2025-12-04;15;23
26;2025-12-04;15;26
28;2025-12-04;15;33
50;2025-12-04;15;27
1;2025-12-04;16;35
5;2025-12-04;16;0
7;2025-12-04;16;25
11;2025-12-04;16;23
12;2025-12-04;16;28
17;2025-12-04;16;22
25;2025-12-04;16;28
26;2025-12-04;16;19
28;2025-12-04;16;25
50;2025-12-04;16;29
1;2025-12-04;17;27
5;2025-12-04;17;0
7;2025-12-04;17;27
11;2025-12-04;17;28
12;2025-12-04;17;27
17;2025-12-04;17;32
25;2025-12-04;17;22
26;2025-12-04;17;24
28;2025-12-04;17;25
50;2025-12-04;17;31
1;2025-12-04;18;17
5;2025-12-04;18;0
7;2025-12-04;18;30
11;2025-12-04;18;19
12;2025-12-04;18;23
17;2025-12-04;18;20
25;2025-12-04;18;25
26;2025-12-04;18;27
28;2025-12-04;18;29
50;2025-12-04;18;25
1;2025-12-04;19;29
5;2025-12-04;19;0
7;2025-12-04;19;23
11;2025-12-04;19;24
12;2025-12-04;19;19
17;2025-12-04;19;25
25;2025-12-04;19;29
26;2025-12-04;19;17
28;2025-12-04;19;29
50;2025-12-04;19;19
1;2025-12-04;20;27
5;2025-12-04;20;0
7;2025-12-04;20;36
11;2025-12-04;20;29
12;2025-12-04;20;25
17;2025-12-04;20;24
25;2025-12-04;20;24
26;2025-12-04;20;24
28;2025-12-04;20;27
50;2025-12-04;20;31
1;2025-12-04;21;22
5;2025-12-04;21;0
7;2025-12-04;21;24
11;2025-12-04;21;25
12;2025-12-04;21;30
17;2025-12-04;21;18
25;2025-12-04;21;18
26;2025-12-04;21;34
28;2025-12-04;21;23
50;2025-12-04;21;19
1;2025-12-04;22;26
5;2025-12-04;22;0
7;2025-12-04;22;33
11;2025-12-04;22;27
12;2025-12-04;22;20
17;2025-12-04;22;29
25;2025-12-04;22;29
26;2025-12-04;22;24
28;2025-12-04;22;31
50;2025-12-04;22;30
1;2025-12-04;23;24
5;2025-12-04;23;0
7;2025-12-04;23;32
11;2025-12-04;23;22
12;2025-12-04;23;31
17;2025-12-04;23;26
25;2025-12-04;23;29
26;2025-12-04;23;20
28;2025-12-04;23;33
50;2025-12-04;23;20
1;2025-12-05;0;31
5;2025-12-05;0;0
7;2025-12-05;0;11
11;2025-12-05;0;26
12;2025-12-05;0;23
17;2025-12-05;0;24
25;2025-12-05;0;16
26;2025-12-05;0;29
28;2025-12-05;0;22
50;2025-12-05;0;25
1;2025-12-05;1;24
5;2025-12-05;1;0
7;2025-12-05;1;15
11;2025-12-05;1;24
12;2025-12-05;1;24
17;2025-12-05;1;25
25;2025-12-05;1;30
26;2025-12-05;1;22
28;2025-12-05;1;38
50;2025-12-05;1;32
1;2025-12-05;2;34
5;2025-12-05;2;0
7;2025-12-05;2;30
11;2025-12-05;2;27
12;2025-12-05;2;28
17;2025-12-05;2;21
25;2025-12-05;2;25
26;2025-12-05;2;27
28;2025-12-05;2;17
50;2025-12-05;2;32
1;2025-12-05;3;30
5;2025-12-05;3;0
7;2025-12-05;3;27
11;2025-12-05;3;29
12;2025-12-05;3;31
17;2025-12-05;3;30
25;2025-12-05;3;27
26;2025-12-05;3;20
28;2025-12-05;3;27
50;2025-12-05;3;30
1;2025-12-05;4;28
5;2025-12-05;4;0
7;2025-12-05;4;24
11;2025-12-05;4;18
12;2025-12-05;4;26
17;2025-12-05;4;33
25;2025-12-05;4;31
26;2025-12-05;4;24
28;2025-12-05;4;33
50;2025-12-05;4;27
1;2025-12-05;5;24
5;2025-12-05;5;0
7;2025-12-05;5;26
11;2025-12-05;5;33
12;2025-12-05;5;23
17;2025-12-05;5;33
25;2025-12-05;5;28
26;2025-12-05;5;22
28;2025-12-05;5;29
50;2025-12-05;5;33
1;2025-12-05;6;19
5;2025-12-05;6;0
7;2025-12-05;6;22
11;2025-12-05;6;34
12;2025-12-05;6;12
17;2025-12-05;6;27
25;2025-12-05;6;26
26;2025-12-05;6;25
28;2025-12-05;6;24
50;2025-12-05;6;21
1;2025-12-05;7;23
5;2025-12-05;7;0
7;2025-12-05;7;24
11;2025-12-05;7;33
12;2025-12-05;7;28
17;2025-12-05;7;29
25;2025-12-05;7;28
26;2025-12-05;7;23
28;2025-12-05;7;22
50;2025-12-05;7;20
1;2025-12-05;8;29
5;2025-12-05;8;0
7;2025-12-05;8;31
11;2025-12-05;8;19
12;2025-12-05;8;21
17;2025-12-05;8;18
25;2025-12-05;8;27
26;2025-12-05;8;13
28;2025-12-05;8;22
50;2025-12-05;8;17
1;2025-12-05;9;24
5;2025-12-05;9;0
7;2025-12-05;9;24
11;2025-12-05;9;24
12;2025-12-05;9;26
17;2025-12-05;9;27
25;2025-12-05;9;28
26;2025-12-05;9;26
28;2025-12-05;9;25
50;2025-12-05;9;26
1;2025-12-05;10;23
5;2025-12-05;10;0
7;2025-12-05;10;19
11;2025-12-05;10;18
12;2025-12-05;10;23
17;2025-12-05;10;32
25;2025-12-05;10;20
26;2025-12-05;10;22
28;2025-12-05;10;21
50;2025-12-05;10;23
1;2025-12-05;11;20
5;2025-12-05;11;0
7;2025-12-05;11;31
11;2025-12-05;11;21
12;2025-12-05;11;35
17;2025-12-05;11;28
25;2025-12-05;11;16
26;2025-12-05;11;20
28;2025-12-05;11;24
50;2025-12-05;11;23
1;2025-12-05;12;19
5;2025-12-05;12;0
7;2025-12-05;12;22
11;2025-12-05;12;23
12;2025-12-05;12;20
17;2025-12-05;12;33
25;2025-12-05;12;28
26;2025-12-05;12;28
28;2025-12-05;12;21
50;2025-12-05;12;38
1;2025-12-05;13;20
5;2025-12-05;13;0
7;2025-12-05;13;30
11;2025-12-05;13;20
12;2025-12-05;13;25
17;2025-12-05;13;29
25;2025-12-05;13;25
26;2025-12-05;13;31
28;2025-12-05;13;23
50;2025-12-05;13;28
1;2025-12-05;14;22
5;2025-12-05;14;0
7;2025-12-05;14;24
11;2025-12-05;14;27
12;2025-12-05;14;19
17;2025-12-05;14;22
25;2025-12-05;14;23
26;2025-12-05;14;30
28;2025-12-05;14;24
50;2025-12-05;14;17
1;2025-12-05;15;29
5;2025-12-05;15;0
7;2025-12-05;15;23
11;2025-12-05;15;18
12;2025-12-05;15;31
17;2025-12-05;15;23
25;2025-12-05;15;21
26;2025-12-05;15;22
28;2025-12-05;15;21
50;2025-12-05;15;33
1;2025-12-05;16;23
5;2025-12-05;16;0
7;2025-12-05;16;21
11;2025-12-05;16;25
12;2025-12-05;16;28
17;2025-12-05;16;18
25;2025-12-05;16;22
26;2025-12-05;16;27
28;2025-12-05;16;24
50;2025-12-05;16;17
1;2025-12-05;17;19
5;2025-12-05;17;0
7;2025-12-05;17;25
11;2025-12-05;17;32
12;2025-12-05;17;31
17;2025-12-05;17;29
25;2025-12-05;17;27
26;2025-12-05;17;28
28;2025-12-05;17;19
50;2025-12-05;17;18
1;2025-12-05;18;27
5;2025-12-05;18;0
7;2025-12-05;18;25
11;2025-12-05;18;29
12;2025-12-05;18;30
17;2025-12-05;18;23
25;2025-12-05;18;21
26;2025-12-05;18;24
28;2025-12-05;18;34
50;2025-12-05;18;34
1;2025-12-05;19;24
5;2025-12-05;19;0
7;2025-12-05;19;28
11;2025-12-05;19;30
12;2025-12-05;19;24
17;2025-12-05;19;28
25;2025-12-05;19;25
26;2025-12-05;19;25
28;2025-12-05;19;20
50;2025-12-05;19;22
1;2025-12-05;20;19
5;2025-12-05;20;0
7;2025-12-05;20;31
11;2025-12-05;20;25
12;2025-12-05;20;22
17;2025-12-05;20;29
25;2025-12-05;20;22
26;2025-12-05;20;35
28;2025-12-05;20;20
50;2025-12-05;20;34
1;2025-12-05;21;28
5;2025-12-05;21;0
7;2025-12-05;21;24
11;2025-12-05;21;23
12;2025-12-05;21;24
17;2025-12-05;21;22
25;2025-12-05;21;31
26;2025-12-05;21;30
28;2025-12-05;21;29
50;2025-12-05;21;20
1;2025-12-05;22;26
5;2025-12-05;22;0
7;2025-12-05;22;21
11;2025-12-05;22;28
12;2025-12-05;22;14
17;2025-12-05;22;29
25;2025-12-05;22;31
26;2025-12-05;22;29
28;2025-12-05;22;18
50;2025-12-05;22;32
1;2025-12-05;23;24
5;2025-12-05;23;0
7;2025-12-05;23;19
11;2025-12-05;23;22
12;2025-12-05;23;20
17;2025-12-05;23;26
25;2025-12-05;23;27
26;2025-12-05;23;28
28;2025-12-05;23;30
50;2025-12-05;23;33
1;2025-12-06;0;23
5;2025-12-06;0;0
7;2025-12-06;0;16
11;2025-12-06;0;34
12;2025-12-06;0;20
17;2025-12-06;0;25
25;2025-12-06;0;33
26;2025-12-06;0;35
28;2025-12-06;0;16
50;2025-12-06;0;0
1;2025-12-06;1;34
5;2025-12-06;1;0
7;2025-12-06;1;17
11;2025-12-06;1;17
12;2025-12-06;1;22
17;2025-12-06;1;33
25;2025-12-06;1;33
26;2025-12-06;1;15
28;2025-12-06;1;25
50;2025-12-06;1;0
1;2025-12-06;2;27
5;2025-12-06;2;0
7;2025-12-06;2;17
11;2025-12-06;2;20
12;2025-12-06;2;24
17;2025-12-06;2;26
25;2025-12-06;2;30
26;2025-12-06;2;21
28;2025-12-06;2;26
50;2025-12-06;2;0
1;2025-12-06;3;19
5;2025-12-06;3;0
7;2025-12-06;3;13
11;2025-12-06;3;22
12;2025-12-06;3;14
17;2025-12-06;3;30
25;2025-12-06;3;19
26;2025-12-06;3;33
28;2025-12-06;3;31
50;2025-12-06;3;0
1;2025-12-06;4;21
5;2025-12-06;4;0
7;2025-12-06;4;13
11;2025-12-06;4;19
12;2025-12-06;4;15
17;2025-12-06;4;39
25;2025-12-06;4;27
26;2025-12-06;4;18
28;2025-12-06;4;31
50;2025-12-06;4;0
1;2025-12-06;5;22
5;2025-12-06;5;0
7;2025-12-06;5;11
11;2025-12-06;5;30
12;2025-12-06;5;17
17;2025-12-06;5;21
25;2025-12-06;5;25
26;2025-12-06;5;24
28;2025-12-06;5;20
50;2025-12-06;5;0
1;2025-12-06;6;19
5;2025-12-06;6;0
7;2025-12-06;6;14
11;2025-12-06;6;19
12;2025-12-06;6;25
17;2025-12-06;6;29
25;2025-12-06;6;26
26;2025-12-06;6;11
28;2025-12-06;6;17
50;2025-12-06;6;0
1;2025-12-06;7;26
5;2025-12-06;7;0
7;2025-12-06;7;10
11;2025-12-06;7;24
12;2025-12-06;7;27
17;2025-12-06;7;29
25;2025-12-06;7;28
26;2025-12-06;7;20
28;2025-12-06;7;26
50;2025-12-06;7;0
1;2025-12-06;8;27
5;2025-12-06;8;0
7;2025-12-06;8;18
11;2025-12-06;8;27
12;2025-12-06;8;21
17;2025-12-06;8;26
25;2025-12-06;8;25
26;2025-12-06;8;22
28;2025-12-06;8;29
50;2025-12-06;8;0
1;2025-12-06;9;25
5;2025-12-06;9;0
7;2025-12-06;9;8
11;2025-12-06;9;22
12;2025-12-06;9;22
17;2025-12-06;9;23
25;2025-12-06;9;24
26;2025-12-06;9;25
28;2025-12-06;9;32
50;2025-12-06;9;0
1;2025-12-06;10;28
5;2025-12-06;10;0
7;2025-12-06;10;8
11;2025-12-06;10;17
12;2025-12-06;10;22
17;2025-12-06;10;28
25;2025-12-06;10;24
26;2025-12-06;10;26
28;2025-12-06;10;27
50;2025-12-06;10;0
1;2025-12-06;11;21
5;2025-12-06;11;0
7;2025-12-06;11;16
11;2025-12-06;11;22
12;2025-12-06;11;32
17;2025-12-06;11;23
25;2025-12-06;11;35
26;2025-12-06;11;27
28;2025-12-06;11;28
50;2025-12-06;11;0
1;2025-12-06;12;24
5;2025-12-06;12;0
7;2025-12-06;12;13
11;2025-12-06;12;20
12;2025-12-06;12;25
17;2025-12-06;12;25
25;2025-12-06;12;24
26;2025-12-06;12;30
28;2025-12-06;12;29
50;2025-12-06;12;0
1;2025-12-06;13;21
5;2025-12-06;13;0
7;2025-12-06;13;13
11;2025-12-06;13;21
12;2025-12-06;13;27
17;2025-12-06;13;31
25;2025-12-06;13;30
26;2025-12-06;13;26
28;2025-12-06;13;28
50;2025-12-06;13;0
1;2025-12-06;14;22
5;2025-12-06;14;0
7;2025-12-06;14;11
11;2025-12-06;14;16
12;2025-12-06;14;31
17;2025-12-06;14;23
25;2025-12-06;14;25
26;2025-12-06;14;29
28;2025-12-06;14;25
50;2025-12-06;14;0
1;2025-12-06;15;24
5;2025-12-06;15;0
7;2025-12-06;15;13
11;2025-12-06;15;22
12;2025-12-06;15;30
17;2025-12-06;15;28
25;2025-12-06;15;20
26;2025-12-06;15;25
28;2025-12-06;15;25
50;2025-12-06;15;0
1;2025-12-06;16;26
5;2025-12-06;16;0
7;2025-12-06;16;11
11;2025-12-06;16;31
12;2025-12-06;16;20
17;2025-12-06;16;33
25;2025-12-06;16;31
26;2025-12-06;16;18
28;2025-12-06;16;25
50;2025-12-06;16;0
1;2025-12-06;17;15
5;2025-12-06;17;0
7;2025-12-06;17;10
11;2025-12-06;17;19
12;2025-12-06;17;30
17;2025-12-06;17;30
25;2025-12-06;17;27
26;2025-12-06;17;17
28;2025-12-06;17;35
50;2025-12-06;17;0
1;2025-12-06;18;20
5;2025-12-06;18;0
7;2025-12-06;18;14
11;2025-12-06;18;23
12;2025-12-06;18;24
17;2025-12-06;18;22
25;2025-12-06;18;28
26;2025-12-06;18;27
28;2025-12-06;18;21
50;2025-12-06;18;0
1;2025-12-06;19;26
5;2025-12-06;19;0
7;2025-12-06;19;16
11;2025-12-06;19;32
12;2025-12-06;19;24
17;2025-12-06;19;33
25;2025-12-06;19;31
26;2025-12-06;19;25
28;2025-12-06;19;19
50;2025-12-06;19;0
1;2025-12-06;20;15
5;2025-12-06;20;0
7;2025-12-06;20;15
11;2025-12-06;20;26
12;2025-12-06;20;23
17;2025-12-06;20;30
25;2025-12-06;20;37
26;2025-12-06;20;26
28;2025-12-06;20;23
50;2025-12-06;20;0
1;2025-12-06;21;21
5;2025-12-06;21;0
7;2025-12-06;21;16
11;2025-12-06;21;26
12;2025-12-06;21;26
17;2025-12-06;21;34
25;2025-12-06;21;28
26;2025-12-06;21;28
28;2025-12-06;21;20
50;2025-12-06;21;0
1;2025-12-06;22;21
5;2025-12-06;22;0
7;2025-12-06;22;16
11;2025-12-06;22;27
12;2025-12-06;22;20
17;2025-12-06;22;32
25;2025-12-06;22;25
26;2025-12-06;22;27
28;2025-12-06;22;29
50;2025-12-06;22;0
1;2025-12-06;23;25
5;2025-12-06;23;0
7;2025-12-06;23;11
11;2025-12-06;23;23
12;2025-12-06;23;24
17;2025-12-06;23;31
25;2025-12-06;23;27
26;2025-12-06;23;15
28;2025-12-06;23;29
50;2025-12-06;23;0
1;2025-12-07;0;24
5;2025-12-07;0;0
7;2025-12-07;0;15
11;2025-12-07;0;19
12;2025-12-07;0;23
17;2025-12-07;0;29
25;2025-12-07;0;22
26;2025-12-07;0;20
28;2025-12-07;0;24
50;2025-12-07;0;0
1;2025-12-07;1;22
5;2025-12-07;1;0
7;2025-12-07;1;15
11;2025-12-07;1;22
12;2025-12-07;1;25
17;2025-12-07;1;32
25;2025-12-07;1;28
26;2025-12-07;1;25
28;2025-12-07;1;26
50;2025-12-07;1;0
1;2025-12-07;2;19
5;2025-12-07;2;0
7;2025-12-07;2;19
11;2025-12-07;2;19
12;2025-12-07;2;25
17;2025-12-07;2;42
25;2025-12-07;2;25
26;2025-12-07;2;28
28;2025-12-07;2;22
50;2025-12-07;2;0
1;2025-12-07;3;26
5;2025-12-07;3;0
7;2025-12-07;3;15
11;2025-12-07;3;28
12;2025-12-07;3;24
17;2025-12-07;3;33
25;2025-12-07;3;29
26;2025-12-07;3;25
28;2025-12-07;3;19
50;2025-12-07;3;0
1;2025-12-07;4;24
5;2025-12-07;4;0
7;2025-12-07;4;11
11;2025-12-07;4;29
12;2025-12-07;4;18
17;2025-12-07;4;25
25;2025-12-07;4;27
26;2025-12-07;4;27
28;2025-12-07;4;25
50;2025-12-07;4;0
1;2025-12-07;5;30
5;2025-12-07;5;0
7;2025-12-07;5;15
11;2025-12-07;5;24
12;2025-12-07;5;22
17;2025-12-07;5;34
25;2025-12-07;5;32
26;2025-12-07;5;22
28;2025-12-07;5;27
50;2025-12-07;5;0
1;2025-12-07;6;24
5;2025-12-07;6;0
7;2025-12-07;6;18
11;2025-12-07;6;24
12;2025-12-07;6;20
17;2025-12-07;6;26
25;2025-12-07;6;30
26;2025-12-07;6;35
28;2025-12-07;6;32
50;2025-12-07;6;0
1;2025-12-07;7;28
5;2025-12-07;7;0
7;2025-12-07;7;14
11;2025-12-07;7;21
12;2025-12-07;7;22
17;2025-12-07;7;34
25;2025-12-07;7;27
26;2025-12-07;7;28
28;2025-12-07;7;26
50;2025-12-07;7;0
1;2025-12-07;8;27
5;2025-12-07;8;0
7;2025-12-07;8;17
11;2025-12-07;8;20
12;2025-12-07;8;26
17;2025-12-07;8;34
25;2025-12-07;8;32
26;2025-12-07;8;29
28;2025-12-07;8;26
50;2025-12-07;8;0
1;2025-12-07;9;23
5;2025-12-07;9;0
7;2025-12-07;9;19
11;2025-12-07;9;26
12;2025-12-07;9;28
17;2025-12-07;9;24
25;2025-12-07;9;37
26;2025-12-07;9;18
28;2025-12-07;9;21
50;2025-12-07;9;0
1;2025-12-07;10;26
5;2025-12-07;10;0
7;2025-12-07;10;16
11;2025-12-07;10;24
12;2025-12-07;10;26
17;2025-12-07;10;28
25;2025-12-07;10;30
26;2025-12-07;10;23
28;2025-12-07;10;27
50;2025-12-07;10;0
1;2025-12-07;11;29
5;2025-12-07;11;0
7;2025-12-07;11;12
11;2025-12-07;11;22
12;2025-12-07;11;25
17;2025-12-07;11;31
25;2025-12-07;11;34
26;2025-12-07;11;20
28;2025-12-07;11;28
50;2025-12-07;11;0
1;2025-12-07;12;24
5;2025-12-07;12;0
7;2025-12-07;12;14
11;2025-12-07;12;28
12;2025-12-07;12;24
17;2025-12-07;12;26
25;2025-12-07;12;32
26;2025-12-07;12;26
28;2025-12-07;12;20
50;2025-12-07;12;0
1;2025-12-07;13;28
5;2025-12-07;13;0
7;2025-12-07;13;11
11;2025-12-07;13;27
12;2025-12-07;13;24
17;2025-12-07;13;27
25;2025-12-07;13;24
26;2025-12-07;13;30
28;2025-12-07;13;28
50;2025-12-07;13;0
1;2025-12-07;14;24
5;2025-12-07;14;0
7;2025-12-07;14;18
11;2025-12-07;14;23
12;2025-12-07;14;20
17;2025-12-07;14;29
25;2025-12-07;14;24
26;2025-12-07;14;28
28;2025-12-07;14;24
50;2025-12-07;14;0
1;2025-12-07;15;29
5;2025-12-07;15;0
7;2025-12-07;15;12
11;2025-12-07;15;28
12;2025-12-07;15;22
17;2025-12-07;15;32
25;2025-12-07;15;24
26;2025-12-07;15;26
28;2025-12-07;15;25
50;2025-12-07;15;0
1;2025-12-07;16;24
5;2025-12-07;16;0
7;2025-12-07;16;14
11;2025-12-07;16;24
12;2025-12-07;16;24
17;2025-12-07;16;29
25;2025-12-07;16;26
26;2025-12-07;16;27
28;2025-12-07;16;24
50;2025-12-07;16;0
1;2025-12-07;17;30
5;2025-12-07;17;0
7;2025-12-07;17;19
11;2025-12-07;17;20
12;2025-12-07;17;22
17;2025-12-07;17;32
25;2025-12-07;17;33
26;2025-12-07;17;30
28;2025-12-07;17;23
50;2025-12-07;17;0
1;2025-12-07;18;24
5;2025-12-07;18;0
7;2025-12-07;18;18
11;2025-12-07;18;18
12;2025-12-07;18;26
17;2025-12-07;18;31
25;2025-12-07;18;30
26;2025-12-07;18;22
28;2025-12-07;18;20
50;2025-12-07;18;0
1;2025-12-07;19;29
5;2025-12-07;19;0
7;2025-12-07;19;16
11;2025-12-07;19;20
12;2025-12-07;19;25
17;2025-12-07;19;22
25;2025-12-07;19;31
26;2025-12-07;19;23
28;2025-12-07;19;21
50;2025-12-07;19;0
1;2025-12-07;20;26
5;2025-12-07;20;0
7;2025-12-07;20;17
11;2025-12-07;20;26
12;2025-12-07;20;28
17;2025-12-07;20;23
25;2025-12-07;20;27
26;2025-12-07;20;24
28;2025-12-07;20;28
50;2025-12-07;20;0
1;2025-12-07;21;23
5;2025-12-07;21;0
7;2025-12-07;21;17
11;2025-12-07;21;25
12;2025-12-07;21;24
17;2025-12-07;21;31
25;2025-12-07;21;23
26;2025-12-07;21;26
28;2025-12-07;21;29
50;2025-12-07;21;0
1;2025-12-07;22;16
5;2025-12-07;22;0
7;2025-12-07;22;16
11;2025-12-07;22;16
12;2025-12-07;22;25
17;2025-12-07;22;34
25;2025-12-07;22;28
26;2025-12-07;22;26
28;2025-12-07;22;16
50;2025-12-07;22;0
1;2025-12-07;23;14
5;2025-12-07;23;0
7;2025-12-07;23;14
11;2025-12-07;23;23
12;2025-12-07;23;21
17;2025-12-07;23;30
25;2025-12-07;23;36
26;2025-12-07;23;33
28;2025-12-07;23;31
50;2025-12-07;23;0
1;2025-12-08;0;29
5;2025-12-08;0;0
7;2025-12-08;0;20
11;2025-12-08;0;25
12;2025-12-08;0;27
17;2025-12-08;0;34
25;2025-12-08;0;27
26;2025-12-08;0;22
28;2025-12-08;0;22
50;2025-12-08;0;25
1;2025-12-08;1;20
5;2025-12-08;1;0
7;2025-12-08;1;23
11;2025-12-08;1;25
12;2025-12-08;1;30
17;2025-12-08;1;27
25;2025-12-08;1;27
26;2025-12-08;1;23
28;2025-12-08;1;21
50;2025-12-08;1;27
1;2025-12-08;2;30
5;2025-12-08;2;0
7;2025-12-08;2;22
11;2025-12-08;2;33
12;2025-12-08;2;18
17;2025-12-08;2;23
25;2025-12-08;2;23
26;2025-12-08;2;22
28;2025-12-08;2;25
50;2025-12-08;2;27
1;2025-12-08;3;21
5;2025-12-08;3;0
7;2025-12-08;3;22
11;2025-12-08;3;29
12;2025-12-08;3;29
17;2025-12-08;3;10
25;2025-12-08;3;27
26;2025-12-08;3;27
28;2025-12-08;3;26
50;2025-12-08;3;24
1;2025-12-08;4;26
5;2025-12-08;4;0
7;2025-12-08;4;26
11;2025-12-08;4;17
12;2025-12-08;4;30
17;2025-12-08;4;17
25;2025-12-08;4;26
26;2025-12-08;4;31
28;2025-12-08;4;26
50;2025-12-08;4;21
1;2025-12-08;5;21
5;2025-12-08;5;0
7;2025-12-08;5;27
11;2025-12-08;5;28
12;2025-12-08;5;22
17;2025-12-08;5;25
25;2025-12-08;5;27
26;2025-12-08;5;25
28;2025-12-08;5;34
50;2025-12-08;5;24
1;2025-12-08;6;27
5;2025-12-08;6;0
7;2025-12-08;6;29
11;2025-12-08;6;16
12;2025-12-08;6;22
17;2025-12-08;6;21
25;2025-12-08;6;21
26;2025-12-08;6;22
28;2025-12-08;6;34
50;2025-12-08;6;27
1;2025-12-08;7;28
5;2025-12-08;7;0
7;2025-12-08;7;30
11;2025-12-08;7;24
12;2025-12-08;7;24
17;2025-12-08;7;22
25;2025-12-08;7;32
26;2025-12-08;7;31
28;2025-12-08;7;28
50;2025-12-08;7;25
1;2025-12-08;8;20
5;2025-12-08;8;0
7;2025-12-08;8;23
11;2025-12-08;8;22
12;2025-12-08;8;26
17;2025-12-08;8;26
25;2025-12-08;8;24
26;2025-12-08;8;30
28;2025-12-08;8;30
50;2025-12-08;8;31
1;2025-12-08;9;28
5;2025-12-08;9;0
7;2025-12-08;9;23
11;2025-12-08;9;31
12;2025-12-08;9;19
17;2025-12-08;9;22
25;2025-12-08;9;20
26;2025-12-08;9;33
28;2025-12-08;9;22
50;2025-12-08;9;23
1;2025-12-08;10;31
5;2025-12-08;10;0
7;2025-12-08;10;26
11;2025-12-08;10;20
12;2025-12-08;10;18
17;2025-12-08;10;27
25;2025-12-08;10;33
26;2025-12-08;10;27
28;2025-12-08;10;31
50;2025-12-08;10;27
1;2025-12-08;11;23
5;2025-12-08;11;0
7;2025-12-08;11;31
11;2025-12-08;11;32
12;2025-12-08;11;24
17;2025-12-08;11;28
25;2025-12-08;11;25
26;2025-12-08;11;27
28;2025-12-08;11;24
50;2025-12-08;11;34
1;2025-12-08;12;23
5;2025-12-08;12;0
7;2025-12-08;12;27
11;2025-12-08;12;26
12;2025-12-08;12;31
17;2025-12-08;12;31
25;2025-12-08;12;26
26;2025-12-08;12;25
28;2025-12-08;12;21
50;2025-12-08;12;25
1;2025-12-08;13;21
5;2025-12-08;13;0
7;2025-12-08;13;20
11;2025-12-08;13;28
12;2025-12-08;13;24
17;2025-12-08;13;27
25;2025-12-08;13;21
26;2025-12-08;13;23
28;2025-12-08;13;29
50;2025-12-08;13;29
1;2025-12-08;14;24
5;2025-12-08;14;0
7;2025-12-08;14;20
11;2025-12-08;14;32
12;2025-12-08;14;25
17;2025-12-08;14;21
25;2025-12-08;14;23
26;2025-12-08;14;31
28;2025-12-08;14;23
50;2025-12-08;14;25
1;2025-12-08;15;19
5;2025-12-08;15;0
7;2025-12-08;15;17
11;2025-12-08;15;25
12;2025-12-08;15;24
17;2025-12-08;15;20
25;2025-12-08;15;21
26;2025-12-08;15;21
28;2025-12-08;15;25
50;2025-12-08;15;25
1;2025-12-08;16;31
5;2025-12-08;16;0
7;2025-12-08;16;30
11;2025-12-08;16;25
12;2025-12-08;16;29
17;2025-12-08;16;15
25;2025-12-08;16;26
26;2025-12-08;16;25
28;2025-12-08;16;17
50;2025-12-08;16;22
1;2025-12-08;17;16
5;2025-12-08;17;0
7;2025-12-08;17;19
11;2025-12-08;17;27
12;2025-12-08;17;26
17;2025-12-08;17;26
25;2025-12-08;17;21
26;2025-12-08;17;27
28;2025-12-08;17;29
50;2025-12-08;17;28
1;2025-12-08;18;29
5;2025-12-08;18;0
7;2025-12-08;18;24
11;2025-12-08;18;36
12;2025-12-08;18;26
17;2025-12-08;18;25
25;2025-12-08;18;35
26;2025-12-08;18;26
28;2025-12-08;18;32
50;2025-12-08;18;26
1;2025-12-08;19;30
5;2025-12-08;19;0
7;2025-12-08;19;26
11;2025-12-08;19;23
12;2025-12-08;19;23
17;2025-12-08;19;26
25;2025-12-08;19;32
26;2025-12-08;19;21
28;2025-12-08;19;25
50;2025-12-08;19;27
1;2025-12-08;20;30
5;2025-12-08;20;0
7;2025-12-08;20;18
11;2025-12-08;20;27
12;2025-12-08;20;23
17;2025-12-08;20;34
25;2025-12-08;20;30
26;2025-12-08;20;21
28;2025-12-08;20;26
50;2025-12-08;20;28
1;2025-12-08;21;27
5;2025-12-08;21;0
7;2025-12-08;21;25
11;2025-12-08;21;27
12;2025-12-08;21;31
17;2025-12-08;21;28
25;2025-12-08;21;21
26;2025-12-08;21;26
28;2025-12-08;21;19
50;2025-12-08;21;24
1;2025-12-08;22;22
5;2025-12-08;22;0
7;2025-12-08;22;30
11;2025-12-08;22;27
12;2025-12-08;22;19
17;2025-12-08;22;20
25;2025-12-08;22;21
26;2025-12-08;22;28
28;2025-12-08;22;31
50;2025-12-08;22;25
1;2025-12-08;23;24
5;2025-12-08;23;0
7;2025-12-08;23;30
11;2025-12-08;23;25
12;2025-12-08;23;29
17;2025-12-08;23;25
25;2025-12-08;23;30
26;2025-12-08;23;33
28;2025-12-08;23;29
50;2025-12-08;23;27
1;2025-12-09;0;18
5;2025-12-09;0;0
7;2025-12-09;0;17
11;2025-12-09;0;19
12;2025-12-09;0;20
17;2025-12-09;0;32
25;2025-12-09;0;36
26;2025-12-09;0;22
28;2025-12-09;0;22
50;2025-12-09;0;28
1;2025-12-09;1;26
5;2025-12-09;1;0
7;2025-12-09;1;27
11;2025-12-09;1;19
12;2025-12-09;1;18
17;2025-12-09;1;31
25;2025-12-09;1;22
26;2025-12-09;1;30
28;2025-12-09;1;29
50;2025-12-09;1;29
1;2025-12-09;2;22
5;2025-12-09;2;0
7;2025-12-09;2;23
11;2025-12-09;2;18
12;2025-12-09;2;27
17;2025-12-09;2;25
25;2025-12-09;2;25
26;2025-12-09;2;27
28;2025-12-09;2;22
50;2025-12-09;2;33
1;2025-12-09;3;16
5;2025-12-09;3;0
7;2025-12-09;3;26
11;2025-12-09;3;36
12;2025-12-09;3;22
17;2025-12-09;3;21
25;2025-12-09;3;24
26;2025-12-09;3;28
28;2025-12-09;3;32
50;2025-12-09;3;24
1;2025-12-09;4;31
5;2025-12-09;4;0
7;2025-12-09;4;26
11;2025-12-09;4;27
12;2025-12-09;4;23
17;2025-12-09;4;24
25;2025-12-09;4;34
26;2025-12-09;4;28
28;2025-12-09;4;23
50;2025-12-09;4;28
1;2025-12-09;5;30
5;2025-12-09;5;0
7;2025-12-09;5;25
11;2025-12-09;5;31
12;2025-12-09;5;30
17;2025-12-09;5;25
25;2025-12-09;5;23
26;2025-12-09;5;20
28;2025-12-09;5;32
50;2025-12-09;5;29
1;2025-12-09;6;22
5;2025-12-09;6;0
7;2025-12-09;6;26
11;2025-12-09;6;18
12;2025-12-09;6;26
17;2025-12-09;6;35
25;2025-12-09;6;20
26;2025-12-09;6;30
28;2025-12-09;6;23
50;2025-12-09;6;25
1;2025-12-09;7;18
5;2025-12-09;7;0
7;2025-12-09;7;32
11;2025-12-09;7;29
12;2025-12-09;7;30
17;2025-12-09;7;18
25;2025-12-09;7;25
26;2025-12-09;7;29
28;2025-12-09;7;32
50;2025-12-09;7;23
1;2025-12-09;8;27
5;2025-12-09;8;0
7;2025-12-09;8;21
11;2025-12-09;8;24
12;2025-12-09;8;23
17;2025-12-09;8;28
25;2025-12-09;8;24
26;2025-12-09;8;23
28;2025-12-09;8;29
50;2025-12-09;8;30
1;2025-12-09;9;31
5;2025-12-09;9;0
7;2025-12-09;9;28
11;2025-12-09;9;20
12;2025-12-09;9;28
17;2025-12-09;9;27
25;2025-12-09;9;23
26;2025-12-09;9;27
28;2025-12-09;9;26
50;2025-12-09;9;29
1;2025-12-09;10;23
5;2025-12-09;10;0
7;2025-12-09;10;26
11;2025-12-09;10;23
12;2025-12-09;10;24
17;2025-12-09;10;29
25;2025-12-09;10;35
26;2025-12-09;10;20
28;2025-12-09;10;28
50;2025-12-09;10;16
1;2025-12-09;11;33
5;2025-12-09;11;0
7;2025-12-09;11;25
11;2025-12-09;11;28
12;2025-12-09;11;25
17;2025-12-09;11;27
25;2025-12-09;11;31
26;2025-12-09;11;26
28;2025-12-09;11;22
50;2025-12-09;11;22
1;2025-12-09;12;26
5;2025-12-09;12;0
7;2025-12-09;12;25
11;2025-12-09;12;22
12;2025-12-09;12;28
17;2025-12-09;12;30
25;2025-12-09;12;29
26;2025-12-09;12;22
28;2025-12-09;12;37
50;2025-12-09;12;34
1;2025-12-09;13;29
5;2025-12-09;13;0
7;2025-12-09;13;23
11;2025-12-09;13;30
12;2025-12-09;13;31
17;2025-12-09;13;22
25;2025-12-09;13;23
26;2025-12-09;13;24
28;2025-12-09;13;22
50;2025-12-09;13;32
1;2025-12-09;14;25
5;2025-12-09;14;0
7;2025-12-09;14;21
11;2025-12-09;14;32
12;2025-12-09;14;26
17;2025-12-09;14;24
25;2025-12-09;14;23
26;2025-12-09;14;21
28;2025-12-09;14;25
50;2025-12-09;14;26
1;2025-12-09;15;22
5;2025-12-09;15;0
7;2025-12-09;15;25
11;2025-12-09;15;24
12;2025-12-09;15;27
17;2025-12-09;15;27
25;2025-12-09;15;32
26;2025-12-09;15;26
28;2025-12-09;15;24
50;2025-12-09;15;28
1;2025-12-09;16;27
5;2025-12-09;16;0
7;2025-12-09;16;32
11;2025-12-09;16;28
12;2025-12-09;16;23
17;2025-12-09;16;29
25;2025-12-09;16;33
26;2025-12-09;16;27
28;2025-12-09;16;23
50;2025-12-09;16;23
1;2025-12-09;17;26
5;2025-12-09;17;0
7;2025-12-09;17;26
11;2025-12-09;17;17
12;2025-12-09;17;29
17;2025-12-09;17;30
25;2025-12-09;17;17
26;2025-12-09;17;22
28;2025-12-09;17;25
50;2025-12-09;17;24
1;2025-12-09;18;22
5;2025-12-09;18;0
7;2025-12-09;18;27
11;2025-12-09;18;17
12;2025-12-09;18;19
17;2025-12-09;18;26
25;2025-12-09;18;32
26;2025-12-09;18;34
28;2025-12-09;18;20
50;2025-12-09;18;20
1;2025-12-09;19;27
5;2025-12-09;19;0
7;2025-12-09;19;28
11;2025-12-09;19;23
12;2025-12-09;19;27
17;2025-12-09;19;30
25;2025-12-09;19;24
26;2025-12-09;19;22
28;2025-12-09;19;29
50;2025-12-09;19;22
1;2025-12-09;20;26
5;2025-12-09;20;0
7;2025-12-09;20;18
11;2025-12-09;20;31
12;2025-12-09;20;20
17;2025-12-09;20;18
25;2025-12-09;20;31
26;2025-12-09;20;21
28;2025-12-09;20;23
50;2025-12-09;20;20
1;2025-12-09;21;31
5;2025-12-09;21;0
7;2025-12-09;21;17
11;2025-12-09;21;31
12;2025-12-09;21;29
17;2025-12-09;21;29
25;2025-12-09;21;18
26;2025-12-09;21;20
28;2025-12-09;21;25
50;2025-12-09;21;24
1;2025-12-09;22;24
5;2025-12-09;22;0
7;2025-12-09;22;25
11;2025-12-09;22;25
12;2025-12-09;22;24
17;2025-12-09;22;22
25;2025-12-09;22;27
26;2025-12-09;22;22
28;2025-12-09;22;31
50;2025-12-09;22;26
1;2025-12-09;23;25
5;2025-12-09;23;0
7;2025-12-09;23;16
11;2025-12-09;23;24
12;2025-12-09;23;34
17;2025-12-09;23;24
25;2025-12-09;23;29
26;2025-12-09;23;23
28;2025-12-09;23;20
50;2025-12-09;23;29
1;2025-12-10;0;22
5;2025-12-10;0;0
7;2025-12-10;0;32
11;2025-12-10;0;26
12;2025-12-10;0;33
17;2025-12-10;0;23
25;2025-12-10;0;20
26;2025-12-10;0;32
28;2025-12-10;0;26
50;2025-12-10;0;29
1;2025-12-10;1;29
5;2025-12-10;1;0
7;2025-12-10;1;19
11;2025-12-10;1;21
12;2025-12-10;1;22
17;2025-12-10;1;22
25;2025-12-10;1;37
26;2025-12-10;1;27
28;2025-12-10;1;16
50;2025-12-10;1;20
1;2025-12-10;2;27
5;2025-12-10;2;0
7;2025-12-10;2;26
11;2025-12-10;2;24
12;2025-12-10;2;27
17;2025-12-10;2;29
25;2025-12-10;2;23
26;2025-12-10;2;25
28;2025-12-10;2;29
50;2025-12-10;2;23
1;2025-12-10;3;24
5;2025-12-10;3;0
7;2025-12-10;3;31
11;2025-12-10;3;25
12;2025-12-10;3;25
17;2025-12-10;3;21
25;2025-12-10;3;21
26;2025-12-10;3;28
28;2025-12-10;3;22
50;2025-12-10;3;18
1;2025-12-10;4;24
5;2025-12-10;4;0
7;2025-12-10;4;27
11;2025-12-10;4;28
12;2025-12-10;4;24
17;2025-12-10;4;27
25;2025-12-10;4;24
26;2025-12-10;4;27
28;2025-12-10;4;24
50;2025-12-10;4;21
1;2025-12-10;5;27
5;2025-12-10;5;0
7;2025-12-10;5;25
11;2025-12-10;5;23
12;2025-12-10;5;23
17;2025-12-10;5;25
25;2025-12-10;5;32
26;2025-12-10;5;30
28;2025-12-10;5;29
50;2025-12-10;5;27
1;2025-12-10;6;25
5;2025-12-10;6;0
7;2025-12-10;6;29
11;2025-12-10;6;18
12;2025-12-10;6;23
17;2025-12-10;6;32
25;2025-12-10;6;26
26;2025-12-10;6;21
28;2025-12-10;6;30
50;2025-12-10;6;26
1;2025-12-10;7;21
5;2025-12-10;7;0
7;2025-12-10;7;28
11;2025-12-10;7;33
12;2025-12-10;7;19
17;2025-12-10;7;31
25;2025-12-10;7;19
26;2025-12-10;7;23
28;2025-12-10;7;33
50;2025-12-10;7;25
1;2025-12-10;8;24
5;2025-12-10;8;0
7;2025-12-10;8;24
11;2025-12-10;8;25
12;2025-12-10;8;30
17;2025-12-10;8;29
25;2025-12-10;8;22
26;2025-12-10;8;30
28;2025-12-10;8;24
50;2025-12-10;8;27
1;2025-12-10;9;33
5;2025-12-10;9;0
7;2025-12-10;9;25
11;2025-12-10;9;26
12;2025-12-10;9;22
17;2025-12-10;9;29
25;2025-12-10;9;26
26;2025-12-10;9;37
28;2025-12-10;9;16
50;2025-12-10;9;26
1;2025-12-10;10;31
5;2025-12-10;10;0
7;2025-12-10;10;26
11;2025-12-10;10;24
12;2025-12-10;10;26
17;2025-12-10;10;29
25;2025-12-10;10;29
26;2025-12-10;10;31
28;2025-12-10;10;30
50;2025-12-10;10;24
1;2025-12-10;11;22
5;2025-12-10;11;0
7;2025-12-10;11;20
11;2025-12-10;11;23
12;2025-12-10;11;29
17;2025-12-10;11;24
25;2025-12-10;11;34
26;2025-12-10;11;20
28;2025-12-10;11;24
50;2025-12-10;11;27
1;2025-12-10;12;34
5;2025-12-10;12;0
7;2025-12-10;12;30
11;2025-12-10;12;34
12;2025-12-10;12;27
17;2025-12-10;12;26
25;2025-12-10;12;27
26;2025-12-10;12;24
28;2025-12-10;12;20
50;2025-12-10;12;23
1;2025-12-10;13;23
5;2025-12-10;13;0
7;2025-12-10;13;28
11;2025-12-10;13;25
12;2025-12-10;13;30
17;2025-12-10;13;28
25;2025-12-10;13;21
26;2025-12-10;13;28
28;2025-12-10;13;22
50;2025-12-10;13;27
1;2025-12-10;14;32
5;2025-12-10;14;0
7;2025-12-10;14;19
11;2025-12-10;14;26
12;2025-12-10;14;28
17;2025-12-10;14;24
25;2025-12-10;14;25
26;2025-12-10;14;28
28;2025-12-10;14;26
50;2025-12-10;14;22
1;2025-12-10;15;26
5;2025-12-10;15;0
7;2025-12-10;15;24
11;2025-12-10;15;32
12;2025-12-10;15;25
17;2025-12-10;15;26
25;2025-12-10;15;25
26;2025-12-10;15;27
28;2025-12-10;15;15
50;2025-12-10;15;22
1;2025-12-10;16;32
5;2025-12-10;16;0
7;2025-12-10;16;26
11;2025-12-10;16;24
12;2025-12-10;16;25
17;2025-12-10;16;25
25;2025-12-10;16;33
26;2025-12-10;16;32
28;2025-12-10;16;27
50;2025-12-10;16;26
1;2025-12-10;17;27
5;2025-12-10;17;0
7;2025-12-10;17;15
11;2025-12-10;17;18
12;2025-12-10;17;30
17;2025-12-10;17;24
25;2025-12-10;17;25
26;2025-12-10;17;36
28;2025-12-10;17;23
50;2025-12-10;17;30
1;2025-12-10;18;30
5;2025-12-10;18;0
7;2025-12-10;18;20
11;2025-12-10;18;26
12;2025-12-10;18;23
17;2025-12-10;18;30
25;2025-12-10;18;27
26;2025-12-10;18;19
28;2025-12-10;18;29
50;2025-12-10;18;26
1;2025-12-10;19;29
5;2025-12-10;19;0
7;2025-12-10;19;23
11;2025-12-10;19;30
12;2025-12-10;19;28
17;2025-12-10;19;30
25;2025-12-10;19;27
26;2025-12-10;19;23
28;2025-12-10;19;19
50;2025-12-10;19;29
1;2025-12-10;20;28
5;2025-12-10;20;0
7;2025-12-10;20;32
11;2025-12-10;20;28
12;2025-12-10;20;19
17;2025-12-10;20;30
25;2025-12-10;20;31
26;2025-12-10;20;26
28;2025-12-10;20;28
50;2025-12-10;20;21
1;2025-12-10;21;26
5;2025-12-10;21;0
7;2025-12-10;21;28
11;2025-12-10;21;32
12;2025-12-10;21;19
17;2025-12-10;21;23
25;2025-12-10;21;26
26;2025-12-10;21;19
28;2025-12-10;21;26
50;2025-12-10;21;28
1;2025-12-10;22;25
5;2025-12-10;22;0
7;2025-12-10;22;25
11;2025-12-10;22;30
12;2025-12-10;22;31
17;2025-12-10;22;24
25;2025-12-10;22;28
26;2025-12-10;22;28
28;2025-12-10;22;24
50;2025-12-10;22;25
1;2025-12-10;23;29
5;2025-12-10;23;0
7;2025-12-10;23;25
11;2025-12-10;23;21
12;2025-12-10;23;26
17;2025-12-10;23;27
25;2025-12-10;23;26
26;2025-12-10;23;29
28;2025-12-10;23;14
50;2025-12-10;23;31
1;2025-12-11;0;33
5;2025-12-11;0;0
7;2025-12-11;0;15
11;2025-12-11;0;33
12;2025-12-11;0;25
17;2025-12-11;0;24
25;2025-12-11;0;23
26;2025-12-11;0;31
28;2025-12-11;0;24
50;2025-12-11;0;21
1;2025-12-11;1;18
5;2025-12-11;1;0
7;2025-12-11;1;25
11;2025-12-11;1;25
12;2025-12-11;1;16
17;2025-12-11;1;31
25;2025-12-11;1;21
26;2025-12-11;1;27
28;2025-12-11;1;24
50;2025-12-11;1;31
1;2025-12-11;2;25
5;2025-12-11;2;0
7;2025-12-11;2;25
11;2025-12-11;2;26
12;2025-12-11;2;30
17;2025-12-11;2;31
25;2025-12-11;2;28
26;2025-12-11;2;31
28;2025-12-11;2;26
50;2025-12-11;2;27
1;2025-12-11;3;34
5;2025-12-11;3;0
7;2025-12-11;3;19
11;2025-12-11;3;28
12;2025-12-11;3;29
17;2025-12-11;3;21
25;2025-12-11;3;25
26;2025-12-11;3;31
28;2025-12-11;3;24
50;2025-12-11;3;24
1;2025-12-11;4;22
5;2025-12-11;4;0
7;2025-12-11;4;25
11;2025-12-11;4;35
12;2025-12-11;4;18
17;2025-12-11;4;23
25;2025-12-11;4;22
26;2025-12-11;4;23
28;2025-12-11;4;23
50;2025-12-11;4;25
1;2025-12-11;5;24
5;2025-12-11;5;0
7;2025-12-11;5;26
11;2025-12-11;5;25
12;2025-12-11;5;29
17;2025-12-11;5;26
25;2025-12-11;5;27
26;2025-12-11;5;24
28;2025-12-11;5;28
50;2025-12-11;5;22
1;2025-12-11;6;31
5;2025-12-11;6;0
7;2025-12-11;6;33
11;2025-12-11;6;26
12;2025-12-11;6;31
17;2025-12-11;6;18
25;2025-12-11;6;23
26;2025-12-11;6;20
28;2025-12-11;6;25
50;2025-12-11;6;28
1;2025-12-11;7;27
5;2025-12-11;7;0
7;2025-12-11;7;18
11;2025-12-11;7;34
12;2025-12-11;7;35
17;2025-12-11;7;26
25;2025-12-11;7;26
26;2025-12-11;7;23
28;2025-12-11;7;20
50;2025-12-11;7;20
1;2025-12-11;8;25
5;2025-12-11;8;0
7;2025-12-11;8;21
11;2025-12-11;8;32
12;2025-12-11;8;31
17;2025-12-11;8;17
25;2025-12-11;8;18
26;2025-12-11;8;32
28;2025-12-11;8;19
50;2025-12-11;8;23
1;2025-12-11;9;25
5;2025-12-11;9;0
7;2025-12-11;9;23
11;2025-12-11;9;28
12;2025-12-11;9;23
17;2025-12-11;9;20
25;2025-12-11;9;22
26;2025-12-11;9;28
28;2025-12-11;9;20
50;2025-12-11;9;29
1;2025-12-11;10;27
5;2025-12-11;10;0
7;2025-12-11;10;27
11;2025-12-11;10;17
12;2025-12-11;10;24
17;2025-12-11;10;30
25;2025-12-11;10;26
26;2025-12-11;10;22
28;2025-12-11;10;23
50;2025-12-11;10;29
1;2025-12-11;11;22
5;2025-12-11;11;0
7;2025-12-11;11;27
11;2025-12-11;11;26
12;2025-12-11;11;32
17;2025-12-11;11;28
25;2025-12-11;11;24
26;2025-12-11;11;24
28;2025-12-11;11;27
50;2025-12-11;11;35
1;2025-12-11;12;32
5;2025-12-11;12;0
7;2025-12-11;12;34
11;2025-12-11;12;31
12;2025-12-11;12;20
17;2025-12-11;12;28
25;2025-12-11;12;25
26;2025-12-11;12;27
28;2025-12-11;12;28
50;2025-12-11;12;22
1;2025-12-11;13;24
5;2025-12-11;13;0
7;2025-12-11;13;22
11;2025-12-11;13;21
12;2025-12-11;13;27
17;2025-12-11;13;22
25;2025-12-11;13;8
26;2025-12-11;13;23
28;2025-12-11;13;20
50;2025-12-11;13;31
1;2025-12-11;14;24
5;2025-12-11;14;0
7;2025-12-11;14;30
11;2025-12-11;14;23
12;2025-12-11;14;21
17;2025-12-11;14;33
25;2025-12-11;14;26
26;2025-12-11;14;22
28;2025-12-11;14;25
50;2025-12-11;14;30
1;2025-12-11;15;30
5;2025-12-11;15;0
7;2025-12-11;15;29
11;2025-12-11;15;32
12;2025-12-11;15;19
17;2025-12-11;15;20
25;2025-12-11;15;23
26;2025-12-11;15;26
28;2025-12-11;15;33
50;2025-12-11;15;27
1;2025-12-11;16;35
5;2025-12-11;16;0
7;2025-12-11;16;25
11;2025-12-11;16;23
12;2025-12-11;16;28
17;2025-12-11;16;22
25;2025-12-11;16;28
26;2025-12-11;16;19
28;2025-12-11;16;25
50;2025-12-11;16;29
1;2025-12-11;17;27
5;2025-12-11;17;0
7;2025-12-11;17;27
11;2025-12-11;17;28
12;2025-12-11;17;27
17;2025-12-11;17;32
25;2025-12-11;17;22
26;2025-12-11;17;24
28;2025-12-11;17;25
50;2025-12-11;17;31
1;2025-12-11;18;17
5;2025-12-11;18;0
7;2025-12-11;18;30
11;2025-12-11;18;19
12;2025-12-11;18;23
17;2025-12-11;18;20
25;2025-12-11;18;25
26;2025-12-11;18;27
28;2025-12-11;18;29
50;2025-12-11;18;25
1;2025-12-11;19;29
5;2025-12-11;19;0
7;2025-12-11;19;23
11;2025-12-11;19;24
12;2025-12-11;19;19
17;2025-12-11;19;25
25;2025-12-11;19;29
26;2025-12-11;19;17
28;2025-12-11;19;29
50;2025-12-11;19;19
1;2025-12-11;20;27
5;2025-12-11;20;0
7;2025-12-11;20;36
11;2025-12-11;20;29
12;2025-12-11;20;25
17;2025-12-11;20;24
25;2025-12-11;20;24
26;2025-12-11;20;24
28;2025-12-11;20;27
50;2025-12-11;20;31
1;2025-12-11;21;22
5;2025-12-11;21;0
7;2025-12-11;21;24
11;2025-12-11;21;25
12;2025-12-11;21;30
17;2025-12-11;21;18
25;2025-12-11;21;18
26;2025-12-11;21;34
28;2025-12-11;21;23
50;2025-12-11;21;19
1;2025-12-11;22;26
5;2025-12-11;22;0
7;2025-12-11;22;33
11;2025-12-11;22;27
12;2025-12-11;22;20
17;2025-12-11;22;29
25;2025-12-11;22;29
26;2025-12-11;22;24
28;2025-12-11;22;31
50;2025-12-11;22;30
1;2025-12-11;23;24
5;2025-12-11;23;0
7;2025-12-11;23;32
11;2025-12-11;23;22
12;2025-12-11;23;31
17;2025-12-11;23;26
25;2025-12-11;23;29
26;2025-12-11;23;20
28;2025-12-11;23;33
50;2025-12-11;23;20
1;2025-12-12;0;31
5;2025-12-12;0;0
7;2025-12-12;0;11
11;2025-12-12;0;26
12;2025-12-12;0;23
17;2025-12-12;0;24
25;2025-12-12;0;16
26;2025-12-12;0;29
28;2025-12-12;0;22
50;2025-12-12;0;25
1;2025-12-12;1;24
5;2025-12-12;1;0
7;2025-12-12;1;15
11;2025-12-12;1;24
12;2025-12-12;1;24
17;2025-12-12;1;25
25;2025-12-12;1;30
26;2025-12-12;1;22
28;2025-12-12;1;38
50;2025-12-12;1;32
1;2025-12-12;2;34
5;2025-12-12;2;0
7;2025-12-12;2;30
11;2025-12-12;2;27
12;2025-12-12;2;28
17;2025-12-12;2;21
25;2025-12-12;2;25
26;2025-12-12;2;27
28;2025-12-12;2;17
50;2025-12-12;2;32
1;2025-12-12;3;30
5;2025-12-12;3;0
7;2025-12-12;3;27
11;2025-12-12;3;29
12;2025-12-12;3;31
17;2025-12-12;3;30
25;2025-12-12;3;27
26;2025-12-12;3;20
28;2025-12-12;3;27
50;2025-12-12;3;30
1;2025-12-12;4;28
5;2025-12-12;4;0
7;2025-12-12;4;24
11;2025-12-12;4;18
12;2025-12-12;4;26
17;2025-12-12;4;33
25;2025-12-12;4;31
26;2025-12-12;4;24
28;2025-12-12;4;33
50;2025-12-12;4;27
1;2025-12-12;5;24
5;2025-12-12;5;0
7;2025-12-12;5;26
11;2025-12-12;5;33
12;2025-12-12;5;23
17;2025-12-12;5;33
25;2025-12-12;5;28
26;2025-12-12;5;22
28;2025-12-12;5;29
50;2025-12-12;5;33
1;2025-12-12;6;19
5;2025-12-12;6;0
7;2025-12-12;6;22
11;2025-12-12;6;34
12;2025-12-12;6;12
17;2025-12-12;6;27
25;2025-12-12;6;26
26;2025-12-12;6;25
28;2025-12-12;6;24
50;2025-12-12;6;21
1;2025-12-12;7;23
5;2025-12-12;7;0
7;2025-12-12;7;24
11;2025-12-12;7;33
12;2025-12-12;7;28
17;2025-12-12;7;29
25;2025-12-12;7;28
26;2025-12-12;7;23
28;2025-12-12;7;22
50;2025-12-12;7;20
1;2025-12-12;8;29
5;2025-12-12;8;0
7;2025-12-12;8;31
11;2025-12-12;8;19
12;2025-12-12;8;21
17;2025-12-12;8;18
25;2025-12-12;8;27
26;2025-12-12;8;13
28;2025-12-12;8;22
50;2025-12-12;8;17
1;2025-12-12;9;24
5;2025-12-12;9;0
7;2025-12-12;9;24
11;2025-12-12;9;24
12;2025-12-12;9;26
17;2025-12-12;9;27
25;2025-12-12;9;28
26;2025-12-12;9;26
28;2025-12-12;9;25
50;2025-12-12;9;26
1;2025-12-12;10;23
5;2025-12-12;10;0
7;2025-12-12;10;19
11;2025-12-12;10;18
12;2025-12-12;10;23
17;2025-12-12;10;32
25;2025-12-12;10;20
26;2025-12-12;10;22
28;2025-12-12;10;21
50;2025-12-12;10;23
1;2025-12-12;11;20
5;2025-12-12;11;0
7;2025-12-12;11;31
11;2025-12-12;11;21
12;2025-12-12;11;35
17;2025-12-12;11;28
25;2025-12-12;11;16
26;2025-12-12;11;20
28;2025-12-12;11;24
50;2025-12-12;11;23
1;2025-12-12;12;19
5;2025-12-12;12;0
7;2025-12-12;12;22
11;2025-12-12;12;23
12;2025-12-12;12;20
17;2025-12-12;12;33
25;2025-12-12;12;28
26;2025-12-12;12;28
28;2025-12-12;12;21
50;2025-12-12;12;38
1;2025-12-12;13;20
5;2025-12-12;13;0
7;2025-12-12;13;30
11;2025-12-12;13;20
12;2025-12-12;13;25
17;2025-12-12;13;29
25;2025-12-12;13;25
26;2025-12-12;13;31
28;2025-12-12;13;23
50;2025-12-12;13;28
1;2025-12-12;14;22
5;2025-12-12;14;0
7;2025-12-12;14;24
11;2025-12-12;14;27
12;2025-12-12;14;19
17;2025-12-12;14;22
25;2025-12-12;14;23
26;2025-12-12;14;30
28;2025-12-12;14;24
50;2025-12-12;14;17
1;2025-12-12;15;29
5;2025-12-12;15;0
7;2025-12-12;15;23
11;2025-12-12;15;18
12;2025-12-12;15;31
17;2025-12-12;15;23
25;2025-12-12;15;21
26;2025-12-12;15;22
28;2025-12-12;15;21
50;2025-12-12;15;33
1;2025-12-12;16;23
5;2025-12-12;16;0
7;2025-12-12;16;21
11;2025-12-12;16;25
12;2025-12-12;16;28
17;2025-12-12;16;18
25;2025-12-12;16;22
26;2025-12-12;16;27
28;2025-12-12;16;24
50;2025-12-12;16;17
1;2025-12-12;17;19
5;2025-12-12;17;0
7;2025-12-12;17;25
11;2025-12-12;17;32
12;2025-12-12;17;31
17;2025-12-12;17;29
25;2025-12-12;17;27
26;2025-12-12;17;28
28;2025-12-12;17;19
50;2025-12-12;17;18
1;2025-12-12;18;27
5;2025-12-12;18;0
7;2025-12-12;18;25
11;2025-12-12;18;29
12;2025-12-12;18;30
17;2025-12-12;18;23
25;2025-12-12;18;21
26;2025-12-12;18;24
28;2025-12-12;18;34
50;2025-12-12;18;34
1;2025-12-12;19;24
5;2025-12-12;19;0
7;2025-12-12;19;28
11;2025-12-12;19;30
12;2025-12-12;19;24
17;2025-12-12;19;28
25;2025-12-12;19;25
26;2025-12-12;19;25
28;2025-12-12;19;20
50;2025-12-12;19;22
1;2025-12-12;20;19
5;2025-12-12;20;0
7;2025-12-12;20;31
11;2025-12-12;20;25
12;2025-12-12;20;22
17;2025-12-12;20;29
25;2025-12-12;20;22
26;2025-12-12;20;35
28;2025-12-12;20;20
50;2025-12-12;20;34
1;2025-12-12;21;28
5;2025-12-12;21;0
7;2025-12-12;21;24
11;2025-12-12;21;23
12;2025-12-12;21;24
17;2025-12-12;21;22
25;2025-12-12;21;31
26;2025-12-12;21;30
28;2025-12-12;21;29
50;2025-12-12;21;20
1;2025-12-12;22;26
5;2025-12-12;22;0
7;2025-12-12;22;21
11;2025-12-12;22;28
12;2025-12-12;22;14
17;2025-12-12;22;29
25;2025-12-12;22;31
26;2025-12-12;22;29
28;2025-12-12;22;18
50;2025-12-12;22;32
1;2025-12-12;23;24
5;2025-12-12;23;0
7;2025-12-12;23;19
11;2025-12-12;23;22
12;2025-12-12;23;20
17;2025-12-12;23;26
25;2025-12-12;23;27
26;2025-12-12;23;28
28;2025-12-12;23;30
50;2025-12-12;23;33
1;2025-12-13;0;23
5;2025-12-13;0;0
7;2025-12-13;0;16
11;2025-12-13;0;34
12;2025-12-13;0;20
17;2025-12-13;0;25
25;2025-12-13;0;33
26;2025-12-13;0;35
28;2025-12-13;0;16
50;2025-12-13;0;0
1;2025-12-13;1;34
5;2025-12-13;1;0
7;2025-12-13;1;17
11;2025-12-13;1;17
12;2025-12-13;1;22
17;2025-12-13;1;33
25;2025-12-13;1;33
26;2025-12-13;1;15
28;2025-12-13;1;25
50;2025-12-13;1;0
1;2025-12-13;2;27
5;2025-12-13;2;0
7;2025-12-13;2;17
11;2025-12-13;2;20
12;2025-12-13;2;24
17;2025-12-13;2;26
25;2025-12-13;2;30
26;2025-12-13;2;21
28;2025-12-13;2;26
50;2025-12-13;2;0
1;2025-12-13;3;19
5;2025-12-13;3;0
7;2025-12-13;3;13
11;2025-12-13;3;22
12;2025-12-13;3;14
17;2025-12-13;3;30
25;2025-12-13;3;19
26;2025-12-13;3;33
28;2025-12-13;3;31
50;2025-12-13;3;0
1;2025-12-13;4;21
5;2025-12-13;4;0
7;2025-12-13;4;13
11;2025-12-13;4;19
12;2025-12-13;4;15
17;2025-12-13;4;39
25;2025-12-13;4;27
26;2025-12-13;4;18
28;2025-12-13;4;31
50;2025-12-13;4;0
1;2025-12-13;5;22
5;2025-12-13;5;0
7;2025-12-13;5;11
11;2025-12-13;5;30
12;2025-12-13;5;17
17;2025-12-13;5;21
25;2025-12-13;5;25
26;2025-12-13;5;24
28;2025-12-13;5;20
50;2025-12-13;5;0
1;2025-12-13;6;19
5;2025-12-13;6;0
7;2025-12-13;6;14
11;2025-12-13;6;19
12;2025-12-13;6;25
17;2025-12-13;6;29
25;2025-12-13;6;26
26;2025-12-13;6;11
28;2025-12-13;6;17
50;2025-12-13;6;0
1;2025-12-13;7;26
5;2025-12-13;7;0
7;2025-12-13;7;10
11;2025-12-13;7;24
12;2025-12-13;7;27
17;2025-12-13;7;29
25;2025-12-13;7;28
26;2025-12-13;7;20
28;2025-12-13;7;26
50;2025-12-13;7;0
1;2025-12-13;8;27
5;2025-12-13;8;0
7;2025-12-13;8;18
11;2025-12-13;8;27
12;2025-12-13;8;21
17;2025-12-13;8;26
25;2025-12-13;8;25
26;2025-12-13;8;22
28;2025-12-13;8;29
50;2025-12-13;8;0
1;2025-12-13;9;25
5;2025-12-13;9;0
7;2025-12-13;9;8
11;2025-12-13;9;22
12;2025-12-13;9;22
17;2025-12-13;9;23
25;2025-12-13;9;24
26;2025-12-13;9;25
28;2025-12-13;9;32
50;2025-12-13;9;0
1;2025-12-13;10;28
5;2025-12-13;10;0
7;2025-12-13;10;8
11;2025-12-13;10;17
12;2025-12-13;10;22
17;2025-12-13;10;28
25;2025-12-13;10;24
26;2025-12-13;10;26
28;2025-12-13;10;27
50;2025-12-13;10;0
1;2025-12-13;11;21
5;2025-12-13;11;0
7;2025-12-13;11;16
11;2025-12-13;11;22
12;2025-12-13;11;32
17;2025-12-13;11;23
25;2025-12-13;11;35
26;2025-12-13;11;27
28;2025-12-13;11;28
50;2025-12-13;11;0
1;2025-12-13;12;24
5;2025-12-13;12;0
7;2025-12-13;12;13
11;2025-12-13;12;20
12;2025-12-13;12;25
17;2025-12-13;12;25
25;2025-12-13;12;24
26;2025-12-13;12;30
28;2025-12-13;12;29
50;2025-12-13;12;0
1;2025-12-13;13;21
5;2025-12-13;13;0
7;2025-12-13;13;13
11;2025-12-13;13;21
12;2025-12-13;13;27
17;2025-12-13;13;31
25;2025-12-13;13;30
26;2025-12-13;13;26
28;2025-12-13;13;28
50;2025-12-13;13;0
1;2025-12-13;14;22
5;2025-12-13;14;0
7;2025-12-13;14;11
11;2025-12-13;14;16
12;2025-12-13;14;31
17;2025-12-13;14;23
25;2025-12-13;14;25
26;2025-12-13;14;29
28;2025-12-13;14;25
50;2025-12-13;14;0
1;2025-12-13;15;24
5;2025-12-13;15;0
7;2025-12-13;15;13
11;2025-12-13;15;22
12;2025-12-13;15;30
17;2025-12-13;15;28
25;2025-12-13;15;20
26;2025-12-13;15;25
28;2025-12-13;15;25
50;2025-12-13;15;0
1;2025-12-13;16;26
5;2025-12-13;16;0
7;2025-12-13;16;11
11;2025-12-13;16;31
12;2025-12-13;16;20
17;2025-12-13;16;33
25;2025-12-13;16;31
26;2025-12-13;16;18
28;2025-12-13;16;25
50;2025-12-13;16;0
1;2025-12-13;17;15
5;2025-12-13;17;0
7;2025-12-13;17;10
11;2025-12-13;17;19
12;2025-12-13;17;30
17;2025-12-13;17;30
25;2025-12-13;17;27
26;2025-12-13;17;17
28;2025-12-13;17;35
50;2025-12-13;17;0
1;2025-12-13;18;20
5;2025-12-13;18;0
7;2025-12-13;18;14
11;2025-12-13;18;23
12;2025-12-13;18;24
17;2025-12-13;18;22
25;2025-12-13;18;28
26;2025-12-13;18;27
28;2025-12-13;18;21
50;2025-12-13;18;0
1;2025-12-13;19;26
5;2025-12-13;19;0
7;2025-12-13;19;16
11;2025-12-13;19;32
12;2025-12-13;19;24
17;2025-12-13;19;33
25;2025-12-13;19;31
26;2025-12-13;19;25
28;2025-12-13;19;19
50;2025-12-13;19;0
1;2025-12-13;20;15
5;2025-12-13;20;0
7;2025-12-13;20;15
11;2025-12-13;20;26
12;2025-12-13;20;23
17;2025-12-13;20;30
25;2025-12-13;20;37
26;2025-12-13;20;26
28;2025-12-13;20;23
50;2025-12-13;20;0
1;2025-12-13;21;21
5;2025-12-13;21;0
7;2025-12-13;21;16
11;2025-12-13;21;26
12;2025-12-13;21;26
17;2025-12-13;21;34
25;2025-12-13;21;28
26;2025-12-13;21;28
28;2025-12-13;21;20
50;2025-12-13;21;0
1;2025-12-13;22;21
5;2025-12-13;22;0
7;2025-12-13;22;16
11;2025-12-13;22;27
12;2025-12-13;22;20
17;2025-12-13;22;32
25;2025-12-13;22;25
26;2025-12-13;22;27
28;2025-12-13;22;29
50;2025-12-13;22;0
1;2025-12-13;23;25
5;2025-12-13;23;0
7;2025-12-13;23;11
11;2025-12-13;23;23
12;2025-12-13;23;24
17;2025-12-13;23;31
25;2025-12-13;23;27
26;2025-12-13;23;15
28;2025-12-13;23;29
50;2025-12-13;23;0
1;2025-12-14;0;24
5;2025-12-14;0;0
7;2025-12-14;0;15
11;2025-12-14;0;19
12;2025-12-14;0;23
17;2025-12-14;0;29
25;2025-12-14;0;22
26;2025-12-14;0;20
28;2025-12-14;0;24
50;2025-12-14;0;0
1;2025-12-14;1;22
5;2025-12-14;1;0
7;2025-12-14;1;15
11;2025-12-14;1;22
12;2025-12-14;1;25
17;2025-12-14;1;32
25;2025-12-14;1;28
26;2025-12-14;1;25
28;2025-12-14;1;26
50;2025-12-14;1;0
1;2025-12-14;2;19
5;2025-12-14;2;0
7;2025-12-14;2;19
11;2025-12-14;2;19
12;2025-12-14;2;25
17;2025-12-14;2;42
25;2025-12-14;2;25
26;2025-12-14;2;28
28;2025-12-14;2;22
50;2025-12-14;2;0
1;2025-12-14;3;26
5;2025-12-14;3;0
7;2025-12-14;3;15
11;2025-12-14;3;28
12;2025-12-14;3;24
17;2025-12-14;3;33
25;2025-12-14;3;29
26;2025-12-14;3;25
28;2025-12-14;3;19
50;2025-12-14;3;0
1;2025-12-14;4;24
5;2025-12-14;4;0
7;2025-12-14;4;11
11;2025-12-14;4;29
12;2025-12-14;4;18
17;2025-12-14;4;25
25;2025-12-14;4;27
26;2025-12-14;4;27
28;2025-12-14;4;25
50;2025-12-14;4;0
1;2025-12-14;5;30
5;2025-12-14;5;0
7;2025-12-14;5;15
11;2025-12-14;5;24
12;2025-12-14;5;22
17;2025-12-14;5;34
25;2025-12-14;5;32
26;2025-12-14;5;22
28;2025-12-14;5;27
50;2025-12-14;5;0
1;2025-12-14;6;24
5;2025-12-14;6;0
7;2025-12-14;6;18
11;2025-12-14;6;24
12;2025-12-14;6;20
17;2025-12-14;6;26
25;2025-12-14;6;30
26;2025-12-14;6;35
28;2025-12-14;6;32
50;2025-12-14;6;0
1;2025-12-14;7;28
5;2025-12-14;7;0
7;2025-12-14;7;14
11;2025-12-14;7;21
12;2025-12-14;7;22
17;2025-12-14;7;34
25;2025-12-14;7;27
26;2025-12-14;7;28
28;2025-12-14;7;26
50;2025-12-14;7;0
1;2025-12-14;8;27
5;2025-12-14;8;0
7;2025-12-14;8;17
11;2025-12-14;8;20
12;2025-12-14;8;26
17;2025-12-14;8;34
25;2025-12-14;8;32
26;2025-12-14;8;29
28;2025-12-14;8;26
50;2025-12-14;8;0
1;2025-12-14;9;23
5;2025-12-14;9;0
7;2025-12-14;9;19
11;2025-12-14;9;26
12;2025-12-14;9;28
17;2025-12-14;9;24
25;2025-12-14;9;37
26;2025-12-14;9;18
28;2025-12-14;9;21
50;2025-12-14;9;0
1;2025-12-14;10;26
5;2025-12-14;10;0
7;2025-12-14;10;16
11;2025-12-14;10;24
12;2025-12-14;10;26
17;2025-12-14;10;28
25;2025-12-14;10;30
26;2025-12-14;10;23
28;2025-12-14;10;27
50;2025-12-14;10;0
1;2025-12-14;11;29
5;2025-12-14;11;0
7;2025-12-14;11;12
11;2025-12-14;11;22
12;2025-12-14;11;25
17;2025-12-14;11;31
25;2025-12-14;11;34
26;2025-12-14;11;20
28;2025-12-14;11;28
50;2025-12-14;11;0
1;2025-12-14;12;24
5;2025-12-14;12;0
7;2025-12-14;12;14
11;2025-12-14;12;28
12;2025-12-14;12;24
17;2025-12-14;12;26
25;2025-12-14;12;32
26;2025-12-14;12;26
28;2025-12-14;12;20
50;2025-12-14;12;0
1;2025-12-14;13;28
5;2025-12-14;13;0
7;2025-12-14;13;11
11;2025-12-14;13;27
12;2025-12-14;13;24
17;2025-12-14;13;27
25;2025-12-14;13;24
26;2025-12-14;13;30
28;2025-12-14;13;28
50;2025-12-14;13;0
1;2025-12-14;14;24
5;2025-12-14;14;0
7;2025-12-14;14;18
11;2025-12-14;14;23
12;2025-12-14;14;20
17;2025-12-14;14;29
25;2025-12-14;14;24
26;2025-12-14;14;28
28;2025-12-14;14;24
50;2025-12-14;14;0
1;2025-12-14;15;29
5;2025-12-14;15;0
7;2025-12-14;15;12
11;2025-12-14;15;28
12;2025-12-14;15;22
17;2025-12-14;15;32
25;2025-12-14;15;24
26;2025-12-14;15;26
28;2025-12-14;15;25
50;2025-12-14;15;0
1;2025-12-14;16;24
5;2025-12-14;16;0
7;2025-12-14;16;14
11;2025-12-14;16;24
12;2025-12-14;16;24
17;2025-12-14;16;29
25;2025-12-14;16;26
26;2025-12-14;16;27
28;2025-12-14;16;24
50;2025-12-14;16;0
1;2025-12-14;17;30
5;2025-12-14;17;0
7;2025-12-14;17;19
11;2025-12-14;17;20
12;2025-12-14;17;22
17;2025-12-14;17;32
25;2025-12-14;17;33
26;2025-12-14;17;30
28;2025-12-14;17;23
50;2025-12-14;17;0
1;2025-12-14;18;24
5;2025-12-14;18;0
7;2025-12-14;18;18
11;2025-12-14;18;18
12;2025-12-14;18;26
17;2025-12-14;18;31
25;2025-12-14;18;30
26;2025-12-14;18;22
28;2025-12-14;18;20
50;2025-12-14;18;0
1;2025-12-14;19;29
5;2025-12-14;19;0
7;2025-12-14;19;16
11;2025-12-14;19;20
12;2025-12-14;19;25
17;2025-12-14;19;22
25;2025-12-14;19;31
26;2025-12-14;19;23
28;2025-12-14;19;21
50;2025-12-14;19;0
1;2025-12-14;20;26
5;2025-12-14;20;0
7;2025-12-14;20;17
11;2025-12-14;20;26
12;2025-12-14;20;28
17;2025-12-14;20;23
25;2025-12-14;20;27
26;2025-12-14;20;24
28;2025-12-14;20;28
50;2025-12-14;20;0
1;2025-12-14;21;23
5;2025-12-14;21;0
7;2025-12-14;21;17
11;2025-12-14;21;25
12;2025-12-14;21;24
17;2025-12-14;21;31
25;2025-12-14;21;23
26;2025-12-14;21;26
28;2025-12-14;21;29
50;2025-12-14;21;0
1;2025-12-14;22;16
5;2025-12-14;22;0
7;2025-12-14;22;16
11;2025-12-14;22;16
12;2025-12-14;22;25
17;2025-12-14;22;34
25;2025-12-14;22;28
26;2025-12-14;22;26
28;2025-12-14;22;16
50;2025-12-14;22;0
1;2025-12-14;23;14
5;2025-12-14;23;0
7;2025-12-14;23;14
11;2025-12-14;23;23
12;2025-12-14;23;21
17;2025-12-14;23;30
25;2025-12-14;23;36
26;2025-12-14;23;33
28;2025-12-14;23;31
50;2025-12-14;23;0
1;2025-12-15;0;29
5;2025-12-15;0;0
7;2025-12-15;0;20
11;2025-12-15;0;25
12;2025-12-15;0;27
17;2025-12-15;0;34
25;2025-12-15;0;27
26;2025-12-15;0;22
28;2025-12-15;0;22
50;2025-12-15;0;25
1;2025-12-15;1;20
5;2025-12-15;1;0
7;2025-12-15;1;23
11;2025-12-15;1;25
12;2025-12-15;1;30
17;2025-12-15;1;27
25;2025-12-15;1;27
26;2025-12-15;1;23
28;2025-12-15;1;21
50;2025-12-15;1;27
1;2025-12-15;2;30
5;2025-12-15;2;0
7;2025-12-15;2;22
11;2025-12-15;2;33
12;2025-12-15;2;18
17;2025-12-15;2;23
25;2025-12-15;2;23
26;2025-12-15;2;22
28;2025-12-15;2;25
50;2025-12-15;2;27
1;2025-12-15;3;21
5;2025-12-15;3;0
7;2025-12-15;3;22
11;2025-12-15;3;29
12;2025-12-15;3;29
17;2025-12-15;3;10
25;2025-12-15;3;27
26;2025-12-15;3;27
28;2025-12-15;3;26
50;2025-12-15;3;24
1;2025-12-15;4;26
5;2025-12-15;4;0
7;2025-12-15;4;26
11;2025-12-15;4;17
12;2025-12-15;4;30
17;2025-12-15;4;17
25;2025-12-15;4;26
26;2025-12-15;4;31
28;2025-12-15;4;26
50;2025-12-15;4;21
1;2025-12-15;5;21
5;2025-12-15;5;0
7;2025-12-15;5;27
11;2025-12-15;5;28
12;2025-12-15;5;22
17;2025-12-15;5;25
25;2025-12-15;5;27
26;2025-12-15;5;25
28;2025-12-15;5;34
50;2025-12-15;5;24
1;2025-12-15;6;27
5;2025-12-15;6;0
7;2025-12-15;6;29
11;2025-12-15;6;16
12;2025-12-15;6;22
17;2025-12-15;6;21
25;2025-12-15;6;21
26;2025-12-15;6;22
28;2025-12-15;6;34
50;2025-12-15;6;27
1;2025-12-15;7;28
5;2025-12-15;7;0
7;2025-12-15;7;30
11;2025-12-15;7;24
12;2025-12-15;7;24
17;2025-12-15;7;22
25;2025-12-15;7;32
26;2025-12-15;7;31
28;2025-12-15;7;28
50;2025-12-15;7;25
1;2025-12-15;8;20
5;2025-12-15;8;0
7;2025-12-15;8;23
11;2025-12-15;8;22
12;2025-12-15;8;26
17;2025-12-15;8;26
25;2025-12-15;8;24
26;2025-12-15;8;30
28;2025-12-15;8;30
50;2025-12-15;8;31
1;2025-12-15;9;28
5;2025-12-15;9;0
7;2025-12-15;9;23
11;2025-12-15;9;31
12;2025-12-15;9;19
17;2025-12-15;9;22
25;2025-12-15;9;20
26;2025-12-15;9;33
28;2025-12-15;9;22
50;2025-12-15;9;23
1;2025-12-15;10;31
5;2025-12-15;10;0
7;2025-12-15;10;26
11;2025-12-15;10;20
12;2025-12-15;10;18
17;2025-12-15;10;27
25;2025-12-15;10;33
26;2025-12-15;10;27
28;2025-12-15;10;31
50;2025-12-15;10;27
1;2025-12-15;11;23
5;2025-12-15;11;0
7;2025-12-15;11;31
11;2025-12-15;11;32
12;2025-12-15;11;24
17;2025-12-15;11;28
25;2025-12-15;11;25
26;2025-12-15;11;27
28;2025-12-15;11;24
50;2025-12-15;11;34
1;2025-12-15;12;23
5;2025-12-15;12;0
7;2025-12-15;12;27
11;2025-12-15;12;26
12;2025-12-15;12;31
17;2025-12-15;12;31
25;2025-12-15;12;26
26;2025-12-15;12;25
28;2025-12-15;12;21
50;2025-12-15;12;25
1;2025-12-15;13;21
5;2025-12-15;13;0
7;2025-12-15;13;20
11;2025-12-15;13;28
12;2025-12-15;13;24
17;2025-12-15;13;27
25;2025-12-15;13;21
26;2025-12-15;13;23
28;2025-12-15;13;29
50;2025-12-15;13;29
1;2025-12-15;14;24
5;2025-12-15;14;0
7;2025-12-15;14;20
11;2025-12-15;14;32
12;2025-12-15;14;25
17;2025-12-15;14;21
25;2025-12-15;14;23
26;2025-12-15;14;31
28;2025-12-15;14;23
50;2025-12-15;14;25
1;2025-12-15;15;19
5;2025-12-15;15;0
7;2025-12-15;15;17
11;2025-12-15;15;25
12;2025-12-15;15;24
17;2025-12-15;15;20
25;2025-12-15;15;21
26;2025-12-15;15;21
28;2025-12-15;15;25
50;2025-12-15;15;25
1;2025-12-15;16;31
5;2025-12-15;16;0
7;2025-12-15;16;30
11;2025-12-15;16;25
12;2025-12-15;16;29
17;2025-12-15;16;15
25;2025-12-15;16;26
26;2025-12-15;16;25
28;2025-12-15;16;17
50;2025-12-15;16;22
1;2025-12-15;17;16
5;2025-12-15;17;0
7;2025-12-15;17;19
11;2025-12-15;17;27
12;2025-12-15;17;26
17;2025-12-15;17;26
25;2025-12-15;17;21
26;2025-12-15;17;27
28;2025-12-15;17;29
50;2025-12-15;17;28
1;2025-12-15;18;29
5;2025-12-15;18;0
7;2025-12-15;18;24
11;2025-12-15;18;36
12;2025-12-15;18;26
17;2025-12-15;18;25
25;2025-12-15;18;35
26;2025-12-15;18;26
28;2025-12-15;18;32
50;2025-12-15;18;26
1;2025-12-15;19;30
5;2025-12-15;19;0
7;2025-12-15;19;26
11;2025-12-15;19;23
12;2025-12-15;19;23
17;2025-12-15;19;26
25;2025-12-15;19;32
26;2025-12-15;19;21
28;2025-12-15;19;25
50;2025-12-15;19;27
1;2025-12-15;20;30
5;2025-12-15;20;0
7;2025-12-15;20;18
11;2025-12-15;20;27
12;2025-12-15;20;23
17;2025-12-15;20;34
25;2025-12-15;20;30
26;2025-12-15;20;21
28;2025-12-15;20;26
50;2025-12-15;20;28
1;2025-12-15;21;27
5;2025-12-15;21;0
7;2025-12-15;21;25
11;2025-12-15;21;27
12;2025-12-15;21;31
17;2025-12-15;21;28
25;2025-12-15;21;21
26;2025-12-15;21;26
28;2025-12-15;21;19
50;2025-12-15;21;24
1;2025-12-15;22;22
5;2025-12-15;22;0
7;2025-12-15;22;30
11;2025-12-15;22;27
12;2025-12-15;22;19
17;2025-12-15;22;20
25;2025-12-15;22;21
26;2025-12-15;22;28
28;2025-12-15;22;31
50;2025-12-15;22;25
1;2025-12-15;23;24
5;2025-12-15;23;0
7;2025-12-15;23;30
11;2025-12-15;23;25
12;2025-12-15;23;29
17;2025-12-15;23;25
25;2025-12-15;23;30
26;2025-12-15;23;33
28;2025-12-15;23;29
50;2025-12-15;23;27
1;2025-12-16;0;18
5;2025-12-16;0;0
7;2025-12-16;0;17
11;2025-12-16;0;19
12;2025-12-16;0;20
17;2025-12-16;0;32
25;2025-12-16;0;36
26;2025-12-16;0;22
28;2025-12-16;0;22
50;2025-12-16;0;28
1;2025-12-16;1;26
5;2025-12-16;1;0
7;2025-12-16;1;27
11;2025-12-16;1;19
12;2025-12-16;1;18
17;2025-12-16;1;31
25;2025-12-16;1;22
26;2025-12-16;1;30
28;2025-12-16;1;29
50;2025-12-16;1;29
1;2025-12-16;2;22
5;2025-12-16;2;0
7;2025-12-16;2;23
11;2025-12-16;2;18
12;2025-12-16;2;27
17;2025-12-16;2;25
25;2025-12-16;2;25
26;2025-12-16;2;27
28;2025-12-16;2;22
50;2025-12-16;2;33
1;2025-12-16;3;16
5;2025-12-16;3;0
7;2025-12-16;3;26
11;2025-12-16;3;36
12;2025-12-16;3;22
17;2025-12-16;3;21
25;2025-12-16;3;24
26;2025-12-16;3;28
28;2025-12-16;3;32
50;2025-12-16;3;24
1;2025-12-16;4;31
5;2025-12-16;4;0
7;2025-12-16;4;26
11;2025-12-16;4;27
12;2025-12-16;4;23
17;2025-12-16;4;24
25;2025-12-16;4;34
26;2025-12-16;4;28
28;2025-12-16;4;23
50;2025-12-16;4;28
1;2025-12-16;5;30
5;2025-12-16;5;0
7;2025-12-16;5;25
11;2025-12-16;5;31
12;2025-12-16;5;30
17;2025-12-16;5;25
25;2025-12-16;5;23
26;2025-12-16;5;20
28;2025-12-16;5;32
50;2025-12-16;5;29
1;2025-12-16;6;22
5;2025-12-16;6;0
7;2025-12-16;6;26
11;2025-12-16;6;18
12;2025-12-16;6;26
17;2025-12-16;6;35
25;2025-12-16;6;20
26;2025-12-16;6;30
28;2025-12-16;6;23
50;2025-12-16;6;25
1;2025-12-16;7;18
5;2025-12-16;7;0
7;2025-12-16;7;32
11;2025-12-16;7;29
12;2025-12-16;7;30
17;2025-12-16;7;18
25;2025-12-16;7;25
26;2025-12-16;7;29
28;2025-12-16;7;32
50;2025-12-16;7;23
1;2025-12-16;8;27
5;2025-12-16;8;0
7;2025-12-16;8;21
11;2025-12-16;8;24
12;2025-12-16;8;23
17;2025-12-16;8;28
25;2025-12-16;8;24
26;2025-12-16;8;23
28;2025-12-16;8;29
50;2025-12-16;8;30
1;2025-12-16;9;31
5;2025-12-16;9;0
7;2025-12-16;9;28
11;2025-12-16;9;20
12;2025-12-16;9;28
17;2025-12-16;9;27
25;2025-12-16;9;23
26;2025-12-16;9;27
28;2025-12-16;9;26
50;2025-12-16;9;29
1;2025-12-16;10;23
5;2025-12-16;10;0
7;2025-12-16;10;26
11;2025-12-16;10;23
12;2025-12-16;10;24
17;2025-12-16;10;29
25;2025-12-16;10;35
26;2025-12-16;10;20
28;2025-12-16;10;28
50;2025-12-16;10;16
1;2025-12-16;11;33
5;2025-12-16;11;0
7;2025-12-16;11;25
11;2025-12-16;11;28
12;2025-12-16;11;25
17;2025-12-16;11;27
25;2025-12-16;11;31
26;2025-12-16;11;26
28;2025-12-16;11;22
50;2025-12-16;11;22
1;2025-12-16;12;26
5;2025-12-16;12;0
7;2025-12-16;12;25
11;2025-12-16;12;22
12;2025-12-16;12;28
17;2025-12-16;12;30
25;2025-12-16;12;29
26;2025-12-16;12;22
28;2025-12-16;12;37
50;2025-12-16;12;34
1;2025-12-16;13;29
5;2025-12-16;13;0
7;2025-12-16;13;23
11;2025-12-16;13;30
12;2025-12-16;13;31
17;2025-12-16;13;22
25;2025-12-16;13;23
26;2025-12-16;13;24
28;2025-12-16;13;22
50;2025-12-16;13;32
1;2025-12-16;14;25
5;2025-12-16;14;0
7;2025-12-16;14;21
11;2025-12-16;14;32
12;2025-12-16;14;26
17;2025-12-16;14;24
25;2025-12-16;14;23
26;2025-12-16;14;21
28;2025-12-16;14;25
50;2025-12-16;14;26
1;2025-12-16;15;22
5;2025-12-16;15;0
7;2025-12-16;15;25
11;2025-12-16;15;24
12;2025-12-16;15;27
17;2025-12-16;15;27
25;2025-12-16;15;32
26;2025-12-16;15;26
28;2025-12-16;15;24
50;2025-12-16;15;28
1;2025-12-16;16;27
5;2025-12-16;16;0
7;2025-12-16;16;32
11;2025-12-16;16;28
12;2025-12-16;16;23
17;2025-12-16;16;29
25;2025-12-16;16;33
26;2025-12-16;16;27
28;2025-12-16;16;23
50;2025-12-16;16;23
1;2025-12-16;17;26
5;2025-12-16;17;0
7;2025-12-16;17;26
11;2025-12-16;17;17
12;2025-12-16;17;29
17;2025-12-16;17;30
25;2025-12-16;17;17
26;2025-12-16;17;22
28;2025-12-16;17;25
50;2025-12-16;17;24
1;2025-12-16;18;22
5;2025-12-16;18;0
7;2025-12-16;18;27
11;2025-12-16;18;17
12;2025-12-16;18;19
17;2025-12-16;18;26
25;2025-12-16;18;32
26;2025-12-16;18;34
28;2025-12-16;18;20
50;2025-12-16;18;20
1;2025-12-16;19;27
5;2025-12-16;19;0
7;2025-12-16;19;28
11;2025-12-16;19;23
12;2025-12-16;19;27
17;2025-12-16;19;30
25;2025-12-16;19;24
26;2025-12-16;19;22
28;2025-12-16;19;29
50;2025-12-16;19;22
1;2025-12-16;20;26
5;2025-12-16;20;0
7;2025-12-16;20;18
11;2025-12-16;20;31
12;2025-12-16;20;20
17;2025-12-16;20;18
25;2025-12-16;20;31
26;2025-12-16;20;21
28;2025-12-16;20;23
50;2025-12-16;20;20
1;2025-12-16;21;31
5;2025-12-16;21;0
7;2025-12-16;21;17
11;2025-12-16;21;31
12;2025-12-16;21;29
17;2025-12-16;21;29
25;2025-12-16;21;18
26;2025-12-16;21;20
28;2025-12-16;21;25
50;2025-12-16;21;24
1;2025-12-16;22;24
5;2025-12-16;22;0
7;2025-12-16;22;25
11;2025-12-16;22;25
12;2025-12-16;22;24
17;2025-12-16;22;22
25;2025-12-16;22;27
26;2025-12-16;22;22
28;2025-12-16;22;31
50;2025-12-16;22;26
1;2025-12-16;23;25
5;2025-12-16;23;0
7;2025-12-16;23;16
11;2025-12-16;23;24
12;2025-12-16;23;34
17;2025-12-16;23;24
25;2025-12-16;23;29
26;2025-12-16;23;23
28;2025-12-16;23;20
50;2025-12-16;23;29
1;2025-12-17;0;22
5;2025-12-17;0;0
7;2025-12-17;0;32
11;2025-12-17;0;26
12;2025-12-17;0;33
17;2025-12-17;0;23
25;2025-12-17;0;20
26;2025-12-17;0;32
28;2025-12-17;0;26
50;2025-12-17;0;29
1;2025-12-17;1;29
5;2025-12-17;1;0
7;2025-12-17;1;19
11;2025-12-17;1;21
12;2025-12-17;1;22
17;2025-12-17;1;22
25;2025-12-17;1;37
26;2025-12-17;1;27
28;2025-12-17;1;16
50;2025-12-17;1;20
1;2025-12-17;2;27
5;2025-12-17;2;0
7;2025-12-17;2;26
11;2025-12-17;2;24
12;2025-12-17;2;27
17;2025-12-17;2;29
25;2025-12-17;2;23
26;2025-12-17;2;25
28;2025-12-17;2;29
50;2025-12-17;2;23
1;2025-12-17;3;24
5;2025-12-17;3;0
7;2025-12-17;3;31
11;2025-12-17;3;25
12;2025-12-17;3;25
17;2025-12-17;3;21
25;2025-12-17;3;21
26;2025-12-17;3;28
28;2025-12-17;3;22
50;2025-12-17;3;18
1;2025-12-17;4;24
5;2025-12-17;4;0
7;2025-12-17;4;27
11;2025-12-17;4;28
12;2025-12-17;4;24
17;2025-12-17;4;27
25;2025-12-17;4;24
26;2025-12-17;4;27
28;2025-12-17;4;24
50;2025-12-17;4;21
1;2025-12-17;5;27
5;2025-12-17;5;0
7;2025-12-17;5;25
11;2025-12-17;5;23
12;2025-12-17;5;23
17;2025-12-17;5;25
25;2025-12-17;5;32
26;2025-12-17;5;30
28;2025-12-17;5;29
50;2025-12-17;5;27
1;2025-12-17;6;25
5;2025-12-17;6;0
7;2025-12-17;6;29
11;2025-12-17;6;18
12;2025-12-17;6;23
17;2025-12-17;6;32
25;2025-12-17;6;26
26;2025-12-17;6;21
28;2025-12-17;6;30
50;2025-12-17;6;26
1;2025-12-17;7;21
5;2025-12-17;7;0
7;2025-12-17;7;28
11;2025-12-17;7;33
12;2025-12-17;7;19
17;2025-12-17;7;31
25;2025-12-17;7;19
26;2025-12-17;7;23
28;2025-12-17;7;33
50;2025-12-17;7;25
1;2025-12-17;8;24
5;2025-12-17;8;0
7;2025-12-17;8;24
11;2025-12-17;8;25
12;2025-12-17;8;30
17;2025-12-17;8;29
25;2025-12-17;8;22
26;2025-12-17;8;30
28;2025-12-17;8;24
50;2025-12-17;8;27
1;2025-12-17;9;33
5;2025-12-17;9;0
7;2025-12-17;9;25
11;2025-12-17;9;26
12;2025-12-17;9;22
17;2025-12-17;9;29
25;2025-12-17;9;26
26;2025-12-17;9;37
28;2025-12-17;9;16
50;2025-12-17;9;26
1;2025-12-17;10;31
5;2025-12-17;10;0
7;2025-12-17;10;26
11;2025-12-17;10;24
12;2025-12-17;10;26
17;2025-12-17;10;29
25;2025-12-17;10;29
26;2025-12-17;10;31
28;2025-12-17;10;30
50;2025-12-17;10;24
1;2025-12-17;11;22
5;2025-12-17;11;0
7;2025-12-17;11;20
11;2025-12-17;11;23
12;2025-12-17;11;29
17;2025-12-17;11;24
25;2025-12-17;11;34
26;2025-12-17;11;20
28;2025-12-17;11;24
50;2025-12-17;11;27
1;2025-12-17;12;34
5;2025-12-17;12;0
7;2025-12-17;12;30
11;2025-12-17;12;34
12;2025-12-17;12;27
17;2025-12-17;12;26
25;2025-12-17;12;27
26;2025-12-17;12;24
28;2025-12-17;12;20
50;2025-12-17;12;23
1;2025-12-17;13;23
5;2025-12-17;13;0
7;2025-12-17;13;28
11;2025-12-17;13;25
12;2025-12-17;13;30
17;2025-12-17;13;28
25;2025-12-17;13;21
26;2025-12-17;13;28
28;2025-12-17;13;22
50;2025-12-17;13;27
1;2025-12-17;14;32
5;2025-12-17;14;0
7;2025-12-17;14;19
11;2025-12-17;14;26
12;2025-12-17;14;28
17;2025-12-17;14;24
25;2025-12-17;14;25
26;2025-12-17;14;28
28;2025-12-17;14;26
50;2025-12-17;14;22
1;2025-12-17;15;26
5;2025-12-17;15;0
7;2025-12-17;15;24
11;2025-12-17;15;32
12;2025-12-17;15;25
17;2025-12-17;15;26
25;2025-12-17;15;25
26;2025-12-17;15;27
28;2025-12-17;15;15
50;2025-12-17;15;22
1;2025-12-17;16;32
5;2025-12-17;16;0
7;2025-12-17;16;26
11;2025-12-17;16;24
12;2025-12-17;16;25
17;2025-12-17;16;25
25;2025-12-17;16;33
26;2025-12-17;16;32
28;2025-12-17;16;27
50;2025-12-17;16;26
1;2025-12-17;17;27
5;2025-12-17;17;0
7;2025-12-17;17;15
11;2025-12-17;17;18
12;2025-12-17;17;30
17;2025-12-17;17;24
25;2025-12-17;17;25
26;2025-12-17;17;36
28;2025-12-17;17;23
50;2025-12-17;17;30
1;2025-12-17;18;30
5;2025-12-17;18;0
7;2025-12-17;18;20
11;2025-12-17;18;26
12;2025-12-17;18;23
17;2025-12-17;18;30
25;2025-12-17;18;27
26;2025-12-17;18;19
28;2025-12-17;18;29
50;2025-12-17;18;26
1;2025-12-17;19;29
5;2025-12-17;19;0
7;2025-12-17;19;23
11;2025-12-17;19;30
12;2025-12-17;19;28
17;2025-12-17;19;30
25;2025-12-17;19;27
26;2025-12-17;19;23
28;2025-12-17;19;19
50;2025-12-17;19;29
1;2025-12-17;20;28
5;2025-12-17;20;0
7;2025-12-17;20;32
11;2025-12-17;20;28
12;2025-12-17;20;19
17;2025-12-17;20;30
25;2025-12-17;20;31
26;2025-12-17;20;26
28;2025-12-17;20;28
50;2025-12-17;20;21
1;2025-12-17;21;26
5;2025-12-17;21;0
7;2025-12-17;21;28
11;2025-12-17;21;32
12;2025-12-17;21;19
17;2025-12-17;21;23
25;2025-12-17;21;26
26;2025-12-17;21;19
28;2025-12-17;21;26
50;2025-12-17;21;28
1;2025-12-17;22;25
5;2025-12-17;22;0
7;2025-12-17;22;25
11;2025-12-17;22;30
12;2025-12-17;22;31
17;2025-12-17;22;24
25;2025-12-17;22;28
26;2025-12-17;22;28
28;2025-12-17;22;24
50;2025-12-17;22;25
1;2025-12-17;23;29
5;2025-12-17;23;0
7;2025-12-17;23;25
11;2025-12-17;23;21
12;2025-12-17;23;26
17;2025-12-17;23;27
25;2025-12-17;23;26
26;2025-12-17;23;29
28;2025-12-17;23;14
50;2025-12-17;23;31
1;2025-12-18;0;33
5;2025-12-18;0;0
7;2025-12-18;0;15
11;2025-12-18;0;33
12;2025-12-18;0;25
17;2025-12-18;0;24
25;2025-12-18;0;23
26;2025-12-18;0;31
28;2025-12-18;0;24
50;2025-12-18;0;21
1;2025-12-18;1;18
5;2025-12-18;1;0
7;2025-12-18;1;25
11;2025-12-18;1;25
12;2025-12-18;1;16
17;2025-12-18;1;31
25;2025-12-18;1;21
26;2025-12-18;1;27
28;2025-12-18;1;24
50;2025-12-18;1;31
1;2025-12-18;2;25
5;2025-12-18;2;0
7;2025-12-18;2;25
11;2025-12-18;2;26
12;2025-12-18;2;30
17;2025-12-18;2;31
25;2025-12-18;2;28
26;2025-12-18;2;31
28;2025-12-18;2;26
50;2025-12-18;2;27
1;2025-12-18;3;34
5;2025-12-18;3;0
7;2025-12-18;3;19
11;2025-12-18;3;28
12;2025-12-18;3;29
17;2025-12-18;3;21
25;2025-12-18;3;25
26;2025-12-18;3;31
28;2025-12-18;3;24
50;2025-12-18;3;24
1;2025-12-18;4;22
5;2025-12-18;4;0
7;2025-12-18;4;25
11;2025-12-18;4;35
12;2025-12-18;4;18
17;2025-12-18;4;23
25;2025-12-18;4;22
26;2025-12-18;4;23
28;2025-12-18;4;23
50;2025-12-18;4;25
1;2025-12-18;5;24
5;2025-12-18;5;0
7;2025-12-18;5;26
11;2025-12-18;5;25
12;2025-12-18;5;29
17;2025-12-18;5;26
25;2025-12-18;5;27
26;2025-12-18;5;24
28;2025-12-18;5;28
50;2025-12-18;5;22
1;2025-12-18;6;31
5;2025-12-18;6;0
7;2025-12-18;6;33
11;2025-12-18;6;26
12;2025-12-18;6;31
17;2025-12-18;6;18
25;2025-12-18;6;23
26;2025-12-18;6;20
28;2025-12-18;6;25
50;2025-12-18;6;28
1;2025-12-18;7;27
5;2025-12-18;7;0
7;2025-12-18;7;18
11;2025-12-18;7;34
12;2025-12-18;7;35
17;2025-12-18;7;26
25;2025-12-18;7;26
26;2025-12-18;7;23
28;2025-12-18;7;20
50;2025-12-18;7;20
1;2025-12-18;8;25
5;2025-12-18;8;0
7;2025-12-18;8;21
11;2025-12-18;8;32
12;2025-12-18;8;31
17;2025-12-18;8;17
25;2025-12-18;8;18
26;2025-12-18;8;32
28;2025-12-18;8;19
50;2025-12-18;8;23
1;2025-12-18;9;25
5;2025-12-18;9;0
7;2025-12-18;9;23
11;2025-12-18;9;28
12;2025-12-18;9;23
17;2025-12-18;9;20
25;2025-12-18;9;22
26;2025-12-18;9;28
28;2025-12-18;9;20
50;2025-12-18;9;29
1;2025-12-18;10;27
5;2025-12-18;10;0
7;2025-12-18;10;27
11;2025-12-18;10;17
12;2025-12-18;10;24
17;2025-12-18;10;30
25;2025-12-18;10;26
26;2025-12-18;10;22
28;2025-12-18;10;23
50;2025-12-18;10;29
1;2025-12-18;11;22
5;2025-12-18;11;0
7;2025-12-18;11;27
11;2025-12-18;11;26
12;2025-12-18;11;32
17;2025-12-18;11;28
25;2025-12-18;11;24
26;2025-12-18;11;24
28;2025-12-18;11;27
50;2025-12-18;11;35
1;2025-12-18;12;32
5;2025-12-18;12;0
7;2025-12-18;12;34
11;2025-12-18;12;31
12;2025-12-18;12;20
17;2025-12-18;12;28
25;2025-12-18;12;25
26;2025-12-18;12;27
28;2025-12-18;12;28
50;2025-12-18;12;22
1;2025-12-18;13;24
5;2025-12-18;13;0
7;2025-12-18;13;22
11;2025-12-18;13;21
12;2025-12-18;13;27
17;2025-12-18;13;22
25;2025-12-18;13;8
26;2025-12-18;13;23
28;2025-12-18;13;20
50;2025-12-18;13;31
1;2025-12-18;14;24
5;2025-12-18;14;0
7;2025-12-18;14;30
11;2025-12-18;14;23
12;2025-12-18;14;21
17;2025-12-18;14;33
25;2025-12-18;14;26
26;2025-12-18;14;22
28;2025-12-18;14;25
50;2025-12-18;14;30
1;2025-12-18;15;30
5;2025-12-18;15;0
7;2025-12-18;15;29
11;2025-12-18;15;32
12;2025-12-18;15;19
17;2025-12-18;15;20
25;2025-12-18;15;23
26;2025-12-18;15;26
28;2025-12-18;15;33
50;2025-12-18;15;27
1;2025-12-18;16;35
5;2025-12-18;16;0
7;2025-12-18;16;25
11;2025-12-18;16;23
12;2025-12-18;16;28
17;2025-12-18;16;22
25;2025-12-18;16;28
26;2025-12-18;16;19
28;2025-12-18;16;25
50;2025-12-18;16;29
1;2025-12-18;17;27
5;2025-12-18;17;0
7;2025-12-18;17;27
11;2025-12-18;17;28
12;2025-12-18;17;27
17;2025-12-18;17;32
25;2025-12-18;17;22
26;2025-12-18;17;24
28;2025-12-18;17;25
50;2025-12-18;17;31
1;2025-12-18;18;17
5;2025-12-18;18;0
7;2025-12-18;18;30
11;2025-12-18;18;19
12;2025-12-18;18;23
17;2025-12-18;18;20
25;2025-12-18;18;25
26;2025-12-18;18;27
28;2025-12-18;18;29
50;2025-12-18;18;25
1;2025-12-18;19;29
5;2025-12-18;19;0
7;2025-12-18;19;23
11;2025-12-18;19;24
12;2025-12-18;19;19
17;2025-12-18;19;25
25;2025-12-18;19;29
26;2025-12-18;19;17
28;2025-12-18;19;29
50;2025-12-18;19;19
1;2025-12-18;20;27
5;2025-12-18;20;0
7;2025-12-18;20;36
11;2025-12-18;20;29
12;2025-12-18;20;25
17;2025-12-18;20;24
25;2025-12-18;20;24
26;2025-12-18;20;24
28;2025-12-18;20;27
50;2025-12-18;20;31
1;2025-12-18;21;22
5;2025-12-18;21;0
7;2025-12-18;21;24
11;2025-12-18;21;25
12;2025-12-18;21;30
17;2025-12-18;21;18
25;2025-12-18;21;18
26;2025-12-18;21;34
28;2025-12-18;21;23
50;2025-12-18;21;19
1;2025-12-18;22;26
5;2025-12-18;22;0
7;2025-12-18;22;33
11;2025-12-18;22;27
12;2025-12-18;22;20
17;2025-12-18;22;29
25;2025-12-18;22;29
26;2025-12-18;22;24
28;2025-12-18;22;31
50;2025-12-18;22;30
1;2025-12-18;23;24
5;2025-12-18;23;0
7;2025-12-18;23;32
11;2025-12-18;23;22
12;2025-12-18;23;31
17;2025-12-18;23;26
25;2025-12-18;23;29
26;2025-12-18;23;20
28;2025-12-18;23;33
50;2025-12-18;23;20
1;2025-12-19;0;31
5;2025-12-19;0;0
7;2025-12-19;0;11
11;2025-12-19;0;26
12;2025-12-19;0;23
17;2025-12-19;0;24
25;2025-12-19;0;16
26;2025-12-19;0;29
28;2025-12-19;0;22
50;2025-12-19;0;25
1;2025-12-19;1;24
5;2025-12-19;1;0
7;2025-12-19;1;15
11;2025-12-19;1;24
12;2025-12-19;1;24
17;2025-12-19;1;25
25;2025-12-19;1;30
26;2025-12-19;1;22
28;2025-12-19;1;38
50;2025-12-19;1;32
1;2025-12-19;2;34
5;2025-12-19;2;0
7;2025-12-19;2;30
11;2025-12-19;2;27
12;2025-12-19;2;28
17;2025-12-19;2;21
25;2025-12-19;2;25
26;2025-12-19;2;27
28;2025-12-19;2;17
50;2025-12-19;2;32
1;2025-12-19;3;30
5;2025-12-19;3;0
7;2025-12-19;3;27
11;2025-12-19;3;29
12;2025-12-19;3;31
17;2025-12-19;3;30
25;2025-12-19;3;27
26;2025-12-19;3;20
28;2025-12-19;3;27
50;2025-12-19;3;30
1;2025-12-19;4;28
5;2025-12-19;4;0
7;2025-12-19;4;24
11;2025-12-19;4;18
12;2025-12-19;4;26
17;2025-12-19;4;33
25;2025-12-19;4;31
26;2025-12-19;4;24
28;2025-12-19;4;33
50;2025-12-19;4;27
1;2025-12-19;5;24
5;2025-12-19;5;0
7;2025-12-19;5;26
11;2025-12-19;5;33
12;2025-12-19;5;23
17;2025-12-19;5;33
25;2025-12-19;5;28
26;2025-12-19;5;22
28;2025-12-19;5;29
50;2025-12-19;5;33
1;2025-12-19;6;19
5;2025-12-19;6;0
7;2025-12-19;6;22
11;2025-12-19;6;34
12;2025-12-19;6;12
17;2025-12-19;6;27
25;2025-12-19;6;26
26;2025-12-19;6;25
28;2025-12-19;6;24
50;2025-12-19;6;21
1;2025-12-19;7;23
5;2025-12-19;7;0
7;2025-12-19;7;24
11;2025-12-19;7;33
12;2025-12-19;7;28
17;2025-12-19;7;29
25;2025-12-19;7;28
26;2025-12-19;7;23
28;2025-12-19;7;22
50;2025-12-19;7;20
1;2025-12-19;8;29
5;2025-12-19;8;0
7;2025-12-19;8;31
11;2025-12-19;8;19
12;2025-12-19;8;21
17;2025-12-19;8;18
25;2025-12-19;8;27
26;2025-12-19;8;13
28;2025-12-19;8;22
50;2025-12-19;8;17
1;2025-12-19;9;24
5;2025-12-19;9;0
7;2025-12-19;9;24
11;2025-12-19;9;24
12;2025-12-19;9;26
17;2025-12-19;9;27
25;2025-12-19;9;28
26;2025-12-19;9;26
28;2025-12-19;9;25
50;2025-12-19;9;26
1;2025-12-19;10;23
5;2025-12-19;10;0
7;2025-12-19;10;19
11;2025-12-19;10;18
12;2025-12-19;10;23
17;2025-12-19;10;32
25;2025-12-19;10;20
26;2025-12-19;10;22
28;2025-12-19;10;21
50;2025-12-19;10;23
1;2025-12-19;11;20
5;2025-12-19;11;0
7;2025-12-19;11;31
11;2025-12-19;11;21
12;2025-12-19;11;35
17;2025-12-19;11;28
25;2025-12-19;11;16
26;2025-12-19;11;20
28;2025-12-19;11;24
50;2025-12-19;11;23
1;2025-12-19;12;19
5;2025-12-19;12;0
7;2025-12-19;12;22
11;2025-12-19;12;23
12;2025-12-19;12;20
17;2025-12-19;12;33
25;2025-12-19;12;28
26;2025-12-19;12;28
28;2025-12-19;12;21
50;2025-12-19;12;38
1;2025-12-19;13;20
5;2025-12-19;13;0
7;2025-12-19;13;30
11;2025-12-19;13;20
12;2025-12-19;13;25
17;2025-12-19;13;29
25;2025-12-19;13;25
26;2025-12-19;13;31
28;2025-12-19;13;23
50;2025-12-19;13;28
1;2025-12-19;14;22
5;2025-12-19;14;0
7;2025-12-19;14;24
11;2025-12-19;14;27
12;2025-12-19;14;19
17;2025-12-19;14;22
25;2025-12-19;14;23
26;2025-12-19;14;30
28;2025-12-19;14;24
50;2025-12-19;14;17
1;2025-12-19;15;29
5;2025-12-19;15;0
7;2025-12-19;15;23
11;2025-12-19;15;18
12;2025-12-19;15;31
17;2025-12-19;15;23
25;2025-12-19;15;21
26;2025-12-19;15;22
28;2025-12-19;15;21
50;2025-12-19;15;33
1;2025-12-19;16;23
5;2025-12-19;16;0
7;2025-12-19;16;21
11;2025-12-19;16;25
12;2025-12-19;16;28
17;2025-12-19;16;18
25;2025-12-19;16;22
26;2025-12-19;16;27
28;2025-12-19;16;24
50;2025-12-19;16;17
1;2025-12-19;17;19
5;2025-12-19;17;0
7;2025-12-19;17;25
11;2025-12-19;17;32
12;2025-12-19;17;31
17;2025-12-19;17;29
25;2025-12-19;17;27
26;2025-12-19;17;28
28;2025-12-19;17;19
50;2025-12-19;17;18
1;2025-12-19;18;27
5;2025-12-19;18;0
7;2025-12-19;18;25
11;2025-12-19;18;29
12;2025-12-19;18;30
17;2025-12-19;18;23
25;2025-12-19;18;21
26;2025-12-19;18;24
28;2025-12-19;18;34
50;2025-12-19;18;34
1;2025-12-19;19;24
5;2025-12-19;19;0
7;2025-12-19;19;28
11;2025-12-19;19;30
12;2025-12-19;19;24
17;2025-12-19;19;28
25;2025-12-19;19;25
26;2025-12-19;19;25
28;2025-12-19;19;20
50;2025-12-19;19;22
1;2025-12-19;20;19
5;2025-12-19;20;0
7;2025-12-19;20;31
11;2025-12-19;20;25
12;2025-12-19;20;22
17;2025-12-19;20;29
25;2025-12-19;20;22
26;2025-12-19;20;35
28;2025-12-19;20;20
50;2025-12-19;20;34
1;2025-12-19;21;28
5;2025-12-19;21;0
7;2025-12-19;21;24
11;2025-12-19;21;23
12;2025-12-19;21;24
17;2025-12-19;21;22
25;2025-12-19;21;31
26;2025-12-19;21;30
28;2025-12-19;21;29
50;2025-12-19;21;20
1;2025-12-19;22;26
5;2025-12-19;22;0
7;2025-12-19;22;21
11;2025-12-19;22;28
12;2025-12-19;22;14
17;2025-12-19;22;29
25;2025-12-19;22;31
26;2025-12-19;22;29
28;2025-12-19;22;18
50;2025-12-19;22;32
1;2025-12-19;23;24
5;2025-12-19;23;0
7;2025-12-19;23;19
11;2025-12-19;23;22
12;2025-12-19;23;20
17;2025-12-19;23;26
25;2025-12-19;23;27
26;2025-12-19;23;28
28;2025-12-19;23;30
50;2025-12-19;23;33
1;2025-12-20;0;23
5;2025-12-20;0;0
7;2025-12-20;0;16
11;2025-12-20;0;34
12;2025-12-20;0;20
17;2025-12-20;0;25
25;2025-12-20;0;33
26;2025-12-20;0;35
28;2025-12-20;0;16
50;2025-12-20;0;0
1;2025-12-20;1;34
5;2025-12-20;1;0
7;2025-12-20;1;17
11;2025-12-20;1;17
12;2025-12-20;1;22
17;2025-12-20;1;33
25;2025-12-20;1;33
26;2025-12-20;1;15
28;2025-12-20;1;25
50;2025-12-20;1;0
1;2025-12-20;2;27
5;2025-12-20;2;0
7;2025-12-20;2;17
11;2025-12-20;2;20
12;2025-12-20;2;24
17;2025-12-20;2;26
25;2025-12-20;2;30
26;2025-12-20;2;21
28;2025-12-20;2;26
50;2025-12-20;2;0
1;2025-12-20;3;19
5;2025-12-20;3;0
7;2025-12-20;3;13
11;2025-12-20;3;22
12;2025-12-20;3;14
17;2025-12-20;3;30
25;2025-12-20;3;19
26;2025-12-20;3;33
28;2025-12-20;3;31
50;2025-12-20;3;0
1;2025-12-20;4;21
5;2025-12-20;4;0
7;2025-12-20;4;13
11;2025-12-20;4;19
12;2025-12-20;4;15
17;2025-12-20;4;39
25;2025-12-20;4;27
26;2025-12-20;4;18
28;2025-12-20;4;31
50;2025-12-20;4;0
1;2025-12-20;5;22
5;2025-12-20;5;0
7;2025-12-20;5;11
11;2025-12-20;5;30
12;2025-12-20;5;17
17;2025-12-20;5;21
25;2025-12-20;5;25
26;2025-12-20;5;24
28;2025-12-20;5;20
50;2025-12-20;5;0
1;2025-12-20;6;19
5;2025-12-20;6;0
7;2025-12-20;6;14
11;2025-12-20;6;19
12;2025-12-20;6;25
17;2025-12-20;6;29
25;2025-12-20;6;26
26;2025-12-20;6;11
28;2025-12-20;6;17
50;2025-12-20;6;0
1;2025-12-20;7;26
5;2025-12-20;7;0
7;2025-12-20;7;10
11;2025-12-20;7;24
12;2025-12-20;7;27
17;2025-12-20;7;29
25;2025-12-20;7;28
26;2025-12-20;7;20
28;2025-12-20;7;26
50;2025-12-20;7;0
1;2025-12-20;8;27
5;2025-12-20;8;0
7;2025-12-20;8;18
11;2025-12-20;8;27
12;2025-12-20;8;21
17;2025-12-20;8;26
25;2025-12-20;8;25
26;2025-12-20;8;22
28;2025-12-20;8;29
50;2025-12-20;8;0
1;2025-12-20;9;25
5;2025-12-20;9;0
7;2025-12-20;9;8
11;2025-12-20;9;22
12;2025-12-20;9;22
17;2025-12-20;9;23
25;2025-12-20;9;24
26;2025-12-20;9;25
28;2025-12-20;9;32
50;2025-12-20;9;0
1;2025-12-20;10;28
5;2025-12-20;10;0
7;2025-12-20;10;8
11;2025-12-20;10;17
12;2025-12-20;10;22
17;2025-12-20;10;28
25;2025-12-20;10;24
26;2025-12-20;10;26
28;2025-12-20;10;27
50;2025-12-20;10;0
1;2025-12-20;11;21
5;2025-12-20;11;0
7;2025-12-20;11;16
11;2025-12-20;11;22
12;2025-12-20;11;32
17;2025-12-20;11;23
25;2025-12-20;11;35
26;2025-12-20;11;27
28;2025-12-20;11;28
50;2025-12-20;11;0
1;2025-12-20;12;24
5;2025-12-20;12;0
7;2025-12-20;12;13
11;2025-12-20;12;20
12;2025-12-20;12;25
17;2025-12-20;12;25
25;2025-12-20;12;24
26;2025-12-20;12;30
28;2025-12-20;12;29
50;2025-12-20;12;0
1;2025-12-20;13;21
5;2025-12-20;13;0
7;2025-12-20;13;13
11;2025-12-20;13;21
12;2025-12-20;13;27
17;2025-12-20;13;31
25;2025-12-20;13;30
26;2025-12-20;13;26
28;2025-12-20;13;28
50;2025-12-20;13;0
1;2025-12-20;14;22
5;2025-12-20;14;0
7;2025-12-20;14;11
11;2025-12-20;14;16
12;2025-12-20;14;31
17;2025-12-20;14;23
25;2025-12-20;14;25
26;2025-12-20;14;29
28;2025-12-20;14;25
50;2025-12-20;14;0
1;2025-12-20;15;24
5;2025-12-20;15;0
7;2025-12-20;15;13
11;2025-12-20;15;22
12;2025-12-20;15;30
17;2025-12-20;15;28
25;2025-12-20;15;20
26;2025-12-20;15;25
28;2025-12-20;15;25
50;2025-12-20;15;0
1;2025-12-20;16;26
5;2025-12-20;16;0
7;2025-12-20;16;11
11;2025-12-20;16;31
12;2025-12-20;16;20
17;2025-12-20;16;33
25;2025-12-20;16;31
26;2025-12-20;16;18
28;2025-12-20;16;25
50;2025-12-20;16;0
1;2025-12-20;17;15
5;2025-12-20;17;0
7;2025-12-20;17;10
11;2025-12-20;17;19
12;2025-12-20;17;30
17;2025-12-20;17;30
25;2025-12-20;17;27
26;2025-12-20;17;17
28;2025-12-20;17;35
50;2025-12-20;17;0
1;2025-12-20;18;20
5;2025-12-20;18;0
7;2025-12-20;18;14
11;2025-12-20;18;23
12;2025-12-20;18;24
17;2025-12-20;18;22
25;2025-12-20;18;28
26;2025-12-20;18;27
28;2025-12-20;18;21
50;2025-12-20;18;0
1;2025-12-20;19;26
5;2025-12-20;19;0
7;2025-12-20;19;16
11;2025-12-20;19;32
12;2025-12-20;19;24
17;2025-12-20;19;33
25;2025-12-20;19;31
26;2025-12-20;19;25
28;2025-12-20;19;19
50;2025-12-20;19;0
1;2025-12-20;20;15
5;2025-12-20;20;0
7;2025-12-20;20;15
11;2025-12-20;20;26
12;2025-12-20;20;23
17;2025-12-20;20;30
25;2025-12-20;20;37
26;2025-12-20;20;26
28;2025-12-20;20;23
50;2025-12-20;20;0
1;2025-12-20;21;21
5;2025-12-20;21;0
7;2025-12-20;21;16
11;2025-12-20;21;26
12;2025-12-20;21;26
17;2025-12-20;21;34
25;2025-12-20;21;28
26;2025-12-20;21;28
28;2025-12-20;21;20
50;2025-12-20;21;0
1;2025-12-20;22;21
5;2025-12-20;22;0
7;2025-12-20;22;16
11;2025-12-20;22;27
12;2025-12-20;22;20
17;2025-12-20;22;32
25;2025-12-20;22;25
26;2025-12-20;22;27
28;2025-12-20;22;29
50;2025-12-20;22;0
1;2025-12-20;23;25
5;2025-12-20;23;0
7;2025-12-20;23;11
11;2025-12-20;23;23
12;2025-12-20;23;24
17;2025-12-20;23;31
25;2025-12-20;23;27
26;2025-12-20;23;15
28;2025-12-20;23;29
50;2025-12-20;23;0
1;2025-12-21;0;24
5;2025-12-21;0;0
7;2025-12-21;0;15
11;2025-12-21;0;19
12;2025-12-21;0;23
17;2025-12-21;0;29
25;2025-12-21;0;22
26;2025-12-21;0;20
28;2025-12-21;0;24
50;2025-12-21;0;0
1;2025-12-21;1;22
5;2025-12-21;1;0
7;2025-12-21;1;15
11;2025-12-21;1;22
12;2025-12-21;1;25
17;2025-12-21;1;32
25;2025-12-21;1;28
26;2025-12-21;1;25
28;2025-12-21;1;26
50;2025-12-21;1;0
1;2025-12-21;2;19
5;2025-12-21;2;0
7;2025-12-21;2;19
11;2025-12-21;2;19
12;2025-12-21;2;25
17;2025-12-21;2;42
25;2025-12-21;2;25
26;2025-12-21;2;28
28;2025-12-21;2;22
50;2025-12-21;2;0
1;2025-12-21;3;26
5;2025-12-21;3;0
7;2025-12-21;3;15
11;2025-12-21;3;28
12;2025-12-21;3;24
17;2025-12-21;3;33
25;2025-12-21;3;29
26;2025-12-21;3;25
28;2025-12-21;3;19
50;2025-12-21;3;0
1;2025-12-21;4;24
5;2025-12-21;4;0
7;2025-12-21;4;11
11;2025-12-21;4;29
12;2025-12-21;4;18
17;2025-12-21;4;25
25;2025-12-21;4;27
26;2025-12-21;4;27
28;2025-12-21;4;25
50;2025-12-21;4;0
1;2025-12-21;5;30
5;2025-12-21;5;0
7;2025-12-21;5;15
11;2025-12-21;5;24
12;2025-12-21;5;22
17;2025-12-21;5;34
25;2025-12-21;5;32
26;2025-12-21;5;22
28;2025-12-21;5;27
50;2025-12-21;5;0
1;2025-12-21;6;24
5;2025-12-21;6;0
7;2025-12-21;6;18
11;2025-12-21;6;24
12;2025-12-21;6;20
17;2025-12-21;6;26
25;2025-12-21;6;30
26;2025-12-21;6;35
28;2025-12-21;6;32
50;2025-12-21;6;0
1;2025-12-21;7;28
5;2025-12-21;7;0
7;2025-12-21;7;14
11;2025-12-21;7;21
12;2025-12-21;7;22
17;2025-12-21;7;34
25;2025-12-21;7;27
26;2025-12-21;7;28
28;2025-12-21;7;26
50;2025-12-21;7;0
1;2025-12-21;8;27
5;2025-12-21;8;0
7;2025-12-21;8;17
11;2025-12-21;8;20
12;2025-12-21;8;26
17;2025-12-21;8;34
25;2025-12-21;8;32
26;2025-12-21;8;29
28;2025-12-21;8;26
50;2025-12-21;8;0
1;2025-12-21;9;23
5;2025-12-21;9;0
7;2025-12-21;9;19
11;2025-12-21;9;26
12;2025-12-21;9;28
17;2025-12-21;9;24
25;2025-12-21;9;37
26;2025-12-21;9;18
28;2025-12-21;9;21
50;2025-12-21;9;0
1;2025-12-21;10;26
5;2025-12-21;10;0
7;2025-12-21;10;16
11;2025-12-21;10;24
12;2025-12-21;10;26
17;2025-12-21;10;28
25;2025-12-21;10;30
26;2025-12-21;10;23
28;2025-12-21;10;27
50;2025-12-21;10;0
1;2025-12-21;11;29
5;2025-12-21;11;0
7;2025-12-21;11;12
11;2025-12-21;11;22
12;2025-12-21;11;25
17;2025-12-21;11;31
25;2025-12-21;11;34
26;2025-12-21;11;20
28;2025-12-21;11;28
50;2025-12-21;11;0
1;2025-12-21;12;24
5;2025-12-21;12;0
7;2025-12-21;12;14
11;2025-12-21;12;28
12;2025-12-21;12;24
17;2025-12-21;12;26
25;2025-12-21;12;32
26;2025-12-21;12;26
28;2025-12-21;12;20
50;2025-12-21;12;0
1;2025-12-21;13;28
5;2025-12-21;13;0
7;2025-12-21;13;11
11;2025-12-21;13;27
12;2025-12-21;13;24
17;2025-12-21;13;27
25;2025-12-21;13;24
26;2025-12-21;13;30
28;2025-12-21;13;28
50;2025-12-21;13;0
1;2025-12-21;14;24
5;2025-12-21;14;0
7;2025-12-21;14;18
11;2025-12-21;14;23
12;2025-12-21;14;20
17;2025-12-21;14;29
25;2025-12-21;14;24
26;2025-12-21;14;28
28;2025-12-21;14;24
50;2025-12-21;14;0
1;2025-12-21;15;29
5;2025-12-21;15;0
7;2025-12-21;15;12
11;2025-12-21;15;28
12;2025-12-21;15;22
17;2025-12-21;15;32
25;2025-12-21;15;24
26;2025-12-21;15;26
28;2025-12-21;15;25
50;2025-12-21;15;0
1;2025-12-21;16;24
5;2025-12-21;16;0
7;2025-12-21;16;14
11;2025-12-21;16;24
12;2025-12-21;16;24
17;2025-12-21;16;29
25;2025-12-21;16;26
26;2025-12-21;16;27
28;2025-12-21;16;24
50;2025-12-21;16;0
1;2025-12-21;17;30
5;2025-12-21;17;0
7;2025-12-21;17;19
11;2025-12-21;17;20
12;2025-12-21;17;22
17;2025-12-21;17;32
25;2025-12-21;17;33
26;2025-12-21;17;30
28;2025-12-21;17;23
50;2025-12-21;17;0
1;2025-12-21;18;24
5;2025-12-21;18;0
7;2025-12-21;18;18
11;2025-12-21;18;18
12;2025-12-21;18;26
17;2025-12-21;18;31
25;2025-12-21;18;30
26;2025-12-21;18;22
28;2025-12-21;18;20
50;2025-12-21;18;0
1;2025-12-21;19;29
5;2025-12-21;19;0
7;2025-12-21;19;16
11;2025-12-21;19;20
12;2025-12-21;19;25
17;2025-12-21;19;22
25;2025-12-21;19;31
26;2025-12-21;19;23
28;2025-12-21;19;21
50;2025-12-21;19;0
1;2025-12-21;20;26
5;2025-12-21;20;0
7;2025-12-21;20;17
11;2025-12-21;20;26
12;2025-12-21;20;28
17;2025-12-21;20;23
25;2025-12-21;20;27
26;2025-12-21;20;24
28;2025-12-21;20;28
50;2025-12-21;20;0
1;2025-12-21;21;23
5;2025-12-21;21;0
7;2025-12-21;21;17
11;2025-12-21;21;25
12;2025-12-21;21;24
17;2025-12-21;21;31
25;2025-12-21;21;23
26;2025-12-21;21;26
28;2025-12-21;21;29
50;2025-12-21;21;0
1;2025-12-21;22;16
5;2025-12-21;22;0
7;2025-12-21;22;16
11;2025-12-21;22;16
12;2025-12-21;22;25
17;2025-12-21;22;34
25;2025-12-21;22;28
26;2025-12-21;22;26
28;2025-12-21;22;16
50;2025-12-21;22;0
1;2025-12-21;23;14
5;2025-12-21;23;0
7;2025-12-21;23;14
11;2025-12-21;23;23
12;2025-12-21;23;21
17;2025-12-21;23;30
25;2025-12-21;23;36
26;2025-12-21;23;33
28;2025-12-21;23;31
50;2025-12-21;23;0
1;2025-12-22;0;29
5;2025-12-22;0;0
7;2025-12-22;0;20
11;2025-12-22;0;25
12;2025-12-22;0;27
17;2025-12-22;0;34
25;2025-12-22;0;27
26;2025-12-22;0;22
28;2025-12-22;0;22
50;2025-12-22;0;25
1;2025-12-22;1;20
5;2025-12-22;1;0
7;2025-12-22;1;23
11;2025-12-22;1;25
12;2025-12-22;1;30
17;2025-12-22;1;27
25;2025-12-22;1;27
26;2025-12-22;1;23
28;2025-12-22;1;21
50;2025-12-22;1;27
1;2025-12-22;2;30
5;2025-12-22;2;0
7;2025-12-22;2;22
11;2025-12-22;2;33
12;2025-12-22;2;18
17;2025-12-22;2;23
25;2025-12-22;2;23
26;2025-12-22;2;22
28;2025-12-22;2;25
50;2025-12-22;2;27
1;2025-12-22;3;21
5;2025-12-22;3;0
7;2025-12-22;3;22
11;2025-12-22;3;29
12;2025-12-22;3;29
17;2025-12-22;3;10
25;2025-12-22;3;27
26;2025-12-22;3;27
28;2025-12-22;3;26
50;2025-12-22;3;24
1;2025-12-22;4;26
5;2025-12-22;4;0
7;2025-12-22;4;26
11;2025-12-22;4;17
12;2025-12-22;4;30
17;2025-12-22;4;17
25;2025-12-22;4;26
26;2025-12-22;4;31
28;2025-12-22;4;26
50;2025-12-22;4;21
1;2025-12-22;5;21
5;2025-12-22;5;0
7;2025-12-22;5;27
11;2025-12-22;5;28
12;2025-12-22;5;22
17;2025-12-22;5;25
25;2025-12-22;5;27
26;2025-12-22;5;25
28;2025-12-22;5;34
50;2025-12-22;5;24
1;2025-12-22;6;27
5;2025-12-22;6;0
7;2025-12-22;6;29
11;2025-12-22;6;16
12;2025-12-22;6;22
17;2025-12-22;6;21
25;2025-12-22;6;21
26;2025-12-22;6;22
28;2025-12-22;6;34
50;2025-12-22;6;27
1;2025-12-22;7;28
5;2025-12-22;7;0
7;2025-12-22;7;30
11;2025-12-22;7;24
12;2025-12-22;7;24
17;2025-12-22;7;22
25;2025-12-22;7;32
26;2025-12-22;7;31
28;2025-12-22;7;28
50;2025-12-22;7;25
1;2025-12-22;8;20
5;2025-12-22;8;0
7;2025-12-22;8;23
11;2025-12-22;8;22
12;2025-12-22;8;26
17;2025-12-22;8;26
25;2025-12-22;8;24
26;2025-12-22;8;30
28;2025-12-22;8;30
50;2025-12-22;8;31
1;2025-12-22;9;28
5;2025-12-22;9;0
7;2025-12-22;9;23
11;2025-12-22;9;31
12;2025-12-22;9;19
17;2025-12-22;9;22
25;2025-12-22;9;20
26;2025-12-22;9;33
28;2025-12-22;9;22
50;2025-12-22;9;23
1;2025-12-22;10;31
5;2025-12-22;10;0
7;2025-12-22;10;26
11;2025-12-22;10;20
12;2025-12-22;10;18
17;2025-12-22;10;27
25;2025-12-22;10;33
26;2025-12-22;10;27
28;2025-12-22;10;31
50;2025-12-22;10;27
1;2025-12-22;11;23
5;2025-12-22;11;0
7;2025-12-22;11;31
11;2025-12-22;11;32
12;2025-12-22;11;24
17;2025-12-22;11;28
25;2025-12-22;11;25
26;2025-12-22;11;27
28;2025-12-22;11;24
50;2025-12-22;11;34
1;2025-12-22;12;23
5;2025-12-22;12;0
7;2025-12-22;12;27
11;2025-12-22;12;26
12;2025-12-22;12;31
17;2025-12-22;12;31
25;2025-12-22;12;26
26;2025-12-22;12;25
28;2025-12-22;12;21
50;2025-12-22;12;25
1;2025-12-22;13;21
5;2025-12-22;13;0
7;2025-12-22;13;20
11;2025-12-22;13;28
12;2025-12-22;13;24
17;2025-12-22;13;27
25;2025-12-22;13;21
26;2025-12-22;13;23
28;2025-12-22;13;29
50;2025-12-22;13;29
1;2025-12-22;14;24
5;2025-12-22;14;0
7;2025-12-22;14;20
11;2025-12-22;14;32
12;2025-12-22;14;25
17;2025-12-22;14;21
25;2025-12-22;14;23
26;2025-12-22;14;31
28;2025-12-22;14;23
50;2025-12-22;14;25
1;2025-12-22;15;19
5;2025-12-22;15;0
7;2025-12-22;15;17
11;2025-12-22;15;25
12;2025-12-22;15;24
17;2025-12-22;15;20
25;2025-12-22;15;21
26;2025-12-22;15;21
28;2025-12-22;15;25
50;2025-12-22;15;25
1;2025-12-22;16;31
5;2025-12-22;16;0
7;2025-12-22;16;30
11;2025-12-22;16;25
12;2025-12-22;16;29
17;2025-12-22;16;15
25;2025-12-22;16;26
26;2025-12-22;16;25
28;2025-12-22;16;17
50;2025-12-22;16;22
1;2025-12-22;17;16
5;2025-12-22;17;0
7;2025-12-22;17;19
11;2025-12-22;17;27
12;2025-12-22;17;26
17;2025-12-22;17;26
25;2025-12-22;17;21
26;2025-12-22;17;27
28;2025-12-22;17;29
50;2025-12-22;17;28
1;2025-12-22;18;29
5;2025-12-22;18;0
7;2025-12-22;18;24
11;2025-12-22;18;36
12;2025-12-22;18;26
17;2025-12-22;18;25
25;2025-12-22;18;35
26;2025-12-22;18;26
28;2025-12-22;18;32
50;2025-12-22;18;26
1;2025-12-22;19;30
5;2025-12-22;19;0
7;2025-12-22;19;26
11;2025-12-22;19;23
12;2025-12-22;19;23
17;2025-12-22;19;26
25;2025-12-22;19;32
26;2025-12-22;19;21
28;2025-12-22;19;25
50;2025-12-22;19;27
1;2025-12-22;20;30
5;2025-12-22;20;0
7;2025-12-22;20;18
11;2025-12-22;20;27
12;2025-12-22;20;23
17;2025-12-22;20;34
25;2025-12-22;20;30
26;2025-12-22;20;21
28;2025-12-22;20;26
50;2025-12-22;20;28
1;2025-12-22;21;27
5;2025-12-22;21;0
7;2025-12-22;21;25
11;2025-12-22;21;27
12;2025-12-22;21;31
17;2025-12-22;21;28
25;2025-12-22;21;21
26;2025-12-22;21;26
28;2025-12-22;21;19
50;2025-12-22;21;24
1;2025-12-22;22;22
5;2025-12-22;22;0
7;2025-12-22;22;30
11;2025-12-22;22;27
12;2025-12-22;22;19
17;2025-12-22;22;20
25;2025-12-22;22;21
26;2025-12-22;22;28
28;2025-12-22;22;31
50;2025-12-22;22;25
1;2025-12-22;23;24
5;2025-12-22;23;0
7;2025-12-22;23;30
11;2025-12-22;23;25
12;2025-12-22;23;29
17;2025-12-22;23;25
25;2025-12-22;23;30
26;2025-12-22;23;33
28;2025-12-22;23;29
50;2025-12-22;23;27
1;2025-12-23;0;18
5;2025-12-23;0;0
7;2025-12-23;0;17
11;2025-12-23;0;19
12;2025-12-23;0;20
17;2025-12-23;0;32
25;2025-12-23;0;36
26;2025-12-23;0;22
28;2025-12-23;0;22
50;2025-12-23;0;28
1;2025-12-23;1;26
5;2025-12-23;1;0
7;2025-12-23;1;27
11;2025-12-23;1;19
12;2025-12-23;1;18
17;2025-12-23;1;31
25;2025-12-23;1;22
26;2025-12-23;1;30
28;2025-12-23;1;29
50;2025-12-23;1;29
1;2025-12-23;2;22
5;2025-12-23;2;0
7;2025-12-23;2;23
11;2025-12-23;2;18
12;2025-12-23;2;27
17;2025-12-23;2;25
25;2025-12-23;2;25
26;2025-12-23;2;27
28;2025-12-23;2;22
50;2025-12-23;2;33
1;2025-12-23;3;16
5;2025-12-23;3;0
7;2025-12-23;3;26
11;2025-12-23;3;36
12;2025-12-23;3;22
17;2025-12-23;3;21
25;2025-12-23;3;24
26;2025-12-23;3;28
28;2025-12-23;3;32
50;2025-12-23;3;24
1;2025-12-23;4;31
5;2025-12-23;4;0
7;2025-12-23;4;26
11;2025-12-23;4;27
12;2025-12-23;4;23
17;2025-12-23;4;24
25;2025-12-23;4;34
26;2025-12-23;4;28
28;2025-12-23;4;23
50;2025-12-23;4;28
1;2025-12-23;5;30
5;2025-12-23;5;0
7;2025-12-23;5;25
11;2025-12-23;5;31
12;2025-12-23;5;30
17;2025-12-23;5;25
25;2025-12-23;5;23
26;2025-12-23;5;20
28;2025-12-23;5;32
50;2025-12-23;5;29
1;2025-12-23;6;22
5;2025-12-23;6;0
7;2025-12-23;6;26
11;2025-12-23;6;18
12;2025-12-23;6;26
17;2025-12-23;6;35
25;2025-12-23;6;20
26;2025-12-23;6;30
28;2025-12-23;6;23
50;2025-12-23;6;25
1;2025-12-23;7;18
5;2025-12-23;7;0
7;2025-12-23;7;32
11;2025-12-23;7;29
12;2025-12-23;7;30
17;2025-12-23;7;18
25;2025-12-23;7;25
26;2025-12-23;7;29
28;2025-12-23;7;32
50;2025-12-23;7;23
1;2025-12-23;8;27
5;2025-12-23;8;0
7;2025-12-23;8;21
11;2025-12-23;8;24
12;2025-12-23;8;23
17;2025-12-23;8;28
25;2025-12-23;8;24
26;2025-12-23;8;23
28;2025-12-23;8;29
50;2025-12-23;8;30
1;2025-12-23;9;31
5;2025-12-23;9;0
7;2025-12-23;9;28
11;2025-12-23;9;20
12;2025-12-23;9;28
17;2025-12-23;9;27
25;2025-12-23;9;23
26;2025-12-23;9;27
28;2025-12-23;9;26
50;2025-12-23;9;29
1;2025-12-23;10;23
5;2025-12-23;10;0
7;2025-12-23;10;26
11;2025-12-23;10;23
12;2025-12-23;10;24
17;2025-12-23;10;29
25;2025-12-23;10;35
26;2025-12-23;10;20
28;2025-12-23;10;28
50;2025-12-23;10;16
1;2025-12-23;11;33
5;2025-12-23;11;0
7;2025-12-23;11;25
11;2025-12-23;11;28
12;2025-12-23;11;25
17;2025-12-23;11;27
25;2025-12-23;11;31
26;2025-12-23;11;26
28;2025-12-23;11;22
50;2025-12-23;11;22
1;2025-12-23;12;26
5;2025-12-23;12;0
7;2025-12-23;12;25
11;2025-12-23;12;22
12;2025-12-23;12;28
17;2025-12-23;12;30
25;2025-12-23;12;29
26;2025-12-23;12;22
28;2025-12-23;12;37
50;2025-12-23;12;34
1;2025-12-23;13;29
5;2025-12-23;13;0
7;2025-12-23;13;23
11;2025-12-23;13;30
12;2025-12-23;13;31
17;2025-12-23;13;22
25;2025-12-23;13;23
26;2025-12-23;13;24
28;2025-12-23;13;22
50;2025-12-23;13;32
1;2025-12-23;14;25
5;2025-12-23;14;0
7;2025-12-23;14;21
11;2025-12-23;14;32
12;2025-12-23;14;26
17;2025-12-23;14;24
25;2025-12-23;14;23
26;2025-12-23;14;21
28;2025-12-23;14;25
50;2025-12-23;14;26
1;2025-12-23;15;22
5;2025-12-23;15;0
7;2025-12-23;15;25
11;2025-12-23;15;24
12;2025-12-23;15;27
17;2025-12-23;15;27
25;2025-12-23;15;32
26;2025-12-23;15;26
28;2025-12-23;15;24
50;2025-12-23;15;28
1;2025-12-23;16;27
5;2025-12-23;16;0
7;2025-12-23;16;32
11;2025-12-23;16;28
12;2025-12-23;16;23
17;2025-12-23;16;29
25;2025-12-23;16;33
26;2025-12-23;16;27
28;2025-12-23;16;23
50;2025-12-23;16;23
1;2025-12-23;17;26
5;2025-12-23;17;0
7;2025-12-23;17;26
11;2025-12-23;17;17
12;2025-12-23;17;29
17;2025-12-23;17;30
25;2025-12-23;17;17
26;2025-12-23;17;22
28;2025-12-23;17;25
50;2025-12-23;17;24
1;2025-12-23;18;22
5;2025-12-23;18;0
7;2025-12-23;18;27
11;2025-12-23;18;17
12;2025-12-23;18;19
17;2025-12-23;18;26
25;2025-12-23;18;32
26;2025-12-23;18;34
28;2025-12-23;18;20
50;2025-12-23;18;20
1;2025-12-23;19;27
5;2025-12-23;19;0
7;2025-12-23;19;28
11;2025-12-23;19;23
12;2025-12-23;19;27
17;2025-12-23;19;30
25;2025-12-23;19;24
26;2025-12-23;19;22
28;2025-12-23;19;29
50;2025-12-23;19;22
1;2025-12-23;20;26
5;2025-12-23;20;0
7;2025-12-23;20;18
11;2025-12-23;20;31
12;2025-12-23;20;20
17;2025-12-23;20;18
25;2025-12-23;20;31
26;2025-12-23;20;21
28;2025-12-23;20;23
50;2025-12-23;20;20
1;2025-12-23;21;31
5;2025-12-23;21;0
7;2025-12-23;21;17
11;2025-12-23;21;31
12;2025-12-23;21;29
17;2025-12-23;21;29
25;2025-12-23;21;18
26;2025-12-23;21;20
28;2025-12-23;21;25
50;2025-12-23;21;24
1;2025-12-23;22;24
5;2025-12-23;22;0
7;2025-12-23;22;25
11;2025-12-23;22;25
12;2025-12-23;22;24
17;2025-12-23;22;22
25;2025-12-23;22;27
26;2025-12-23;22;22
28;2025-12-23;22;31
50;2025-12-23;22;26
1;2025-12-23;23;25
5;2025-12-23;23;0
7;2025-12-23;23;16
11;2025-12-23;23;24
12;2025-12-23;23;34
17;2025-12-23;23;24
25;2025-12-23;23;29
26;2025-12-23;23;23
28;2025-12-23;23;20
50;2025-12-23;23;29
1;2025-12-24;0;22
5;2025-12-24;0;0
7;2025-12-24;0;32
11;2025-12-24;0;26
12;2025-12-24;0;33
17;2025-12-24;0;23
25;2025-12-24;0;20
26;2025-12-24;0;32
28;2025-12-24;0;26
50;2025-12-24;0;29
1;2025-12-24;1;29
5;2025-12-24;1;0
7;2025-12-24;1;19
11;2025-12-24;1;21
12;2025-12-24;1;22
17;2025-12-24;1;22
25;2025-12-24;1;37
26;2025-12-24;1;27
28;2025-12-24;1;16
50;2025-12-24;1;20
1;2025-12-24;2;27
5;2025-12-24;2;0
7;2025-12-24;2;26
11;2025-12-24;2;24
12;2025-12-24;2;27
17;2025-12-24;2;29
25;2025-12-24;2;23
26;2025-12-24;2;25
28;2025-12-24;2;29
50;2025-12-24;2;23
1;2025-12-24;3;24
5;2025-12-24;3;0
7;2025-12-24;3;31
11;2025-12-24;3;25
12;2025-12-24;3;25
17;2025-12-24;3;21
25;2025-12-24;3;21
26;2025-12-24;3;28
28;2025-12-24;3;22
50;2025-12-24;3;18
1;2025-12-24;4;24
5;2025-12-24;4;0
7;2025-12-24;4;27
11;2025-12-24;4;28
12;2025-12-24;4;24
17;2025-12-24;4;27
25;2025-12-24;4;24
26;2025-12-24;4;27
28;2025-12-24;4;24
50;2025-12-24;4;21
1;2025-12-24;5;27
5;2025-12-24;5;0
7;2025-12-24;5;25
11;2025-12-24;5;23
12;2025-12-24;5;23
17;2025-12-24;5;25
25;2025-12-24;5;32
26;2025-12-24;5;30
28;2025-12-24;5;29
50;2025-12-24;5;27
1;2025-12-24;6;25
5;2025-12-24;6;0
7;2025-12-24;6;29
11;2025-12-24;6;18
12;2025-12-24;6;23
17;2025-12-24;6;32
25;2025-12-24;6;26
26;2025-12-24;6;21
28;2025-12-24;6;30
50;2025-12-24;6;26
1;2025-12-24;7;21
5;2025-12-24;7;0
7;2025-12-24;7;28
11;2025-12-24;7;33
12;2025-12-24;7;19
17;2025-12-24;7;31
25;2025-12-24;7;19
26;2025-12-24;7;23
28;2025-12-24;7;33
50;2025-12-24;7;25
1;2025-12-24;8;24
5;2025-12-24;8;0
7;2025-12-24;8;24
11;2025-12-24;8;25
12;2025-12-24;8;30
17;2025-12-24;8;29
25;2025-12-24;8;22
26;2025-12-24;8;30
28;2025-12-24;8;24
50;2025-12-24;8;27
1;2025-12-24;9;33
5;2025-12-24;9;0
7;2025-12-24;9;25
11;2025-12-24;9;26
12;2025-12-24;9;22
17;2025-12-24;9;29
25;2025-12-24;9;26
26;2025-12-24;9;37
28;2025-12-24;9;16
50;2025-12-24;9;26
1;2025-12-24;10;31
5;2025-12-24;10;0
7;2025-12-24;10;26
11;2025-12-24;10;24
12;2025-12-24;10;26
17;2025-12-24;10;29
25;2025-12-24;10;29
26;2025-12-24;10;31
28;2025-12-24;10;30
50;2025-12-24;10;24
1;2025-12-24;11;22
5;2025-12-24;11;0
7;2025-12-24;11;20
11;2025-12-24;11;23
12;2025-12-24;11;29
17;2025-12-24;11;24
25;2025-12-24;11;34
26;2025-12-24;11;20
28;2025-12-24;11;24
50;2025-12-24;11;27
1;2025-12-24;12;34
5;2025-12-24;12;0
7;2025-12-24;12;30
11;2025-12-24;12;34
12;2025-12-24;12;27
17;2025-12-24;12;26
25;2025-12-24;12;27
26;2025-12-24;12;24
28;2025-12-24;12;20
50;2025-12-24;12;23
1;2025-12-24;13;23
5;2025-12-24;13;0
7;2025-12-24;13;28
11;2025-12-24;13;25
12;2025-12-24;13;30
17;2025-12-24;13;28
25;2025-12-24;13;21
26;2025-12-24;13;28
28;2025-12-24;13;22
50;2025-12-24;13;27
1;2025-12-24;14;32
5;2025-12-24;14;0
7;2025-12-24;14;19
11;2025-12-24;14;26
12;2025-12-24;14;28
17;2025-12-24;14;24
25;2025-12-24;14;25
26;2025-12-24;14;28
28;2025-12-24;14;26
50;2025-12-24;14;22
1;2025-12-24;15;26
5;2025-12-24;15;0
7;2025-12-24;15;24
11;2025-12-24;15;32
12;2025-12-24;15;25
17;2025-12-24;15;26
25;2025-12-24;15;25
26;2025-12-24;15;27
28;2025-12-24;15;15
50;2025-12-24;15;22
1;2025-12-24;16;32
5;2025-12-24;16;0
7;2025-12-24;16;26
11;2025-12-24;16;24
12;2025-12-24;16;25
17;2025-12-24;16;25
25;2025-12-24;16;33
26;2025-12-24;16;32
28;2025-12-24;16;27
50;2025-12-24;16;26
1;2025-12-24;17;27
5;2025-12-24;17;0
7;2025-12-24;17;15
11;2025-12-24;17;18
12;2025-12-24;17;30
17;2025-12-24;17;24
25;2025-12-24;17;25
26;2025-12-24;17;36
28;2025-12-24;17;23
50;2025-12-24;17;30
1;2025-12-24;18;30
5;2025-12-24;18;0
7;2025-12-24;18;20
11;2025-12-24;18;26
12;2025-12-24;18;23
17;2025-12-24;18;30
25;2025-12-24;18;27
26;2025-12-24;18;19
28;2025-12-24;18;29
50;2025-12-24;18;26
1;2025-12-24;19;29
5;2025-12-24;19;0
7;2025-12-24;19;23
11;2025-12-24;19;30
12;2025-12-24;19;28
17;2025-12-24;19;30
25;2025-12-24;19;27
26;2025-12-24;19;23
28;2025-12-24;19;19
50;2025-12-24;19;29
1;2025-12-24;20;28
5;2025-12-24;20;0
7;2025-12-24;20;32
11;2025-12-24;20;28
12;2025-12-24;20;19
17;2025-12-24;20;30
25;2025-12-24;20;31
26;2025-12-24;20;26
28;2025-12-24;20;28
50;2025-12-24;20;21
1;2025-12-24;21;26
5;2025-12-24;21;0
7;2025-12-24;21;28
11;2025-12-24;21;32
12;2025-12-24;21;19
17;2025-12-24;21;23
25;2025-12-24;21;26
26;2025-12-24;21;19
28;2025-12-24;21;26
50;2025-12-24;21;28
1;2025-12-24;22;25
5;2025-12-24;22;0
7;2025-12-24;22;25
11;2025-12-24;22;30
12;2025-12-24;22;31
17;2025-12-24;22;24
25;2025-12-24;22;28
26;2025-12-24;22;28
28;2025-12-24;22;24
50;2025-12-24;22;25
1;2025-12-24;23;29
5;2025-12-24;23;0
7;2025-12-24;23;25
11;2025-12-24;23;21
12;2025-12-24;23;26
17;2025-12-24;23;27
25;2025-12-24;23;26
26;2025-12-24;23;29
28;2025-12-24;23;14
50;2025-12-24;23;31
1;2025-12-25;0;33
5;2025-12-25;0;0
7;2025-12-25;0;15
11;2025-12-25;0;33
12;2025-12-25;0;25
17;2025-12-25;0;24
25;2025-12-25;0;23
26;2025-12-25;0;31
28;2025-12-25;0;24
50;2025-12-25;0;21
1;2025-12-25;1;18
5;2025-12-25;1;0
7;2025-12-25;1;25
11;2025-12-25;1;25
12;2025-12-25;1;16
17;2025-12-25;1;31
25;2025-12-25;1;21
26;2025-12-25;1;27
28;2025-12-25;1;24
50;2025-12-25;1;31
1;2025-12-25;2;25
5;2025-12-25;2;0
7;2025-12-25;2;25
11;2025-12-25;2;26
12;2025-12-25;2;30
17;2025-12-25;2;31
25;2025-12-25;2;28
26;2025-12-25;2;31
28;2025-12-25;2;26
50;2025-12-25;2;27
1;2025-12-25;3;34
5;2025-12-25;3;0
7;2025-12-25;3;19
11;2025-12-25;3;28
12;2025-12-25;3;29
17;2025-12-25;3;21
25;2025-12-25;3;25
26;2025-12-25;3;31
28;2025-12-25;3;24
50;2025-12-25;3;24
1;2025-12-25;4;22
5;2025-12-25;4;0
7;2025-12-25;4;25
11;2025-12-25;4;35
12;2025-12-25;4;18
17;2025-12-25;4;23
25;2025-12-25;4;22
26;2025-12-25;4;23
28;2025-12-25;4;23
50;2025-12-25;4;25
1;2025-12-25;5;24
5;2025-12-25;5;0
7;2025-12-25;5;26
11;2025-12-25;5;25
12;2025-12-25;5;29
17;2025-12-25;5;26
25;2025-12-25;5;27
26;2025-12-25;5;24
28;2025-12-25;5;28
50;2025-12-25;5;22
1;2025-12-25;6;31
5;2025-12-25;6;0
7;2025-12-25;6;33
11;2025-12-25;6;26
12;2025-12-25;6;31
17;2025-12-25;6;18
25;2025-12-25;6;23
26;2025-12-25;6;20
28;2025-12-25;6;25
50;2025-12-25;6;28
1;2025-12-25;7;27
5;2025-12-25;7;0
7;2025-12-25;7;18
11;2025-12-25;7;34
12;2025-12-25;7;35
17;2025-12-25;7;26
25;2025-12-25;7;26
26;2025-12-25;7;23
28;2025-12-25;7;20
50;2025-12-25;7;20
1;2025-12-25;8;25
5;2025-12-25;8;0
7;2025-12-25;8;21
11;2025-12-25;8;32
12;2025-12-25;8;31
17;2025-12-25;8;17
25;2025-12-25;8;18
26;2025-12-25;8;32
28;2025-12-25;8;19
50;2025-12-25;8;23
1;2025-12-25;9;25
5;2025-12-25;9;0
7;2025-12-25;9;23
11;2025-12-25;9;28
12;2025-12-25;9;23
17;2025-12-25;9;20
25;2025-12-25;9;22
26;2025-12-25;9;28
28;2025-12-25;9;20
50;2025-12-25;9;29
1;2025-12-25;10;27
5;2025-12-25;10;0
7;2025-12-25;10;27
11;2025-12-25;10;17
12;2025-12-25;10;24
17;2025-12-25;10;30
25;2025-12-25;10;26
26;2025-12-25;10;22
28;2025-12-25;10;23
50;2025-12-25;10;29
1;2025-12-25;11;22
5;2025-12-25;11;0
7;2025-12-25;11;27
11;2025-12-25;11;26
12;2025-12-25;11;32
17;2025-12-25;11;28
25;2025-12-25;11;24
26;2025-12-25;11;24
28;2025-12-25;11;27
50;2025-12-25;11;35
1;2025-12-25;12;32
5;2025-12-25;12;0
7;2025-12-25;12;34
11;2025-12-25;12;31
12;2025-12-25;12;20
17;2025-12-25;12;28
25;2025-12-25;12;25
26;2025-12-25;12;27
28;2025-12-25;12;28
50;2025-12-25;12;22
1;2025-12-25;13;24
5;2025-12-25;13;0
7;2025-12-25;13;22
11;2025-12-25;13;21
12;2025-12-25;13;27
17;2025-12-25;13;22
25;2025-12-25;13;8
26;2025-12-25;13;23
28;2025-12-25;13;20
50;2025-12-25;13;31
1;2025-12-25;14;24
5;2025-12-25;14;0
7;2025-12-25;14;30
11;2025-12-25;14;23
12;2025-12-25;14;21
17;2025-12-25;14;33
25;2025-12-25;14;26
26;2025-12-25;14;22
28;2025-12-25;14;25
50;2025-12-25;14;30
1;2025-12-25;15;30
5;2025-12-25;15;0
7;2025-12-25;15;29
11;2025-12-25;15;32
12;2025-12-25;15;19
17;2025-12-25;15;20
25;2025-12-25;15;23
26;2025-12-25;15;26
28;2025-12-25;15;33
50;2025-12-25;15;27
1;2025-12-25;16;35
5;2025-12-25;16;0
7;2025-12-25;16;25
11;2025-12-25;16;23
12;2025-12-25;16;28
17;2025-12-25;16;22
25;2025-12-25;16;28
26;2025-12-25;16;19
28;2025-12-25;16;25
50;2025-12-25;16;29
1;2025-12-25;17;27
5;2025-12-25;17;0
7;2025-12-25;17;27
11;2025-12-25;17;28
12;2025-12-25;17;27
17;2025-12-25;17;32
25;2025-12-25;17;22
26;2025-12-25;17;24
28;2025-12-25;17;25
50;2025-12-25;17;31
1;2025-12-25;18;17
5;2025-12-25;18;0
7;2025-12-25;18;30
11;2025-12-25;18;19
12;2025-12-25;18;23
17;2025-12-25;18;20
25;2025-12-25;18;25
26;2025-12-25;18;27
28;2025-12-25;18;29
50;2025-12-25;18;25
1;2025-12-25;19;29
5;2025-12-25;19;0
7;2025-12-25;19;23
11;2025-12-25;19;24
12;2025-12-25;19;19
17;2025-12-25;19;25
25;2025-12-25;19;29
26;2025-12-25;19;17
28;2025-12-25;19;29
50;2025-12-25;19;19
1;2025-12-25;20;27
5;2025-12-25;20;0
7;2025-12-25;20;36
11;2025-12-25;20;29
12;2025-12-25;20;25
17;2025-12-25;20;24
25;2025-12-25;20;24
26;2025-12-25;20;24
28;2025-12-25;20;27
50;2025-12-25;20;31
1;2025-12-25;21;22
5;2025-12-25;21;0
7;2025-12-25;21;24
11;2025-12-25;21;25
12;2025-12-25;21;30
17;2025-12-25;21;18
25;2025-12-25;21;18
26;2025-12-25;21;34
28;2025-12-25;21;23
50;2025-12-25;21;19
1;2025-12-25;22;26
5;2025-12-25;22;0
7;2025-12-25;22;33
11;2025-12-25;22;27
12;2025-12-25;22;20
17;2025-12-25;22;29
25;2025-12-25;22;29
26;2025-12-25;22;24
28;2025-12-25;22;31
50;2025-12-25;22;30
1;2025-12-25;23;24
5;2025-12-25;23;0
7;2025-12-25;23;32
11;2025-12-25;23;22
12;2025-12-25;23;31
17;2025-12-25;23;26
25;2025-12-25;23;29
26;2025-12-25;23;20
28;2025-12-25;23;33
50;2025-12-25;23;20
1;2025-12-26;0;31
5;2025-12-26;0;0
7;2025-12-26;0;11
11;2025-12-26;0;26
12;2025-12-26;0;23
17;2025-12-26;0;24
25;2025-12-26;0;16
26;2025-12-26;0;29
28;2025-12-26;0;22
50;2025-12-26;0;25
1;2025-12-26;1;24
5;2025-12-26;1;0
7;2025-12-26;1;15
11;2025-12-26;1;24
12;2025-12-26;1;24
17;2025-12-26;1;25
25;2025-12-26;1;30
26;2025-12-26;1;22
28;2025-12-26;1;38
50;2025-12-26;1;32
1;2025-12-26;2;34
5;2025-12-26;2;0
7;2025-12-26;2;30
11;2025-12-26;2;27
12;2025-12-26;2;28
17;2025-12-26;2;21
25;2025-12-26;2;25
26;2025-12-26;2;27
28;2025-12-26;2;17
50;2025-12-26;2;32
1;2025-12-26;3;30
5;2025-12-26;3;0
7;2025-12-26;3;27
11;2025-12-26;3;29
12;2025-12-26;3;31
17;2025-12-26;3;30
25;2025-12-26;3;27
26;2025-12-26;3;20
28;2025-12-26;3;27
50;2025-12-26;3;30
1;2025-12-26;4;28
5;2025-12-26;4;0
7;2025-12-26;4;24
11;2025-12-26;4;18
12;2025-12-26;4;26
17;2025-12-26;4;33
25;2025-12-26;4;31
26;2025-12-26;4;24
28;2025-12-26;4;33
50;2025-12-26;4;27
1;2025-12-26;5;24
5;2025-12-26;5;0
7;2025-12-26;5;26
11;2025-12-26;5;33
12;2025-12-26;5;23
17;2025-12-26;5;33
25;2025-12-26;5;28
26;2025-12-26;5;22
28;2025-12-26;5;29
50;2025-12-26;5;33
1;2025-12-26;6;19
5;2025-12-26;6;0
7;2025-12-26;6;22
11;2025-12-26;6;34
12;2025-12-26;6;12
17;2025-12-26;6;27
25;2025-12-26;6;26
26;2025-12-26;6;25
28;2025-12-26;6;24
50;2025-12-26;6;21
1;2025-12-26;7;23
5;2025-12-26;7;0
7;2025-12-26;7;24
11;2025-12-26;7;33
12;2025-12-26;7;28
17;2025-12-26;7;29
25;2025-12-26;7;28
26;2025-12-26;7;23
28;2025-12-26;7;22
50;2025-12-26;7;20
1;2025-12-26;8;29
5;2025-12-26;8;0
7;2025-12-26;8;31
11;2025-12-26;8;19
12;2025-12-26;8;21
17;2025-12-26;8;18
25;2025-12-26;8;27
26;2025-12-26;8;13
28;2025-12-26;8;22
50;2025-12-26;8;17
1;2025-12-26;9;24
5;2025-12-26;9;0
7;2025-12-26;9;24
11;2025-12-26;9;24
12;2025-12-26;9;26
17;2025-12-26;9;27
25;2025-12-26;9;28
26;2025-12-26;9;26
28;2025-12-26;9;25
50;2025-12-26;9;26
1;2025-12-26;10;23
5;2025-12-26;10;0
7;2025-12-26;10;19
11;2025-12-26;10;18
12;2025-12-26;10;23
17;2025-12-26;10;32
25;2025-12-26;10;20
26;2025-12-26;10;22
28;2025-12-26;10;21
50;2025-12-26;10;23
1;2025-12-26;11;20
5;2025-12-26;11;0
7;2025-12-26;11;31
11;2025-12-26;11;21
12;2025-12-26;11;35
17;2025-12-26;11;28
25;2025-12-26;11;16
26;2025-12-26;11;20
28;2025-12-26;11;24
50;2025-12-26;11;23
1;2025-12-26;12;19
5;2025-12-26;12;0
7;2025-12-26;12;22
11;2025-12-26;12;23
12;2025-12-26;12;20
17;2025-12-26;12;33
25;2025-12-26;12;28
26;2025-12-26;12;28
28;2025-12-26;12;21
50;2025-12-26;12;38
1;2025-12-26;13;20
5;2025-12-26;13;0
7;2025-12-26;13;30
11;2025-12-26;13;20
12;2025-12-26;13;25
17;2025-12-26;13;29
25;2025-12-26;13;25
26;2025-12-26;13;31
28;2025-12-26;13;23
50;2025-12-26;13;28
1;2025-12-26;14;22
5;2025-12-26;14;0
7;2025-12-26;14;24
11;2025-12-26;14;27
12;2025-12-26;14;19
17;2025-12-26;14;22
25;2025-12-26;14;23
26;2025-12-26;14;30
28;2025-12-26;14;24
50;2025-12-26;14;17
1;2025-12-26;15;29
5;2025-12-26;15;0
7;2025-12-26;15;23
11;2025-12-26;15;18
12;2025-12-26;15;31
17;2025-12-26;15;23
25;2025-12-26;15;21
26;2025-12-26;15;22
28;2025-12-26;15;21
50;2025-12-26;15;33
1;2025-12-26;16;23
5;2025-12-26;16;0
7;2025-12-26;16;21
11;2025-12-26;16;25
12;2025-12-26;16;28
17;2025-12-26;16;18
25;2025-12-26;16;22
26;2025-12-26;16;27
28;2025-12-26;16;24
50;2025-12-26;16;17
1;2025-12-26;17;19
5;2025-12-26;17;0
7;2025-12-26;17;25
11;2025-12-26;17;32
12;2025-12-26;17;31
17;2025-12-26;17;29
25;2025-12-26;17;27
26;2025-12-26;17;28
28;2025-12-26;17;19
50;2025-12-26;17;18
1;2025-12-26;18;27
5;2025-12-26;18;0
7;2025-12-26;18;25
11;2025-12-26;18;29
12;2025-12-26;18;30
17;2025-12-26;18;23
25;2025-12-26;18;21
26;2025-12-26;18;24
28;2025-12-26;18;34
50;2025-12-26;18;34
1;2025-12-26;19;24
5;2025-12-26;19;0
7;2025-12-26;19;28
11;2025-12-26;19;30
12;2025-12-26;19;24
17;2025-12-26;19;28
25;2025-12-26;19;25
26;2025-12-26;19;25
28;2025-12-26;19;20
50;2025-12-26;19;22
1;2025-12-26;20;19
5;2025-12-26;20;0
7;2025-12-26;20;31
11;2025-12-26;20;25
12;2025-12-26;20;22
17;2025-12-26;20;29
25;2025-12-26;20;22
26;2025-12-26;20;35
28;2025-12-26;20;20
50;2025-12-26;20;34
1;2025-12-26;21;28
5;2025-12-26;21;0
7;2025-12-26;21;24
11;2025-12-26;21;23
12;2025-12-26;21;24
17;2025-12-26;21;22
25;2025-12-26;21;31
26;2025-12-26;21;30
28;2025-12-26;21;29
50;2025-12-26;21;20
1;2025-12-26;22;26
5;2025-12-26;22;0
7;2025-12-26;22;21
11;2025-12-26;22;28
12;2025-12-26;22;14
17;2025-12-26;22;29
25;2025-12-26;22;31
26;2025-12-26;22;29
28;2025-12-26;22;18
50;2025-12-26;22;32
1;2025-12-26;23;24
5;2025-12-26;23;0
7;2025-12-26;23;19
11;2025-12-26;23;22
12;2025-12-26;23;20
17;2025-12-26;23;26
25;2025-12-26;23;27
26;2025-12-26;23;28
28;2025-12-26;23;30
50;2025-12-26;23;33
1;2025-12-27;0;23
5;2025-12-27;0;0
7;2025-12-27;0;16
11;2025-12-27;0;34
12;2025-12-27;0;20
17;2025-12-27;0;25
25;2025-12-27;0;33
26;2025-12-27;0;35
28;2025-12-27;0;16
50;2025-12-27;0;0
1;2025-12-27;1;34
5;2025-12-27;1;0
7;2025-12-27;1;17
11;2025-12-27;1;17
12;2025-12-27;1;22
17;2025-12-27;1;33
25;2025-12-27;1;33
26;2025-12-27;1;15
28;2025-12-27;1;25
50;2025-12-27;1;0
1;2025-12-27;2;27
5;2025-12-27;2;0
7;2025-12-27;2;17
11;2025-12-27;2;20
12;2025-12-27;2;24
17;2025-12-27;2;26
25;2025-12-27;2;30
26;2025-12-27;2;21
28;2025-12-27;2;26
50;2025-12-27;2;0
1;2025-12-27;3;19
5;2025-12-27;3;0
7;2025-12-27;3;13
11;2025-12-27;3;22
12;2025-12-27;3;14
17;2025-12-27;3;30
25;2025-12-27;3;19
26;2025-12-27;3;33
28;2025-12-27;3;31
50;2025-12-27;3;0
1;2025-12-27;4;21
5;2025-12-27;4;0
7;2025-12-27;4;13
11;2025-12-27;4;19
12;2025-12-27;4;15
17;2025-12-27;4;39
25;2025-12-27;4;27
26;2025-12-27;4;18
28;2025-12-27;4;31
50;2025-12-27;4;0
1;2025-12-27;5;22
5;2025-12-27;5;0
7;2025-12-27;5;11
11;2025-12-27;5;30
12;2025-12-27;5;17
17;2025-12-27;5;21
25;2025-12-27;5;25
26;2025-12-27;5;24
28;2025-12-27;5;20
50;2025-12-27;5;0
1;2025-12-27;6;19
5;2025-12-27;6;0
7;2025-12-27;6;14
11;2025-12-27;6;19
12;2025-12-27;6;25
17;2025-12-27;6;29
25;2025-12-27;6;26
26;2025-12-27;6;11
28;2025-12-27;6;17
50;2025-12-27;6;0
1;2025-12-27;7;26
5;2025-12-27;7;0
7;2025-12-27;7;10
11;2025-12-27;7;24
12;2025-12-27;7;27
17;2025-12-27;7;29
25;2025-12-27;7;28
26;2025-12-27;7;20
28;2025-12-27;7;26
50;2025-12-27;7;0
1;2025-12-27;8;27
5;2025-12-27;8;0
7;2025-12-27;8;18
11;2025-12-27;8;27
12;2025-12-27;8;21
17;2025-12-27;8;26
25;2025-12-27;8;25
26;2025-12-27;8;22
28;2025-12-27;8;29
50;2025-12-27;8;0
1;2025-12-27;9;25
5;2025-12-27;9;0
7;2025-12-27;9;8
11;2025-12-27;9;22
12;2025-12-27;9;22
17;2025-12-27;9;23
25;2025-12-27;9;24
26;2025-12-27;9;25
28;2025-12-27;9;32
50;2025-12-27;9;0
1;2025-12-27;10;28
5;2025-12-27;10;0
7;2025-12-27;10;8
11;2025-12-27;10;17
12;2025-12-27;10;22
17;2025-12-27;10;28
25;2025-12-27;10;24
26;2025-12-27;10;26
28;2025-12-27;10;27
50;2025-12-27;10;0
1;2025-12-27;11;21
5;2025-12-27;11;0
7;2025-12-27;11;16
11;2025-12-27;11;22
12;2025-12-27;11;32
17;2025-12-27;11;23
25;2025-12-27;11;35
26;2025-12-27;11;27
28;2025-12-27;11;28
50;2025-12-27;11;0
1;2025-12-27;12;24
5;2025-12-27;12;0
7;2025-12-27;12;13
11;2025-12-27;12;20
12;2025-12-27;12;25
17;2025-12-27;12;25
25;2025-12-27;12;24
26;2025-12-27;12;30
28;2025-12-27;12;29
50;2025-12-27;12;0
1;2025-12-27;13;21
5;2025-12-27;13;0
7;2025-12-27;13;13
11;2025-12-27;13;21
12;2025-12-27;13;27
17;2025-12-27;13;31
25;2025-12-27;13;30
26;2025-12-27;13;26
28;2025-12-27;13;28
50;2025-12-27;13;0
1;2025-12-27;14;22
5;2025-12-27;14;0
7;2025-12-27;14;11
11;2025-12-27;14;16
12;2025-12-27;14;31
17;2025-12-27;14;23
25;2025-12-27;14;25
26;2025-12-27;14;29
28;2025-12-27;14;25
50;2025-12-27;14;0
1;2025-12-27;15;24
5;2025-12-27;15;0
7;2025-12-27;15;13
11;2025-12-27;15;22
12;2025-12-27;15;30
17;2025-12-27;15;28
25;2025-12-27;15;20
26;2025-12-27;15;25
28;2025-12-27;15;25
50;2025-12-27;15;0
1;2025-12-27;16;26
5;2025-12-27;16;0
7;2025-12-27;16;11
11;2025-12-27;16;31
12;2025-12-27;16;20
17;2025-12-27;16;33
25;2025-12-27;16;31
26;2025-12-27;16;18
28;2025-12-27;16;25
50;2025-12-27;16;0
1;2025-12-27;17;15
5;2025-12-27;17;0
7;2025-12-27;17;10
11;2025-12-27;17;19
12;2025-12-27;17;30
17;2025-12-27;17;30
25;2025-12-27;17;27
26;2025-12-27;17;17
28;2025-12-27;17;35
50;2025-12-27;17;0
1;2025-12-27;18;20
5;2025-12-27;18;0
7;2025-12-27;18;14
11;2025-12-27;18;23
12;2025-12-27;18;24
17;2025-12-27;18;22
25;2025-12-27;18;28
26;2025-12-27;18;27
28;2025-12-27;18;21
50;2025-12-27;18;0
1;2025-12-27;19;26
5;2025-12-27;19;0
7;2025-12-27;19;16
11;2025-12-27;19;32
12;2025-12-27;19;24
17;2025-12-27;19;33
25;2025-12-27;19;31
26;2025-12-27;19;25
28;2025-12-27;19;19
50;2025-12-27;19;0
1;2025-12-27;20;15
5;2025-12-27;20;0
7;2025-12-27;20;15
11;2025-12-27;20;26
12;2025-12-27;20;23
17;2025-12-27;20;30
25;2025-12-27;20;37
26;2025-12-27;20;26
28;2025-12-27;20;23
50;2025-12-27;20;0
1;2025-12-27;21;21
5;2025-12-27;21;0
7;2025-12-27;21;16
11;2025-12-27;21;26
12;2025-12-27;21;26
17;2025-12-27;21;34
25;2025-12-27;21;28
26;2025-12-27;21;28
28;2025-12-27;21;20
50;2025-12-27;21;0
1;2025-12-27;22;21
5;2025-12-27;22;0
7;2025-12-27;22;16
11;2025-12-27;22;27
12;2025-12-27;22;20
17;2025-12-27;22;32
25;2025-12-27;22;25
26;2025-12-27;22;27
28;2025-12-27;22;29
50;2025-12-27;22;0
1;2025-12-27;23;25
5;2025-12-27;23;0
7;2025-12-27;23;11
11;2025-12-27;23;23
12;2025-12-27;23;24
17;2025-12-27;23;31
25;2025-12-27;23;27
26;2025-12-27;23;15
28;2025-12-27;23;29
50;2025-12-27;23;0
1;2025-12-28;0;24
5;2025-12-28;0;0
7;2025-12-28;0;15
11;2025-12-28;0;19
12;2025-12-28;0;23
17;2025-12-28;0;29
25;2025-12-28;0;22
26;2025-12-28;0;20
28;2025-12-28;0;24
50;2025-12-28;0;0
1;2025-12-28;1;22
5;2025-12-28;1;0
7;2025-12-28;1;15
11;2025-12-28;1;22
12;2025-12-28;1;25
17;2025-12-28;1;32
25;2025-12-28;1;28
26;2025-12-28;1;25
28;2025-12-28;1;26
50;2025-12-28;1;0
1;2025-12-28;2;19
5;2025-12-28;2;0
7;2025-12-28;2;19
11;2025-12-28;2;19
12;2025-12-28;2;25
17;2025-12-28;2;42
25;2025-12-28;2;25
26;2025-12-28;2;28
28;2025-12-28;2;22
50;2025-12-28;2;0
1;2025-12-28;3;26
5;2025-12-28;3;0
7;2025-12-28;3;15
11;2025-12-28;3;28
12;2025-12-28;3;24
17;2025-12-28;3;33
25;2025-12-28;3;29
26;2025-12-28;3;25
28;2025-12-28;3;19
50;2025-12-28;3;0
1;2025-12-28;4;24
5;2025-12-28;4;0
7;2025-12-28;4;11
11;2025-12-28;4;29
12;2025-12-28;4;18
17;2025-12-28;4;25
25;2025-12-28;4;27
26;2025-12-28;4;27
28;2025-12-28;4;25
50;2025-12-28;4;0
1;2025-12-28;5;30
5;2025-12-28;5;0
7;2025-12-28;5;15
11;2025-12-28;5;24
12;2025-12-28;5;22
17;2025-12-28;5;34
25;2025-12-28;5;32
26;2025-12-28;5;22
28;2025-12-28;5;27
50;2025-12-28;5;0
1;2025-12-28;6;24
5;2025-12-28;6;0
7;2025-12-28;6;18
11;2025-12-28;6;24
12;2025-12-28;6;20
17;2025-12-28;6;26
25;2025-12-28;6;30
26;2025-12-28;6;35
28;2025-12-28;6;32
50;2025-12-28;6;0
1;2025-12-28;7;28
5;2025-12-28;7;0
7;2025-12-28;7;14
11;2025-12-28;7;21
12;2025-12-28;7;22
17;2025-12-28;7;34
25;2025-12-28;7;27
26;2025-12-28;7;28
28;2025-12-28;7;26
50;2025-12-28;7;0
1;2025-12-28;8;27
5;2025-12-28;8;0
7;2025-12-28;8;17
11;2025-12-28;8;20
12;2025-12-28;8;26
17;2025-12-28;8;34
25;2025-12-28;8;32
26;2025-12-28;8;29
28;2025-12-28;8;26
50;2025-12-28;8;0
1;2025-12-28;9;23
5;2025-12-28;9;0
7;2025-12-28;9;19
11;2025-12-28;9;26
12;2025-12-28;9;28
17;2025-12-28;9;24
25;2025-12-28;9;37
26;2025-12-28;9;18
28;2025-12-28;9;21
50;2025-12-28;9;0
1;2025-12-28;10;26
5;2025-12-28;10;0
7;2025-12-28;10;16
11;2025-12-28;10;24
12;2025-12-28;10;26
17;2025-12-28;10;28
25;2025-12-28;10;30
26;2025-12-28;10;23
28;2025-12-28;10;27
50;2025-12-28;10;0
1;2025-12-28;11;29
5;2025-12-28;11;0
7;2025-12-28;11;12
11;2025-12-28;11;22
12;2025-12-28;11;25
17;2025-12-28;11;31
25;2025-12-28;11;34
26;2025-12-28;11;20
28;2025-12-28;11;28
50;2025-12-28;11;0
1;2025-12-28;12;24
5;2025-12-28;12;0
7;2025-12-28;12;14
11;2025-12-28;12;28
12;2025-12-28;12;24
17;2025-12-28;12;26
25;2025-12-28;12;32
26;2025-12-28;12;26
28;2025-12-28;12;20
50;2025-12-28;12;0
1;2025-12-28;13;28
5;2025-12-28;13;0
7;2025-12-28;13;11
11;2025-12-28;13;27
12;2025-12-28;13;24
17;2025-12-28;13;27
25;2025-12-28;13;24
26;2025-12-28;13;30
28;2025-12-28;13;28
50;2025-12-28;13;0
1;2025-12-28;14;24
5;2025-12-28;14;0
7;2025-12-28;14;18
11;2025-12-28;14;23
12;2025-12-28;14;20
17;2025-12-28;14;29
25;2025-12-28;14;24
26;2025-12-28;14;28
28;2025-12-28;14;24
50;2025-12-28;14;0
1;2025-12-28;15;29
5;2025-12-28;15;0
7;2025-12-28;15;12
11;2025-12-28;15;28
12;2025-12-28;15;22
17;2025-12-28;15;32
25;2025-12-28;15;24
26;2025-12-28;15;26
28;2025-12-28;15;25
50;2025-12-28;15;0
1;2025-12-28;16;24
5;2025-12-28;16;0
7;2025-12-28;16;14
11;2025-12-28;16;24
12;2025-12-28;16;24
17;2025-12-28;16;29
25;2025-12-28;16;26
26;2025-12-28;16;27
28;2025-12-28;16;24
50;2025-12-28;16;0
1;2025-12-28;17;30
5;2025-12-28;17;0
7;2025-12-28;17;19
11;2025-12-28;17;20
12;2025-12-28;17;22
17;2025-12-28;17;32
25;2025-12-28;17;33
26;2025-12-28;17;30
28;2025-12-28;17;23
50;2025-12-28;17;0
1;2025-12-28;18;24
5;2025-12-28;18;0
7;2025-12-28;18;18
11;2025-12-28;18;18
12;2025-12-28;18;26
17;2025-12-28;18;31
25;2025-12-28;18;30
26;2025-12-28;18;22
28;2025-12-28;18;20
50;2025-12-28;18;0
1;2025-12-28;19;29
5;2025-12-28;19;0
7;2025-12-28;19;16
11;2025-12-28;19;20
12;2025-12-28;19;25
17;2025-12-28;19;22
25;2025-12-28;19;31
26;2025-12-28;19;23
28;2025-12-28;19;21
50;2025-12-28;19;0
1;2025-12-28;20;26
5;2025-12-28;20;0
7;2025-12-28;20;17
11;2025-12-28;20;26
12;2025-12-28;20;28
17;2025-12-28;20;23
25;2025-12-28;20;27
26;2025-12-28;20;24
28;2025-12-28;20;28
50;2025-12-28;20;0
1;2025-12-28;21;23
5;2025-12-28;21;0
7;2025-12-28;21;17
11;2025-12-28;21;25
12;2025-12-28;21;24
17;2025-12-28;21;31
25;2025-12-28;21;23
26;2025-12-28;21;26
28;2025-12-28;21;29
50;2025-12-28;21;0
1;2025-12-28;22;16
5;2025-12-28;22;0
7;2025-12-28;22;16
11;2025-12-28;22;16
12;2025-12-28;22;25
17;2025-12-28;22;34
25;2025-12-28;22;28
26;2025-12-28;22;26
28;2025-12-28;22;16
50;2025-12-28;22;0
1;2025-12-28;23;14
5;2025-12-28;23;0
7;2025-12-28;23;14
11;2025-12-28;23;23
12;2025-12-28;23;21
17;2025-12-28;23;30
25;2025-12-28;23;36
26;2025-12-28;23;33
28;2025-12-28;23;31
50;2025-12-28;23;0
1;2025-12-29;0;29
5;2025-12-29;0;0
7;2025-12-29;0;20
11;2025-12-29;0;25
12;2025-12-29;0;27
17;2025-12-29;0;34
25;2025-12-29;0;27
26;2025-12-29;0;22
28;2025-12-29;0;22
50;2025-12-29;0;25
1;2025-12-29;1;20
5;2025-12-29;1;0
7;2025-12-29;1;23
11;2025-12-29;1;25
12;2025-12-29;1;30
17;2025-12-29;1;27
25;2025-12-29;1;27
26;2025-12-29;1;23
28;2025-12-29;1;21
50;2025-12-29;1;27
1;2025-12-29;2;30
5;2025-12-29;2;0
7;2025-12-29;2;22
11;2025-12-29;2;33
12;2025-12-29;2;18
17;2025-12-29;2;23
25;2025-12-29;2;23
26;2025-12-29;2;22
28;2025-12-29;2;25
50;2025-12-29;2;27
1;2025-12-29;3;21
5;2025-12-29;3;0
7;2025-12-29;3;22
11;2025-12-29;3;29
12;2025-12-29;3;29
17;2025-12-29;3;10
25;2025-12-29;3;27
26;2025-12-29;3;27
28;2025-12-29;3;26
50;2025-12-29;3;24
1;2025-12-29;4;26
5;2025-12-29;4;0
7;2025-12-29;4;26
11;2025-12-29;4;17
12;2025-12-29;4;30
17;2025-12-29;4;17
25;2025-12-29;4;26
26;2025-12-29;4;31
28;2025-12-29;4;26
50;2025-12-29;4;21
1;2025-12-29;5;21
5;2025-12-29;5;0
7;2025-12-29;5;27
11;2025-12-29;5;28
12;2025-12-29;5;22
17;2025-12-29;5;25
25;2025-12-29;5;27
26;2025-12-29;5;25
28;2025-12-29;5;34
50;2025-12-29;5;24
1;2025-12-29;6;27
5;2025-12-29;6;0
7;2025-12-29;6;29
11;2025-12-29;6;16
12;2025-12-29;6;22
17;2025-12-29;6;21
25;2025-12-29;6;21
26;2025-12-29;6;22
28;2025-12-29;6;34
50;2025-12-29;6;27
1;2025-12-29;7;28
5;2025-12-29;7;0
7;2025-12-29;7;30
11;2025-12-29;7;24
12;2025-12-29;7;24
17;2025-12-29;7;22
25;2025-12-29;7;32
26;2025-12-29;7;31
28;2025-12-29;7;28
50;2025-12-29;7;25
1;2025-12-29;8;20
5;2025-12-29;8;0
7;2025-12-29;8;23
11;2025-12-29;8;22
12;2025-12-29;8;26
17;2025-12-29;8;26
25;2025-12-29;8;24
26;2025-12-29;8;30
28;2025-12-29;8;30
50;2025-12-29;8;31
1;2025-12-29;9;28
5;2025-12-29;9;0
7;2025-12-29;9;23
11;2025-12-29;9;31
12;2025-12-29;9;19
17;2025-12-29;9;22
25;2025-12-29;9;20
26;2025-12-29;9;33
28;2025-12-29;9;22
50;2025-12-29;9;23
1;2025-12-29;10;31
5;2025-12-29;10;0
7;2025-12-29;10;26
11;2025-12-29;10;20
12;2025-12-29;10;18
17;2025-12-29;10;27
25;2025-12-29;10;33
26;2025-12-29;10;27
28;2025-12-29;10;31
50;2025-12-29;10;27
1;2025-12-29;11;23
5;2025-12-29;11;0
7;2025-12-29;11;31
11;2025-12-29;11;32
12;2025-12-29;11;24
17;2025-12-29;11;28
25;2025-12-29;11;25
26;2025-12-29;11;27
28;2025-12-29;11;24
50;2025-12-29;11;34
1;2025-12-29;12;23
5;2025-12-29;12;0
7;2025-12-29;12;27
11;2025-12-29;12;26
12;2025-12-29;12;31
17;2025-12-29;12;31
25;2025-12-29;12;26
26;2025-12-29;12;25
28;2025-12-29;12;21
50;2025-12-29;12;25
1;2025-12-29;13;21
5;2025-12-29;13;0
7;2025-12-29;13;20
11;2025-12-29;13;28
12;2025-12-29;13;24
17;2025-12-29;13;27
25;2025-12-29;13;21
26;2025-12-29;13;23
28;2025-12-29;13;29
50;2025-12-29;13;29
1;2025-12-29;14;24
5;2025-12-29;14;0
7;2025-12-29;14;20
11;2025-12-29;14;32
12;2025-12-29;14;25
17;2025-12-29;14;21
25;2025-12-29;14;23
26;2025-12-29;14;31
28;2025-12-29;14;23
50;2025-12-29;14;25
1;2025-12-29;15;19
5;2025-12-29;15;0
7;2025-12-29;15;17
11;2025-12-29;15;25
12;2025-12-29;15;24
17;2025-12-29;15;20
25;2025-12-29;15;21
26;2025-12-29;15;21
28;2025-12-29;15;25
50;2025-12-29;15;25
1;2025-12-29;16;31
5;2025-12-29;16;0
7;2025-12-29;16;30
11;2025-12-29;16;25
12;2025-12-29;16;29
17;2025-12-29;16;15
25;2025-12-29;16;26
26;2025-12-29;16;25
28;2025-12-29;16;17
50;2025-12-29;16;22
1;2025-12-29;17;16
5;2025-12-29;17;0
7;2025-12-29;17;19
11;2025-12-29;17;27
12;2025-12-29;17;26
17;2025-12-29;17;26
25;2025-12-29;17;21
26;2025-12-29;17;27
28;2025-12-29;17;29
50;2025-12-29;17;28
1;2025-12-29;18;29
5;2025-12-29;18;0
7;2025-12-29;18;24
11;2025-12-29;18;36
12;2025-12-29;18;26
17;2025-12-29;18;25
25;2025-12-29;18;35
26;2025-12-29;18;26
28;2025-12-29;18;32
50;2025-12-29;18;26
1;2025-12-29;19;30
5;2025-12-29;19;0
7;2025-12-29;19;26
11;2025-12-29;19;23
12;2025-12-29;19;23
17;2025-12-29;19;26
25;2025-12-29;19;32
26;2025-12-29;19;21
28;2025-12-29;19;25
50;2025-12-29;19;27
1;2025-12-29;20;30
5;2025-12-29;20;0
7;2025-12-29;20;18
11;2025-12-29;20;27
12;2025-12-29;20;23
17;2025-12-29;20;34
25;2025-12-29;20;30
26;2025-12-29;20;21
28;2025-12-29;20;26
50;2025-12-29;20;28
1;2025-12-29;21;27
5;2025-12-29;21;0
7;2025-12-29;21;25
11;2025-12-29;21;27
12;2025-12-29;21;31
17;2025-12-29;21;28
25;2025-12-29;21;21
26;2025-12-29;21;26
28;2025-12-29;21;19
50;2025-12-29;21;24
1;2025-12-29;22;22
5;2025-12-29;22;0
7;2025-12-29;22;30
11;2025-12-29;22;27
12;2025-12-29;22;19
17;2025-12-29;22;20
25;2025-12-29;22;21
26;2025-12-29;22;28
28;2025-12-29;22;31
50;2025-12-29;22;25
1;2025-12-29;23;24
5;2025-12-29;23;0
7;2025-12-29;23;30
11;2025-12-29;23;25
12;2025-12-29;23;29
17;2025-12-29;23;25
25;2025-12-29;23;30
26;2025-12-29;23;33
28;2025-12-29;23;29
50;2025-12-29;23;27
1;2025-12-30;0;18
5;2025-12-30;0;0
7;2025-12-30;0;17
11;2025-12-30;0;19
12;2025-12-30;0;20
17;2025-12-30;0;32
25;2025-12-30;0;36
26;2025-12-30;0;22
28;2025-12-30;0;22
50;2025-12-30;0;28
1;2025-12-30;1;26
5;2025-12-30;1;0
7;2025-12-30;1;27
11;2025-12-30;1;19
12;2025-12-30;1;18
17;2025-12-30;1;31
25;2025-12-30;1;22
26;2025-12-30;1;30
28;2025-12-30;1;29
50;2025-12-30;1;29
1;2025-12-30;2;22
5;2025-12-30;2;0
7;2025-12-30;2;23
11;2025-12-30;2;18
12;2025-12-30;2;27
17;2025-12-30;2;25
25;2025-12-30;2;25
26;2025-12-30;2;27
28;2025-12-30;2;22
50;2025-12-30;2;33
1;2025-12-30;3;16
5;2025-12-30;3;0
7;2025-12-30;3;26
11;2025-12-30;3;36
12;2025-12-30;3;22
17;2025-12-30;3;21
25;2025-12-30;3;24
26;2025-12-30;3;28
28;2025-12-30;3;32
50;2025-12-30;3;24
1;2025-12-30;4;31
5;2025-12-30;4;0
7;2025-12-30;4;26
11;2025-12-30;4;27
12;2025-12-30;4;23
17;2025-12-30;4;24
25;2025-12-30;4;34
26;2025-12-30;4;28
28;2025-12-30;4;23
50;2025-12-30;4;28
1;2025-12-30;5;30
5;2025-12-30;5;0
7;2025-12-30;5;25
11;2025-12-30;5;31
12;2025-12-30;5;30
17;2025-12-30;5;25
25;2025-12-30;5;23
26;2025-12-30;5;20
28;2025-12-30;5;32
50;2025-12-30;5;29
1;2025-12-30;6;22
5;2025-12-30;6;0
7;2025-12-30;6;26
11;2025-12-30;6;18
12;2025-12-30;6;26
17;2025-12-30;6;35
25;2025-12-30;6;20
26;2025-12-30;6;30
28;2025-12-30;6;23
50;2025-12-30;6;25
1;2025-12-30;7;18
5;2025-12-30;7;0
7;2025-12-30;7;32
11;2025-12-30;7;29
12;2025-12-30;7;30
17;2025-12-30;7;18
25;2025-12-30;7;25
26;2025-12-30;7;29
28;2025-12-30;7;32
50;2025-12-30;7;23
1;2025-12-30;8;27
5;2025-12-30;8;0
7;2025-12-30;8;21
11;2025-12-30;8;24
12;2025-12-30;8;23
17;2025-12-30;8;28
25;2025-12-30;8;24
26;2025-12-30;8;23
28;2025-12-30;8;29
50;2025-12-30;8;30
1;2025-12-30;9;31
5;2025-12-30;9;0
7;2025-12-30;9;28
11;2025-12-30;9;20
12;2025-12-30;9;28
17;2025-12-30;9;27
25;2025-12-30;9;23
26;2025-12-30;9;27
28;2025-12-30;9;26
50;2025-12-30;9;29
1;2025-12-30;10;23
5;2025-12-30;10;0
7;2025-12-30;10;26
11;2025-12-30;10;23
12;2025-12-30;10;24
17;2025-12-30;10;29
25;2025-12-30;10;35
26;2025-12-30;10;20
28;2025-12-30;10;28
50;2025-12-30;10;16
1;2025-12-30;11;33
5;2025-12-30;11;0
7;2025-12-30;11;25
11;2025-12-30;11;28
12;2025-12-30;11;25
17;2025-12-30;11;27
25;2025-12-30;11;31
26;2025-12-30;11;26
28;2025-12-30;11;22
50;2025-12-30;11;22
1;2025-12-30;12;26
5;2025-12-30;12;0
7;2025-12-30;12;25
11;2025-12-30;12;22
12;2025-12-30;12;28
17;2025-12-30;12;30
25;2025-12-30;12;29
26;2025-12-30;12;22
28;2025-12-30;12;37
50;2025-12-30;12;34
1;2025-12-30;13;29
5;2025-12-30;13;0
7;2025-12-30;13;23
11;2025-12-30;13;30
12;2025-12-30;13;31
17;2025-12-30;13;22
25;2025-12-30;13;23
26;2025-12-30;13;24
28;2025-12-30;13;22
50;2025-12-30;13;32
1;2025-12-30;14;25
5;2025-12-30;14;0
7;2025-12-30;14;21
11;2025-12-30;14;32
12;2025-12-30;14;26
17;2025-12-30;14;24
25;2025-12-30;14;23
26;2025-12-30;14;21
28;2025-12-30;14;25
50;2025-12-30;14;26
1;2025-12-30;15;22
5;2025-12-30;15;0
7;2025-12-30;15;25
11;2025-12-30;15;24
12;2025-12-30;15;27
17;2025-12-30;15;27
25;2025-12-30;15;32
26;2025-12-30;15;26
28;2025-12-30;15;24
50;2025-12-30;15;28
1;2025-12-30;16;27
5;2025-12-30;16;0
7;2025-12-30;16;32
11;2025-12-30;16;28
12;2025-12-30;16;23
17;2025-12-30;16;29
25;2025-12-30;16;33
26;2025-12-30;16;27
28;2025-12-30;16;23
50;2025-12-30;16;23
1;2025-12-30;17;26
5;2025-12-30;17;0
7;2025-12-30;17;26
11;2025-12-30;17;17
12;2025-12-30;17;29
17;2025-12-30;17;30
25;2025-12-30;17;17
26;2025-12-30;17;22
28;2025-12-30;17;25
50;2025-12-30;17;24
1;2025-12-30;18;22
5;2025-12-30;18;0
7;2025-12-30;18;27
11;2025-12-30;18;17
12;2025-12-30;18;19
17;2025-12-30;18;26
25;2025-12-30;18;32
26;2025-12-30;18;34
28;2025-12-30;18;20
50;2025-12-30;18;20
1;2025-12-30;19;27
5;2025-12-30;19;0
7;2025-12-30;19;28
11;2025-12-30;19;23
12;2025-12-30;19;27
17;2025-12-30;19;30
25;2025-12-30;19;24
26;2025-12-30;19;22
28;2025-12-30;19;29
50;2025-12-30;19;22
1;2025-12-30;20;26
5;2025-12-30;20;0
7;2025-12-30;20;18
11;2025-12-30;20;31
12;2025-12-30;20;20
17;2025-12-30;20;18
25;2025-12-30;20;31
26;2025-12-30;20;21
28;2025-12-30;20;23
50;2025-12-30;20;20
1;2025-12-30;21;31
5;2025-12-30;21;0
7;2025-12-30;21;17
11;2025-12-30;21;31
12;2025-12-30;21;29
17;2025-12-30;21;29
25;2025-12-30;21;18
26;2025-12-30;21;20
28;2025-12-30;21;25
50;2025-12-30;21;24
1;2025-12-30;22;24
5;2025-12-30;22;0
7;2025-12-30;22;25
11;2025-12-30;22;25
12;2025-12-30;22;24
17;2025-12-30;22;22
25;2025-12-30;22;27
26;2025-12-30;22;22
28;2025-12-30;22;31
50;2025-12-30;22;26
1;2025-12-30;23;25
5;2025-12-30;23;0
7;2025-12-30;23;16
11;2025-12-30;23;24
12;2025-12-30;23;34
17;2025-12-30;23;24
25;2025-12-30;23;29
26;2025-12-30;23;23
28;2025-12-30;23;20
50;2025-12-30;23;29
1;2025-12-31;0;24
5;2025-12-31;0;0
7;2025-12-31;0;15
11;2025-12-31;0;19
12;2025-12-31;0;23
17;2025-12-31;0;29
25;2025-12-31;0;22
26;2025-12-31;0;20
28;2025-12-31;0;24
50;2025-12-31;0;0
1;2025-12-31;1;22
5;2025-12-31;1;0
7;2025-12-31;1;15
11;2025-12-31;1;22
12;2025-12-31;1;25
17;2025-12-31;1;32
25;2025-12-31;1;28
26;2025-12-31;1;25
28;2025-12-31;1;26
50;2025-12-31;1;0
1;2025-12-31;2;19
5;2025-12-31;2;0
7;2025-12-31;2;19
11;2025-12-31;2;19
12;2025-12-31;2;25
17;2025-12-31;2;42
25;2025-12-31;2;25
26;2025-12-31;2;28
28;2025-12-31;2;22
50;2025-12-31;2;0
1;2025-12-31;3;26
5;2025-12-31;3;0
7;2025-12-31;3;15
11;2025-12-31;3;28
12;2025-12-31;3;24
17;2025-12-31;3;33
25;2025-12-31;3;29
26;2025-12-31;3;25
28;2025-12-31;3;19
50;2025-12-31;3;0
1;2025-12-31;4;24
5;2025-12-31;4;0
7;2025-12-31;4;11
11;2025-12-31;4;29
12;2025-12-31;4;18
17;2025-12-31;4;25
25;2025-12-31;4;27
26;2025-12-31;4;27
28;2025-12-31;4;25
50;2025-12-31;4;0
1;2025-12-31;5;30
5;2025-12-31;5;0
7;2025-12-31;5;15
11;2025-12-31;5;24
12;2025-12-31;5;22
17;2025-12-31;5;34
25;2025-12-31;5;32
26;2025-12-31;5;22
28;2025-12-31;5;27
50;2025-12-31;5;0
1;2025-12-31;6;24
5;2025-12-31;6;0
7;2025-12-31;6;18
11;2025-12-31;6;24
12;2025-12-31;6;20
17;2025-12-31;6;26
25;2025-12-31;6;30
26;2025-12-31;6;35
28;2025-12-31;6;32
50;2025-12-31;6;0
1;2025-12-31;7;28
5;2025-12-31;7;0
7;2025-12-31;7;14
11;2025-12-31;7;21
12;2025-12-31;7;22
17;2025-12-31;7;34
25;2025-12-31;7;27
26;2025-12-31;7;28
28;2025-12-31;7;26
50;2025-12-31;7;0
1;2025-12-31;8;27
5;2025-12-31;8;0
7;2025-12-31;8;17
11;2025-12-31;8;20
12;2025-12-31;8;26
17;2025-12-31;8;34
25;2025-12-31;8;32
26;2025-12-31;8;29
28;2025-12-31;8;26
50;2025-12-31;8;0
1;2025-12-31;9;23
5;2025-12-31;9;0
7;2025-12-31;9;19
11;2025-12-31;9;26
12;2025-12-31;9;28
17;2025-12-31;9;24
25;2025-12-31;9;37
26;2025-12-31;9;18
28;2025-12-31;9;21
50;2025-12-31;9;0
1;2025-12-31;10;26
5;2025-12-31;10;0
7;2025-12-31;10;16
11;2025-12-31;10;24
12;2025-12-31;10;26
17;2025-12-31;10;28
25;2025-12-31;10;30
26;2025-12-31;10;23
28;2025-12-31;10;27
50;2025-12-31;10;0
1;2025-12-31;11;29
5;2025-12-31;11;0
7;2025-12-31;11;12
11;2025-12-31;11;22
12;2025-12-31;11;25
17;2025-12-31;11;31
25;2025-12-31;11;34
26;2025-12-31;11;20
28;2025-12-31;11;28
50;2025-12-31;11;0
1;2025-12-31;12;24
5;2025-12-31;12;0
7;2025-12-31;12;14
11;2025-12-31;12;28
12;2025-12-31;12;24
17;2025-12-31;12;26
25;2025-12-31;12;32
26;2025-12-31;12;26
28;2025-12-31;12;20
50;2025-12-31;12;0
1;2025-12-31;13;28
5;2025-12-31;13;0
7;2025-12-31;13;11
11;2025-12-31;13;27
12;2025-12-31;13;24
17;2025-12-31;13;27
25;2025-12-31;13;24
26;2025-12-31;13;30
28;2025-12-31;13;28
50;2025-12-31;13;0
1;2025-12-31;14;24
5;2025-12-31;14;0
7;2025-12-31;14;18
11;2025-12-31;14;23
12;2025-12-31;14;20
17;2025-12-31;14;29
25;2025-12-31;14;24
26;2025-12-31;14;28
28;2025-12-31;14;24
50;2025-12-31;14;0
1;2025-12-31;15;29
5;2025-12-31;15;0
7;2025-12-31;15;12
11;2025-12-31;15;28
12;2025-12-31;15;22
17;2025-12-31;15;32
25;2025-12-31;15;24
26;2025-12-31;15;26
28;2025-12-31;15;25
50;2025-12-31;15;0
1;2025-12-31;16;24
5;2025-12-31;16;0
7;2025-12-31;16;14
11;2025-12-31;16;24
12;2025-12-31;16;24
17;2025-12-31;16;29
25;2025-12-31;16;26
26;2025-12-31;16;27
28;2025-12-31;16;24
50;2025-12-31;16;0
1;2025-12-31;17;30
5;2025-12-31;17;0
7;2025-12-31;17;19
11;2025-12-31;17;20
12;2025-12-31;17;22
17;2025-12-31;17;32
25;2025-12-31;17;33
26;2025-12-31;17;30
28;2025-12-31;17;23
50;2025-12-31;17;0
1;2025-12-31;18;24
5;2025-12-31;18;0
7;2025-12-31;18;18
11;2025-12-31;18;18
12;2025-12-31;18;26
17;2025-12-31;18;31
25;2025-12-31;18;30
26;2025-12-31;18;22
28;2025-12-31;18;20
50;2025-12-31;18;0
1;2025-12-31;19;29
5;2025-12-31;19;0
7;2025-12-31;19;16
11;2025-12-31;19;20
12;2025-12-31;19;25
17;2025-12-31;19;22
25;2025-12-31;19;31
26;2025-12-31;19;23
28;2025-12-31;19;21
50;2025-12-31;19;0
1;2025-12-31;20;26
5;2025-12-31;20;0
7;2025-12-31;20;17
11;2025-12-31;20;26
12;2025-12-31;20;28
17;2025-12-31;20;23
25;2025-12-31;20;27
26;2025-12-31;20;24
28;2025-12-31;20;28
50;2025-12-31;20;0
1;2025-12-31;21;23
5;2025-12-31;21;0
7;2025-12-31;21;17
11;2025-12-31;21;25
12;2025-12-31;21;24
17;2025-12-31;21;31
25;2025-12-31;21;23
26;2025-12-31;21;26
28;2025-12-31;21;29
50;2025-12-31;21;0
1;2025-12-31;22;16
5;2025-12-31;22;0
7;2025-12-31;22;16
11;2025-12-31;22;16
12;2025-12-31;22;25
17;2025-12-31;22;34
25;2025-12-31;22;28
26;2025-12-31;22;26
28;2025-12-31;22;16
50;2025-12-31;22;0
1;2025-12-31;23;14
5;2025-12-31;23;0
7;2025-12-31;23;14
11;2025-12-31;23;23
12;2025-12-31;23;21
17;2025-12-31;23;30
25;2025-12-31;23;36
26;2025-12-31;23;33
28;2025-12-31;23;31
50;2025-12-31;23;0
