route;date;hour;prediction
1;2025-11-01;0;4
1;2025-11-01;1;0
1;2025-11-01;2;0
1;2025-11-01;3;0
1;2025-11-01;4;7
1;2025-11-01;5;141
1;2025-11-01;6;552
1;2025-11-01;7;1586
1;2025-11-01;8;1893
1;2025-11-01;9;1491
1;2025-11-01;10;1344
1;2025-11-01;11;1449
1;2025-11-01;12;1438
1;2025-11-01;13;1501
1;2025-11-01;14;1426
1;2025-11-01;15;1589
1;2025-11-01;16;1658
1;2025-11-01;17;1796
1;2025-11-01;18;1609
1;2025-11-01;19;1250
1;2025-11-01;20;843
1;2025-11-01;21;523
1;2025-11-01;22;270
1;2025-11-01;23;55
1;2025-11-02;0;0
1;2025-11-02;1;0
1;2025-11-02;2;0
1;2025-11-02;3;0
1;2025-11-02;4;0
1;2025-11-02;5;25
1;2025-11-02;6;128
1;2025-11-02;7;248
1;2025-11-02;8;353
1;2025-11-02;9;576
1;2025-11-02;10;688
1;2025-11-02;11;643
1;2025-11-02;12;799
1;2025-11-02;13;843
1;2025-11-02;14;757
1;2025-11-02;15;702
1;2025-11-02;16;643
1;2025-11-02;17;595
1;2025-11-02;18;539
1;2025-11-02;19;469
1;2025-11-02;20;342
1;2025-11-02;21;257
1;2025-11-02;22;116
1;2025-11-02;23;32
1;2025-11-03;0;0
1;2025-11-03;1;0
1;2025-11-03;2;0
1;2025-11-03;3;0
1;2025-11-03;4;0
1;2025-11-03;5;24
1;2025-11-03;6;124
1;2025-11-03;7;242
1;2025-11-03;8;346
1;2025-11-03;9;567
1;2025-11-03;10;677
1;2025-11-03;11;627
1;2025-11-03;12;780
1;2025-11-03;13;825
1;2025-11-03;14;738
1;2025-11-03;15;683
1;2025-11-03;16;629
1;2025-11-03;17;581
1;2025-11-03;18;527
1;2025-11-03;19;459
1;2025-11-03;20;332
1;2025-11-03;21;252
1;2025-11-03;22;112
1;2025-11-03;23;29
1;2025-11-04;0;0
1;2025-11-04;1;0
1;2025-11-04;2;1
1;2025-11-04;3;0
1;2025-11-04;4;0
1;2025-11-04;5;23
1;2025-11-04;6;124
1;2025-11-04;7;245
1;2025-11-04;8;348
1;2025-11-04;9;567
1;2025-11-04;10;675
1;2025-11-04;11;626
1;2025-11-04;12;780
1;2025-11-04;13;826
1;2025-11-04;14;740
1;2025-11-04;15;685
1;2025-11-04;16;629
1;2025-11-04;17;581
1;2025-11-04;18;527
1;2025-11-04;19;459
1;2025-11-04;20;332
1;2025-11-04;21;252
1;2025-11-04;22;112
1;2025-11-04;23;29
1;2025-11-05;0;0
1;2025-11-05;1;0
1;2025-11-05;2;0
1;2025-11-05;3;0
1;2025-11-05;4;8
1;2025-11-05;5;138
1;2025-11-05;6;575
1;2025-11-05;7;1572
1;2025-11-05;8;1952
1;2025-11-05;9;1502
1;2025-11-05;10;1332
1;2025-11-05;11;1369
1;2025-11-05;12;1406
1;2025-11-05;13;1457
1;2025-11-05;14;1396
1;2025-11-05;15;1580
1;2025-11-05;16;1512
1;2025-11-05;17;1829
1;2025-11-05;18;1830
1;2025-11-05;19;1450
1;2025-11-05;20;903
1;2025-11-05;21;489
1;2025-11-05;22;265
1;2025-11-05;23;46
1;2025-11-06;0;2
1;2025-11-06;1;0
1;2025-11-06;2;0
1;2025-11-06;3;0
1;2025-11-06;4;7
1;2025-11-06;5;124
1;2025-11-06;6;541
1;2025-11-06;7;1558
1;2025-11-06;8;1999
1;2025-11-06;9;1530
1;2025-11-06;10;1355
1;2025-11-06;11;1416
1;2025-11-06;12;1438
1;2025-11-06;13;1466
1;2025-11-06;14;1423
1;2025-11-06;15;1578
1;2025-11-06;16;1571
1;2025-11-06;17;1828
1;2025-11-06;18;1829
1;2025-11-06;19;1412
1;2025-11-06;20;903
1;2025-11-06;21;518
1;2025-11-06;22;250
1;2025-11-06;23;53
1;2025-11-07;0;2
1;2025-11-07;1;0
1;2025-11-07;2;0
1;2025-11-07;3;0
1;2025-11-07;4;7
1;2025-11-07;5;138
1;2025-11-07;6;544
1;2025-11-07;7;1571
1;2025-11-07;8;1879
1;2025-11-07;9;1473
1;2025-11-07;10;1325
1;2025-11-07;11;1430
1;2025-11-07;12;1419
1;2025-11-07;13;1482
1;2025-11-07;14;1406
1;2025-11-07;15;1570
1;2025-11-07;16;1641
1;2025-11-07;17;1779
1;2025-11-07;18;1593
1;2025-11-07;19;1235
1;2025-11-07;20;829
1;2025-11-07;21;515
1;2025-11-07;22;263
1;2025-11-07;23;51
1;2025-11-08;0;3
1;2025-11-08;1;0
1;2025-11-08;2;0
1;2025-11-08;3;0
1;2025-11-08;4;0
1;2025-11-08;5;29
1;2025-11-08;6;168
1;2025-11-08;7;348
1;2025-11-08;8;479
1;2025-11-08;9;730
1;2025-11-08;10;842
1;2025-11-08;11;779
1;2025-11-08;12;992
1;2025-11-08;13;1047
1;2025-11-08;14;964
1;2025-11-08;15;853
1;2025-11-08;16;773
1;2025-11-08;17;702
1;2025-11-08;18;637
1;2025-11-08;19;575
1;2025-11-08;20;436
1;2025-11-08;21;297
1;2025-11-08;22;135
1;2025-11-08;23;29
1;2025-11-09;0;0
1;2025-11-09;1;0
1;2025-11-09;2;0
1;2025-11-09;3;0
1;2025-11-09;4;0
1;2025-11-09;5;23
1;2025-11-09;6;127
1;2025-11-09;7;255
1;2025-11-09;8;361
1;2025-11-09;9;583
1;2025-11-09;10;693
1;2025-11-09;11;643
1;2025-11-09;12;798
1;2025-11-09;13;843
1;2025-11-09;14;756
1;2025-11-09;15;700
1;2025-11-09;16;640
1;2025-11-09;17;590
1;2025-11-09;18;533
1;2025-11-09;19;463
1;2025-11-09;20;337
1;2025-11-09;21;255
1;2025-11-09;22;116
1;2025-11-09;23;32
1;2025-11-10;0;0
1;2025-11-10;1;0
1;2025-11-10;2;0
1;2025-11-10;3;0
1;2025-11-10;4;8
1;2025-11-10;5;135
1;2025-11-10;6;565
1;2025-11-10;7;1523
1;2025-11-10;8;1915
1;2025-11-10;9;1413
1;2025-11-10;10;1245
1;2025-11-10;11;1286
1;2025-11-10;12;1362
1;2025-11-10;13;1353
1;2025-11-10;14;1305
1;2025-11-10;15;1487
1;2025-11-10;16;1527
1;2025-11-10;17;1800
1;2025-11-10;18;1911
1;2025-11-10;19;1464
1;2025-11-10;20;879
1;2025-11-10;21;478
1;2025-11-10;22;221
1;2025-11-10;23;44
1;2025-11-11;0;3
1;2025-11-11;1;0
1;2025-11-11;2;0
1;2025-11-11;3;0
1;2025-11-11;4;7
1;2025-11-11;5;141
1;2025-11-11;6;580
1;2025-11-11;7;1618
1;2025-11-11;8;1964
1;2025-11-11;9;1519
1;2025-11-11;10;1364
1;2025-11-11;11;1374
1;2025-11-11;12;1403
1;2025-11-11;13;1447
1;2025-11-11;14;1374
1;2025-11-11;15;1479
1;2025-11-11;16;1529
1;2025-11-11;17;1793
1;2025-11-11;18;1824
1;2025-11-11;19;1442
1;2025-11-11;20;930
1;2025-11-11;21;497
1;2025-11-11;22;245
1;2025-11-11;23;46
1;2025-11-12;0;4
1;2025-11-12;1;0
1;2025-11-12;2;0
1;2025-11-12;3;0
1;2025-11-12;4;8
1;2025-11-12;5;141
1;2025-11-12;6;576
1;2025-11-12;7;1568
1;2025-11-12;8;1946
1;2025-11-12;9;1500
1;2025-11-12;10;1321
1;2025-11-12;11;1359
1;2025-11-12;12;1398
1;2025-11-12;13;1450
1;2025-11-12;14;1389
1;2025-11-12;15;1572
1;2025-11-12;16;1505
1;2025-11-12;17;1821
1;2025-11-12;18;1822
1;2025-11-12;19;1443
1;2025-11-12;20;895
1;2025-11-12;21;492
1;2025-11-12;22;268
1;2025-11-12;23;49
1;2025-11-13;0;5
1;2025-11-13;1;0
1;2025-11-13;2;0
1;2025-11-13;3;0
1;2025-11-13;4;7
1;2025-11-13;5;128
1;2025-11-13;6;543
1;2025-11-13;7;1550
1;2025-11-13;8;1990
1;2025-11-13;9;1523
1;2025-11-13;10;1349
1;2025-11-13;11;1415
1;2025-11-13;12;1437
1;2025-11-13;13;1466
1;2025-11-13;14;1422
1;2025-11-13;15;1580
1;2025-11-13;16;1573
1;2025-11-13;17;1829
1;2025-11-13;18;1830
1;2025-11-13;19;1412
1;2025-11-13;20;902
1;2025-11-13;21;519
1;2025-11-13;22;251
1;2025-11-13;23;56
1;2025-11-14;0;5
1;2025-11-14;1;0
1;2025-11-14;2;0
1;2025-11-14;3;0
1;2025-11-14;4;6
1;2025-11-14;5;138
1;2025-11-14;6;546
1;2025-11-14;7;1561
1;2025-11-14;8;1871
1;2025-11-14;9;1471
1;2025-11-14;10;1323
1;2025-11-14;11;1428
1;2025-11-14;12;1417
1;2025-11-14;13;1480
1;2025-11-14;14;1404
1;2025-11-14;15;1568
1;2025-11-14;16;1639
1;2025-11-14;17;1777
1;2025-11-14;18;1591
1;2025-11-14;19;1233
1;2025-11-14;20;828
1;2025-11-14;21;514
1;2025-11-14;22;262
1;2025-11-14;23;51
1;2025-11-15;0;3
1;2025-11-15;1;0
1;2025-11-15;2;0
1;2025-11-15;3;0
1;2025-11-15;4;0
1;2025-11-15;5;28
1;2025-11-15;6;168
1;2025-11-15;7;340
1;2025-11-15;8;471
1;2025-11-15;9;718
1;2025-11-15;10;829
1;2025-11-15;11;766
1;2025-11-15;12;980
1;2025-11-15;13;1034
1;2025-11-15;14;953
1;2025-11-15;15;842
1;2025-11-15;16;763
1;2025-11-15;17;692
1;2025-11-15;18;630
1;2025-11-15;19;571
1;2025-11-15;20;433
1;2025-11-15;21;293
1;2025-11-15;22;137
1;2025-11-15;23;33
1;2025-11-16;0;0
1;2025-11-16;1;0
1;2025-11-16;2;0
1;2025-11-16;3;0
1;2025-11-16;4;0
1;2025-11-16;5;25
1;2025-11-16;6;128
1;2025-11-16;7;246
1;2025-11-16;8;350
1;2025-11-16;9;571
1;2025-11-16;10;680
1;2025-11-16;11;630
1;2025-11-16;12;787
1;2025-11-16;13;831
1;2025-11-16;14;744
1;2025-11-16;15;689
1;2025-11-16;16;630
1;2025-11-16;17;582
1;2025-11-16;18;528
1;2025-11-16;19;461
1;2025-11-16;20;335
1;2025-11-16;21;253
1;2025-11-16;22;116
1;2025-11-16;23;33
1;2025-11-17;0;0
1;2025-11-17;1;0
1;2025-11-17;2;0
1;2025-11-17;3;0
1;2025-11-17;4;8
1;2025-11-17;5;135
1;2025-11-17;6;566
1;2025-11-17;7;1517
1;2025-11-17;8;1909
1;2025-11-17;9;1408
1;2025-11-17;10;1240
1;2025-11-17;11;1282
1;2025-11-17;12;1358
1;2025-11-17;13;1349
1;2025-11-17;14;1302
1;2025-11-17;15;1485
1;2025-11-17;16;1525
1;2025-11-17;17;1798
1;2025-11-17;18;1910
1;2025-11-17;19;1464
1;2025-11-17;20;879
1;2025-11-17;21;478
1;2025-11-17;22;221
1;2025-11-17;23;44
1;2025-11-18;0;3
1;2025-11-18;1;0
1;2025-11-18;2;0
1;2025-11-18;3;0
1;2025-11-18;4;7
1;2025-11-18;5;138
1;2025-11-18;6;578
1;2025-11-18;7;1625
1;2025-11-18;8;1974
1;2025-11-18;9;1527
1;2025-11-18;10;1371
1;2025-11-18;11;1379
1;2025-11-18;12;1406
1;2025-11-18;13;1446
1;2025-11-18;14;1372
1;2025-11-18;15;1483
1;2025-11-18;16;1528
1;2025-11-18;17;1788
1;2025-11-18;18;1821
1;2025-11-18;19;1440
1;2025-11-18;20;928
1;2025-11-18;21;495
1;2025-11-18;22;244
1;2025-11-18;23;47
1;2025-11-19;0;5
1;2025-11-19;1;0
1;2025-11-19;2;0
1;2025-11-19;3;0
1;2025-11-19;4;8
1;2025-11-19;5;141
1;2025-11-19;6;576
1;2025-11-19;7;1564
1;2025-11-19;8;1941
1;2025-11-19;9;1496
1;2025-11-19;10;1317
1;2025-11-19;11;1355
1;2025-11-19;12;1393
1;2025-11-19;13;1443
1;2025-11-19;14;1382
1;2025-11-19;15;1566
1;2025-11-19;16;1498
1;2025-11-19;17;1815
1;2025-11-19;18;1815
1;2025-11-19;19;1438
1;2025-11-19;20;890
1;2025-11-19;21;492
1;2025-11-19;22;268
1;2025-11-19;23;50
1;2025-11-20;0;6
1;2025-11-20;1;0
1;2025-11-20;2;0
1;2025-11-20;3;0
1;2025-11-20;4;7
1;2025-11-20;5;129
1;2025-11-20;6;544
1;2025-11-20;7;1544
1;2025-11-20;8;1982
1;2025-11-20;9;1517
1;2025-11-20;10;1341
1;2025-11-20;11;1404
1;2025-11-20;12;1423
1;2025-11-20;13;1452
1;2025-11-20;14;1410
1;2025-11-20;15;1566
1;2025-11-20;16;1559
1;2025-11-20;17;1814
1;2025-11-20;18;1816
1;2025-11-20;19;1401
1;2025-11-20;20;895
1;2025-11-20;21;521
1;2025-11-20;22;253
1;2025-11-20;23;58
1;2025-11-21;0;7
1;2025-11-21;1;0
1;2025-11-21;2;0
1;2025-11-21;3;0
1;2025-11-21;4;7
1;2025-11-21;5;137
1;2025-11-21;6;547
1;2025-11-21;7;1557
1;2025-11-21;8;1864
1;2025-11-21;9;1459
1;2025-11-21;10;1310
1;2025-11-21;11;1416
1;2025-11-21;12;1405
1;2025-11-21;13;1469
1;2025-11-21;14;1392
1;2025-11-21;15;1556
1;2025-11-21;16;1623
1;2025-11-21;17;1762
1;2025-11-21;18;1579
1;2025-11-21;19;1222
1;2025-11-21;20;821
1;2025-11-21;21;517
1;2025-11-21;22;266
1;2025-11-21;23;56
1;2025-11-22;0;7
1;2025-11-22;1;0
1;2025-11-22;2;0
1;2025-11-22;3;0
1;2025-11-22;4;0
1;2025-11-22;5;28
1;2025-11-22;6;168
1;2025-11-22;7;340
1;2025-11-22;8;471
1;2025-11-22;9;718
1;2025-11-22;10;831
1;2025-11-22;11;768
1;2025-11-22;12;982
1;2025-11-22;13;1036
1;2025-11-22;14;954
1;2025-11-22;15;843
1;2025-11-22;16;764
1;2025-11-22;17;692
1;2025-11-22;18;632
1;2025-11-22;19;572
1;2025-11-22;20;433
1;2025-11-22;21;292
1;2025-11-22;22;136
1;2025-11-22;23;32
1;2025-11-23;0;0
1;2025-11-23;1;0
1;2025-11-23;2;0
1;2025-11-23;3;0
1;2025-11-23;4;0
1;2025-11-23;5;25
1;2025-11-23;6;128
1;2025-11-23;7;247
1;2025-11-23;8;351
1;2025-11-23;9;571
1;2025-11-23;10;681
1;2025-11-23;11;631
1;2025-11-23;12;788
1;2025-11-23;13;832
1;2025-11-23;14;745
1;2025-11-23;15;690
1;2025-11-23;16;631
1;2025-11-23;17;583
1;2025-11-23;18;528
1;2025-11-23;19;461
1;2025-11-23;20;335
1;2025-11-23;21;253
1;2025-11-23;22;116
1;2025-11-23;23;33
1;2025-11-24;0;0
1;2025-11-24;1;0
1;2025-11-24;2;0
1;2025-11-24;3;0
1;2025-11-24;4;7
1;2025-11-24;5;135
1;2025-11-24;6;564
1;2025-11-24;7;1520
1;2025-11-24;8;1913
1;2025-11-24;9;1412
1;2025-11-24;10;1244
1;2025-11-24;11;1285
1;2025-11-24;12;1363
1;2025-11-24;13;1356
1;2025-11-24;14;1310
1;2025-11-24;15;1496
1;2025-11-24;16;1529
1;2025-11-24;17;1798
1;2025-11-24;18;1908
1;2025-11-24;19;1461
1;2025-11-24;20;875
1;2025-11-24;21;477
1;2025-11-24;22;221
1;2025-11-24;23;45
1;2025-11-25;0;3
1;2025-11-25;1;0
1;2025-11-25;2;0
1;2025-11-25;3;0
1;2025-11-25;4;7
1;2025-11-25;5;141
1;2025-11-25;6;580
1;2025-11-25;7;1614
1;2025-11-25;8;1960
1;2025-11-25;9;1515
1;2025-11-25;10;1360
1;2025-11-25;11;1368
1;2025-11-25;12;1394
1;2025-11-25;13;1434
1;2025-11-25;14;1360
1;2025-11-25;15;1471
1;2025-11-25;16;1521
1;2025-11-25;17;1785
1;2025-11-25;18;1818
1;2025-11-25;19;1437
1;2025-11-25;20;926
1;2025-11-25;21;497
1;2025-11-25;22;245
1;2025-11-25;23;47
1;2025-11-26;0;4
1;2025-11-26;1;0
1;2025-11-26;2;0
1;2025-11-26;3;0
1;2025-11-26;4;8
1;2025-11-26;5;141
1;2025-11-26;6;576
1;2025-11-26;7;1565
1;2025-11-26;8;1942
1;2025-11-26;9;1496
1;2025-11-26;10;1318
1;2025-11-26;11;1356
1;2025-11-26;12;1393
1;2025-11-26;13;1443
1;2025-11-26;14;1382
1;2025-11-26;15;1566
1;2025-11-26;16;1498
1;2025-11-26;17;1816
1;2025-11-26;18;1816
1;2025-11-26;19;1438
1;2025-11-26;20;891
1;2025-11-26;21;491
1;2025-11-26;22;268
1;2025-11-26;23;50
1;2025-11-27;0;5
1;2025-11-27;1;0
1;2025-11-27;2;0
1;2025-11-27;3;0
1;2025-11-27;4;7
1;2025-11-27;5;128
1;2025-11-27;6;544
1;2025-11-27;7;1548
1;2025-11-27;8;1987
1;2025-11-27;9;1523
1;2025-11-27;10;1347
1;2025-11-27;11;1410
1;2025-11-27;12;1430
1;2025-11-27;13;1460
1;2025-11-27;14;1416
1;2025-11-27;15;1574
1;2025-11-27;16;1567
1;2025-11-27;17;1823
1;2025-11-27;18;1824
1;2025-11-27;19;1408
1;2025-11-27;20;900
1;2025-11-27;21;519
1;2025-11-27;22;250
1;2025-11-27;23;54
1;2025-11-28;0;2
1;2025-11-28;1;0
1;2025-11-28;2;0
1;2025-11-28;3;0
1;2025-11-28;4;7
1;2025-11-28;5;138
1;2025-11-28;6;545
1;2025-11-28;7;1562
1;2025-11-28;8;1868
1;2025-11-28;9;1463
1;2025-11-28;10;1313
1;2025-11-28;11;1419
1;2025-11-28;12;1408
1;2025-11-28;13;1471
1;2025-11-28;14;1395
1;2025-11-28;15;1559
1;2025-11-28;16;1628
1;2025-11-28;17;1766
1;2025-11-28;18;1582
1;2025-11-28;19;1224
1;2025-11-28;20;822
1;2025-11-28;21;517
1;2025-11-28;22;265
1;2025-11-28;23;56
1;2025-11-29;0;7
1;2025-11-29;1;0
1;2025-11-29;2;0
1;2025-11-29;3;0
1;2025-11-29;4;0
1;2025-11-29;5;29
1;2025-11-29;6;169
1;2025-11-29;7;341
1;2025-11-29;8;473
1;2025-11-29;9;720
1;2025-11-29;10;831
1;2025-11-29;11;768
1;2025-11-29;12;982
1;2025-11-29;13;1036
1;2025-11-29;14;953
1;2025-11-29;15;842
1;2025-11-29;16;763
1;2025-11-29;17;692
1;2025-11-29;18;631
1;2025-11-29;19;572
1;2025-11-29;20;433
1;2025-11-29;21;293
1;2025-11-29;22;137
1;2025-11-29;23;32
1;2025-11-30;0;0
1;2025-11-30;1;0
1;2025-11-30;2;0
1;2025-11-30;3;0
1;2025-11-30;4;0
1;2025-11-30;5;25
1;2025-11-30;6;128
1;2025-11-30;7;247
1;2025-11-30;8;352
1;2025-11-30;9;572
1;2025-11-30;10;682
1;2025-11-30;11;632
1;2025-11-30;12;788
1;2025-11-30;13;833
1;2025-11-30;14;746
1;2025-11-30;15;691
1;2025-11-30;16;633
1;2025-11-30;17;585
1;2025-11-30;18;530
1;2025-11-30;19;462
1;2025-11-30;20;337
1;2025-11-30;21;254
1;2025-11-30;22;116
1;2025-11-30;23;33
1;2025-12-01;0;0
1;2025-12-01;1;0
1;2025-12-01;2;0
1;2025-12-01;3;0
1;2025-12-01;4;8
1;2025-12-01;5;135
1;2025-12-01;6;565
1;2025-12-01;7;1519
1;2025-12-01;8;1911
1;2025-12-01;9;1410
1;2025-12-01;10;1241
1;2025-12-01;11;1283
1;2025-12-01;12;1358
1;2025-12-01;13;1350
1;2025-12-01;14;1303
1;2025-12-01;15;1483
1;2025-12-01;16;1522
1;2025-12-01;17;1796
1;2025-12-01;18;1907
1;2025-12-01;19;1461
1;2025-12-01;20;875
1;2025-12-01;21;478
1;2025-12-01;22;222
1;2025-12-01;23;45
1;2025-12-02;0;3
1;2025-12-02;1;0
1;2025-12-02;2;0
1;2025-12-02;3;0
1;2025-12-02;4;7
1;2025-12-02;5;141
1;2025-12-02;6;580
1;2025-12-02;7;1614
1;2025-12-02;8;1960
1;2025-12-02;9;1515
1;2025-12-02;10;1360
1;2025-12-02;11;1368
1;2025-12-02;12;1394
1;2025-12-02;13;1434
1;2025-12-02;14;1360
1;2025-12-02;15;1471
1;2025-12-02;16;1521
1;2025-12-02;17;1785
1;2025-12-02;18;1818
1;2025-12-02;19;1437
1;2025-12-02;20;926
1;2025-12-02;21;497
1;2025-12-02;22;245
1;2025-12-02;23;47
1;2025-12-03;0;5
1;2025-12-03;1;0
1;2025-12-03;2;0
1;2025-12-03;3;0
1;2025-12-03;4;8
1;2025-12-03;5;141
1;2025-12-03;6;576
1;2025-12-03;7;1564
1;2025-12-03;8;1941
1;2025-12-03;9;1496
1;2025-12-03;10;1317
1;2025-12-03;11;1357
1;2025-12-03;12;1394
1;2025-12-03;13;1445
1;2025-12-03;14;1385
1;2025-12-03;15;1566
1;2025-12-03;16;1498
1;2025-12-03;17;1815
1;2025-12-03;18;1815
1;2025-12-03;19;1438
1;2025-12-03;20;890
1;2025-12-03;21;492
1;2025-12-03;22;268
1;2025-12-03;23;50
1;2025-12-04;0;6
1;2025-12-04;1;0
1;2025-12-04;2;0
1;2025-12-04;3;0
1;2025-12-04;4;7
1;2025-12-04;5;129
1;2025-12-04;6;544
1;2025-12-04;7;1544
1;2025-12-04;8;1982
1;2025-12-04;9;1518
1;2025-12-04;10;1342
1;2025-12-04;11;1406
1;2025-12-04;12;1425
1;2025-12-04;13;1455
1;2025-12-04;14;1412
1;2025-12-04;15;1570
1;2025-12-04;16;1563
1;2025-12-04;17;1818
1;2025-12-04;18;1820
1;2025-12-04;19;1405
1;2025-12-04;20;898
1;2025-12-04;21;521
1;2025-12-04;22;253
1;2025-12-04;23;57
1;2025-12-05;0;6
1;2025-12-05;1;0
1;2025-12-05;2;0
1;2025-12-05;3;0
1;2025-12-05;4;7
1;2025-12-05;5;138
1;2025-12-05;6;547
1;2025-12-05;7;1557
1;2025-12-05;8;1865
1;2025-12-05;9;1462
1;2025-12-05;10;1312
1;2025-12-05;11;1418
1;2025-12-05;12;1408
1;2025-12-05;13;1471
1;2025-12-05;14;1395
1;2025-12-05;15;1559
1;2025-12-05;16;1628
1;2025-12-05;17;1766
1;2025-12-05;18;1582
1;2025-12-05;19;1224
1;2025-12-05;20;822
1;2025-12-05;21;517
1;2025-12-05;22;265
1;2025-12-05;23;56
1;2025-12-06;0;6
1;2025-12-06;1;0
1;2025-12-06;2;0
1;2025-12-06;3;0
1;2025-12-06;4;0
1;2025-12-06;5;29
1;2025-12-06;6;169
1;2025-12-06;7;342
1;2025-12-06;8;474
1;2025-12-06;9;721
1;2025-12-06;10;832
1;2025-12-06;11;769
1;2025-12-06;12;983
1;2025-12-06;13;1037
1;2025-12-06;14;954
1;2025-12-06;15;844
1;2025-12-06;16;765
1;2025-12-06;17;693
1;2025-12-06;18;632
1;2025-12-06;19;573
1;2025-12-06;20;434
1;2025-12-06;21;294
1;2025-12-06;22;137
1;2025-12-06;23;32
1;2025-12-07;0;0
1;2025-12-07;1;0
1;2025-12-07;2;0
1;2025-12-07;3;0
1;2025-12-07;4;0
1;2025-12-07;5;25
1;2025-12-07;6;128
1;2025-12-07;7;247
1;2025-12-07;8;351
1;2025-12-07;9;571
1;2025-12-07;10;681
1;2025-12-07;11;631
1;2025-12-07;12;788
1;2025-12-07;13;832
1;2025-12-07;14;745
1;2025-12-07;15;690
1;2025-12-07;16;631
1;2025-12-07;17;583
1;2025-12-07;18;528
1;2025-12-07;19;461
1;2025-12-07;20;335
1;2025-12-07;21;253
1;2025-12-07;22;116
1;2025-12-07;23;33
1;2025-12-08;0;0
1;2025-12-08;1;0
1;2025-12-08;2;0
1;2025-12-08;3;0
1;2025-12-08;4;8
1;2025-12-08;5;135
1;2025-12-08;6;565
1;2025-12-08;7;1519
1;2025-12-08;8;1911
1;2025-12-08;9;1410
1;2025-12-08;10;1241
1;2025-12-08;11;1283
1;2025-12-08;12;1358
1;2025-12-08;13;1349
1;2025-12-08;14;1301
1;2025-12-08;15;1483
1;2025-12-08;16;1522
1;2025-12-08;17;1796
1;2025-12-08;18;1907
1;2025-12-08;19;1461
1;2025-12-08;20;875
1;2025-12-08;21;478
1;2025-12-08;22;222
1;2025-12-08;23;45
1;2025-12-09;0;3
1;2025-12-09;1;0
1;2025-12-09;2;0
1;2025-12-09;3;0
1;2025-12-09;4;7
1;2025-12-09;5;141
1;2025-12-09;6;580
1;2025-12-09;7;1613
1;2025-12-09;8;1960
1;2025-12-09;9;1515
1;2025-12-09;10;1359
1;2025-12-09;11;1367
1;2025-12-09;12;1394
1;2025-12-09;13;1434
1;2025-12-09;14;1360
1;2025-12-09;15;1471
1;2025-12-09;16;1521
1;2025-12-09;17;1785
1;2025-12-09;18;1817
1;2025-12-09;19;1437
1;2025-12-09;20;925
1;2025-12-09;21;496
1;2025-12-09;22;245
1;2025-12-09;23;47
1;2025-12-10;0;4
1;2025-12-10;1;0
1;2025-12-10;2;0
1;2025-12-10;3;0
1;2025-12-10;4;8
1;2025-12-10;5;141
1;2025-12-10;6;576
1;2025-12-10;7;1564
1;2025-12-10;8;1941
1;2025-12-10;9;1496
1;2025-12-10;10;1317
1;2025-12-10;11;1356
1;2025-12-10;12;1393
1;2025-12-10;13;1443
1;2025-12-10;14;1382
1;2025-12-10;15;1566
1;2025-12-10;16;1498
1;2025-12-10;17;1815
1;2025-12-10;18;1815
1;2025-12-10;19;1438
1;2025-12-10;20;890
1;2025-12-10;21;492
1;2025-12-10;22;268
1;2025-12-10;23;50
1;2025-12-11;0;6
1;2025-12-11;1;0
1;2025-12-11;2;0
1;2025-12-11;3;0
1;2025-12-11;4;7
1;2025-12-11;5;128
1;2025-12-11;6;544
1;2025-12-11;7;1546
1;2025-12-11;8;1984
1;2025-12-11;9;1518
1;2025-12-11;10;1342
1;2025-12-11;11;1405
1;2025-12-11;12;1424
1;2025-12-11;13;1454
1;2025-12-11;14;1411
1;2025-12-11;15;1569
1;2025-12-11;16;1563
1;2025-12-11;17;1819
1;2025-12-11;18;1820
1;2025-12-11;19;1406
1;2025-12-11;20;899
1;2025-12-11;21;521
1;2025-12-11;22;252
1;2025-12-11;23;57
1;2025-12-12;0;6
1;2025-12-12;1;0
1;2025-12-12;2;0
1;2025-12-12;3;0
1;2025-12-12;4;7
1;2025-12-12;5;138
1;2025-12-12;6;546
1;2025-12-12;7;1560
1;2025-12-12;8;1868
1;2025-12-12;9;1465
1;2025-12-12;10;1315
1;2025-12-12;11;1421
1;2025-12-12;12;1410
1;2025-12-12;13;1471
1;2025-12-12;14;1395
1;2025-12-12;15;1556
1;2025-12-12;16;1624
1;2025-12-12;17;1762
1;2025-12-12;18;1577
1;2025-12-12;19;1220
1;2025-12-12;20;820
1;2025-12-12;21;516
1;2025-12-12;22;264
1;2025-12-12;23;56
1;2025-12-13;0;7
1;2025-12-13;1;0
1;2025-12-13;2;0
1;2025-12-13;3;0
1;2025-12-13;4;0
1;2025-12-13;5;28
1;2025-12-13;6;168
1;2025-12-13;7;337
1;2025-12-13;8;470
1;2025-12-13;9;717
1;2025-12-13;10;827
1;2025-12-13;11;764
1;2025-12-13;12;980
1;2025-12-13;13;1033
1;2025-12-13;14;950
1;2025-12-13;15;840
1;2025-12-13;16;759
1;2025-12-13;17;688
1;2025-12-13;18;629
1;2025-12-13;19;570
1;2025-12-13;20;430
1;2025-12-13;21;290
1;2025-12-13;22;137
1;2025-12-13;23;32
1;2025-12-14;0;0
1;2025-12-14;1;0
1;2025-12-14;2;0
1;2025-12-14;3;0
1;2025-12-14;4;0
1;2025-12-14;5;25
1;2025-12-14;6;128
1;2025-12-14;7;246
1;2025-12-14;8;349
1;2025-12-14;9;569
1;2025-12-14;10;679
1;2025-12-14;11;630
1;2025-12-14;12;784
1;2025-12-14;13;828
1;2025-12-14;14;741
1;2025-12-14;15;687
1;2025-12-14;16;630
1;2025-12-14;17;582
1;2025-12-14;18;527
1;2025-12-14;19;460
1;2025-12-14;20;335
1;2025-12-14;21;253
1;2025-12-14;22;117
1;2025-12-14;23;34
1;2025-12-15;0;0
1;2025-12-15;1;0
1;2025-12-15;2;0
1;2025-12-15;3;0
1;2025-12-15;4;8
1;2025-12-15;5;136
1;2025-12-15;6;566
1;2025-12-15;7;1517
1;2025-12-15;8;1909
1;2025-12-15;9;1408
1;2025-12-15;10;1239
1;2025-12-15;11;1281
1;2025-12-15;12;1357
1;2025-12-15;13;1347
1;2025-12-15;14;1299
1;2025-12-15;15;1481
1;2025-12-15;16;1520
1;2025-12-15;17;1794
1;2025-12-15;18;1905
1;2025-12-15;19;1459
1;2025-12-15;20;874
1;2025-12-15;21;479
1;2025-12-15;22;222
1;2025-12-15;23;45
1;2025-12-16;0;3
1;2025-12-16;1;0
1;2025-12-16;2;0
1;2025-12-16;3;0
1;2025-12-16;4;7
1;2025-12-16;5;142
1;2025-12-16;6;580
1;2025-12-16;7;1613
1;2025-12-16;8;1958
1;2025-12-16;9;1514
1;2025-12-16;10;1359
1;2025-12-16;11;1367
1;2025-12-16;12;1394
1;2025-12-16;13;1434
1;2025-12-16;14;1361
1;2025-12-16;15;1471
1;2025-12-16;16;1522
1;2025-12-16;17;1787
1;2025-12-16;18;1819
1;2025-12-16;19;1438
1;2025-12-16;20;927
1;2025-12-16;21;497
1;2025-12-16;22;245
1;2025-12-16;23;47
1;2025-12-17;0;4
1;2025-12-17;1;0
1;2025-12-17;2;0
1;2025-12-17;3;0
1;2025-12-17;4;8
1;2025-12-17;5;141
1;2025-12-17;6;576
1;2025-12-17;7;1566
1;2025-12-17;8;1943
1;2025-12-17;9;1498
1;2025-12-17;10;1319
1;2025-12-17;11;1357
1;2025-12-17;12;1394
1;2025-12-17;13;1445
1;2025-12-17;14;1385
1;2025-12-17;15;1567
1;2025-12-17;16;1498
1;2025-12-17;17;1815
1;2025-12-17;18;1815
1;2025-12-17;19;1438
1;2025-12-17;20;890
1;2025-12-17;21;492
1;2025-12-17;22;268
1;2025-12-17;23;50
1;2025-12-18;0;6
1;2025-12-18;1;0
1;2025-12-18;2;0
1;2025-12-18;3;0
1;2025-12-18;4;7
1;2025-12-18;5;129
1;2025-12-18;6;544
1;2025-12-18;7;1544
1;2025-12-18;8;1982
1;2025-12-18;9;1517
1;2025-12-18;10;1340
1;2025-12-18;11;1403
1;2025-12-18;12;1422
1;2025-12-18;13;1452
1;2025-12-18;14;1409
1;2025-12-18;15;1566
1;2025-12-18;16;1559
1;2025-12-18;17;1814
1;2025-12-18;18;1816
1;2025-12-18;19;1401
1;2025-12-18;20;896
1;2025-12-18;21;521
1;2025-12-18;22;253
1;2025-12-18;23;58
1;2025-12-19;0;7
1;2025-12-19;1;0
1;2025-12-19;2;0
1;2025-12-19;3;0
1;2025-12-19;4;7
1;2025-12-19;5;138
1;2025-12-19;6;547
1;2025-12-19;7;1556
1;2025-12-19;8;1864
1;2025-12-19;9;1459
1;2025-12-19;10;1310
1;2025-12-19;11;1416
1;2025-12-19;12;1405
1;2025-12-19;13;1468
1;2025-12-19;14;1391
1;2025-12-19;15;1555
1;2025-12-19;16;1623
1;2025-12-19;17;1762
1;2025-12-19;18;1579
1;2025-12-19;19;1222
1;2025-12-19;20;821
1;2025-12-19;21;517
1;2025-12-19;22;266
1;2025-12-19;23;56
1;2025-12-20;0;7
1;2025-12-20;1;0
1;2025-12-20;2;0
1;2025-12-20;3;0
1;2025-12-20;4;0
1;2025-12-20;5;29
1;2025-12-20;6;169
1;2025-12-20;7;341
1;2025-12-20;8;473
1;2025-12-20;9;720
1;2025-12-20;10;831
1;2025-12-20;11;768
1;2025-12-20;12;982
1;2025-12-20;13;1036
1;2025-12-20;14;953
1;2025-12-20;15;842
1;2025-12-20;16;763
1;2025-12-20;17;692
1;2025-12-20;18;631
1;2025-12-20;19;572
1;2025-12-20;20;433
1;2025-12-20;21;293
1;2025-12-20;22;137
1;2025-12-20;23;32
1;2025-12-21;0;0
1;2025-12-21;1;0
1;2025-12-21;2;0
1;2025-12-21;3;0
1;2025-12-21;4;0
1;2025-12-21;5;25
1;2025-12-21;6;127
1;2025-12-21;7;245
1;2025-12-21;8;351
1;2025-12-21;9;571
1;2025-12-21;10;681
1;2025-12-21;11;631
1;2025-12-21;12;788
1;2025-12-21;13;832
1;2025-12-21;14;745
1;2025-12-21;15;690
1;2025-12-21;16;631
1;2025-12-21;17;583
1;2025-12-21;18;528
1;2025-12-21;19;461
1;2025-12-21;20;335
1;2025-12-21;21;253
1;2025-12-21;22;116
1;2025-12-21;23;33
1;2025-12-22;0;0
1;2025-12-22;1;0
1;2025-12-22;2;0
1;2025-12-22;3;0
1;2025-12-22;4;8
1;2025-12-22;5;135
1;2025-12-22;6;565
1;2025-12-22;7;1519
1;2025-12-22;8;1912
1;2025-12-22;9;1410
1;2025-12-22;10;1241
1;2025-12-22;11;1284
1;2025-12-22;12;1359
1;2025-12-22;13;1348
1;2025-12-22;14;1300
1;2025-12-22;15;1483
1;2025-12-22;16;1521
1;2025-12-22;17;1794
1;2025-12-22;18;1906
1;2025-12-22;19;1459
1;2025-12-22;20;874
1;2025-12-22;21;478
1;2025-12-22;22;222
1;2025-12-22;23;45
1;2025-12-23;0;3
1;2025-12-23;1;0
1;2025-12-23;2;0
1;2025-12-23;3;0
1;2025-12-23;4;7
1;2025-12-23;5;142
1;2025-12-23;6;580
1;2025-12-23;7;1612
1;2025-12-23;8;1958
1;2025-12-23;9;1513
1;2025-12-23;10;1358
1;2025-12-23;11;1366
1;2025-12-23;12;1393
1;2025-12-23;13;1432
1;2025-12-23;14;1358
1;2025-12-23;15;1469
1;2025-12-23;16;1519
1;2025-12-23;17;1783
1;2025-12-23;18;1816
1;2025-12-23;19;1435
1;2025-12-23;20;925
1;2025-12-23;21;497
1;2025-12-23;22;246
1;2025-12-23;23;48
1;2025-12-24;0;5
1;2025-12-24;1;0
1;2025-12-24;2;0
1;2025-12-24;3;0
1;2025-12-24;4;8
1;2025-12-24;5;142
1;2025-12-24;6;577
1;2025-12-24;7;1563
1;2025-12-24;8;1939
1;2025-12-24;9;1495
1;2025-12-24;10;1316
1;2025-12-24;11;1354
1;2025-12-24;12;1391
1;2025-12-24;13;1441
1;2025-12-24;14;1380
1;2025-12-24;15;1565
1;2025-12-24;16;1496
1;2025-12-24;17;1814
1;2025-12-24;18;1814
1;2025-12-24;19;1436
1;2025-12-24;20;889
1;2025-12-24;21;492
1;2025-12-24;22;268
1;2025-12-24;23;50
1;2025-12-25;0;6
1;2025-12-25;1;0
1;2025-12-25;2;0
1;2025-12-25;3;0
1;2025-12-25;4;7
1;2025-12-25;5;129
1;2025-12-25;6;544
1;2025-12-25;7;1543
1;2025-12-25;8;1981
1;2025-12-25;9;1516
1;2025-12-25;10;1340
1;2025-12-25;11;1403
1;2025-12-25;12;1422
1;2025-12-25;13;1451
1;2025-12-25;14;1408
1;2025-12-25;15;1565
1;2025-12-25;16;1558
1;2025-12-25;17;1813
1;2025-12-25;18;1815
1;2025-12-25;19;1400
1;2025-12-25;20;894
1;2025-12-25;21;520
1;2025-12-25;22;252
1;2025-12-25;23;58
1;2025-12-26;0;7
1;2025-12-26;1;0
1;2025-12-26;2;0
1;2025-12-26;3;0
1;2025-12-26;4;6
1;2025-12-26;5;137
1;2025-12-26;6;545
1;2025-12-26;7;1556
1;2025-12-26;8;1864
1;2025-12-26;9;1459
1;2025-12-26;10;1309
1;2025-12-26;11;1416
1;2025-12-26;12;1404
1;2025-12-26;13;1467
1;2025-12-26;14;1391
1;2025-12-26;15;1555
1;2025-12-26;16;1623
1;2025-12-26;17;1762
1;2025-12-26;18;1578
1;2025-12-26;19;1222
1;2025-12-26;20;820
1;2025-12-26;21;515
1;2025-12-26;22;264
1;2025-12-26;23;56
1;2025-12-27;0;7
1;2025-12-27;1;0
1;2025-12-27;2;0
1;2025-12-27;3;0
1;2025-12-27;4;0
1;2025-12-27;5;28
1;2025-12-27;6;168
1;2025-12-27;7;339
1;2025-12-27;8;472
1;2025-12-27;9;718
1;2025-12-27;10;831
1;2025-12-27;11;768
1;2025-12-27;12;982
1;2025-12-27;13;1036
1;2025-12-27;14;953
1;2025-12-27;15;841
1;2025-12-27;16;763
1;2025-12-27;17;691
1;2025-12-27;18;631
1;2025-12-27;19;572
1;2025-12-27;20;433
1;2025-12-27;21;292
1;2025-12-27;22;136
1;2025-12-27;23;32
1;2025-12-28;0;0
1;2025-12-28;1;0
1;2025-12-28;2;0
1;2025-12-28;3;0
1;2025-12-28;4;0
1;2025-12-28;5;25
1;2025-12-28;6;127
1;2025-12-28;7;245
1;2025-12-28;8;349
1;2025-12-28;9;569
1;2025-12-28;10;678
1;2025-12-28;11;628
1;2025-12-28;12;785
1;2025-12-28;13;829
1;2025-12-28;14;742
1;2025-12-28;15;687
1;2025-12-28;16;630
1;2025-12-28;17;582
1;2025-12-28;18;528
1;2025-12-28;19;461
1;2025-12-28;20;334
1;2025-12-28;21;252
1;2025-12-28;22;116
1;2025-12-28;23;33
1;2025-12-29;0;0
1;2025-12-29;1;0
1;2025-12-29;2;0
1;2025-12-29;3;0
1;2025-12-29;4;8
1;2025-12-29;5;135
1;2025-12-29;6;566
1;2025-12-29;7;1517
1;2025-12-29;8;1910
1;2025-12-29;9;1409
1;2025-12-29;10;1240
1;2025-12-29;11;1281
1;2025-12-29;12;1357
1;2025-12-29;13;1348
1;2025-12-29;14;1300
1;2025-12-29;15;1482
1;2025-12-29;16;1521
1;2025-12-29;17;1794
1;2025-12-29;18;1906
1;2025-12-29;19;1460
1;2025-12-29;20;875
1;2025-12-29;21;478
1;2025-12-29;22;222
1;2025-12-29;23;45
1;2025-12-30;0;3
1;2025-12-30;1;0
1;2025-12-30;2;0
1;2025-12-30;3;0
1;2025-12-30;4;7
1;2025-12-30;5;141
1;2025-12-30;6;580
1;2025-12-30;7;1613
1;2025-12-30;8;1959
1;2025-12-30;9;1514
1;2025-12-30;10;1359
1;2025-12-30;11;1367
1;2025-12-30;12;1393
1;2025-12-30;13;1433
1;2025-12-30;14;1359
1;2025-12-30;15;1470
1;2025-12-30;16;1520
1;2025-12-30;17;1784
1;2025-12-30;18;1817
1;2025-12-30;19;1436
1;2025-12-30;20;925
1;2025-12-30;21;497
1;2025-12-30;22;245
1;2025-12-30;23;47
1;2025-12-31;0;0
1;2025-12-31;1;0
1;2025-12-31;2;0
1;2025-12-31;3;0
1;2025-12-31;4;0
1;2025-12-31;5;24
1;2025-12-31;6;124
1;2025-12-31;7;236
1;2025-12-31;8;337
1;2025-12-31;9;552
1;2025-12-31;10;658
1;2025-12-31;11;608
1;2025-12-31;12;764
1;2025-12-31;13;807
1;2025-12-31;14;720
1;2025-12-31;15;667
1;2025-12-31;16;615
1;2025-12-31;17;569
1;2025-12-31;18;515
1;2025-12-31;19;452
1;2025-12-31;20;328
1;2025-12-31;21;248
1;2025-12-31;22;115
1;2025-12-31;23;33
5;2025-11-01;0;0
5;2025-11-01;1;0
5;2025-11-01;2;0
5;2025-11-01;3;0
5;2025-11-01;4;0
5;2025-11-01;5;0
5;2025-11-01;6;0
5;2025-11-01;7;0
5;2025-11-01;8;0
5;2025-11-01;9;0
5;2025-11-01;10;0
5;2025-11-01;11;0
5;2025-11-01;12;0
5;2025-11-01;13;0
5;2025-11-01;14;0
5;2025-11-01;15;0
5;2025-11-01;16;0
5;2025-11-01;17;0
5;2025-11-01;18;0
5;2025-11-01;19;0
5;2025-11-01;20;0
5;2025-11-01;21;0
5;2025-11-01;22;0
5;2025-11-01;23;0
5;2025-11-02;0;0
5;2025-11-02;1;0
5;2025-11-02;2;0
5;2025-11-02;3;0
5;2025-11-02;4;0
5;2025-11-02;5;0
5;2025-11-02;6;0
5;2025-11-02;7;0
5;2025-11-02;8;0
5;2025-11-02;9;0
5;2025-11-02;10;0
5;2025-11-02;11;0
5;2025-11-02;12;0
5;2025-11-02;13;0
5;2025-11-02;14;0
5;2025-11-02;15;0
5;2025-11-02;16;0
5;2025-11-02;17;0
5;2025-11-02;18;0
5;2025-11-02;19;0
5;2025-11-02;20;0
5;2025-11-02;21;0
5;2025-11-02;22;0
5;2025-11-02;23;0
5;2025-11-03;0;0
5;2025-11-03;1;0
5;2025-11-03;2;0
5;2025-11-03;3;0
5;2025-11-03;4;0
5;2025-11-03;5;0
5;2025-11-03;6;0
5;2025-11-03;7;0
5;2025-11-03;8;0
5;2025-11-03;9;0
5;2025-11-03;10;0
5;2025-11-03;11;0
5;2025-11-03;12;0
5;2025-11-03;13;0
5;2025-11-03;14;0
5;2025-11-03;15;0
5;2025-11-03;16;0
5;2025-11-03;17;0
5;2025-11-03;18;0
5;2025-11-03;19;0
5;2025-11-03;20;0
5;2025-11-03;21;0
5;2025-11-03;22;0
5;2025-11-03;23;0
5;2025-11-04;0;0
5;2025-11-04;1;0
5;2025-11-04;2;0
5;2025-11-04;3;0
5;2025-11-04;4;0
5;2025-11-04;5;0
5;2025-11-04;6;0
5;2025-11-04;7;0
5;2025-11-04;8;0
5;2025-11-04;9;0
5;2025-11-04;10;0
5;2025-11-04;11;0
5;2025-11-04;12;0
5;2025-11-04;13;0
5;2025-11-04;14;0
5;2025-11-04;15;0
5;2025-11-04;16;0
5;2025-11-04;17;0
5;2025-11-04;18;0
5;2025-11-04;19;0
5;2025-11-04;20;0
5;2025-11-04;21;0
5;2025-11-04;22;0
5;2025-11-04;23;0
5;2025-11-05;0;0
5;2025-11-05;1;0
5;2025-11-05;2;0
5;2025-11-05;3;0
5;2025-11-05;4;0
5;2025-11-05;5;0
5;2025-11-05;6;0
5;2025-11-05;7;0
5;2025-11-05;8;0
5;2025-11-05;9;0
5;2025-11-05;10;0
5;2025-11-05;11;0
5;2025-11-05;12;0
5;2025-11-05;13;0
5;2025-11-05;14;0
5;2025-11-05;15;0
5;2025-11-05;16;0
5;2025-11-05;17;0
5;2025-11-05;18;0
5;2025-11-05;19;0
5;2025-11-05;20;0
5;2025-11-05;21;0
5;2025-11-05;22;0
5;2025-11-05;23;0
5;2025-11-06;0;0
5;2025-11-06;1;0
5;2025-11-06;2;0
5;2025-11-06;3;0
5;2025-11-06;4;0
5;2025-11-06;5;0
5;2025-11-06;6;0
5;2025-11-06;7;0
5;2025-11-06;8;0
5;2025-11-06;9;0
5;2025-11-06;10;0
5;2025-11-06;11;0
5;2025-11-06;12;0
5;2025-11-06;13;0
5;2025-11-06;14;0
5;2025-11-06;15;0
5;2025-11-06;16;0
5;2025-11-06;17;0
5;2025-11-06;18;0
5;2025-11-06;19;0
5;2025-11-06;20;0
5;2025-11-06;21;0
5;2025-11-06;22;0
5;2025-11-06;23;0
5;2025-11-07;0;0
5;2025-11-07;1;0
5;2025-11-07;2;0
5;2025-11-07;3;0
5;2025-11-07;4;0
5;2025-11-07;5;0
5;2025-11-07;6;0
5;2025-11-07;7;0
5;2025-11-07;8;0
5;2025-11-07;9;0
5;2025-11-07;10;0
5;2025-11-07;11;0
5;2025-11-07;12;0
5;2025-11-07;13;0
5;2025-11-07;14;0
5;2025-11-07;15;0
5;2025-11-07;16;0
5;2025-11-07;17;0
5;2025-11-07;18;0
5;2025-11-07;19;0
5;2025-11-07;20;0
5;2025-11-07;21;0
5;2025-11-07;22;0
5;2025-11-07;23;0
5;2025-11-08;0;0
5;2025-11-08;1;0
5;2025-11-08;2;0
5;2025-11-08;3;0
5;2025-11-08;4;0
5;2025-11-08;5;0
5;2025-11-08;6;0
5;2025-11-08;7;0
5;2025-11-08;8;0
5;2025-11-08;9;0
5;2025-11-08;10;0
5;2025-11-08;11;0
5;2025-11-08;12;0
5;2025-11-08;13;0
5;2025-11-08;14;0
5;2025-11-08;15;0
5;2025-11-08;16;0
5;2025-11-08;17;0
5;2025-11-08;18;0
5;2025-11-08;19;0
5;2025-11-08;20;0
5;2025-11-08;21;0
5;2025-11-08;22;0
5;2025-11-08;23;0
5;2025-11-09;0;0
5;2025-11-09;1;0
5;2025-11-09;2;0
5;2025-11-09;3;0
5;2025-11-09;4;0
5;2025-11-09;5;0
5;2025-11-09;6;0
5;2025-11-09;7;0
5;2025-11-09;8;0
5;2025-11-09;9;0
5;2025-11-09;10;0
5;2025-11-09;11;0
5;2025-11-09;12;0
5;2025-11-09;13;0
5;2025-11-09;14;0
5;2025-11-09;15;0
5;2025-11-09;16;0
5;2025-11-09;17;0
5;2025-11-09;18;0
5;2025-11-09;19;0
5;2025-11-09;20;0
5;2025-11-09;21;0
5;2025-11-09;22;0
5;2025-11-09;23;0
5;2025-11-10;0;0
5;2025-11-10;1;0
5;2025-11-10;2;0
5;2025-11-10;3;0
5;2025-11-10;4;0
5;2025-11-10;5;0
5;2025-11-10;6;0
5;2025-11-10;7;0
5;2025-11-10;8;0
5;2025-11-10;9;0
5;2025-11-10;10;0
5;2025-11-10;11;0
5;2025-11-10;12;0
5;2025-11-10;13;0
5;2025-11-10;14;0
5;2025-11-10;15;0
5;2025-11-10;16;0
5;2025-11-10;17;0
5;2025-11-10;18;0
5;2025-11-10;19;0
5;2025-11-10;20;0
5;2025-11-10;21;0
5;2025-11-10;22;0
5;2025-11-10;23;0
5;2025-11-11;0;0
5;2025-11-11;1;0
5;2025-11-11;2;0
5;2025-11-11;3;0
5;2025-11-11;4;0
5;2025-11-11;5;0
5;2025-11-11;6;0
5;2025-11-11;7;0
5;2025-11-11;8;0
5;2025-11-11;9;0
5;2025-11-11;10;0
5;2025-11-11;11;0
5;2025-11-11;12;0
5;2025-11-11;13;0
5;2025-11-11;14;0
5;2025-11-11;15;0
5;2025-11-11;16;0
5;2025-11-11;17;0
5;2025-11-11;18;0
5;2025-11-11;19;0
5;2025-11-11;20;0
5;2025-11-11;21;0
5;2025-11-11;22;0
5;2025-11-11;23;0
5;2025-11-12;0;0
5;2025-11-12;1;0
5;2025-11-12;2;0
5;2025-11-12;3;0
5;2025-11-12;4;0
5;2025-11-12;5;0
5;2025-11-12;6;0
5;2025-11-12;7;0
5;2025-11-12;8;0
5;2025-11-12;9;0
5;2025-11-12;10;0
5;2025-11-12;11;0
5;2025-11-12;12;0
5;2025-11-12;13;0
5;2025-11-12;14;0
5;2025-11-12;15;0
5;2025-11-12;16;0
5;2025-11-12;17;0
5;2025-11-12;18;0
5;2025-11-12;19;0
5;2025-11-12;20;0
5;2025-11-12;21;0
5;2025-11-12;22;0
5;2025-11-12;23;0
5;2025-11-13;0;0
5;2025-11-13;1;0
5;2025-11-13;2;0
5;2025-11-13;3;0
5;2025-11-13;4;0
5;2025-11-13;5;0
5;2025-11-13;6;0
5;2025-11-13;7;0
5;2025-11-13;8;0
5;2025-11-13;9;0
5;2025-11-13;10;0
5;2025-11-13;11;0
5;2025-11-13;12;0
5;2025-11-13;13;0
5;2025-11-13;14;0
5;2025-11-13;15;0
5;2025-11-13;16;0
5;2025-11-13;17;0
5;2025-11-13;18;0
5;2025-11-13;19;0
5;2025-11-13;20;0
5;2025-11-13;21;0
5;2025-11-13;22;0
5;2025-11-13;23;0
5;2025-11-14;0;0
5;2025-11-14;1;0
5;2025-11-14;2;0
5;2025-11-14;3;0
5;2025-11-14;4;0
5;2025-11-14;5;0
5;2025-11-14;6;0
5;2025-11-14;7;0
5;2025-11-14;8;0
5;2025-11-14;9;0
5;2025-11-14;10;0
5;2025-11-14;11;0
5;2025-11-14;12;0
5;2025-11-14;13;0
5;2025-11-14;14;0
5;2025-11-14;15;0
5;2025-11-14;16;0
5;2025-11-14;17;0
5;2025-11-14;18;0
5;2025-11-14;19;0
5;2025-11-14;20;0
5;2025-11-14;21;0
5;2025-11-14;22;0
5;2025-11-14;23;0
5;2025-11-15;0;0
5;2025-11-15;1;0
5;2025-11-15;2;0
5;2025-11-15;3;0
5;2025-11-15;4;0
5;2025-11-15;5;0
5;2025-11-15;6;0
5;2025-11-15;7;0
5;2025-11-15;8;0
5;2025-11-15;9;0
5;2025-11-15;10;0
5;2025-11-15;11;0
5;2025-11-15;12;0
5;2025-11-15;13;0
5;2025-11-15;14;0
5;2025-11-15;15;0
5;2025-11-15;16;0
5;2025-11-15;17;0
5;2025-11-15;18;0
5;2025-11-15;19;0
5;2025-11-15;20;0
5;2025-11-15;21;0
5;2025-11-15;22;0
5;2025-11-15;23;0
5;2025-11-16;0;0
5;2025-11-16;1;0
5;2025-11-16;2;0
5;2025-11-16;3;0
5;2025-11-16;4;0
5;2025-11-16;5;0
5;2025-11-16;6;0
5;2025-11-16;7;0
5;2025-11-16;8;0
5;2025-11-16;9;0
5;2025-11-16;10;0
5;2025-11-16;11;0
5;2025-11-16;12;0
5;2025-11-16;13;0
5;2025-11-16;14;0
5;2025-11-16;15;0
5;2025-11-16;16;0
5;2025-11-16;17;0
5;2025-11-16;18;0
5;2025-11-16;19;0
5;2025-11-16;20;0
5;2025-11-16;21;0
5;2025-11-16;22;0
5;2025-11-16;23;0
5;2025-11-17;0;0
5;2025-11-17;1;0
5;2025-11-17;2;0
5;2025-11-17;3;0
5;2025-11-17;4;0
5;2025-11-17;5;0
5;2025-11-17;6;0
5;2025-11-17;7;0
5;2025-11-17;8;0
5;2025-11-17;9;0
5;2025-11-17;10;0
5;2025-11-17;11;0
5;2025-11-17;12;0
5;2025-11-17;13;0
5;2025-11-17;14;0
5;2025-11-17;15;0
5;2025-11-17;16;0
5;2025-11-17;17;0
5;2025-11-17;18;0
5;2025-11-17;19;0
5;2025-11-17;20;0
5;2025-11-17;21;0
5;2025-11-17;22;0
5;2025-11-17;23;0
5;2025-11-18;0;0
5;2025-11-18;1;0
5;2025-11-18;2;0
5;2025-11-18;3;0
5;2025-11-18;4;0
5;2025-11-18;5;0
5;2025-11-18;6;0
5;2025-11-18;7;0
5;2025-11-18;8;0
5;2025-11-18;9;0
5;2025-11-18;10;0
5;2025-11-18;11;0
5;2025-11-18;12;0
5;2025-11-18;13;0
5;2025-11-18;14;0
5;2025-11-18;15;0
5;2025-11-18;16;0
5;2025-11-18;17;0
5;2025-11-18;18;0
5;2025-11-18;19;0
5;2025-11-18;20;0
5;2025-11-18;21;0
5;2025-11-18;22;0
5;2025-11-18;23;0
5;2025-11-19;0;0
5;2025-11-19;1;0
5;2025-11-19;2;0
5;2025-11-19;3;0
5;2025-11-19;4;0
5;2025-11-19;5;0
5;2025-11-19;6;0
5;2025-11-19;7;0
5;2025-11-19;8;0
5;2025-11-19;9;0
5;2025-11-19;10;0
5;2025-11-19;11;0
5;2025-11-19;12;0
5;2025-11-19;13;0
5;2025-11-19;14;0
5;2025-11-19;15;0
5;2025-11-19;16;0
5;2025-11-19;17;0
5;2025-11-19;18;0
5;2025-11-19;19;0
5;2025-11-19;20;0
5;2025-11-19;21;0
5;2025-11-19;22;0
5;2025-11-19;23;0
5;2025-11-20;0;0
5;2025-11-20;1;0
5;2025-11-20;2;0
5;2025-11-20;3;0
5;2025-11-20;4;0
5;2025-11-20;5;0
5;2025-11-20;6;0
5;2025-11-20;7;0
5;2025-11-20;8;0
5;2025-11-20;9;0
5;2025-11-20;10;0
5;2025-11-20;11;0
5;2025-11-20;12;0
5;2025-11-20;13;0
5;2025-11-20;14;0
5;2025-11-20;15;0
5;2025-11-20;16;0
5;2025-11-20;17;0
5;2025-11-20;18;0
5;2025-11-20;19;0
5;2025-11-20;20;0
5;2025-11-20;21;0
5;2025-11-20;22;0
5;2025-11-20;23;0
5;2025-11-21;0;0
5;2025-11-21;1;0
5;2025-11-21;2;0
5;2025-11-21;3;0
5;2025-11-21;4;0
5;2025-11-21;5;0
5;2025-11-21;6;0
5;2025-11-21;7;0
5;2025-11-21;8;0
5;2025-11-21;9;0
5;2025-11-21;10;0
5;2025-11-21;11;0
5;2025-11-21;12;0
5;2025-11-21;13;0
5;2025-11-21;14;0
5;2025-11-21;15;0
5;2025-11-21;16;0
5;2025-11-21;17;0
5;2025-11-21;18;0
5;2025-11-21;19;0
5;2025-11-21;20;0
5;2025-11-21;21;0
5;2025-11-21;22;0
5;2025-11-21;23;0
5;2025-11-22;0;0
5;2025-11-22;1;0
5;2025-11-22;2;0
5;2025-11-22;3;0
5;2025-11-22;4;0
5;2025-11-22;5;0
5;2025-11-22;6;0
5;2025-11-22;7;0
5;2025-11-22;8;0
5;2025-11-22;9;0
5;2025-11-22;10;0
5;2025-11-22;11;0
5;2025-11-22;12;0
5;2025-11-22;13;0
5;2025-11-22;14;0
5;2025-11-22;15;0
5;2025-11-22;16;0
5;2025-11-22;17;0
5;2025-11-22;18;0
5;2025-11-22;19;0
5;2025-11-22;20;0
5;2025-11-22;21;0
5;2025-11-22;22;0
5;2025-11-22;23;0
5;2025-11-23;0;0
5;2025-11-23;1;0
5;2025-11-23;2;0
5;2025-11-23;3;0
5;2025-11-23;4;0
5;2025-11-23;5;0
5;2025-11-23;6;0
5;2025-11-23;7;0
5;2025-11-23;8;0
5;2025-11-23;9;0
5;2025-11-23;10;0
5;2025-11-23;11;0
5;2025-11-23;12;0
5;2025-11-23;13;0
5;2025-11-23;14;0
5;2025-11-23;15;0
5;2025-11-23;16;0
5;2025-11-23;17;0
5;2025-11-23;18;0
5;2025-11-23;19;0
5;2025-11-23;20;0
5;2025-11-23;21;0
5;2025-11-23;22;0
5;2025-11-23;23;0
5;2025-11-24;0;0
5;2025-11-24;1;0
5;2025-11-24;2;0
5;2025-11-24;3;0
5;2025-11-24;4;0
5;2025-11-24;5;0
5;2025-11-24;6;0
5;2025-11-24;7;0
5;2025-11-24;8;0
5;2025-11-24;9;0
5;2025-11-24;10;0
5;2025-11-24;11;0
5;2025-11-24;12;0
5;2025-11-24;13;0
5;2025-11-24;14;0
5;2025-11-24;15;0
5;2025-11-24;16;0
5;2025-11-24;17;0
5;2025-11-24;18;0
5;2025-11-24;19;0
5;2025-11-24;20;0
5;2025-11-24;21;0
5;2025-11-24;22;0
5;2025-11-24;23;0
5;2025-11-25;0;0
5;2025-11-25;1;0
5;2025-11-25;2;0
5;2025-11-25;3;0
5;2025-11-25;4;0
5;2025-11-25;5;0
5;2025-11-25;6;0
5;2025-11-25;7;0
5;2025-11-25;8;0
5;2025-11-25;9;0
5;2025-11-25;10;0
5;2025-11-25;11;0
5;2025-11-25;12;0
5;2025-11-25;13;0
5;2025-11-25;14;0
5;2025-11-25;15;0
5;2025-11-25;16;0
5;2025-11-25;17;0
5;2025-11-25;18;0
5;2025-11-25;19;0
5;2025-11-25;20;0
5;2025-11-25;21;0
5;2025-11-25;22;0
5;2025-11-25;23;0
5;2025-11-26;0;0
5;2025-11-26;1;0
5;2025-11-26;2;0
5;2025-11-26;3;0
5;2025-11-26;4;0
5;2025-11-26;5;0
5;2025-11-26;6;0
5;2025-11-26;7;0
5;2025-11-26;8;0
5;2025-11-26;9;0
5;2025-11-26;10;0
5;2025-11-26;11;0
5;2025-11-26;12;0
5;2025-11-26;13;0
5;2025-11-26;14;0
5;2025-11-26;15;0
5;2025-11-26;16;0
5;2025-11-26;17;0
5;2025-11-26;18;0
5;2025-11-26;19;0
5;2025-11-26;20;0
5;2025-11-26;21;0
5;2025-11-26;22;0
5;2025-11-26;23;0
5;2025-11-27;0;0
5;2025-11-27;1;0
5;2025-11-27;2;0
5;2025-11-27;3;0
5;2025-11-27;4;0
5;2025-11-27;5;0
5;2025-11-27;6;0
5;2025-11-27;7;0
5;2025-11-27;8;0
5;2025-11-27;9;0
5;2025-11-27;10;0
5;2025-11-27;11;0
5;2025-11-27;12;0
5;2025-11-27;13;0
5;2025-11-27;14;0
5;2025-11-27;15;0
5;2025-11-27;16;0
5;2025-11-27;17;0
5;2025-11-27;18;0
5;2025-11-27;19;0
5;2025-11-27;20;0
5;2025-11-27;21;0
5;2025-11-27;22;0
5;2025-11-27;23;0
5;2025-11-28;0;0
5;2025-11-28;1;0
5;2025-11-28;2;0
5;2025-11-28;3;0
5;2025-11-28;4;0
5;2025-11-28;5;0
5;2025-11-28;6;0
5;2025-11-28;7;0
5;2025-11-28;8;0
5;2025-11-28;9;0
5;2025-11-28;10;0
5;2025-11-28;11;0
5;2025-11-28;12;0
5;2025-11-28;13;0
5;2025-11-28;14;0
5;2025-11-28;15;0
5;2025-11-28;16;0
5;2025-11-28;17;0
5;2025-11-28;18;0
5;2025-11-28;19;0
5;2025-11-28;20;0
5;2025-11-28;21;0
5;2025-11-28;22;0
5;2025-11-28;23;0
5;2025-11-29;0;0
5;2025-11-29;1;0
5;2025-11-29;2;0
5;2025-11-29;3;0
5;2025-11-29;4;0
5;2025-11-29;5;0
5;2025-11-29;6;0
5;2025-11-29;7;0
5;2025-11-29;8;0
5;2025-11-29;9;0
5;2025-11-29;10;0
5;2025-11-29;11;0
5;2025-11-29;12;0
5;2025-11-29;13;0
5;2025-11-29;14;0
5;2025-11-29;15;0
5;2025-11-29;16;0
5;2025-11-29;17;0
5;2025-11-29;18;0
5;2025-11-29;19;0
5;2025-11-29;20;0
5;2025-11-29;21;0
5;2025-11-29;22;0
5;2025-11-29;23;0
5;2025-11-30;0;0
5;2025-11-30;1;0
5;2025-11-30;2;0
5;2025-11-30;3;0
5;2025-11-30;4;0
5;2025-11-30;5;0
5;2025-11-30;6;0
5;2025-11-30;7;0
5;2025-11-30;8;0
5;2025-11-30;9;0
5;2025-11-30;10;0
5;2025-11-30;11;0
5;2025-11-30;12;0
5;2025-11-30;13;0
5;2025-11-30;14;0
5;2025-11-30;15;0
5;2025-11-30;16;0
5;2025-11-30;17;0
5;2025-11-30;18;0
5;2025-11-30;19;0
5;2025-11-30;20;0
5;2025-11-30;21;0
5;2025-11-30;22;0
5;2025-11-30;23;0
5;2025-12-01;0;0
5;2025-12-01;1;0
5;2025-12-01;2;0
5;2025-12-01;3;0
5;2025-12-01;4;0
5;2025-12-01;5;0
5;2025-12-01;6;0
5;2025-12-01;7;0
5;2025-12-01;8;0
5;2025-12-01;9;0
5;2025-12-01;10;0
5;2025-12-01;11;0
5;2025-12-01;12;0
5;2025-12-01;13;0
5;2025-12-01;14;0
5;2025-12-01;15;0
5;2025-12-01;16;0
5;2025-12-01;17;0
5;2025-12-01;18;0
5;2025-12-01;19;0
5;2025-12-01;20;0
5;2025-12-01;21;0
5;2025-12-01;22;0
5;2025-12-01;23;0
5;2025-12-02;0;0
5;2025-12-02;1;0
5;2025-12-02;2;0
5;2025-12-02;3;0
5;2025-12-02;4;0
5;2025-12-02;5;0
5;2025-12-02;6;0
5;2025-12-02;7;0
5;2025-12-02;8;0
5;2025-12-02;9;0
5;2025-12-02;10;0
5;2025-12-02;11;0
5;2025-12-02;12;0
5;2025-12-02;13;0
5;2025-12-02;14;0
5;2025-12-02;15;0
5;2025-12-02;16;0
5;2025-12-02;17;0
5;2025-12-02;18;0
5;2025-12-02;19;0
5;2025-12-02;20;0
5;2025-12-02;21;0
5;2025-12-02;22;0
5;2025-12-02;23;0
5;2025-12-03;0;0
5;2025-12-03;1;0
5;2025-12-03;2;0
5;2025-12-03;3;0
5;2025-12-03;4;0
5;2025-12-03;5;0
5;2025-12-03;6;0
5;2025-12-03;7;0
5;2025-12-03;8;0
5;2025-12-03;9;0
5;2025-12-03;10;0
5;2025-12-03;11;0
5;2025-12-03;12;0
5;2025-12-03;13;0
5;2025-12-03;14;0
5;2025-12-03;15;0
5;2025-12-03;16;0
5;2025-12-03;17;0
5;2025-12-03;18;0
5;2025-12-03;19;0
5;2025-12-03;20;0
5;2025-12-03;21;0
5;2025-12-03;22;0
5;2025-12-03;23;0
5;2025-12-04;0;0
5;2025-12-04;1;0
5;2025-12-04;2;0
5;2025-12-04;3;0
5;2025-12-04;4;0
5;2025-12-04;5;0
5;2025-12-04;6;0
5;2025-12-04;7;0
5;2025-12-04;8;0
5;2025-12-04;9;0
5;2025-12-04;10;0
5;2025-12-04;11;0
5;2025-12-04;12;0
5;2025-12-04;13;0
5;2025-12-04;14;0
5;2025-12-04;15;0
5;2025-12-04;16;0
5;2025-12-04;17;0
5;2025-12-04;18;0
5;2025-12-04;19;0
5;2025-12-04;20;0
5;2025-12-04;21;0
5;2025-12-04;22;0
5;2025-12-04;23;0
5;2025-12-05;0;0
5;2025-12-05;1;0
5;2025-12-05;2;0
5;2025-12-05;3;0
5;2025-12-05;4;0
5;2025-12-05;5;0
5;2025-12-05;6;0
5;2025-12-05;7;0
5;2025-12-05;8;0
5;2025-12-05;9;0
5;2025-12-05;10;0
5;2025-12-05;11;0
5;2025-12-05;12;0
5;2025-12-05;13;0
5;2025-12-05;14;0
5;2025-12-05;15;0
5;2025-12-05;16;0
5;2025-12-05;17;0
5;2025-12-05;18;0
5;2025-12-05;19;0
5;2025-12-05;20;0
5;2025-12-05;21;0
5;2025-12-05;22;0
5;2025-12-05;23;0
5;2025-12-06;0;0
5;2025-12-06;1;0
5;2025-12-06;2;0
5;2025-12-06;3;0
5;2025-12-06;4;0
5;2025-12-06;5;0
5;2025-12-06;6;0
5;2025-12-06;7;0
5;2025-12-06;8;0
5;2025-12-06;9;0
5;2025-12-06;10;0
5;2025-12-06;11;0
5;2025-12-06;12;0
5;2025-12-06;13;0
5;2025-12-06;14;0
5;2025-12-06;15;0
5;2025-12-06;16;0
5;2025-12-06;17;0
5;2025-12-06;18;0
5;2025-12-06;19;0
5;2025-12-06;20;0
5;2025-12-06;21;0
5;2025-12-06;22;0
5;2025-12-06;23;0
5;2025-12-07;0;0
5;2025-12-07;1;0
5;2025-12-07;2;0
5;2025-12-07;3;0
5;2025-12-07;4;0
5;2025-12-07;5;0
5;2025-12-07;6;0
5;2025-12-07;7;0
5;2025-12-07;8;0
5;2025-12-07;9;0
5;2025-12-07;10;0
5;2025-12-07;11;0
5;2025-12-07;12;0
5;2025-12-07;13;0
5;2025-12-07;14;0
5;2025-12-07;15;0
5;2025-12-07;16;0
5;2025-12-07;17;0
5;2025-12-07;18;0
5;2025-12-07;19;0
5;2025-12-07;20;0
5;2025-12-07;21;0
5;2025-12-07;22;0
5;2025-12-07;23;0
5;2025-12-08;0;0
5;2025-12-08;1;0
5;2025-12-08;2;0
5;2025-12-08;3;0
5;2025-12-08;4;0
5;2025-12-08;5;0
5;2025-12-08;6;0
5;2025-12-08;7;0
5;2025-12-08;8;0
5;2025-12-08;9;0
5;2025-12-08;10;0
5;2025-12-08;11;0
5;2025-12-08;12;0
5;2025-12-08;13;0
5;2025-12-08;14;0
5;2025-12-08;15;0
5;2025-12-08;16;0
5;2025-12-08;17;0
5;2025-12-08;18;0
5;2025-12-08;19;0
5;2025-12-08;20;0
5;2025-12-08;21;0
5;2025-12-08;22;0
5;2025-12-08;23;0
5;2025-12-09;0;0
5;2025-12-09;1;0
5;2025-12-09;2;0
5;2025-12-09;3;0
5;2025-12-09;4;0
5;2025-12-09;5;0
5;2025-12-09;6;0
5;2025-12-09;7;0
5;2025-12-09;8;0
5;2025-12-09;9;0
5;2025-12-09;10;0
5;2025-12-09;11;0
5;2025-12-09;12;0
5;2025-12-09;13;0
5;2025-12-09;14;0
5;2025-12-09;15;0
5;2025-12-09;16;0
5;2025-12-09;17;0
5;2025-12-09;18;0
5;2025-12-09;19;0
5;2025-12-09;20;0
5;2025-12-09;21;0
5;2025-12-09;22;0
5;2025-12-09;23;0
5;2025-12-10;0;0
5;2025-12-10;1;0
5;2025-12-10;2;0
5;2025-12-10;3;0
5;2025-12-10;4;0
5;2025-12-10;5;0
5;2025-12-10;6;0
5;2025-12-10;7;0
5;2025-12-10;8;0
5;2025-12-10;9;0
5;2025-12-10;10;0
5;2025-12-10;11;0
5;2025-12-10;12;0
5;2025-12-10;13;0
5;2025-12-10;14;0
5;2025-12-10;15;0
5;2025-12-10;16;0
5;2025-12-10;17;0
5;2025-12-10;18;0
5;2025-12-10;19;0
5;2025-12-10;20;0
5;2025-12-10;21;0
5;2025-12-10;22;0
5;2025-12-10;23;0
5;2025-12-11;0;0
5;2025-12-11;1;0
5;2025-12-11;2;0
5;2025-12-11;3;0
5;2025-12-11;4;0
5;2025-12-11;5;0
5;2025-12-11;6;0
5;2025-12-11;7;0
5;2025-12-11;8;0
5;2025-12-11;9;0
5;2025-12-11;10;0
5;2025-12-11;11;0
5;2025-12-11;12;0
5;2025-12-11;13;0
5;2025-12-11;14;0
5;2025-12-11;15;0
5;2025-12-11;16;0
5;2025-12-11;17;0
5;2025-12-11;18;0
5;2025-12-11;19;0
5;2025-12-11;20;0
5;2025-12-11;21;0
5;2025-12-11;22;0
5;2025-12-11;23;0
5;2025-12-12;0;0
5;2025-12-12;1;0
5;2025-12-12;2;0
5;2025-12-12;3;0
5;2025-12-12;4;0
5;2025-12-12;5;0
5;2025-12-12;6;0
5;2025-12-12;7;0
5;2025-12-12;8;0
5;2025-12-12;9;0
5;2025-12-12;10;0
5;2025-12-12;11;0
5;2025-12-12;12;0
5;2025-12-12;13;0
5;2025-12-12;14;0
5;2025-12-12;15;0
5;2025-12-12;16;0
5;2025-12-12;17;0
5;2025-12-12;18;0
5;2025-12-12;19;0
5;2025-12-12;20;0
5;2025-12-12;21;0
5;2025-12-12;22;0
5;2025-12-12;23;0
5;2025-12-13;0;0
5;2025-12-13;1;0
5;2025-12-13;2;0
5;2025-12-13;3;0
5;2025-12-13;4;0
5;2025-12-13;5;0
5;2025-12-13;6;0
5;2025-12-13;7;0
5;2025-12-13;8;0
5;2025-12-13;9;0
5;2025-12-13;10;0
5;2025-12-13;11;0
5;2025-12-13;12;0
5;2025-12-13;13;0
5;2025-12-13;14;0
5;2025-12-13;15;0
5;2025-12-13;16;0
5;2025-12-13;17;0
5;2025-12-13;18;0
5;2025-12-13;19;0
5;2025-12-13;20;0
5;2025-12-13;21;0
5;2025-12-13;22;0
5;2025-12-13;23;0
5;2025-12-14;0;0
5;2025-12-14;1;0
5;2025-12-14;2;0
5;2025-12-14;3;0
5;2025-12-14;4;0
5;2025-12-14;5;0
5;2025-12-14;6;0
5;2025-12-14;7;0
5;2025-12-14;8;0
5;2025-12-14;9;0
5;2025-12-14;10;0
5;2025-12-14;11;0
5;2025-12-14;12;0
5;2025-12-14;13;0
5;2025-12-14;14;0
5;2025-12-14;15;0
5;2025-12-14;16;0
5;2025-12-14;17;0
5;2025-12-14;18;0
5;2025-12-14;19;0
5;2025-12-14;20;0
5;2025-12-14;21;0
5;2025-12-14;22;0
5;2025-12-14;23;0
5;2025-12-15;0;0
5;2025-12-15;1;0
5;2025-12-15;2;0
5;2025-12-15;3;0
5;2025-12-15;4;0
5;2025-12-15;5;0
5;2025-12-15;6;0
5;2025-12-15;7;0
5;2025-12-15;8;0
5;2025-12-15;9;0
5;2025-12-15;10;0
5;2025-12-15;11;0
5;2025-12-15;12;0
5;2025-12-15;13;0
5;2025-12-15;14;0
5;2025-12-15;15;0
5;2025-12-15;16;0
5;2025-12-15;17;0
5;2025-12-15;18;0
5;2025-12-15;19;0
5;2025-12-15;20;0
5;2025-12-15;21;0
5;2025-12-15;22;0
5;2025-12-15;23;0
5;2025-12-16;0;0
5;2025-12-16;1;0
5;2025-12-16;2;0
5;2025-12-16;3;0
5;2025-12-16;4;0
5;2025-12-16;5;0
5;2025-12-16;6;0
5;2025-12-16;7;0
5;2025-12-16;8;0
5;2025-12-16;9;0
5;2025-12-16;10;0
5;2025-12-16;11;0
5;2025-12-16;12;0
5;2025-12-16;13;0
5;2025-12-16;14;0
5;2025-12-16;15;0
5;2025-12-16;16;0
5;2025-12-16;17;0
5;2025-12-16;18;0
5;2025-12-16;19;0
5;2025-12-16;20;0
5;2025-12-16;21;0
5;2025-12-16;22;0
5;2025-12-16;23;0
5;2025-12-17;0;0
5;2025-12-17;1;0
5;2025-12-17;2;0
5;2025-12-17;3;0
5;2025-12-17;4;0
5;2025-12-17;5;0
5;2025-12-17;6;0
5;2025-12-17;7;0
5;2025-12-17;8;0
5;2025-12-17;9;0
5;2025-12-17;10;0
5;2025-12-17;11;0
5;2025-12-17;12;0
5;2025-12-17;13;0
5;2025-12-17;14;0
5;2025-12-17;15;0
5;2025-12-17;16;0
5;2025-12-17;17;0
5;2025-12-17;18;0
5;2025-12-17;19;0
5;2025-12-17;20;0
5;2025-12-17;21;0
5;2025-12-17;22;0
5;2025-12-17;23;0
5;2025-12-18;0;0
5;2025-12-18;1;0
5;2025-12-18;2;0
5;2025-12-18;3;0
5;2025-12-18;4;0
5;2025-12-18;5;0
5;2025-12-18;6;0
5;2025-12-18;7;0
5;2025-12-18;8;0
5;2025-12-18;9;0
5;2025-12-18;10;0
5;2025-12-18;11;0
5;2025-12-18;12;0
5;2025-12-18;13;0
5;2025-12-18;14;0
5;2025-12-18;15;0
5;2025-12-18;16;0
5;2025-12-18;17;0
5;2025-12-18;18;0
5;2025-12-18;19;0
5;2025-12-18;20;0
5;2025-12-18;21;0
5;2025-12-18;22;0
5;2025-12-18;23;0
5;2025-12-19;0;0
5;2025-12-19;1;0
5;2025-12-19;2;0
5;2025-12-19;3;0
5;2025-12-19;4;0
5;2025-12-19;5;0
5;2025-12-19;6;0
5;2025-12-19;7;0
5;2025-12-19;8;0
5;2025-12-19;9;0
5;2025-12-19;10;0
5;2025-12-19;11;0
5;2025-12-19;12;0
5;2025-12-19;13;0
5;2025-12-19;14;0
5;2025-12-19;15;0
5;2025-12-19;16;0
5;2025-12-19;17;0
5;2025-12-19;18;0
5;2025-12-19;19;0
5;2025-12-19;20;0
5;2025-12-19;21;0
5;2025-12-19;22;0
5;2025-12-19;23;0
5;2025-12-20;0;0
5;2025-12-20;1;0
5;2025-12-20;2;0
5;2025-12-20;3;0
5;2025-12-20;4;0
5;2025-12-20;5;0
5;2025-12-20;6;0
5;2025-12-20;7;0
5;2025-12-20;8;0
5;2025-12-20;9;0
5;2025-12-20;10;0
5;2025-12-20;11;0
5;2025-12-20;12;0
5;2025-12-20;13;0
5;2025-12-20;14;0
5;2025-12-20;15;0
5;2025-12-20;16;0
5;2025-12-20;17;0
5;2025-12-20;18;0
5;2025-12-20;19;0
5;2025-12-20;20;0
5;2025-12-20;21;0
5;2025-12-20;22;0
5;2025-12-20;23;0
5;2025-12-21;0;0
5;2025-12-21;1;0
5;2025-12-21;2;0
5;2025-12-21;3;0
5;2025-12-21;4;0
5;2025-12-21;5;0
5;2025-12-21;6;0
5;2025-12-21;7;0
5;2025-12-21;8;0
5;2025-12-21;9;0
5;2025-12-21;10;0
5;2025-12-21;11;0
5;2025-12-21;12;0
5;2025-12-21;13;0
5;2025-12-21;14;0
5;2025-12-21;15;0
5;2025-12-21;16;0
5;2025-12-21;17;0
5;2025-12-21;18;0
5;2025-12-21;19;0
5;2025-12-21;20;0
5;2025-12-21;21;0
5;2025-12-21;22;0
5;2025-12-21;23;0
5;2025-12-22;0;0
5;2025-12-22;1;0
5;2025-12-22;2;0
5;2025-12-22;3;0
5;2025-12-22;4;0
5;2025-12-22;5;0
5;2025-12-22;6;0
5;2025-12-22;7;0
5;2025-12-22;8;0
5;2025-12-22;9;0
5;2025-12-22;10;0
5;2025-12-22;11;0
5;2025-12-22;12;0
5;2025-12-22;13;0
5;2025-12-22;14;0
5;2025-12-22;15;0
5;2025-12-22;16;0
5;2025-12-22;17;0
5;2025-12-22;18;0
5;2025-12-22;19;0
5;2025-12-22;20;0
5;2025-12-22;21;0
5;2025-12-22;22;0
5;2025-12-22;23;0
5;2025-12-23;0;0
5;2025-12-23;1;0
5;2025-12-23;2;0
5;2025-12-23;3;0
5;2025-12-23;4;0
5;2025-12-23;5;0
5;2025-12-23;6;0
5;2025-12-23;7;0
5;2025-12-23;8;0
5;2025-12-23;9;0
5;2025-12-23;10;0
5;2025-12-23;11;0
5;2025-12-23;12;0
5;2025-12-23;13;0
5;2025-12-23;14;0
5;2025-12-23;15;0
5;2025-12-23;16;0
5;2025-12-23;17;0
5;2025-12-23;18;0
5;2025-12-23;19;0
5;2025-12-23;20;0
5;2025-12-23;21;0
5;2025-12-23;22;0
5;2025-12-23;23;0
5;2025-12-24;0;0
5;2025-12-24;1;0
5;2025-12-24;2;0
5;2025-12-24;3;0
5;2025-12-24;4;0
5;2025-12-24;5;0
5;2025-12-24;6;0
5;2025-12-24;7;0
5;2025-12-24;8;0
5;2025-12-24;9;0
5;2025-12-24;10;0
5;2025-12-24;11;0
5;2025-12-24;12;0
5;2025-12-24;13;0
5;2025-12-24;14;0
5;2025-12-24;15;0
5;2025-12-24;16;0
5;2025-12-24;17;0
5;2025-12-24;18;0
5;2025-12-24;19;0
5;2025-12-24;20;0
5;2025-12-24;21;0
5;2025-12-24;22;0
5;2025-12-24;23;0
5;2025-12-25;0;0
5;2025-12-25;1;0
5;2025-12-25;2;0
5;2025-12-25;3;0
5;2025-12-25;4;0
5;2025-12-25;5;0
5;2025-12-25;6;0
5;2025-12-25;7;0
5;2025-12-25;8;0
5;2025-12-25;9;0
5;2025-12-25;10;0
5;2025-12-25;11;0
5;2025-12-25;12;0
5;2025-12-25;13;0
5;2025-12-25;14;0
5;2025-12-25;15;0
5;2025-12-25;16;0
5;2025-12-25;17;0
5;2025-12-25;18;0
5;2025-12-25;19;0
5;2025-12-25;20;0
5;2025-12-25;21;0
5;2025-12-25;22;0
5;2025-12-25;23;0
5;2025-12-26;0;0
5;2025-12-26;1;0
5;2025-12-26;2;0
5;2025-12-26;3;0
5;2025-12-26;4;0
5;2025-12-26;5;0
5;2025-12-26;6;0
5;2025-12-26;7;0
5;2025-12-26;8;0
5;2025-12-26;9;0
5;2025-12-26;10;0
5;2025-12-26;11;0
5;2025-12-26;12;0
5;2025-12-26;13;0
5;2025-12-26;14;0
5;2025-12-26;15;0
5;2025-12-26;16;0
5;2025-12-26;17;0
5;2025-12-26;18;0
5;2025-12-26;19;0
5;2025-12-26;20;0
5;2025-12-26;21;0
5;2025-12-26;22;0
5;2025-12-26;23;0
5;2025-12-27;0;0
5;2025-12-27;1;0
5;2025-12-27;2;0
5;2025-12-27;3;0
5;2025-12-27;4;0
5;2025-12-27;5;0
5;2025-12-27;6;0
5;2025-12-27;7;0
5;2025-12-27;8;0
5;2025-12-27;9;0
5;2025-12-27;10;0
5;2025-12-27;11;0
5;2025-12-27;12;0
5;2025-12-27;13;0
5;2025-12-27;14;0
5;2025-12-27;15;0
5;2025-12-27;16;0
5;2025-12-27;17;0
5;2025-12-27;18;0
5;2025-12-27;19;0
5;2025-12-27;20;0
5;2025-12-27;21;0
5;2025-12-27;22;0
5;2025-12-27;23;0
5;2025-12-28;0;0
5;2025-12-28;1;0
5;2025-12-28;2;0
5;2025-12-28;3;0
5;2025-12-28;4;0
5;2025-12-28;5;0
5;2025-12-28;6;0
5;2025-12-28;7;0
5;2025-12-28;8;0
5;2025-12-28;9;0
5;2025-12-28;10;0
5;2025-12-28;11;0
5;2025-12-28;12;0
5;2025-12-28;13;0
5;2025-12-28;14;0
5;2025-12-28;15;0
5;2025-12-28;16;0
5;2025-12-28;17;0
5;2025-12-28;18;0
5;2025-12-28;19;0
5;2025-12-28;20;0
5;2025-12-28;21;0
5;2025-12-28;22;0
5;2025-12-28;23;0
5;2025-12-29;0;0
5;2025-12-29;1;0
5;2025-12-29;2;0
5;2025-12-29;3;0
5;2025-12-29;4;0
5;2025-12-29;5;0
5;2025-12-29;6;0
5;2025-12-29;7;0
5;2025-12-29;8;0
5;2025-12-29;9;0
5;2025-12-29;10;0
5;2025-12-29;11;0
5;2025-12-29;12;0
5;2025-12-29;13;0
5;2025-12-29;14;0
5;2025-12-29;15;0
5;2025-12-29;16;0
5;2025-12-29;17;0
5;2025-12-29;18;0
5;2025-12-29;19;0
5;2025-12-29;20;0
5;2025-12-29;21;0
5;2025-12-29;22;0
5;2025-12-29;23;0
5;2025-12-30;0;0
5;2025-12-30;1;0
5;2025-12-30;2;0
5;2025-12-30;3;0
5;2025-12-30;4;0
5;2025-12-30;5;0
5;2025-12-30;6;0
5;2025-12-30;7;0
5;2025-12-30;8;0
5;2025-12-30;9;0
5;2025-12-30;10;0
5;2025-12-30;11;0
5;2025-12-30;12;0
5;2025-12-30;13;0
5;2025-12-30;14;0
5;2025-12-30;15;0
5;2025-12-30;16;0
5;2025-12-30;17;0
5;2025-12-30;18;0
5;2025-12-30;19;0
5;2025-12-30;20;0
5;2025-12-30;21;0
5;2025-12-30;22;0
5;2025-12-30;23;0
5;2025-12-31;0;0
5;2025-12-31;1;0
5;2025-12-31;2;0
5;2025-12-31;3;0
5;2025-12-31;4;0
5;2025-12-31;5;0
5;2025-12-31;6;0
5;2025-12-31;7;0
5;2025-12-31;8;0
5;2025-12-31;9;0
5;2025-12-31;10;0
5;2025-12-31;11;0
5;2025-12-31;12;0
5;2025-12-31;13;0
5;2025-12-31;14;0
5;2025-12-31;15;0
5;2025-12-31;16;0
5;2025-12-31;17;0
5;2025-12-31;18;0
5;2025-12-31;19;0
5;2025-12-31;20;0
5;2025-12-31;21;0
5;2025-12-31;22;0
5;2025-12-31;23;0
7;2025-11-01;0;73
7;2025-11-01;1;16
7;2025-11-01;2;0
7;2025-11-01;3;0
7;2025-11-01;4;2
7;2025-11-01;5;212
7;2025-11-01;6;706
7;2025-11-01;7;1686
7;2025-11-01;8;2543
7;2025-11-01;9;1966
7;2025-11-01;10;1716
7;2025-11-01;11;1617
7;2025-11-01;12;1677
7;2025-11-01;13;1769
7;2025-11-01;14;1858
7;2025-11-01;15;1980
7;2025-11-01;16;2251
7;2025-11-01;17;2460
7;2025-11-01;18;2272
7;2025-11-01;19;1687
7;2025-11-01;20;1126
7;2025-11-01;21;667
7;2025-11-01;22;398
7;2025-11-01;23;243
7;2025-11-02;0;68
7;2025-11-02;1;17
7;2025-11-02;2;0
7;2025-11-02;3;0
7;2025-11-02;4;0
7;2025-11-02;5;30
7;2025-11-02;6;141
7;2025-11-02;7;204
7;2025-11-02;8;338
7;2025-11-02;9;406
7;2025-11-02;10;467
7;2025-11-02;11;567
7;2025-11-02;12;632
7;2025-11-02;13;666
7;2025-11-02;14;717
7;2025-11-02;15;662
7;2025-11-02;16;597
7;2025-11-02;17;592
7;2025-11-02;18;537
7;2025-11-02;19;480
7;2025-11-02;20;405
7;2025-11-02;21;320
7;2025-11-02;22;196
7;2025-11-02;23;114
7;2025-11-03;0;67
7;2025-11-03;1;17
7;2025-11-03;2;0
7;2025-11-03;3;0
7;2025-11-03;4;0
7;2025-11-03;5;29
7;2025-11-03;6;140
7;2025-11-03;7;203
7;2025-11-03;8;336
7;2025-11-03;9;405
7;2025-11-03;10;466
7;2025-11-03;11;565
7;2025-11-03;12;632
7;2025-11-03;13;665
7;2025-11-03;14;717
7;2025-11-03;15;661
7;2025-11-03;16;597
7;2025-11-03;17;592
7;2025-11-03;18;536
7;2025-11-03;19;479
7;2025-11-03;20;405
7;2025-11-03;21;317
7;2025-11-03;22;192
7;2025-11-03;23;111
7;2025-11-04;0;65
7;2025-11-04;1;16
7;2025-11-04;2;0
7;2025-11-04;3;0
7;2025-11-04;4;1
7;2025-11-04;5;27
7;2025-11-04;6;137
7;2025-11-04;7;200
7;2025-11-04;8;334
7;2025-11-04;9;403
7;2025-11-04;10;463
7;2025-11-04;11;565
7;2025-11-04;12;632
7;2025-11-04;13;665
7;2025-11-04;14;717
7;2025-11-04;15;661
7;2025-11-04;16;597
7;2025-11-04;17;592
7;2025-11-04;18;537
7;2025-11-04;19;480
7;2025-11-04;20;406
7;2025-11-04;21;318
7;2025-11-04;22;193
7;2025-11-04;23;112
7;2025-11-05;0;59
7;2025-11-05;1;9
7;2025-11-05;2;0
7;2025-11-05;3;0
7;2025-11-05;4;2
7;2025-11-05;5;209
7;2025-11-05;6;777
7;2025-11-05;7;1759
7;2025-11-05;8;2725
7;2025-11-05;9;2115
7;2025-11-05;10;1798
7;2025-11-05;11;1554
7;2025-11-05;12;1653
7;2025-11-05;13;1626
7;2025-11-05;14;1801
7;2025-11-05;15;1913
7;2025-11-05;16;1955
7;2025-11-05;17;2538
7;2025-11-05;18;2704
7;2025-11-05;19;1875
7;2025-11-05;20;1180
7;2025-11-05;21;678
7;2025-11-05;22;368
7;2025-11-05;23;213
7;2025-11-06;0;65
7;2025-11-06;1;12
7;2025-11-06;2;0
7;2025-11-06;3;0
7;2025-11-06;4;1
7;2025-11-06;5;204
7;2025-11-06;6;789
7;2025-11-06;7;1744
7;2025-11-06;8;2647
7;2025-11-06;9;1941
7;2025-11-06;10;1661
7;2025-11-06;11;1534
7;2025-11-06;12;1629
7;2025-11-06;13;1580
7;2025-11-06;14;1761
7;2025-11-06;15;1820
7;2025-11-06;16;1922
7;2025-11-06;17;2468
7;2025-11-06;18;2910
7;2025-11-06;19;1860
7;2025-11-06;20;1131
7;2025-11-06;21;717
7;2025-11-06;22;334
7;2025-11-06;23;212
7;2025-11-07;0;65
7;2025-11-07;1;13
7;2025-11-07;2;0
7;2025-11-07;3;0
7;2025-11-07;4;1
7;2025-11-07;5;204
7;2025-11-07;6;699
7;2025-11-07;7;1678
7;2025-11-07;8;2535
7;2025-11-07;9;1958
7;2025-11-07;10;1707
7;2025-11-07;11;1610
7;2025-11-07;12;1670
7;2025-11-07;13;1762
7;2025-11-07;14;1852
7;2025-11-07;15;1973
7;2025-11-07;16;2245
7;2025-11-07;17;2454
7;2025-11-07;18;2266
7;2025-11-07;19;1681
7;2025-11-07;20;1120
7;2025-11-07;21;659
7;2025-11-07;22;390
7;2025-11-07;23;234
7;2025-11-08;0;68
7;2025-11-08;1;18
7;2025-11-08;2;0
7;2025-11-08;3;0
7;2025-11-08;4;1
7;2025-11-08;5;40
7;2025-11-08;6;185
7;2025-11-08;7;305
7;2025-11-08;8;459
7;2025-11-08;9;561
7;2025-11-08;10;590
7;2025-11-08;11;691
7;2025-11-08;12;767
7;2025-11-08;13;786
7;2025-11-08;14;834
7;2025-11-08;15;765
7;2025-11-08;16;733
7;2025-11-08;17;692
7;2025-11-08;18;654
7;2025-11-08;19;638
7;2025-11-08;20;495
7;2025-11-08;21;368
7;2025-11-08;22;209
7;2025-11-08;23;144
7;2025-11-09;0;65
7;2025-11-09;1;16
7;2025-11-09;2;0
7;2025-11-09;3;0
7;2025-11-09;4;0
7;2025-11-09;5;28
7;2025-11-09;6;137
7;2025-11-09;7;200
7;2025-11-09;8;334
7;2025-11-09;9;403
7;2025-11-09;10;463
7;2025-11-09;11;564
7;2025-11-09;12;633
7;2025-11-09;13;667
7;2025-11-09;14;716
7;2025-11-09;15;663
7;2025-11-09;16;599
7;2025-11-09;17;594
7;2025-11-09;18;539
7;2025-11-09;19;483
7;2025-11-09;20;409
7;2025-11-09;21;321
7;2025-11-09;22;198
7;2025-11-09;23;115
7;2025-11-10;0;69
7;2025-11-10;1;13
7;2025-11-10;2;0
7;2025-11-10;3;0
7;2025-11-10;4;1
7;2025-11-10;5;206
7;2025-11-10;6;771
7;2025-11-10;7;1707
7;2025-11-10;8;2613
7;2025-11-10;9;1920
7;2025-11-10;10;1570
7;2025-11-10;11;1372
7;2025-11-10;12;1550
7;2025-11-10;13;1574
7;2025-11-10;14;1616
7;2025-11-10;15;1764
7;2025-11-10;16;1879
7;2025-11-10;17;2336
7;2025-11-10;18;2652
7;2025-11-10;19;1817
7;2025-11-10;20;1103
7;2025-11-10;21;605
7;2025-11-10;22;300
7;2025-11-10;23;163
7;2025-11-11;0;52
7;2025-11-11;1;12
7;2025-11-11;2;0
7;2025-11-11;3;0
7;2025-11-11;4;1
7;2025-11-11;5;216
7;2025-11-11;6;766
7;2025-11-11;7;1772
7;2025-11-11;8;2657
7;2025-11-11;9;1959
7;2025-11-11;10;1704
7;2025-11-11;11;1593
7;2025-11-11;12;1730
7;2025-11-11;13;1659
7;2025-11-11;14;1706
7;2025-11-11;15;1829
7;2025-11-11;16;1969
7;2025-11-11;17;2435
7;2025-11-11;18;2713
7;2025-11-11;19;1888
7;2025-11-11;20;1171
7;2025-11-11;21;708
7;2025-11-11;22;344
7;2025-11-11;23;184
7;2025-11-12;0;58
7;2025-11-12;1;9
7;2025-11-12;2;0
7;2025-11-12;3;0
7;2025-11-12;4;1
7;2025-11-12;5;208
7;2025-11-12;6;776
7;2025-11-12;7;1757
7;2025-11-12;8;2724
7;2025-11-12;9;2114
7;2025-11-12;10;1796
7;2025-11-12;11;1553
7;2025-11-12;12;1652
7;2025-11-12;13;1625
7;2025-11-12;14;1800
7;2025-11-12;15;1912
7;2025-11-12;16;1954
7;2025-11-12;17;2537
7;2025-11-12;18;2703
7;2025-11-12;19;1874
7;2025-11-12;20;1179
7;2025-11-12;21;677
7;2025-11-12;22;368
7;2025-11-12;23;213
7;2025-11-13;0;65
7;2025-11-13;1;12
7;2025-11-13;2;0
7;2025-11-13;3;0
7;2025-11-13;4;1
7;2025-11-13;5;204
7;2025-11-13;6;790
7;2025-11-13;7;1744
7;2025-11-13;8;2647
7;2025-11-13;9;1941
7;2025-11-13;10;1661
7;2025-11-13;11;1534
7;2025-11-13;12;1629
7;2025-11-13;13;1581
7;2025-11-13;14;1762
7;2025-11-13;15;1820
7;2025-11-13;16;1922
7;2025-11-13;17;2468
7;2025-11-13;18;2910
7;2025-11-13;19;1860
7;2025-11-13;20;1130
7;2025-11-13;21;717
7;2025-11-13;22;333
7;2025-11-13;23;212
7;2025-11-14;0;64
7;2025-11-14;1;13
7;2025-11-14;2;0
7;2025-11-14;3;0
7;2025-11-14;4;1
7;2025-11-14;5;204
7;2025-11-14;6;699
7;2025-11-14;7;1678
7;2025-11-14;8;2534
7;2025-11-14;9;1957
7;2025-11-14;10;1707
7;2025-11-14;11;1610
7;2025-11-14;12;1670
7;2025-11-14;13;1762
7;2025-11-14;14;1852
7;2025-11-14;15;1973
7;2025-11-14;16;2245
7;2025-11-14;17;2454
7;2025-11-14;18;2266
7;2025-11-14;19;1681
7;2025-11-14;20;1120
7;2025-11-14;21;658
7;2025-11-14;22;390
7;2025-11-14;23;234
7;2025-11-15;0;71
7;2025-11-15;1;19
7;2025-11-15;2;0
7;2025-11-15;3;0
7;2025-11-15;4;0
7;2025-11-15;5;44
7;2025-11-15;6;189
7;2025-11-15;7;309
7;2025-11-15;8;463
7;2025-11-15;9;565
7;2025-11-15;10;596
7;2025-11-15;11;697
7;2025-11-15;12;771
7;2025-11-15;13;790
7;2025-11-15;14;839
7;2025-11-15;15;770
7;2025-11-15;16;737
7;2025-11-15;17;695
7;2025-11-15;18;657
7;2025-11-15;19;642
7;2025-11-15;20;500
7;2025-11-15;21;372
7;2025-11-15;22;215
7;2025-11-15;23;148
7;2025-11-16;0;68
7;2025-11-16;1;17
7;2025-11-16;2;0
7;2025-11-16;3;0
7;2025-11-16;4;0
7;2025-11-16;5;30
7;2025-11-16;6;141
7;2025-11-16;7;204
7;2025-11-16;8;338
7;2025-11-16;9;407
7;2025-11-16;10;469
7;2025-11-16;11;569
7;2025-11-16;12;636
7;2025-11-16;13;669
7;2025-11-16;14;721
7;2025-11-16;15;665
7;2025-11-16;16;601
7;2025-11-16;17;595
7;2025-11-16;18;540
7;2025-11-16;19;483
7;2025-11-16;20;409
7;2025-11-16;21;321
7;2025-11-16;22;198
7;2025-11-16;23;115
7;2025-11-17;0;68
7;2025-11-17;1;13
7;2025-11-17;2;0
7;2025-11-17;3;0
7;2025-11-17;4;0
7;2025-11-17;5;205
7;2025-11-17;6;770
7;2025-11-17;7;1707
7;2025-11-17;8;2613
7;2025-11-17;9;1920
7;2025-11-17;10;1569
7;2025-11-17;11;1372
7;2025-11-17;12;1550
7;2025-11-17;13;1574
7;2025-11-17;14;1615
7;2025-11-17;15;1763
7;2025-11-17;16;1878
7;2025-11-17;17;2335
7;2025-11-17;18;2651
7;2025-11-17;19;1816
7;2025-11-17;20;1102
7;2025-11-17;21;604
7;2025-11-17;22;300
7;2025-11-17;23;162
7;2025-11-18;0;51
7;2025-11-18;1;12
7;2025-11-18;2;0
7;2025-11-18;3;0
7;2025-11-18;4;2
7;2025-11-18;5;216
7;2025-11-18;6;764
7;2025-11-18;7;1773
7;2025-11-18;8;2658
7;2025-11-18;9;1959
7;2025-11-18;10;1704
7;2025-11-18;11;1593
7;2025-11-18;12;1730
7;2025-11-18;13;1660
7;2025-11-18;14;1706
7;2025-11-18;15;1829
7;2025-11-18;16;1968
7;2025-11-18;17;2434
7;2025-11-18;18;2711
7;2025-11-18;19;1887
7;2025-11-18;20;1170
7;2025-11-18;21;707
7;2025-11-18;22;343
7;2025-11-18;23;183
7;2025-11-19;0;57
7;2025-11-19;1;9
7;2025-11-19;2;0
7;2025-11-19;3;0
7;2025-11-19;4;1
7;2025-11-19;5;208
7;2025-11-19;6;776
7;2025-11-19;7;1757
7;2025-11-19;8;2724
7;2025-11-19;9;2114
7;2025-11-19;10;1796
7;2025-11-19;11;1553
7;2025-11-19;12;1652
7;2025-11-19;13;1625
7;2025-11-19;14;1800
7;2025-11-19;15;1912
7;2025-11-19;16;1954
7;2025-11-19;17;2537
7;2025-11-19;18;2703
7;2025-11-19;19;1875
7;2025-11-19;20;1179
7;2025-11-19;21;677
7;2025-11-19;22;367
7;2025-11-19;23;212
7;2025-11-20;0;64
7;2025-11-20;1;12
7;2025-11-20;2;0
7;2025-11-20;3;0
7;2025-11-20;4;1
7;2025-11-20;5;204
7;2025-11-20;6;789
7;2025-11-20;7;1744
7;2025-11-20;8;2646
7;2025-11-20;9;1940
7;2025-11-20;10;1661
7;2025-11-20;11;1533
7;2025-11-20;12;1628
7;2025-11-20;13;1579
7;2025-11-20;14;1760
7;2025-11-20;15;1819
7;2025-11-20;16;1921
7;2025-11-20;17;2467
7;2025-11-20;18;2910
7;2025-11-20;19;1860
7;2025-11-20;20;1130
7;2025-11-20;21;717
7;2025-11-20;22;333
7;2025-11-20;23;211
7;2025-11-21;0;64
7;2025-11-21;1;12
7;2025-11-21;2;0
7;2025-11-21;3;0
7;2025-11-21;4;0
7;2025-11-21;5;204
7;2025-11-21;6;699
7;2025-11-21;7;1677
7;2025-11-21;8;2533
7;2025-11-21;9;1957
7;2025-11-21;10;1706
7;2025-11-21;11;1609
7;2025-11-21;12;1669
7;2025-11-21;13;1761
7;2025-11-21;14;1852
7;2025-11-21;15;1972
7;2025-11-21;16;2245
7;2025-11-21;17;2454
7;2025-11-21;18;2266
7;2025-11-21;19;1681
7;2025-11-21;20;1120
7;2025-11-21;21;658
7;2025-11-21;22;390
7;2025-11-21;23;233
7;2025-11-22;0;73
7;2025-11-22;1;19
7;2025-11-22;2;0
7;2025-11-22;3;0
7;2025-11-22;4;0
7;2025-11-22;5;44
7;2025-11-22;6;189
7;2025-11-22;7;310
7;2025-11-22;8;463
7;2025-11-22;9;565
7;2025-11-22;10;597
7;2025-11-22;11;697
7;2025-11-22;12;771
7;2025-11-22;13;790
7;2025-11-22;14;839
7;2025-11-22;15;770
7;2025-11-22;16;737
7;2025-11-22;17;696
7;2025-11-22;18;658
7;2025-11-22;19;642
7;2025-11-22;20;501
7;2025-11-22;21;372
7;2025-11-22;22;215
7;2025-11-22;23;148
7;2025-11-23;0;68
7;2025-11-23;1;17
7;2025-11-23;2;0
7;2025-11-23;3;0
7;2025-11-23;4;0
7;2025-11-23;5;30
7;2025-11-23;6;141
7;2025-11-23;7;204
7;2025-11-23;8;338
7;2025-11-23;9;407
7;2025-11-23;10;469
7;2025-11-23;11;569
7;2025-11-23;12;636
7;2025-11-23;13;669
7;2025-11-23;14;721
7;2025-11-23;15;665
7;2025-11-23;16;601
7;2025-11-23;17;596
7;2025-11-23;18;540
7;2025-11-23;19;483
7;2025-11-23;20;409
7;2025-11-23;21;321
7;2025-11-23;22;198
7;2025-11-23;23;115
7;2025-11-24;0;68
7;2025-11-24;1;13
7;2025-11-24;2;0
7;2025-11-24;3;0
7;2025-11-24;4;0
7;2025-11-24;5;205
7;2025-11-24;6;770
7;2025-11-24;7;1706
7;2025-11-24;8;2613
7;2025-11-24;9;1920
7;2025-11-24;10;1569
7;2025-11-24;11;1372
7;2025-11-24;12;1550
7;2025-11-24;13;1574
7;2025-11-24;14;1616
7;2025-11-24;15;1764
7;2025-11-24;16;1879
7;2025-11-24;17;2335
7;2025-11-24;18;2651
7;2025-11-24;19;1816
7;2025-11-24;20;1102
7;2025-11-24;21;604
7;2025-11-24;22;300
7;2025-11-24;23;162
7;2025-11-25;0;51
7;2025-11-25;1;12
7;2025-11-25;2;0
7;2025-11-25;3;0
7;2025-11-25;4;1
7;2025-11-25;5;215
7;2025-11-25;6;765
7;2025-11-25;7;1771
7;2025-11-25;8;2656
7;2025-11-25;9;1958
7;2025-11-25;10;1703
7;2025-11-25;11;1591
7;2025-11-25;12;1729
7;2025-11-25;13;1659
7;2025-11-25;14;1705
7;2025-11-25;15;1828
7;2025-11-25;16;1969
7;2025-11-25;17;2434
7;2025-11-25;18;2712
7;2025-11-25;19;1887
7;2025-11-25;20;1170
7;2025-11-25;21;707
7;2025-11-25;22;343
7;2025-11-25;23;183
7;2025-11-26;0;58
7;2025-11-26;1;9
7;2025-11-26;2;0
7;2025-11-26;3;0
7;2025-11-26;4;1
7;2025-11-26;5;209
7;2025-11-26;6;777
7;2025-11-26;7;1758
7;2025-11-26;8;2725
7;2025-11-26;9;2115
7;2025-11-26;10;1797
7;2025-11-26;11;1553
7;2025-11-26;12;1652
7;2025-11-26;13;1625
7;2025-11-26;14;1801
7;2025-11-26;15;1912
7;2025-11-26;16;1954
7;2025-11-26;17;2537
7;2025-11-26;18;2703
7;2025-11-26;19;1875
7;2025-11-26;20;1180
7;2025-11-26;21;677
7;2025-11-26;22;368
7;2025-11-26;23;213
7;2025-11-27;0;65
7;2025-11-27;1;12
7;2025-11-27;2;0
7;2025-11-27;3;0
7;2025-11-27;4;1
7;2025-11-27;5;204
7;2025-11-27;6;789
7;2025-11-27;7;1744
7;2025-11-27;8;2646
7;2025-11-27;9;1940
7;2025-11-27;10;1661
7;2025-11-27;11;1533
7;2025-11-27;12;1628
7;2025-11-27;13;1579
7;2025-11-27;14;1760
7;2025-11-27;15;1819
7;2025-11-27;16;1921
7;2025-11-27;17;2467
7;2025-11-27;18;2909
7;2025-11-27;19;1860
7;2025-11-27;20;1130
7;2025-11-27;21;717
7;2025-11-27;22;333
7;2025-11-27;23;212
7;2025-11-28;0;65
7;2025-11-28;1;13
7;2025-11-28;2;0
7;2025-11-28;3;0
7;2025-11-28;4;1
7;2025-11-28;5;205
7;2025-11-28;6;699
7;2025-11-28;7;1678
7;2025-11-28;8;2533
7;2025-11-28;9;1957
7;2025-11-28;10;1706
7;2025-11-28;11;1609
7;2025-11-28;12;1668
7;2025-11-28;13;1760
7;2025-11-28;14;1851
7;2025-11-28;15;1972
7;2025-11-28;16;2245
7;2025-11-28;17;2454
7;2025-11-28;18;2266
7;2025-11-28;19;1680
7;2025-11-28;20;1119
7;2025-11-28;21;658
7;2025-11-28;22;389
7;2025-11-28;23;233
7;2025-11-29;0;73
7;2025-11-29;1;19
7;2025-11-29;2;0
7;2025-11-29;3;0
7;2025-11-29;4;0
7;2025-11-29;5;44
7;2025-11-29;6;189
7;2025-11-29;7;310
7;2025-11-29;8;463
7;2025-11-29;9;565
7;2025-11-29;10;596
7;2025-11-29;11;697
7;2025-11-29;12;771
7;2025-11-29;13;790
7;2025-11-29;14;839
7;2025-11-29;15;770
7;2025-11-29;16;737
7;2025-11-29;17;696
7;2025-11-29;18;658
7;2025-11-29;19;642
7;2025-11-29;20;501
7;2025-11-29;21;372
7;2025-11-29;22;215
7;2025-11-29;23;148
7;2025-11-30;0;68
7;2025-11-30;1;17
7;2025-11-30;2;0
7;2025-11-30;3;0
7;2025-11-30;4;0
7;2025-11-30;5;30
7;2025-11-30;6;141
7;2025-11-30;7;204
7;2025-11-30;8;338
7;2025-11-30;9;407
7;2025-11-30;10;469
7;2025-11-30;11;569
7;2025-11-30;12;636
7;2025-11-30;13;669
7;2025-11-30;14;721
7;2025-11-30;15;665
7;2025-11-30;16;601
7;2025-11-30;17;596
7;2025-11-30;18;540
7;2025-11-30;19;483
7;2025-11-30;20;409
7;2025-11-30;21;321
7;2025-11-30;22;198
7;2025-11-30;23;115
7;2025-12-01;0;69
7;2025-12-01;1;13
7;2025-12-01;2;0
7;2025-12-01;3;0
7;2025-12-01;4;0
7;2025-12-01;5;206
7;2025-12-01;6;770
7;2025-12-01;7;1707
7;2025-12-01;8;2613
7;2025-12-01;9;1920
7;2025-12-01;10;1570
7;2025-12-01;11;1372
7;2025-12-01;12;1550
7;2025-12-01;13;1574
7;2025-12-01;14;1615
7;2025-12-01;15;1763
7;2025-12-01;16;1879
7;2025-12-01;17;2335
7;2025-12-01;18;2651
7;2025-12-01;19;1816
7;2025-12-01;20;1103
7;2025-12-01;21;604
7;2025-12-01;22;300
7;2025-12-01;23;163
7;2025-12-02;0;52
7;2025-12-02;1;12
7;2025-12-02;2;0
7;2025-12-02;3;0
7;2025-12-02;4;1
7;2025-12-02;5;216
7;2025-12-02;6;766
7;2025-12-02;7;1772
7;2025-12-02;8;2657
7;2025-12-02;9;1959
7;2025-12-02;10;1704
7;2025-12-02;11;1592
7;2025-12-02;12;1729
7;2025-12-02;13;1659
7;2025-12-02;14;1705
7;2025-12-02;15;1828
7;2025-12-02;16;1969
7;2025-12-02;17;2434
7;2025-12-02;18;2712
7;2025-12-02;19;1887
7;2025-12-02;20;1171
7;2025-12-02;21;708
7;2025-12-02;22;344
7;2025-12-02;23;184
7;2025-12-03;0;58
7;2025-12-03;1;9
7;2025-12-03;2;0
7;2025-12-03;3;0
7;2025-12-03;4;1
7;2025-12-03;5;209
7;2025-12-03;6;777
7;2025-12-03;7;1758
7;2025-12-03;8;2725
7;2025-12-03;9;2115
7;2025-12-03;10;1797
7;2025-12-03;11;1554
7;2025-12-03;12;1652
7;2025-12-03;13;1625
7;2025-12-03;14;1801
7;2025-12-03;15;1912
7;2025-12-03;16;1954
7;2025-12-03;17;2537
7;2025-12-03;18;2703
7;2025-12-03;19;1875
7;2025-12-03;20;1180
7;2025-12-03;21;678
7;2025-12-03;22;368
7;2025-12-03;23;213
7;2025-12-04;0;65
7;2025-12-04;1;12
7;2025-12-04;2;0
7;2025-12-04;3;0
7;2025-12-04;4;1
7;2025-12-04;5;204
7;2025-12-04;6;790
7;2025-12-04;7;1744
7;2025-12-04;8;2647
7;2025-12-04;9;1940
7;2025-12-04;10;1661
7;2025-12-04;11;1533
7;2025-12-04;12;1628
7;2025-12-04;13;1580
7;2025-12-04;14;1761
7;2025-12-04;15;1819
7;2025-12-04;16;1921
7;2025-12-04;17;2467
7;2025-12-04;18;2909
7;2025-12-04;19;1860
7;2025-12-04;20;1130
7;2025-12-04;21;717
7;2025-12-04;22;334
7;2025-12-04;23;212
7;2025-12-05;0;64
7;2025-12-05;1;13
7;2025-12-05;2;0
7;2025-12-05;3;0
7;2025-12-05;4;1
7;2025-12-05;5;205
7;2025-12-05;6;700
7;2025-12-05;7;1678
7;2025-12-05;8;2534
7;2025-12-05;9;1958
7;2025-12-05;10;1706
7;2025-12-05;11;1609
7;2025-12-05;12;1669
7;2025-12-05;13;1761
7;2025-12-05;14;1852
7;2025-12-05;15;1972
7;2025-12-05;16;2245
7;2025-12-05;17;2454
7;2025-12-05;18;2266
7;2025-12-05;19;1681
7;2025-12-05;20;1120
7;2025-12-05;21;658
7;2025-12-05;22;390
7;2025-12-05;23;233
7;2025-12-06;0;73
7;2025-12-06;1;19
7;2025-12-06;2;0
7;2025-12-06;3;0
7;2025-12-06;4;0
7;2025-12-06;5;44
7;2025-12-06;6;189
7;2025-12-06;7;310
7;2025-12-06;8;463
7;2025-12-06;9;565
7;2025-12-06;10;597
7;2025-12-06;11;697
7;2025-12-06;12;771
7;2025-12-06;13;790
7;2025-12-06;14;839
7;2025-12-06;15;770
7;2025-12-06;16;737
7;2025-12-06;17;696
7;2025-12-06;18;658
7;2025-12-06;19;642
7;2025-12-06;20;501
7;2025-12-06;21;372
7;2025-12-06;22;215
7;2025-12-06;23;148
7;2025-12-07;0;68
7;2025-12-07;1;17
7;2025-12-07;2;0
7;2025-12-07;3;0
7;2025-12-07;4;0
7;2025-12-07;5;30
7;2025-12-07;6;141
7;2025-12-07;7;204
7;2025-12-07;8;338
7;2025-12-07;9;407
7;2025-12-07;10;469
7;2025-12-07;11;569
7;2025-12-07;12;635
7;2025-12-07;13;669
7;2025-12-07;14;721
7;2025-12-07;15;665
7;2025-12-07;16;601
7;2025-12-07;17;596
7;2025-12-07;18;540
7;2025-12-07;19;483
7;2025-12-07;20;409
7;2025-12-07;21;321
7;2025-12-07;22;198
7;2025-12-07;23;115
7;2025-12-08;0;69
7;2025-12-08;1;13
7;2025-12-08;2;0
7;2025-12-08;3;0
7;2025-12-08;4;1
7;2025-12-08;5;206
7;2025-12-08;6;771
7;2025-12-08;7;1707
7;2025-12-08;8;2614
7;2025-12-08;9;1920
7;2025-12-08;10;1570
7;2025-12-08;11;1372
7;2025-12-08;12;1550
7;2025-12-08;13;1574
7;2025-12-08;14;1615
7;2025-12-08;15;1763
7;2025-12-08;16;1878
7;2025-12-08;17;2335
7;2025-12-08;18;2651
7;2025-12-08;19;1816
7;2025-12-08;20;1103
7;2025-12-08;21;604
7;2025-12-08;22;300
7;2025-12-08;23;162
7;2025-12-09;0;51
7;2025-12-09;1;12
7;2025-12-09;2;0
7;2025-12-09;3;0
7;2025-12-09;4;1
7;2025-12-09;5;215
7;2025-12-09;6;765
7;2025-12-09;7;1771
7;2025-12-09;8;2656
7;2025-12-09;9;1958
7;2025-12-09;10;1703
7;2025-12-09;11;1591
7;2025-12-09;12;1729
7;2025-12-09;13;1658
7;2025-12-09;14;1705
7;2025-12-09;15;1827
7;2025-12-09;16;1968
7;2025-12-09;17;2434
7;2025-12-09;18;2711
7;2025-12-09;19;1887
7;2025-12-09;20;1170
7;2025-12-09;21;707
7;2025-12-09;22;343
7;2025-12-09;23;183
7;2025-12-10;0;57
7;2025-12-10;1;9
7;2025-12-10;2;0
7;2025-12-10;3;0
7;2025-12-10;4;1
7;2025-12-10;5;208
7;2025-12-10;6;776
7;2025-12-10;7;1758
7;2025-12-10;8;2724
7;2025-12-10;9;2115
7;2025-12-10;10;1797
7;2025-12-10;11;1554
7;2025-12-10;12;1652
7;2025-12-10;13;1625
7;2025-12-10;14;1801
7;2025-12-10;15;1912
7;2025-12-10;16;1954
7;2025-12-10;17;2537
7;2025-12-10;18;2703
7;2025-12-10;19;1875
7;2025-12-10;20;1180
7;2025-12-10;21;677
7;2025-12-10;22;367
7;2025-12-10;23;213
7;2025-12-11;0;64
7;2025-12-11;1;12
7;2025-12-11;2;0
7;2025-12-11;3;0
7;2025-12-11;4;1
7;2025-12-11;5;203
7;2025-12-11;6;789
7;2025-12-11;7;1743
7;2025-12-11;8;2646
7;2025-12-11;9;1939
7;2025-12-11;10;1660
7;2025-12-11;11;1532
7;2025-12-11;12;1628
7;2025-12-11;13;1579
7;2025-12-11;14;1760
7;2025-12-11;15;1818
7;2025-12-11;16;1920
7;2025-12-11;17;2467
7;2025-12-11;18;2909
7;2025-12-11;19;1859
7;2025-12-11;20;1130
7;2025-12-11;21;716
7;2025-12-11;22;333
7;2025-12-11;23;211
7;2025-12-12;0;64
7;2025-12-12;1;12
7;2025-12-12;2;0
7;2025-12-12;3;0
7;2025-12-12;4;0
7;2025-12-12;5;204
7;2025-12-12;6;699
7;2025-12-12;7;1677
7;2025-12-12;8;2533
7;2025-12-12;9;1957
7;2025-12-12;10;1706
7;2025-12-12;11;1609
7;2025-12-12;12;1668
7;2025-12-12;13;1760
7;2025-12-12;14;1851
7;2025-12-12;15;1971
7;2025-12-12;16;2244
7;2025-12-12;17;2453
7;2025-12-12;18;2265
7;2025-12-12;19;1680
7;2025-12-12;20;1119
7;2025-12-12;21;657
7;2025-12-12;22;389
7;2025-12-12;23;233
7;2025-12-13;0;72
7;2025-12-13;1;19
7;2025-12-13;2;0
7;2025-12-13;3;0
7;2025-12-13;4;0
7;2025-12-13;5;44
7;2025-12-13;6;189
7;2025-12-13;7;309
7;2025-12-13;8;463
7;2025-12-13;9;565
7;2025-12-13;10;596
7;2025-12-13;11;697
7;2025-12-13;12;771
7;2025-12-13;13;790
7;2025-12-13;14;839
7;2025-12-13;15;770
7;2025-12-13;16;737
7;2025-12-13;17;695
7;2025-12-13;18;657
7;2025-12-13;19;642
7;2025-12-13;20;500
7;2025-12-13;21;372
7;2025-12-13;22;215
7;2025-12-13;23;148
7;2025-12-14;0;68
7;2025-12-14;1;17
7;2025-12-14;2;0
7;2025-12-14;3;0
7;2025-12-14;4;0
7;2025-12-14;5;30
7;2025-12-14;6;141
7;2025-12-14;7;204
7;2025-12-14;8;338
7;2025-12-14;9;407
7;2025-12-14;10;469
7;2025-12-14;11;569
7;2025-12-14;12;635
7;2025-12-14;13;669
7;2025-12-14;14;720
7;2025-12-14;15;665
7;2025-12-14;16;600
7;2025-12-14;17;595
7;2025-12-14;18;540
7;2025-12-14;19;483
7;2025-12-14;20;409
7;2025-12-14;21;321
7;2025-12-14;22;198
7;2025-12-14;23;115
7;2025-12-15;0;69
7;2025-12-15;1;13
7;2025-12-15;2;0
7;2025-12-15;3;0
7;2025-12-15;4;1
7;2025-12-15;5;206
7;2025-12-15;6;771
7;2025-12-15;7;1707
7;2025-12-15;8;2614
7;2025-12-15;9;1921
7;2025-12-15;10;1570
7;2025-12-15;11;1373
7;2025-12-15;12;1551
7;2025-12-15;13;1574
7;2025-12-15;14;1616
7;2025-12-15;15;1764
7;2025-12-15;16;1879
7;2025-12-15;17;2336
7;2025-12-15;18;2652
7;2025-12-15;19;1817
7;2025-12-15;20;1103
7;2025-12-15;21;605
7;2025-12-15;22;301
7;2025-12-15;23;163
7;2025-12-16;0;52
7;2025-12-16;1;12
7;2025-12-16;2;0
7;2025-12-16;3;0
7;2025-12-16;4;1
7;2025-12-16;5;216
7;2025-12-16;6;766
7;2025-12-16;7;1772
7;2025-12-16;8;2657
7;2025-12-16;9;1959
7;2025-12-16;10;1703
7;2025-12-16;11;1591
7;2025-12-16;12;1729
7;2025-12-16;13;1658
7;2025-12-16;14;1705
7;2025-12-16;15;1827
7;2025-12-16;16;1968
7;2025-12-16;17;2434
7;2025-12-16;18;2711
7;2025-12-16;19;1887
7;2025-12-16;20;1170
7;2025-12-16;21;707
7;2025-12-16;22;343
7;2025-12-16;23;183
7;2025-12-17;0;58
7;2025-12-17;1;9
7;2025-12-17;2;0
7;2025-12-17;3;0
7;2025-12-17;4;1
7;2025-12-17;5;208
7;2025-12-17;6;776
7;2025-12-17;7;1757
7;2025-12-17;8;2724
7;2025-12-17;9;2114
7;2025-12-17;10;1796
7;2025-12-17;11;1553
7;2025-12-17;12;1652
7;2025-12-17;13;1625
7;2025-12-17;14;1801
7;2025-12-17;15;1912
7;2025-12-17;16;1954
7;2025-12-17;17;2537
7;2025-12-17;18;2703
7;2025-12-17;19;1875
7;2025-12-17;20;1180
7;2025-12-17;21;678
7;2025-12-17;22;367
7;2025-12-17;23;213
7;2025-12-18;0;64
7;2025-12-18;1;12
7;2025-12-18;2;0
7;2025-12-18;3;0
7;2025-12-18;4;1
7;2025-12-18;5;203
7;2025-12-18;6;789
7;2025-12-18;7;1743
7;2025-12-18;8;2646
7;2025-12-18;9;1939
7;2025-12-18;10;1660
7;2025-12-18;11;1532
7;2025-12-18;12;1628
7;2025-12-18;13;1579
7;2025-12-18;14;1760
7;2025-12-18;15;1818
7;2025-12-18;16;1920
7;2025-12-18;17;2467
7;2025-12-18;18;2909
7;2025-12-18;19;1859
7;2025-12-18;20;1130
7;2025-12-18;21;716
7;2025-12-18;22;333
7;2025-12-18;23;211
7;2025-12-19;0;64
7;2025-12-19;1;12
7;2025-12-19;2;0
7;2025-12-19;3;0
7;2025-12-19;4;0
7;2025-12-19;5;204
7;2025-12-19;6;699
7;2025-12-19;7;1677
7;2025-12-19;8;2533
7;2025-12-19;9;1957
7;2025-12-19;10;1706
7;2025-12-19;11;1609
7;2025-12-19;12;1668
7;2025-12-19;13;1760
7;2025-12-19;14;1851
7;2025-12-19;15;1971
7;2025-12-19;16;2244
7;2025-12-19;17;2453
7;2025-12-19;18;2266
7;2025-12-19;19;1681
7;2025-12-19;20;1120
7;2025-12-19;21;658
7;2025-12-19;22;389
7;2025-12-19;23;233
7;2025-12-20;0;73
7;2025-12-20;1;19
7;2025-12-20;2;0
7;2025-12-20;3;0
7;2025-12-20;4;0
7;2025-12-20;5;44
7;2025-12-20;6;189
7;2025-12-20;7;309
7;2025-12-20;8;463
7;2025-12-20;9;565
7;2025-12-20;10;596
7;2025-12-20;11;697
7;2025-12-20;12;771
7;2025-12-20;13;790
7;2025-12-20;14;839
7;2025-12-20;15;770
7;2025-12-20;16;737
7;2025-12-20;17;695
7;2025-12-20;18;657
7;2025-12-20;19;642
7;2025-12-20;20;500
7;2025-12-20;21;372
7;2025-12-20;22;215
7;2025-12-20;23;148
7;2025-12-21;0;68
7;2025-12-21;1;17
7;2025-12-21;2;0
7;2025-12-21;3;0
7;2025-12-21;4;0
7;2025-12-21;5;30
7;2025-12-21;6;141
7;2025-12-21;7;204
7;2025-12-21;8;338
7;2025-12-21;9;407
7;2025-12-21;10;469
7;2025-12-21;11;569
7;2025-12-21;12;635
7;2025-12-21;13;669
7;2025-12-21;14;720
7;2025-12-21;15;665
7;2025-12-21;16;601
7;2025-12-21;17;595
7;2025-12-21;18;540
7;2025-12-21;19;483
7;2025-12-21;20;409
7;2025-12-21;21;321
7;2025-12-21;22;198
7;2025-12-21;23;115
7;2025-12-22;0;69
7;2025-12-22;1;13
7;2025-12-22;2;0
7;2025-12-22;3;0
7;2025-12-22;4;0
7;2025-12-22;5;205
7;2025-12-22;6;770
7;2025-12-22;7;1707
7;2025-12-22;8;2613
7;2025-12-22;9;1920
7;2025-12-22;10;1569
7;2025-12-22;11;1372
7;2025-12-22;12;1550
7;2025-12-22;13;1574
7;2025-12-22;14;1615
7;2025-12-22;15;1763
7;2025-12-22;16;1878
7;2025-12-22;17;2335
7;2025-12-22;18;2651
7;2025-12-22;19;1816
7;2025-12-22;20;1103
7;2025-12-22;21;604
7;2025-12-22;22;300
7;2025-12-22;23;162
7;2025-12-23;0;51
7;2025-12-23;1;12
7;2025-12-23;2;0
7;2025-12-23;3;0
7;2025-12-23;4;1
7;2025-12-23;5;215
7;2025-12-23;6;765
7;2025-12-23;7;1771
7;2025-12-23;8;2656
7;2025-12-23;9;1958
7;2025-12-23;10;1703
7;2025-12-23;11;1591
7;2025-12-23;12;1729
7;2025-12-23;13;1658
7;2025-12-23;14;1705
7;2025-12-23;15;1827
7;2025-12-23;16;1968
7;2025-12-23;17;2434
7;2025-12-23;18;2711
7;2025-12-23;19;1887
7;2025-12-23;20;1170
7;2025-12-23;21;707
7;2025-12-23;22;343
7;2025-12-23;23;183
7;2025-12-24;0;58
7;2025-12-24;1;9
7;2025-12-24;2;0
7;2025-12-24;3;0
7;2025-12-24;4;1
7;2025-12-24;5;209
7;2025-12-24;6;777
7;2025-12-24;7;1758
7;2025-12-24;8;2724
7;2025-12-24;9;2114
7;2025-12-24;10;1796
7;2025-12-24;11;1553
7;2025-12-24;12;1652
7;2025-12-24;13;1625
7;2025-12-24;14;1800
7;2025-12-24;15;1912
7;2025-12-24;16;1953
7;2025-12-24;17;2537
7;2025-12-24;18;2702
7;2025-12-24;19;1874
7;2025-12-24;20;1179
7;2025-12-24;21;677
7;2025-12-24;22;367
7;2025-12-24;23;212
7;2025-12-25;0;64
7;2025-12-25;1;12
7;2025-12-25;2;0
7;2025-12-25;3;0
7;2025-12-25;4;1
7;2025-12-25;5;203
7;2025-12-25;6;789
7;2025-12-25;7;1743
7;2025-12-25;8;2646
7;2025-12-25;9;1939
7;2025-12-25;10;1660
7;2025-12-25;11;1533
7;2025-12-25;12;1628
7;2025-12-25;13;1579
7;2025-12-25;14;1760
7;2025-12-25;15;1818
7;2025-12-25;16;1920
7;2025-12-25;17;2467
7;2025-12-25;18;2909
7;2025-12-25;19;1859
7;2025-12-25;20;1130
7;2025-12-25;21;716
7;2025-12-25;22;333
7;2025-12-25;23;211
7;2025-12-26;0;64
7;2025-12-26;1;12
7;2025-12-26;2;0
7;2025-12-26;3;0
7;2025-12-26;4;0
7;2025-12-26;5;204
7;2025-12-26;6;699
7;2025-12-26;7;1677
7;2025-12-26;8;2533
7;2025-12-26;9;1957
7;2025-12-26;10;1706
7;2025-12-26;11;1608
7;2025-12-26;12;1668
7;2025-12-26;13;1760
7;2025-12-26;14;1851
7;2025-12-26;15;1971
7;2025-12-26;16;2244
7;2025-12-26;17;2453
7;2025-12-26;18;2265
7;2025-12-26;19;1680
7;2025-12-26;20;1119
7;2025-12-26;21;657
7;2025-12-26;22;389
7;2025-12-26;23;232
7;2025-12-27;0;72
7;2025-12-27;1;19
7;2025-12-27;2;0
7;2025-12-27;3;0
7;2025-12-27;4;0
7;2025-12-27;5;44
7;2025-12-27;6;189
7;2025-12-27;7;309
7;2025-12-27;8;463
7;2025-12-27;9;565
7;2025-12-27;10;596
7;2025-12-27;11;697
7;2025-12-27;12;771
7;2025-12-27;13;790
7;2025-12-27;14;839
7;2025-12-27;15;770
7;2025-12-27;16;737
7;2025-12-27;17;696
7;2025-12-27;18;658
7;2025-12-27;19;642
7;2025-12-27;20;501
7;2025-12-27;21;372
7;2025-12-27;22;214
7;2025-12-27;23;148
7;2025-12-28;0;68
7;2025-12-28;1;17
7;2025-12-28;2;0
7;2025-12-28;3;0
7;2025-12-28;4;0
7;2025-12-28;5;30
7;2025-12-28;6;141
7;2025-12-28;7;204
7;2025-12-28;8;337
7;2025-12-28;9;406
7;2025-12-28;10;469
7;2025-12-28;11;569
7;2025-12-28;12;635
7;2025-12-28;13;669
7;2025-12-28;14;720
7;2025-12-28;15;665
7;2025-12-28;16;601
7;2025-12-28;17;596
7;2025-12-28;18;540
7;2025-12-28;19;483
7;2025-12-28;20;409
7;2025-12-28;21;321
7;2025-12-28;22;198
7;2025-12-28;23;115
7;2025-12-29;0;69
7;2025-12-29;1;13
7;2025-12-29;2;0
7;2025-12-29;3;0
7;2025-12-29;4;1
7;2025-12-29;5;206
7;2025-12-29;6;771
7;2025-12-29;7;1707
7;2025-12-29;8;2614
7;2025-12-29;9;1921
7;2025-12-29;10;1570
7;2025-12-29;11;1373
7;2025-12-29;12;1551
7;2025-12-29;13;1574
7;2025-12-29;14;1616
7;2025-12-29;15;1764
7;2025-12-29;16;1879
7;2025-12-29;17;2336
7;2025-12-29;18;2652
7;2025-12-29;19;1817
7;2025-12-29;20;1103
7;2025-12-29;21;605
7;2025-12-29;22;301
7;2025-12-29;23;163
7;2025-12-30;0;52
7;2025-12-30;1;12
7;2025-12-30;2;0
7;2025-12-30;3;0
7;2025-12-30;4;1
7;2025-12-30;5;216
7;2025-12-30;6;766
7;2025-12-30;7;1772
7;2025-12-30;8;2657
7;2025-12-30;9;1959
7;2025-12-30;10;1703
7;2025-12-30;11;1591
7;2025-12-30;12;1729
7;2025-12-30;13;1658
7;2025-12-30;14;1705
7;2025-12-30;15;1827
7;2025-12-30;16;1968
7;2025-12-30;17;2434
7;2025-12-30;18;2711
7;2025-12-30;19;1887
7;2025-12-30;20;1170
7;2025-12-30;21;707
7;2025-12-30;22;343
7;2025-12-30;23;183
7;2025-12-31;0;68
7;2025-12-31;1;17
7;2025-12-31;2;0
7;2025-12-31;3;0
7;2025-12-31;4;0
7;2025-12-31;5;30
7;2025-12-31;6;141
7;2025-12-31;7;203
7;2025-12-31;8;337
7;2025-12-31;9;407
7;2025-12-31;10;469
7;2025-12-31;11;569
7;2025-12-31;12;635
7;2025-12-31;13;669
7;2025-12-31;14;720
7;2025-12-31;15;665
7;2025-12-31;16;600
7;2025-12-31;17;595
7;2025-12-31;18;540
7;2025-12-31;19;483
7;2025-12-31;20;409
7;2025-12-31;21;321
7;2025-12-31;22;198
7;2025-12-31;23;115
11;2025-11-01;0;76
11;2025-11-01;1;1
11;2025-11-01;2;0
11;2025-11-01;3;0
11;2025-11-01;4;0
11;2025-11-01;5;309
11;2025-11-01;6;1406
11;2025-11-01;7;2422
11;2025-11-01;8;3254
11;2025-11-01;9;2484
11;2025-11-01;10;2030
11;2025-11-01;11;2004
11;2025-11-01;12;2018
11;2025-11-01;13;2083
11;2025-11-01;14;2189
11;2025-11-01;15;2413
11;2025-11-01;16;2666
11;2025-11-01;17;3125
11;2025-11-01;18;2713
11;2025-11-01;19;2203
11;2025-11-01;20;1511
11;2025-11-01;21;932
11;2025-11-01;22;506
11;2025-11-01;23;307
11;2025-11-02;0;101
11;2025-11-02;1;11
11;2025-11-02;2;0
11;2025-11-02;3;0
11;2025-11-02;4;2
11;2025-11-02;5;138
11;2025-11-02;6;502
11;2025-11-02;7;521
11;2025-11-02;8;650
11;2025-11-02;9;879
11;2025-11-02;10;964
11;2025-11-02;11;1378
11;2025-11-02;12;1541
11;2025-11-02;13;1476
11;2025-11-02;14;1546
11;2025-11-02;15;1619
11;2025-11-02;16;1526
11;2025-11-02;17;1543
11;2025-11-02;18;1296
11;2025-11-02;19;1124
11;2025-11-02;20;880
11;2025-11-02;21;664
11;2025-11-02;22;368
11;2025-11-02;23;256
11;2025-11-03;0;92
11;2025-11-03;1;8
11;2025-11-03;2;0
11;2025-11-03;3;0
11;2025-11-03;4;3
11;2025-11-03;5;135
11;2025-11-03;6;481
11;2025-11-03;7;507
11;2025-11-03;8;627
11;2025-11-03;9;855
11;2025-11-03;10;939
11;2025-11-03;11;1351
11;2025-11-03;12;1508
11;2025-11-03;13;1451
11;2025-11-03;14;1511
11;2025-11-03;15;1584
11;2025-11-03;16;1499
11;2025-11-03;17;1516
11;2025-11-03;18;1273
11;2025-11-03;19;1111
11;2025-11-03;20;868
11;2025-11-03;21;653
11;2025-11-03;22;357
11;2025-11-03;23;248
11;2025-11-04;0;95
11;2025-11-04;1;10
11;2025-11-04;2;0
11;2025-11-04;3;1
11;2025-11-04;4;3
11;2025-11-04;5;135
11;2025-11-04;6;483
11;2025-11-04;7;507
11;2025-11-04;8;626
11;2025-11-04;9;854
11;2025-11-04;10;938
11;2025-11-04;11;1351
11;2025-11-04;12;1509
11;2025-11-04;13;1452
11;2025-11-04;14;1517
11;2025-11-04;15;1590
11;2025-11-04;16;1499
11;2025-11-04;17;1516
11;2025-11-04;18;1273
11;2025-11-04;19;1112
11;2025-11-04;20;868
11;2025-11-04;21;653
11;2025-11-04;22;358
11;2025-11-04;23;249
11;2025-11-05;0;64
11;2025-11-05;1;0
11;2025-11-05;2;0
11;2025-11-05;3;0
11;2025-11-05;4;1
11;2025-11-05;5;309
11;2025-11-05;6;1355
11;2025-11-05;7;2541
11;2025-11-05;8;3345
11;2025-11-05;9;2499
11;2025-11-05;10;1931
11;2025-11-05;11;1964
11;2025-11-05;12;1994
11;2025-11-05;13;2125
11;2025-11-05;14;2074
11;2025-11-05;15;2128
11;2025-11-05;16;2264
11;2025-11-05;17;2941
11;2025-11-05;18;3215
11;2025-11-05;19;2487
11;2025-11-05;20;1638
11;2025-11-05;21;963
11;2025-11-05;22;438
11;2025-11-05;23;247
11;2025-11-06;0;67
11;2025-11-06;1;0
11;2025-11-06;2;0
11;2025-11-06;3;0
11;2025-11-06;4;1
11;2025-11-06;5;318
11;2025-11-06;6;1389
11;2025-11-06;7;2501
11;2025-11-06;8;3303
11;2025-11-06;9;2624
11;2025-11-06;10;2075
11;2025-11-06;11;1931
11;2025-11-06;12;2024
11;2025-11-06;13;2129
11;2025-11-06;14;2038
11;2025-11-06;15;2190
11;2025-11-06;16;2492
11;2025-11-06;17;2955
11;2025-11-06;18;3305
11;2025-11-06;19;2433
11;2025-11-06;20;1578
11;2025-11-06;21;994
11;2025-11-06;22;475
11;2025-11-06;23;241
11;2025-11-07;0;76
11;2025-11-07;1;0
11;2025-11-07;2;0
11;2025-11-07;3;0
11;2025-11-07;4;1
11;2025-11-07;5;306
11;2025-11-07;6;1398
11;2025-11-07;7;2411
11;2025-11-07;8;3238
11;2025-11-07;9;2464
11;2025-11-07;10;2018
11;2025-11-07;11;1991
11;2025-11-07;12;2005
11;2025-11-07;13;2070
11;2025-11-07;14;2177
11;2025-11-07;15;2401
11;2025-11-07;16;2654
11;2025-11-07;17;3113
11;2025-11-07;18;2701
11;2025-11-07;19;2192
11;2025-11-07;20;1502
11;2025-11-07;21;924
11;2025-11-07;22;498
11;2025-11-07;23;300
11;2025-11-08;0;101
11;2025-11-08;1;0
11;2025-11-08;2;0
11;2025-11-08;3;0
11;2025-11-08;4;1
11;2025-11-08;5;199
11;2025-11-08;6;818
11;2025-11-08;7;731
11;2025-11-08;8;1041
11;2025-11-08;9;1172
11;2025-11-08;10;1306
11;2025-11-08;11;1674
11;2025-11-08;12;1898
11;2025-11-08;13;1813
11;2025-11-08;14;1888
11;2025-11-08;15;1797
11;2025-11-08;16;1832
11;2025-11-08;17;1867
11;2025-11-08;18;1664
11;2025-11-08;19;1496
11;2025-11-08;20;1148
11;2025-11-08;21;802
11;2025-11-08;22;454
11;2025-11-08;23;312
11;2025-11-09;0;104
11;2025-11-09;1;13
11;2025-11-09;2;0
11;2025-11-09;3;0
11;2025-11-09;4;1
11;2025-11-09;5;136
11;2025-11-09;6;502
11;2025-11-09;7;520
11;2025-11-09;8;650
11;2025-11-09;9;879
11;2025-11-09;10;961
11;2025-11-09;11;1375
11;2025-11-09;12;1538
11;2025-11-09;13;1481
11;2025-11-09;14;1541
11;2025-11-09;15;1614
11;2025-11-09;16;1523
11;2025-11-09;17;1540
11;2025-11-09;18;1292
11;2025-11-09;19;1119
11;2025-11-09;20;875
11;2025-11-09;21;659
11;2025-11-09;22;364
11;2025-11-09;23;253
11;2025-11-10;0;77
11;2025-11-10;1;7
11;2025-11-10;2;0
11;2025-11-10;3;0
11;2025-11-10;4;2
11;2025-11-10;5;314
11;2025-11-10;6;1406
11;2025-11-10;7;2466
11;2025-11-10;8;3261
11;2025-11-10;9;2491
11;2025-11-10;10;1889
11;2025-11-10;11;1917
11;2025-11-10;12;1800
11;2025-11-10;13;1983
11;2025-11-10;14;1978
11;2025-11-10;15;2082
11;2025-11-10;16;2348
11;2025-11-10;17;2922
11;2025-11-10;18;3240
11;2025-11-10;19;2467
11;2025-11-10;20;1576
11;2025-11-10;21;873
11;2025-11-10;22;438
11;2025-11-10;23;206
11;2025-11-11;0;65
11;2025-11-11;1;2
11;2025-11-11;2;0
11;2025-11-11;3;0
11;2025-11-11;4;2
11;2025-11-11;5;301
11;2025-11-11;6;1433
11;2025-11-11;7;2523
11;2025-11-11;8;3347
11;2025-11-11;9;2578
11;2025-11-11;10;1949
11;2025-11-11;11;1905
11;2025-11-11;12;1885
11;2025-11-11;13;2103
11;2025-11-11;14;2098
11;2025-11-11;15;2181
11;2025-11-11;16;2381
11;2025-11-11;17;2981
11;2025-11-11;18;3241
11;2025-11-11;19;2404
11;2025-11-11;20;1549
11;2025-11-11;21;916
11;2025-11-11;22;456
11;2025-11-11;23;211
11;2025-11-12;0;66
11;2025-11-12;1;0
11;2025-11-12;2;0
11;2025-11-12;3;0
11;2025-11-12;4;2
11;2025-11-12;5;310
11;2025-11-12;6;1356
11;2025-11-12;7;2541
11;2025-11-12;8;3346
11;2025-11-12;9;2499
11;2025-11-12;10;1926
11;2025-11-12;11;1956
11;2025-11-12;12;1986
11;2025-11-12;13;2117
11;2025-11-12;14;2069
11;2025-11-12;15;2123
11;2025-11-12;16;2264
11;2025-11-12;17;2941
11;2025-11-12;18;3210
11;2025-11-12;19;2487
11;2025-11-12;20;1638
11;2025-11-12;21;964
11;2025-11-12;22;439
11;2025-11-12;23;248
11;2025-11-13;0;67
11;2025-11-13;1;1
11;2025-11-13;2;0
11;2025-11-13;3;0
11;2025-11-13;4;1
11;2025-11-13;5;319
11;2025-11-13;6;1387
11;2025-11-13;7;2502
11;2025-11-13;8;3303
11;2025-11-13;9;2624
11;2025-11-13;10;2074
11;2025-11-13;11;1938
11;2025-11-13;12;2023
11;2025-11-13;13;2129
11;2025-11-13;14;2038
11;2025-11-13;15;2194
11;2025-11-13;16;2497
11;2025-11-13;17;2954
11;2025-11-13;18;3305
11;2025-11-13;19;2433
11;2025-11-13;20;1578
11;2025-11-13;21;994
11;2025-11-13;22;475
11;2025-11-13;23;242
11;2025-11-14;0;77
11;2025-11-14;1;1
11;2025-11-14;2;0
11;2025-11-14;3;0
11;2025-11-14;4;2
11;2025-11-14;5;310
11;2025-11-14;6;1398
11;2025-11-14;7;2410
11;2025-11-14;8;3242
11;2025-11-14;9;2472
11;2025-11-14;10;2017
11;2025-11-14;11;1991
11;2025-11-14;12;2005
11;2025-11-14;13;2070
11;2025-11-14;14;2177
11;2025-11-14;15;2401
11;2025-11-14;16;2654
11;2025-11-14;17;3113
11;2025-11-14;18;2701
11;2025-11-14;19;2192
11;2025-11-14;20;1500
11;2025-11-14;21;922
11;2025-11-14;22;496
11;2025-11-14;23;298
11;2025-11-15;0;99
11;2025-11-15;1;0
11;2025-11-15;2;0
11;2025-11-15;3;0
11;2025-11-15;4;2
11;2025-11-15;5;192
11;2025-11-15;6;804
11;2025-11-15;7;716
11;2025-11-15;8;1028
11;2025-11-15;9;1159
11;2025-11-15;10;1290
11;2025-11-15;11;1654
11;2025-11-15;12;1880
11;2025-11-15;13;1798
11;2025-11-15;14;1883
11;2025-11-15;15;1789
11;2025-11-15;16;1824
11;2025-11-15;17;1858
11;2025-11-15;18;1656
11;2025-11-15;19;1487
11;2025-11-15;20;1141
11;2025-11-15;21;794
11;2025-11-15;22;444
11;2025-11-15;23;304
11;2025-11-16;0;96
11;2025-11-16;1;9
11;2025-11-16;2;0
11;2025-11-16;3;0
11;2025-11-16;4;3
11;2025-11-16;5;135
11;2025-11-16;6;489
11;2025-11-16;7;511
11;2025-11-16;8;638
11;2025-11-16;9;866
11;2025-11-16;10;950
11;2025-11-16;11;1364
11;2025-11-16;12;1527
11;2025-11-16;13;1469
11;2025-11-16;14;1529
11;2025-11-16;15;1602
11;2025-11-16;16;1511
11;2025-11-16;17;1528
11;2025-11-16;18;1281
11;2025-11-16;19;1112
11;2025-11-16;20;869
11;2025-11-16;21;654
11;2025-11-16;22;358
11;2025-11-16;23;249
11;2025-11-17;0;79
11;2025-11-17;1;3
11;2025-11-17;2;0
11;2025-11-17;3;0
11;2025-11-17;4;5
11;2025-11-17;5;317
11;2025-11-17;6;1407
11;2025-11-17;7;2467
11;2025-11-17;8;3262
11;2025-11-17;9;2492
11;2025-11-17;10;1883
11;2025-11-17;11;1911
11;2025-11-17;12;1792
11;2025-11-17;13;1975
11;2025-11-17;14;1970
11;2025-11-17;15;2074
11;2025-11-17;16;2344
11;2025-11-17;17;2918
11;2025-11-17;18;3240
11;2025-11-17;19;2468
11;2025-11-17;20;1577
11;2025-11-17;21;872
11;2025-11-17;22;438
11;2025-11-17;23;205
11;2025-11-18;0;65
11;2025-11-18;1;1
11;2025-11-18;2;0
11;2025-11-18;3;0
11;2025-11-18;4;0
11;2025-11-18;5;296
11;2025-11-18;6;1431
11;2025-11-18;7;2524
11;2025-11-18;8;3340
11;2025-11-18;9;2569
11;2025-11-18;10;1941
11;2025-11-18;11;1899
11;2025-11-18;12;1879
11;2025-11-18;13;2095
11;2025-11-18;14;2091
11;2025-11-18;15;2173
11;2025-11-18;16;2382
11;2025-11-18;17;2982
11;2025-11-18;18;3237
11;2025-11-18;19;2401
11;2025-11-18;20;1547
11;2025-11-18;21;916
11;2025-11-18;22;457
11;2025-11-18;23;212
11;2025-11-19;0;66
11;2025-11-19;1;1
11;2025-11-19;2;0
11;2025-11-19;3;0
11;2025-11-19;4;3
11;2025-11-19;5;311
11;2025-11-19;6;1356
11;2025-11-19;7;2541
11;2025-11-19;8;3347
11;2025-11-19;9;2500
11;2025-11-19;10;1932
11;2025-11-19;11;1964
11;2025-11-19;12;1994
11;2025-11-19;13;2125
11;2025-11-19;14;2074
11;2025-11-19;15;2128
11;2025-11-19;16;2265
11;2025-11-19;17;2942
11;2025-11-19;18;3216
11;2025-11-19;19;2488
11;2025-11-19;20;1640
11;2025-11-19;21;965
11;2025-11-19;22;440
11;2025-11-19;23;249
11;2025-11-20;0;69
11;2025-11-20;1;3
11;2025-11-20;2;0
11;2025-11-20;3;0
11;2025-11-20;4;4
11;2025-11-20;5;322
11;2025-11-20;6;1391
11;2025-11-20;7;2503
11;2025-11-20;8;3305
11;2025-11-20;9;2626
11;2025-11-20;10;2075
11;2025-11-20;11;1939
11;2025-11-20;12;2024
11;2025-11-20;13;2130
11;2025-11-20;14;2038
11;2025-11-20;15;2195
11;2025-11-20;16;2498
11;2025-11-20;17;2956
11;2025-11-20;18;3306
11;2025-11-20;19;2435
11;2025-11-20;20;1580
11;2025-11-20;21;996
11;2025-11-20;22;477
11;2025-11-20;23;243
11;2025-11-21;0;79
11;2025-11-21;1;3
11;2025-11-21;2;0
11;2025-11-21;3;0
11;2025-11-21;4;6
11;2025-11-21;5;309
11;2025-11-21;6;1395
11;2025-11-21;7;2405
11;2025-11-21;8;3243
11;2025-11-21;9;2473
11;2025-11-21;10;2018
11;2025-11-21;11;1992
11;2025-11-21;12;2000
11;2025-11-21;13;2071
11;2025-11-21;14;2178
11;2025-11-21;15;2401
11;2025-11-21;16;2655
11;2025-11-21;17;3114
11;2025-11-21;18;2702
11;2025-11-21;19;2193
11;2025-11-21;20;1503
11;2025-11-21;21;925
11;2025-11-21;22;499
11;2025-11-21;23;300
11;2025-11-22;0;101
11;2025-11-22;1;2
11;2025-11-22;2;0
11;2025-11-22;3;0
11;2025-11-22;4;3
11;2025-11-22;5;193
11;2025-11-22;6;804
11;2025-11-22;7;718
11;2025-11-22;8;1028
11;2025-11-22;9;1157
11;2025-11-22;10;1301
11;2025-11-22;11;1670
11;2025-11-22;12;1897
11;2025-11-22;13;1810
11;2025-11-22;14;1885
11;2025-11-22;15;1794
11;2025-11-22;16;1829
11;2025-11-22;17;1863
11;2025-11-22;18;1661
11;2025-11-22;19;1492
11;2025-11-22;20;1145
11;2025-11-22;21;789
11;2025-11-22;22;440
11;2025-11-22;23;301
11;2025-11-23;0;97
11;2025-11-23;1;10
11;2025-11-23;2;0
11;2025-11-23;3;0
11;2025-11-23;4;3
11;2025-11-23;5;135
11;2025-11-23;6;490
11;2025-11-23;7;513
11;2025-11-23;8;641
11;2025-11-23;9;870
11;2025-11-23;10;956
11;2025-11-23;11;1371
11;2025-11-23;12;1534
11;2025-11-23;13;1476
11;2025-11-23;14;1537
11;2025-11-23;15;1606
11;2025-11-23;16;1514
11;2025-11-23;17;1531
11;2025-11-23;18;1284
11;2025-11-23;19;1114
11;2025-11-23;20;871
11;2025-11-23;21;655
11;2025-11-23;22;359
11;2025-11-23;23;249
11;2025-11-24;0;79
11;2025-11-24;1;4
11;2025-11-24;2;0
11;2025-11-24;3;0
11;2025-11-24;4;3
11;2025-11-24;5;310
11;2025-11-24;6;1404
11;2025-11-24;7;2461
11;2025-11-24;8;3256
11;2025-11-24;9;2483
11;2025-11-24;10;1881
11;2025-11-24;11;1908
11;2025-11-24;12;1792
11;2025-11-24;13;1978
11;2025-11-24;14;1970
11;2025-11-24;15;2073
11;2025-11-24;16;2349
11;2025-11-24;17;2923
11;2025-11-24;18;3240
11;2025-11-24;19;2468
11;2025-11-24;20;1577
11;2025-11-24;21;873
11;2025-11-24;22;438
11;2025-11-24;23;205
11;2025-11-25;0;66
11;2025-11-25;1;2
11;2025-11-25;2;0
11;2025-11-25;3;0
11;2025-11-25;4;3
11;2025-11-25;5;303
11;2025-11-25;6;1434
11;2025-11-25;7;2524
11;2025-11-25;8;3348
11;2025-11-25;9;2578
11;2025-11-25;10;1950
11;2025-11-25;11;1906
11;2025-11-25;12;1887
11;2025-11-25;13;2104
11;2025-11-25;14;2100
11;2025-11-25;15;2182
11;2025-11-25;16;2383
11;2025-11-25;17;2983
11;2025-11-25;18;3242
11;2025-11-25;19;2405
11;2025-11-25;20;1550
11;2025-11-25;21;917
11;2025-11-25;22;457
11;2025-11-25;23;213
11;2025-11-26;0;66
11;2025-11-26;1;1
11;2025-11-26;2;0
11;2025-11-26;3;0
11;2025-11-26;4;1
11;2025-11-26;5;306
11;2025-11-26;6;1354
11;2025-11-26;7;2533
11;2025-11-26;8;3338
11;2025-11-26;9;2491
11;2025-11-26;10;1923
11;2025-11-26;11;1955
11;2025-11-26;12;1986
11;2025-11-26;13;2120
11;2025-11-26;14;2069
11;2025-11-26;15;2123
11;2025-11-26;16;2256
11;2025-11-26;17;2933
11;2025-11-26;18;3209
11;2025-11-26;19;2481
11;2025-11-26;20;1636
11;2025-11-26;21;964
11;2025-11-26;22;439
11;2025-11-26;23;248
11;2025-11-27;0;68
11;2025-11-27;1;2
11;2025-11-27;2;0
11;2025-11-27;3;0
11;2025-11-27;4;2
11;2025-11-27;5;319
11;2025-11-27;6;1389
11;2025-11-27;7;2502
11;2025-11-27;8;3303
11;2025-11-27;9;2624
11;2025-11-27;10;2074
11;2025-11-27;11;1930
11;2025-11-27;12;2015
11;2025-11-27;13;2121
11;2025-11-27;14;2029
11;2025-11-27;15;2194
11;2025-11-27;16;2497
11;2025-11-27;17;2946
11;2025-11-27;18;3297
11;2025-11-27;19;2426
11;2025-11-27;20;1577
11;2025-11-27;21;994
11;2025-11-27;22;475
11;2025-11-27;23;242
11;2025-11-28;0;76
11;2025-11-28;1;0
11;2025-11-28;2;0
11;2025-11-28;3;0
11;2025-11-28;4;0
11;2025-11-28;5;304
11;2025-11-28;6;1398
11;2025-11-28;7;2410
11;2025-11-28;8;3242
11;2025-11-28;9;2472
11;2025-11-28;10;2018
11;2025-11-28;11;1992
11;2025-11-28;12;2005
11;2025-11-28;13;2071
11;2025-11-28;14;2177
11;2025-11-28;15;2401
11;2025-11-28;16;2654
11;2025-11-28;17;3114
11;2025-11-28;18;2702
11;2025-11-28;19;2192
11;2025-11-28;20;1503
11;2025-11-28;21;924
11;2025-11-28;22;499
11;2025-11-28;23;300
11;2025-11-29;0;101
11;2025-11-29;1;2
11;2025-11-29;2;0
11;2025-11-29;3;0
11;2025-11-29;4;4
11;2025-11-29;5;197
11;2025-11-29;6;809
11;2025-11-29;7;723
11;2025-11-29;8;1035
11;2025-11-29;9;1166
11;2025-11-29;10;1296
11;2025-11-29;11;1666
11;2025-11-29;12;1892
11;2025-11-29;13;1805
11;2025-11-29;14;1882
11;2025-11-29;15;1789
11;2025-11-29;16;1824
11;2025-11-29;17;1859
11;2025-11-29;18;1657
11;2025-11-29;19;1488
11;2025-11-29;20;1142
11;2025-11-29;21;796
11;2025-11-29;22;448
11;2025-11-29;23;309
11;2025-11-30;0;97
11;2025-11-30;1;11
11;2025-11-30;2;0
11;2025-11-30;3;0
11;2025-11-30;4;3
11;2025-11-30;5;136
11;2025-11-30;6;495
11;2025-11-30;7;516
11;2025-11-30;8;644
11;2025-11-30;9;874
11;2025-11-30;10;957
11;2025-11-30;11;1372
11;2025-11-30;12;1535
11;2025-11-30;13;1478
11;2025-11-30;14;1538
11;2025-11-30;15;1611
11;2025-11-30;16;1519
11;2025-11-30;17;1537
11;2025-11-30;18;1290
11;2025-11-30;19;1118
11;2025-11-30;20;875
11;2025-11-30;21;659
11;2025-11-30;22;364
11;2025-11-30;23;253
11;2025-12-01;0;78
11;2025-12-01;1;4
11;2025-12-01;2;0
11;2025-12-01;3;0
11;2025-12-01;4;2
11;2025-12-01;5;314
11;2025-12-01;6;1407
11;2025-12-01;7;2467
11;2025-12-01;8;3262
11;2025-12-01;9;2492
11;2025-12-01;10;1889
11;2025-12-01;11;1918
11;2025-12-01;12;1801
11;2025-12-01;13;1984
11;2025-12-01;14;1979
11;2025-12-01;15;2083
11;2025-12-01;16;2350
11;2025-12-01;17;2924
11;2025-12-01;18;3241
11;2025-12-01;19;2468
11;2025-12-01;20;1577
11;2025-12-01;21;874
11;2025-12-01;22;439
11;2025-12-01;23;206
11;2025-12-02;0;66
11;2025-12-02;1;3
11;2025-12-02;2;0
11;2025-12-02;3;0
11;2025-12-02;4;4
11;2025-12-02;5;303
11;2025-12-02;6;1434
11;2025-12-02;7;2524
11;2025-12-02;8;3348
11;2025-12-02;9;2578
11;2025-12-02;10;1950
11;2025-12-02;11;1906
11;2025-12-02;12;1886
11;2025-12-02;13;2104
11;2025-12-02;14;2099
11;2025-12-02;15;2182
11;2025-12-02;16;2383
11;2025-12-02;17;2983
11;2025-12-02;18;3243
11;2025-12-02;19;2405
11;2025-12-02;20;1550
11;2025-12-02;21;917
11;2025-12-02;22;457
11;2025-12-02;23;212
11;2025-12-03;0;66
11;2025-12-03;1;1
11;2025-12-03;2;0
11;2025-12-03;3;0
11;2025-12-03;4;3
11;2025-12-03;5;311
11;2025-12-03;6;1357
11;2025-12-03;7;2542
11;2025-12-03;8;3347
11;2025-12-03;9;2500
11;2025-12-03;10;1932
11;2025-12-03;11;1964
11;2025-12-03;12;1994
11;2025-12-03;13;2125
11;2025-12-03;14;2074
11;2025-12-03;15;2128
11;2025-12-03;16;2265
11;2025-12-03;17;2942
11;2025-12-03;18;3215
11;2025-12-03;19;2488
11;2025-12-03;20;1639
11;2025-12-03;21;965
11;2025-12-03;22;440
11;2025-12-03;23;248
11;2025-12-04;0;68
11;2025-12-04;1;2
11;2025-12-04;2;0
11;2025-12-04;3;0
11;2025-12-04;4;2
11;2025-12-04;5;320
11;2025-12-04;6;1390
11;2025-12-04;7;2502
11;2025-12-04;8;3304
11;2025-12-04;9;2625
11;2025-12-04;10;2075
11;2025-12-04;11;1938
11;2025-12-04;12;2024
11;2025-12-04;13;2129
11;2025-12-04;14;2038
11;2025-12-04;15;2195
11;2025-12-04;16;2498
11;2025-12-04;17;2955
11;2025-12-04;18;3305
11;2025-12-04;19;2434
11;2025-12-04;20;1579
11;2025-12-04;21;995
11;2025-12-04;22;476
11;2025-12-04;23;243
11;2025-12-05;0;78
11;2025-12-05;1;1
11;2025-12-05;2;0
11;2025-12-05;3;0
11;2025-12-05;4;3
11;2025-12-05;5;310
11;2025-12-05;6;1399
11;2025-12-05;7;2411
11;2025-12-05;8;3243
11;2025-12-05;9;2473
11;2025-12-05;10;2018
11;2025-12-05;11;1992
11;2025-12-05;12;2005
11;2025-12-05;13;2071
11;2025-12-05;14;2178
11;2025-12-05;15;2401
11;2025-12-05;16;2654
11;2025-12-05;17;3114
11;2025-12-05;18;2702
11;2025-12-05;19;2193
11;2025-12-05;20;1503
11;2025-12-05;21;925
11;2025-12-05;22;499
11;2025-12-05;23;300
11;2025-12-06;0;101
11;2025-12-06;1;2
11;2025-12-06;2;0
11;2025-12-06;3;0
11;2025-12-06;4;4
11;2025-12-06;5;198
11;2025-12-06;6;814
11;2025-12-06;7;727
11;2025-12-06;8;1039
11;2025-12-06;9;1170
11;2025-12-06;10;1301
11;2025-12-06;11;1671
11;2025-12-06;12;1897
11;2025-12-06;13;1811
11;2025-12-06;14;1886
11;2025-12-06;15;1795
11;2025-12-06;16;1829
11;2025-12-06;17;1863
11;2025-12-06;18;1661
11;2025-12-06;19;1492
11;2025-12-06;20;1146
11;2025-12-06;21;799
11;2025-12-06;22;450
11;2025-12-06;23;309
11;2025-12-07;0;100
11;2025-12-07;1;10
11;2025-12-07;2;0
11;2025-12-07;3;0
11;2025-12-07;4;3
11;2025-12-07;5;136
11;2025-12-07;6;496
11;2025-12-07;7;516
11;2025-12-07;8;644
11;2025-12-07;9;871
11;2025-12-07;10;954
11;2025-12-07;11;1369
11;2025-12-07;12;1531
11;2025-12-07;13;1476
11;2025-12-07;14;1537
11;2025-12-07;15;1609
11;2025-12-07;16;1515
11;2025-12-07;17;1532
11;2025-12-07;18;1285
11;2025-12-07;19;1115
11;2025-12-07;20;871
11;2025-12-07;21;657
11;2025-12-07;22;361
11;2025-12-07;23;251
11;2025-12-08;0;79
11;2025-12-08;1;4
11;2025-12-08;2;0
11;2025-12-08;3;0
11;2025-12-08;4;3
11;2025-12-08;5;316
11;2025-12-08;6;1407
11;2025-12-08;7;2467
11;2025-12-08;8;3262
11;2025-12-08;9;2492
11;2025-12-08;10;1889
11;2025-12-08;11;1917
11;2025-12-08;12;1801
11;2025-12-08;13;1984
11;2025-12-08;14;1979
11;2025-12-08;15;2083
11;2025-12-08;16;2350
11;2025-12-08;17;2923
11;2025-12-08;18;3240
11;2025-12-08;19;2468
11;2025-12-08;20;1577
11;2025-12-08;21;874
11;2025-12-08;22;439
11;2025-12-08;23;206
11;2025-12-09;0;66
11;2025-12-09;1;3
11;2025-12-09;2;0
11;2025-12-09;3;0
11;2025-12-09;4;3
11;2025-12-09;5;303
11;2025-12-09;6;1434
11;2025-12-09;7;2524
11;2025-12-09;8;3348
11;2025-12-09;9;2578
11;2025-12-09;10;1950
11;2025-12-09;11;1906
11;2025-12-09;12;1886
11;2025-12-09;13;2104
11;2025-12-09;14;2100
11;2025-12-09;15;2182
11;2025-12-09;16;2383
11;2025-12-09;17;2983
11;2025-12-09;18;3242
11;2025-12-09;19;2405
11;2025-12-09;20;1550
11;2025-12-09;21;917
11;2025-12-09;22;455
11;2025-12-09;23;210
11;2025-12-10;0;67
11;2025-12-10;1;1
11;2025-12-10;2;0
11;2025-12-10;3;1
11;2025-12-10;4;4
11;2025-12-10;5;308
11;2025-12-10;6;1352
11;2025-12-10;7;2532
11;2025-12-10;8;3340
11;2025-12-10;9;2494
11;2025-12-10;10;1926
11;2025-12-10;11;1958
11;2025-12-10;12;1995
11;2025-12-10;13;2126
11;2025-12-10;14;2075
11;2025-12-10;15;2129
11;2025-12-10;16;2265
11;2025-12-10;17;2942
11;2025-12-10;18;3216
11;2025-12-10;19;2488
11;2025-12-10;20;1640
11;2025-12-10;21;965
11;2025-12-10;22;440
11;2025-12-10;23;249
11;2025-12-11;0;68
11;2025-12-11;1;2
11;2025-12-11;2;0
11;2025-12-11;3;0
11;2025-12-11;4;2
11;2025-12-11;5;320
11;2025-12-11;6;1390
11;2025-12-11;7;2502
11;2025-12-11;8;3295
11;2025-12-11;9;2616
11;2025-12-11;10;2066
11;2025-12-11;11;1931
11;2025-12-11;12;2016
11;2025-12-11;13;2124
11;2025-12-11;14;2038
11;2025-12-11;15;2190
11;2025-12-11;16;2490
11;2025-12-11;17;2947
11;2025-12-11;18;3297
11;2025-12-11;19;2427
11;2025-12-11;20;1577
11;2025-12-11;21;994
11;2025-12-11;22;473
11;2025-12-11;23;242
11;2025-12-12;0;78
11;2025-12-12;1;1
11;2025-12-12;2;0
11;2025-12-12;3;0
11;2025-12-12;4;2
11;2025-12-12;5;309
11;2025-12-12;6;1395
11;2025-12-12;7;2410
11;2025-12-12;8;3237
11;2025-12-12;9;2472
11;2025-12-12;10;2012
11;2025-12-12;11;1991
11;2025-12-12;12;1996
11;2025-12-12;13;2061
11;2025-12-12;14;2168
11;2025-12-12;15;2392
11;2025-12-12;16;2645
11;2025-12-12;17;3105
11;2025-12-12;18;2703
11;2025-12-12;19;2193
11;2025-12-12;20;1504
11;2025-12-12;21;926
11;2025-12-12;22;496
11;2025-12-12;23;297
11;2025-12-13;0;100
11;2025-12-13;1;2
11;2025-12-13;2;0
11;2025-12-13;3;0
11;2025-12-13;4;4
11;2025-12-13;5;195
11;2025-12-13;6;805
11;2025-12-13;7;716
11;2025-12-13;8;1032
11;2025-12-13;9;1163
11;2025-12-13;10;1292
11;2025-12-13;11;1663
11;2025-12-13;12;1889
11;2025-12-13;13;1802
11;2025-12-13;14;1877
11;2025-12-13;15;1786
11;2025-12-13;16;1821
11;2025-12-13;17;1855
11;2025-12-13;18;1654
11;2025-12-13;19;1485
11;2025-12-13;20;1137
11;2025-12-13;21;790
11;2025-12-13;22;444
11;2025-12-13;23;301
11;2025-12-14;0;95
11;2025-12-14;1;9
11;2025-12-14;2;0
11;2025-12-14;3;0
11;2025-12-14;4;3
11;2025-12-14;5;135
11;2025-12-14;6;489
11;2025-12-14;7;511
11;2025-12-14;8;635
11;2025-12-14;9;866
11;2025-12-14;10;949
11;2025-12-14;11;1364
11;2025-12-14;12;1525
11;2025-12-14;13;1468
11;2025-12-14;14;1528
11;2025-12-14;15;1601
11;2025-12-14;16;1510
11;2025-12-14;17;1527
11;2025-12-14;18;1281
11;2025-12-14;19;1112
11;2025-12-14;20;869
11;2025-12-14;21;654
11;2025-12-14;22;358
11;2025-12-14;23;249
11;2025-12-15;0;80
11;2025-12-15;1;3
11;2025-12-15;2;0
11;2025-12-15;3;0
11;2025-12-15;4;5
11;2025-12-15;5;317
11;2025-12-15;6;1408
11;2025-12-15;7;2468
11;2025-12-15;8;3262
11;2025-12-15;9;2493
11;2025-12-15;10;1890
11;2025-12-15;11;1911
11;2025-12-15;12;1802
11;2025-12-15;13;1985
11;2025-12-15;14;1980
11;2025-12-15;15;2084
11;2025-12-15;16;2350
11;2025-12-15;17;2924
11;2025-12-15;18;3242
11;2025-12-15;19;2469
11;2025-12-15;20;1579
11;2025-12-15;21;875
11;2025-12-15;22;441
11;2025-12-15;23;207
11;2025-12-16;0;67
11;2025-12-16;1;4
11;2025-12-16;2;0
11;2025-12-16;3;0
11;2025-12-16;4;5
11;2025-12-16;5;304
11;2025-12-16;6;1435
11;2025-12-16;7;2525
11;2025-12-16;8;3348
11;2025-12-16;9;2579
11;2025-12-16;10;1943
11;2025-12-16;11;1897
11;2025-12-16;12;1877
11;2025-12-16;13;2094
11;2025-12-16;14;2094
11;2025-12-16;15;2182
11;2025-12-16;16;2382
11;2025-12-16;17;2982
11;2025-12-16;18;3242
11;2025-12-16;19;2405
11;2025-12-16;20;1550
11;2025-12-16;21;917
11;2025-12-16;22;457
11;2025-12-16;23;212
11;2025-12-17;0;66
11;2025-12-17;1;1
11;2025-12-17;2;0
11;2025-12-17;3;0
11;2025-12-17;4;2
11;2025-12-17;5;310
11;2025-12-17;6;1356
11;2025-12-17;7;2541
11;2025-12-17;8;3346
11;2025-12-17;9;2500
11;2025-12-17;10;1932
11;2025-12-17;11;1964
11;2025-12-17;12;1994
11;2025-12-17;13;2125
11;2025-12-17;14;2074
11;2025-12-17;15;2128
11;2025-12-17;16;2265
11;2025-12-17;17;2942
11;2025-12-17;18;3215
11;2025-12-17;19;2488
11;2025-12-17;20;1639
11;2025-12-17;21;965
11;2025-12-17;22;440
11;2025-12-17;23;249
11;2025-12-18;0;68
11;2025-12-18;1;2
11;2025-12-18;2;0
11;2025-12-18;3;0
11;2025-12-18;4;3
11;2025-12-18;5;321
11;2025-12-18;6;1390
11;2025-12-18;7;2503
11;2025-12-18;8;3305
11;2025-12-18;9;2625
11;2025-12-18;10;2075
11;2025-12-18;11;1938
11;2025-12-18;12;2024
11;2025-12-18;13;2130
11;2025-12-18;14;2039
11;2025-12-18;15;2195
11;2025-12-18;16;2498
11;2025-12-18;17;2956
11;2025-12-18;18;3305
11;2025-12-18;19;2434
11;2025-12-18;20;1579
11;2025-12-18;21;995
11;2025-12-18;22;476
11;2025-12-18;23;242
11;2025-12-19;0;78
11;2025-12-19;1;1
11;2025-12-19;2;0
11;2025-12-19;3;0
11;2025-12-19;4;3
11;2025-12-19;5;311
11;2025-12-19;6;1399
11;2025-12-19;7;2411
11;2025-12-19;8;3243
11;2025-12-19;9;2473
11;2025-12-19;10;2018
11;2025-12-19;11;1992
11;2025-12-19;12;2006
11;2025-12-19;13;2071
11;2025-12-19;14;2178
11;2025-12-19;15;2402
11;2025-12-19;16;2655
11;2025-12-19;17;3107
11;2025-12-19;18;2696
11;2025-12-19;19;2193
11;2025-12-19;20;1504
11;2025-12-19;21;926
11;2025-12-19;22;500
11;2025-12-19;23;301
11;2025-12-20;0;100
11;2025-12-20;1;2
11;2025-12-20;2;0
11;2025-12-20;3;0
11;2025-12-20;4;4
11;2025-12-20;5;197
11;2025-12-20;6;809
11;2025-12-20;7;723
11;2025-12-20;8;1035
11;2025-12-20;9;1165
11;2025-12-20;10;1296
11;2025-12-20;11;1666
11;2025-12-20;12;1892
11;2025-12-20;13;1805
11;2025-12-20;14;1880
11;2025-12-20;15;1789
11;2025-12-20;16;1824
11;2025-12-20;17;1858
11;2025-12-20;18;1656
11;2025-12-20;19;1488
11;2025-12-20;20;1141
11;2025-12-20;21;795
11;2025-12-20;22;446
11;2025-12-20;23;305
11;2025-12-21;0;97
11;2025-12-21;1;9
11;2025-12-21;2;0
11;2025-12-21;3;0
11;2025-12-21;4;3
11;2025-12-21;5;135
11;2025-12-21;6;486
11;2025-12-21;7;508
11;2025-12-21;8;641
11;2025-12-21;9;869
11;2025-12-21;10;953
11;2025-12-21;11;1367
11;2025-12-21;12;1531
11;2025-12-21;13;1472
11;2025-12-21;14;1533
11;2025-12-21;15;1606
11;2025-12-21;16;1514
11;2025-12-21;17;1531
11;2025-12-21;18;1285
11;2025-12-21;19;1114
11;2025-12-21;20;871
11;2025-12-21;21;657
11;2025-12-21;22;355
11;2025-12-21;23;252
11;2025-12-22;0;78
11;2025-12-22;1;5
11;2025-12-22;2;0
11;2025-12-22;3;0
11;2025-12-22;4;3
11;2025-12-22;5;315
11;2025-12-22;6;1406
11;2025-12-22;7;2466
11;2025-12-22;8;3261
11;2025-12-22;9;2486
11;2025-12-22;10;1881
11;2025-12-22;11;1912
11;2025-12-22;12;1796
11;2025-12-22;13;1984
11;2025-12-22;14;1979
11;2025-12-22;15;2077
11;2025-12-22;16;2350
11;2025-12-22;17;2924
11;2025-12-22;18;3233
11;2025-12-22;19;2468
11;2025-12-22;20;1578
11;2025-12-22;21;874
11;2025-12-22;22;436
11;2025-12-22;23;203
11;2025-12-23;0;67
11;2025-12-23;1;3
11;2025-12-23;2;0
11;2025-12-23;3;0
11;2025-12-23;4;4
11;2025-12-23;5;304
11;2025-12-23;6;1434
11;2025-12-23;7;2524
11;2025-12-23;8;3348
11;2025-12-23;9;2579
11;2025-12-23;10;1950
11;2025-12-23;11;1906
11;2025-12-23;12;1887
11;2025-12-23;13;2104
11;2025-12-23;14;2100
11;2025-12-23;15;2183
11;2025-12-23;16;2383
11;2025-12-23;17;2983
11;2025-12-23;18;3243
11;2025-12-23;19;2406
11;2025-12-23;20;1551
11;2025-12-23;21;918
11;2025-12-23;22;459
11;2025-12-23;23;214
11;2025-12-24;0;68
11;2025-12-24;1;2
11;2025-12-24;2;0
11;2025-12-24;3;0
11;2025-12-24;4;5
11;2025-12-24;5;313
11;2025-12-24;6;1358
11;2025-12-24;7;2542
11;2025-12-24;8;3348
11;2025-12-24;9;2501
11;2025-12-24;10;1933
11;2025-12-24;11;1965
11;2025-12-24;12;1988
11;2025-12-24;13;2118
11;2025-12-24;14;2075
11;2025-12-24;15;2122
11;2025-12-24;16;2266
11;2025-12-24;17;2943
11;2025-12-24;18;3209
11;2025-12-24;19;2488
11;2025-12-24;20;1640
11;2025-12-24;21;962
11;2025-12-24;22;437
11;2025-12-24;23;246
11;2025-12-25;0;70
11;2025-12-25;1;4
11;2025-12-25;2;1
11;2025-12-25;3;0
11;2025-12-25;4;4
11;2025-12-25;5;322
11;2025-12-25;6;1386
11;2025-12-25;7;2503
11;2025-12-25;8;3305
11;2025-12-25;9;2626
11;2025-12-25;10;2075
11;2025-12-25;11;1939
11;2025-12-25;12;2025
11;2025-12-25;13;2131
11;2025-12-25;14;2039
11;2025-12-25;15;2196
11;2025-12-25;16;2499
11;2025-12-25;17;2946
11;2025-12-25;18;3296
11;2025-12-25;19;2428
11;2025-12-25;20;1575
11;2025-12-25;21;992
11;2025-12-25;22;474
11;2025-12-25;23;241
11;2025-12-26;0;78
11;2025-12-26;1;2
11;2025-12-26;2;0
11;2025-12-26;3;0
11;2025-12-26;4;2
11;2025-12-26;5;308
11;2025-12-26;6;1395
11;2025-12-26;7;2401
11;2025-12-26;8;3234
11;2025-12-26;9;2463
11;2025-12-26;10;2008
11;2025-12-26;11;1982
11;2025-12-26;12;1996
11;2025-12-26;13;2065
11;2025-12-26;14;2172
11;2025-12-26;15;2395
11;2025-12-26;16;2649
11;2025-12-26;17;3105
11;2025-12-26;18;2694
11;2025-12-26;19;2185
11;2025-12-26;20;1500
11;2025-12-26;21;922
11;2025-12-26;22;497
11;2025-12-26;23;299
11;2025-12-27;0;100
11;2025-12-27;1;2
11;2025-12-27;2;0
11;2025-12-27;3;0
11;2025-12-27;4;4
11;2025-12-27;5;196
11;2025-12-27;6;808
11;2025-12-27;7;722
11;2025-12-27;8;1035
11;2025-12-27;9;1160
11;2025-12-27;10;1296
11;2025-12-27;11;1666
11;2025-12-27;12;1891
11;2025-12-27;13;1804
11;2025-12-27;14;1880
11;2025-12-27;15;1787
11;2025-12-27;16;1822
11;2025-12-27;17;1856
11;2025-12-27;18;1655
11;2025-12-27;19;1486
11;2025-12-27;20;1140
11;2025-12-27;21;791
11;2025-12-27;22;440
11;2025-12-27;23;301
11;2025-12-28;0;96
11;2025-12-28;1;9
11;2025-12-28;2;0
11;2025-12-28;3;0
11;2025-12-28;4;3
11;2025-12-28;5;133
11;2025-12-28;6;486
11;2025-12-28;7;506
11;2025-12-28;8;633
11;2025-12-28;9;861
11;2025-12-28;10;947
11;2025-12-28;11;1359
11;2025-12-28;12;1524
11;2025-12-28;13;1466
11;2025-12-28;14;1527
11;2025-12-28;15;1599
11;2025-12-28;16;1511
11;2025-12-28;17;1528
11;2025-12-28;18;1282
11;2025-12-28;19;1112
11;2025-12-28;20;867
11;2025-12-28;21;651
11;2025-12-28;22;355
11;2025-12-28;23;249
11;2025-12-29;0;80
11;2025-12-29;1;3
11;2025-12-29;2;0
11;2025-12-29;3;1
11;2025-12-29;4;5
11;2025-12-29;5;314
11;2025-12-29;6;1408
11;2025-12-29;7;2468
11;2025-12-29;8;3255
11;2025-12-29;9;2485
11;2025-12-29;10;1883
11;2025-12-29;11;1911
11;2025-12-29;12;1794
11;2025-12-29;13;1978
11;2025-12-29;14;1972
11;2025-12-29;15;2076
11;2025-12-29;16;2343
11;2025-12-29;17;2917
11;2025-12-29;18;3232
11;2025-12-29;19;2461
11;2025-12-29;20;1574
11;2025-12-29;21;870
11;2025-12-29;22;436
11;2025-12-29;23;204
11;2025-12-30;0;68
11;2025-12-30;1;4
11;2025-12-30;2;1
11;2025-12-30;3;1
11;2025-12-30;4;4
11;2025-12-30;5;300
11;2025-12-30;6;1430
11;2025-12-30;7;2517
11;2025-12-30;8;3338
11;2025-12-30;9;2568
11;2025-12-30;10;1940
11;2025-12-30;11;1897
11;2025-12-30;12;1877
11;2025-12-30;13;2094
11;2025-12-30;14;2093
11;2025-12-30;15;2175
11;2025-12-30;16;2376
11;2025-12-30;17;2973
11;2025-12-30;18;3236
11;2025-12-30;19;2398
11;2025-12-30;20;1545
11;2025-12-30;21;914
11;2025-12-30;22;454
11;2025-12-30;23;210
11;2025-12-31;0;91
11;2025-12-31;1;8
11;2025-12-31;2;3
11;2025-12-31;3;3
11;2025-12-31;4;8
11;2025-12-31;5;138
11;2025-12-31;6;473
11;2025-12-31;7;501
11;2025-12-31;8;619
11;2025-12-31;9;847
11;2025-12-31;10;930
11;2025-12-31;11;1344
11;2025-12-31;12;1508
11;2025-12-31;13;1446
11;2025-12-31;14;1506
11;2025-12-31;15;1579
11;2025-12-31;16;1493
11;2025-12-31;17;1509
11;2025-12-31;18;1263
11;2025-12-31;19;1107
11;2025-12-31;20;869
11;2025-12-31;21;655
11;2025-12-31;22;354
11;2025-12-31;23;247
12;2025-11-01;0;58
12;2025-11-01;1;2
12;2025-11-01;2;0
12;2025-11-01;3;0
12;2025-11-01;4;6
12;2025-11-01;5;325
12;2025-11-01;6;1457
12;2025-11-01;7;2834
12;2025-11-01;8;3724
12;2025-11-01;9;2492
12;2025-11-01;10;2039
12;2025-11-01;11;2144
12;2025-11-01;12;2164
12;2025-11-01;13;2149
12;2025-11-01;14;2222
12;2025-11-01;15;2551
12;2025-11-01;16;3266
12;2025-11-01;17;3165
12;2025-11-01;18;2769
12;2025-11-01;19;2411
12;2025-11-01;20;1586
12;2025-11-01;21;1035
12;2025-11-01;22;552
12;2025-11-01;23;312
12;2025-11-02;0;84
12;2025-11-02;1;7
12;2025-11-02;2;0
12;2025-11-02;3;0
12;2025-11-02;4;2
12;2025-11-02;5;149
12;2025-11-02;6;527
12;2025-11-02;7;638
12;2025-11-02;8;716
12;2025-11-02;9;931
12;2025-11-02;10;1091
12;2025-11-02;11;1262
12;2025-11-02;12;1305
12;2025-11-02;13;1556
12;2025-11-02;14;1450
12;2025-11-02;15;1330
12;2025-11-02;16;1415
12;2025-11-02;17;1404
12;2025-11-02;18;1253
12;2025-11-02;19;1033
12;2025-11-02;20;763
12;2025-11-02;21;600
12;2025-11-02;22;383
12;2025-11-02;23;207
12;2025-11-03;0;79
12;2025-11-03;1;6
12;2025-11-03;2;0
12;2025-11-03;3;0
12;2025-11-03;4;2
12;2025-11-03;5;141
12;2025-11-03;6;520
12;2025-11-03;7;628
12;2025-11-03;8;692
12;2025-11-03;9;906
12;2025-11-03;10;1066
12;2025-11-03;11;1234
12;2025-11-03;12;1277
12;2025-11-03;13;1536
12;2025-11-03;14;1422
12;2025-11-03;15;1301
12;2025-11-03;16;1388
12;2025-11-03;17;1378
12;2025-11-03;18;1229
12;2025-11-03;19;1024
12;2025-11-03;20;755
12;2025-11-03;21;592
12;2025-11-03;22;375
12;2025-11-03;23;199
12;2025-11-04;0;79
12;2025-11-04;1;6
12;2025-11-04;2;0
12;2025-11-04;3;0
12;2025-11-04;4;2
12;2025-11-04;5;141
12;2025-11-04;6;520
12;2025-11-04;7;628
12;2025-11-04;8;690
12;2025-11-04;9;904
12;2025-11-04;10;1064
12;2025-11-04;11;1233
12;2025-11-04;12;1276
12;2025-11-04;13;1535
12;2025-11-04;14;1424
12;2025-11-04;15;1304
12;2025-11-04;16;1388
12;2025-11-04;17;1378
12;2025-11-04;18;1230
12;2025-11-04;19;1024
12;2025-11-04;20;755
12;2025-11-04;21;592
12;2025-11-04;22;375
12;2025-11-04;23;199
12;2025-11-05;0;56
12;2025-11-05;1;2
12;2025-11-05;2;0
12;2025-11-05;3;0
12;2025-11-05;4;5
12;2025-11-05;5;345
12;2025-11-05;6;1533
12;2025-11-05;7;2827
12;2025-11-05;8;3689
12;2025-11-05;9;2715
12;2025-11-05;10;2176
12;2025-11-05;11;2168
12;2025-11-05;12;2183
12;2025-11-05;13;2165
12;2025-11-05;14;2145
12;2025-11-05;15;2400
12;2025-11-05;16;2874
12;2025-11-05;17;3190
12;2025-11-05;18;3329
12;2025-11-05;19;2632
12;2025-11-05;20;1575
12;2025-11-05;21;1019
12;2025-11-05;22;512
12;2025-11-05;23;265
12;2025-11-06;0;50
12;2025-11-06;1;2
12;2025-11-06;2;0
12;2025-11-06;3;0
12;2025-11-06;4;5
12;2025-11-06;5;332
12;2025-11-06;6;1430
12;2025-11-06;7;2888
12;2025-11-06;8;3795
12;2025-11-06;9;2576
12;2025-11-06;10;2148
12;2025-11-06;11;2199
12;2025-11-06;12;2225
12;2025-11-06;13;2153
12;2025-11-06;14;2156
12;2025-11-06;15;2409
12;2025-11-06;16;2883
12;2025-11-06;17;3272
12;2025-11-06;18;3413
12;2025-11-06;19;2706
12;2025-11-06;20;1679
12;2025-11-06;21;972
12;2025-11-06;22;507
12;2025-11-06;23;267
12;2025-11-07;0;56
12;2025-11-07;1;2
12;2025-11-07;2;0
12;2025-11-07;3;0
12;2025-11-07;4;5
12;2025-11-07;5;318
12;2025-11-07;6;1440
12;2025-11-07;7;2820
12;2025-11-07;8;3706
12;2025-11-07;9;2473
12;2025-11-07;10;2022
12;2025-11-07;11;2126
12;2025-11-07;12;2146
12;2025-11-07;13;2130
12;2025-11-07;14;2203
12;2025-11-07;15;2532
12;2025-11-07;16;3248
12;2025-11-07;17;3147
12;2025-11-07;18;2751
12;2025-11-07;19;2394
12;2025-11-07;20;1569
12;2025-11-07;21;1028
12;2025-11-07;22;544
12;2025-11-07;23;304
12;2025-11-08;0;83
12;2025-11-08;1;4
12;2025-11-08;2;0
12;2025-11-08;3;0
12;2025-11-08;4;1
12;2025-11-08;5;227
12;2025-11-08;6;839
12;2025-11-08;7;913
12;2025-11-08;8;1011
12;2025-11-08;9;1201
12;2025-11-08;10;1445
12;2025-11-08;11;1484
12;2025-11-08;12;1491
12;2025-11-08;13;1741
12;2025-11-08;14;1662
12;2025-11-08;15;1527
12;2025-11-08;16;1599
12;2025-11-08;17;1554
12;2025-11-08;18;1472
12;2025-11-08;19;1422
12;2025-11-08;20;979
12;2025-11-08;21;699
12;2025-11-08;22;412
12;2025-11-08;23;293
12;2025-11-09;0;84
12;2025-11-09;1;7
12;2025-11-09;2;0
12;2025-11-09;3;0
12;2025-11-09;4;2
12;2025-11-09;5;147
12;2025-11-09;6;525
12;2025-11-09;7;639
12;2025-11-09;8;717
12;2025-11-09;9;931
12;2025-11-09;10;1092
12;2025-11-09;11;1262
12;2025-11-09;12;1305
12;2025-11-09;13;1558
12;2025-11-09;14;1450
12;2025-11-09;15;1330
12;2025-11-09;16;1415
12;2025-11-09;17;1404
12;2025-11-09;18;1253
12;2025-11-09;19;1032
12;2025-11-09;20;762
12;2025-11-09;21;599
12;2025-11-09;22;382
12;2025-11-09;23;205
12;2025-11-10;0;61
12;2025-11-10;1;2
12;2025-11-10;2;0
12;2025-11-10;3;0
12;2025-11-10;4;5
12;2025-11-10;5;333
12;2025-11-10;6;1428
12;2025-11-10;7;2808
12;2025-11-10;8;3635
12;2025-11-10;9;2541
12;2025-11-10;10;2023
12;2025-11-10;11;1915
12;2025-11-10;12;2069
12;2025-11-10;13;2052
12;2025-11-10;14;2013
12;2025-11-10;15;2284
12;2025-11-10;16;2763
12;2025-11-10;17;3088
12;2025-11-10;18;3327
12;2025-11-10;19;2524
12;2025-11-10;20;1603
12;2025-11-10;21;948
12;2025-11-10;22;453
12;2025-11-10;23;231
12;2025-11-11;0;51
12;2025-11-11;1;1
12;2025-11-11;2;0
12;2025-11-11;3;0
12;2025-11-11;4;5
12;2025-11-11;5;336
12;2025-11-11;6;1468
12;2025-11-11;7;2887
12;2025-11-11;8;3860
12;2025-11-11;9;2631
12;2025-11-11;10;2198
12;2025-11-11;11;2164
12;2025-11-11;12;2127
12;2025-11-11;13;2166
12;2025-11-11;14;2155
12;2025-11-11;15;2316
12;2025-11-11;16;2887
12;2025-11-11;17;3222
12;2025-11-11;18;3359
12;2025-11-11;19;2672
12;2025-11-11;20;1602
12;2025-11-11;21;956
12;2025-11-11;22;501
12;2025-11-11;23;240
12;2025-11-12;0;55
12;2025-11-12;1;2
12;2025-11-12;2;0
12;2025-11-12;3;0
12;2025-11-12;4;5
12;2025-11-12;5;345
12;2025-11-12;6;1533
12;2025-11-12;7;2827
12;2025-11-12;8;3689
12;2025-11-12;9;2715
12;2025-11-12;10;2176
12;2025-11-12;11;2168
12;2025-11-12;12;2182
12;2025-11-12;13;2164
12;2025-11-12;14;2145
12;2025-11-12;15;2400
12;2025-11-12;16;2874
12;2025-11-12;17;3190
12;2025-11-12;18;3329
12;2025-11-12;19;2632
12;2025-11-12;20;1575
12;2025-11-12;21;1019
12;2025-11-12;22;512
12;2025-11-12;23;265
12;2025-11-13;0;50
12;2025-11-13;1;3
12;2025-11-13;2;0
12;2025-11-13;3;0
12;2025-11-13;4;5
12;2025-11-13;5;332
12;2025-11-13;6;1430
12;2025-11-13;7;2888
12;2025-11-13;8;3795
12;2025-11-13;9;2576
12;2025-11-13;10;2148
12;2025-11-13;11;2199
12;2025-11-13;12;2225
12;2025-11-13;13;2153
12;2025-11-13;14;2156
12;2025-11-13;15;2407
12;2025-11-13;16;2883
12;2025-11-13;17;3272
12;2025-11-13;18;3412
12;2025-11-13;19;2706
12;2025-11-13;20;1679
12;2025-11-13;21;971
12;2025-11-13;22;507
12;2025-11-13;23;267
12;2025-11-14;0;56
12;2025-11-14;1;2
12;2025-11-14;2;0
12;2025-11-14;3;0
12;2025-11-14;4;5
12;2025-11-14;5;317
12;2025-11-14;6;1441
12;2025-11-14;7;2824
12;2025-11-14;8;3710
12;2025-11-14;9;2478
12;2025-11-14;10;2026
12;2025-11-14;11;2130
12;2025-11-14;12;2150
12;2025-11-14;13;2134
12;2025-11-14;14;2207
12;2025-11-14;15;2536
12;2025-11-14;16;3252
12;2025-11-14;17;3151
12;2025-11-14;18;2755
12;2025-11-14;19;2395
12;2025-11-14;20;1570
12;2025-11-14;21;1026
12;2025-11-14;22;543
12;2025-11-14;23;304
12;2025-11-15;0;81
12;2025-11-15;1;3
12;2025-11-15;2;0
12;2025-11-15;3;0
12;2025-11-15;4;1
12;2025-11-15;5;225
12;2025-11-15;6;837
12;2025-11-15;7;912
12;2025-11-15;8;1009
12;2025-11-15;9;1199
12;2025-11-15;10;1443
12;2025-11-15;11;1482
12;2025-11-15;12;1491
12;2025-11-15;13;1740
12;2025-11-15;14;1662
12;2025-11-15;15;1528
12;2025-11-15;16;1598
12;2025-11-15;17;1553
12;2025-11-15;18;1471
12;2025-11-15;19;1422
12;2025-11-15;20;979
12;2025-11-15;21;698
12;2025-11-15;22;412
12;2025-11-15;23;293
12;2025-11-16;0;83
12;2025-11-16;1;7
12;2025-11-16;2;0
12;2025-11-16;3;0
12;2025-11-16;4;2
12;2025-11-16;5;147
12;2025-11-16;6;525
12;2025-11-16;7;638
12;2025-11-16;8;716
12;2025-11-16;9;930
12;2025-11-16;10;1091
12;2025-11-16;11;1261
12;2025-11-16;12;1304
12;2025-11-16;13;1557
12;2025-11-16;14;1449
12;2025-11-16;15;1329
12;2025-11-16;16;1414
12;2025-11-16;17;1403
12;2025-11-16;18;1252
12;2025-11-16;19;1032
12;2025-11-16;20;762
12;2025-11-16;21;599
12;2025-11-16;22;382
12;2025-11-16;23;205
12;2025-11-17;0;61
12;2025-11-17;1;2
12;2025-11-17;2;0
12;2025-11-17;3;0
12;2025-11-17;4;5
12;2025-11-17;5;333
12;2025-11-17;6;1428
12;2025-11-17;7;2808
12;2025-11-17;8;3638
12;2025-11-17;9;2544
12;2025-11-17;10;2026
12;2025-11-17;11;1919
12;2025-11-17;12;2072
12;2025-11-17;13;2054
12;2025-11-17;14;2016
12;2025-11-17;15;2286
12;2025-11-17;16;2763
12;2025-11-17;17;3088
12;2025-11-17;18;3327
12;2025-11-17;19;2524
12;2025-11-17;20;1603
12;2025-11-17;21;947
12;2025-11-17;22;453
12;2025-11-17;23;231
12;2025-11-18;0;51
12;2025-11-18;1;1
12;2025-11-18;2;0
12;2025-11-18;3;0
12;2025-11-18;4;4
12;2025-11-18;5;335
12;2025-11-18;6;1469
12;2025-11-18;7;2891
12;2025-11-18;8;3863
12;2025-11-18;9;2633
12;2025-11-18;10;2201
12;2025-11-18;11;2167
12;2025-11-18;12;2130
12;2025-11-18;13;2169
12;2025-11-18;14;2157
12;2025-11-18;15;2319
12;2025-11-18;16;2891
12;2025-11-18;17;3226
12;2025-11-18;18;3363
12;2025-11-18;19;2673
12;2025-11-18;20;1602
12;2025-11-18;21;954
12;2025-11-18;22;500
12;2025-11-18;23;239
12;2025-11-19;0;55
12;2025-11-19;1;2
12;2025-11-19;2;0
12;2025-11-19;3;0
12;2025-11-19;4;5
12;2025-11-19;5;345
12;2025-11-19;6;1533
12;2025-11-19;7;2827
12;2025-11-19;8;3689
12;2025-11-19;9;2715
12;2025-11-19;10;2177
12;2025-11-19;11;2169
12;2025-11-19;12;2183
12;2025-11-19;13;2165
12;2025-11-19;14;2145
12;2025-11-19;15;2400
12;2025-11-19;16;2874
12;2025-11-19;17;3190
12;2025-11-19;18;3329
12;2025-11-19;19;2632
12;2025-11-19;20;1575
12;2025-11-19;21;1019
12;2025-11-19;22;511
12;2025-11-19;23;265
12;2025-11-20;0;50
12;2025-11-20;1;3
12;2025-11-20;2;0
12;2025-11-20;3;0
12;2025-11-20;4;5
12;2025-11-20;5;332
12;2025-11-20;6;1430
12;2025-11-20;7;2888
12;2025-11-20;8;3795
12;2025-11-20;9;2576
12;2025-11-20;10;2148
12;2025-11-20;11;2199
12;2025-11-20;12;2225
12;2025-11-20;13;2153
12;2025-11-20;14;2156
12;2025-11-20;15;2407
12;2025-11-20;16;2883
12;2025-11-20;17;3272
12;2025-11-20;18;3412
12;2025-11-20;19;2706
12;2025-11-20;20;1679
12;2025-11-20;21;972
12;2025-11-20;22;507
12;2025-11-20;23;267
12;2025-11-21;0;56
12;2025-11-21;1;2
12;2025-11-21;2;0
12;2025-11-21;3;0
12;2025-11-21;4;4
12;2025-11-21;5;317
12;2025-11-21;6;1441
12;2025-11-21;7;2820
12;2025-11-21;8;3707
12;2025-11-21;9;2474
12;2025-11-21;10;2022
12;2025-11-21;11;2126
12;2025-11-21;12;2146
12;2025-11-21;13;2131
12;2025-11-21;14;2204
12;2025-11-21;15;2533
12;2025-11-21;16;3248
12;2025-11-21;17;3147
12;2025-11-21;18;2751
12;2025-11-21;19;2394
12;2025-11-21;20;1569
12;2025-11-21;21;1026
12;2025-11-21;22;543
12;2025-11-21;23;304
12;2025-11-22;0;83
12;2025-11-22;1;4
12;2025-11-22;2;0
12;2025-11-22;3;0
12;2025-11-22;4;1
12;2025-11-22;5;225
12;2025-11-22;6;837
12;2025-11-22;7;913
12;2025-11-22;8;1009
12;2025-11-22;9;1199
12;2025-11-22;10;1445
12;2025-11-22;11;1485
12;2025-11-22;12;1493
12;2025-11-22;13;1741
12;2025-11-22;14;1662
12;2025-11-22;15;1528
12;2025-11-22;16;1598
12;2025-11-22;17;1553
12;2025-11-22;18;1472
12;2025-11-22;19;1422
12;2025-11-22;20;979
12;2025-11-22;21;696
12;2025-11-22;22;410
12;2025-11-22;23;291
12;2025-11-23;0;83
12;2025-11-23;1;7
12;2025-11-23;2;0
12;2025-11-23;3;0
12;2025-11-23;4;2
12;2025-11-23;5;147
12;2025-11-23;6;525
12;2025-11-23;7;638
12;2025-11-23;8;716
12;2025-11-23;9;931
12;2025-11-23;10;1091
12;2025-11-23;11;1261
12;2025-11-23;12;1304
12;2025-11-23;13;1557
12;2025-11-23;14;1449
12;2025-11-23;15;1329
12;2025-11-23;16;1414
12;2025-11-23;17;1403
12;2025-11-23;18;1252
12;2025-11-23;19;1032
12;2025-11-23;20;762
12;2025-11-23;21;599
12;2025-11-23;22;382
12;2025-11-23;23;205
12;2025-11-24;0;60
12;2025-11-24;1;2
12;2025-11-24;2;0
12;2025-11-24;3;0
12;2025-11-24;4;4
12;2025-11-24;5;332
12;2025-11-24;6;1428
12;2025-11-24;7;2812
12;2025-11-24;8;3638
12;2025-11-24;9;2543
12;2025-11-24;10;2024
12;2025-11-24;11;1917
12;2025-11-24;12;2068
12;2025-11-24;13;2052
12;2025-11-24;14;2013
12;2025-11-24;15;2283
12;2025-11-24;16;2767
12;2025-11-24;17;3092
12;2025-11-24;18;3331
12;2025-11-24;19;2525
12;2025-11-24;20;1604
12;2025-11-24;21;947
12;2025-11-24;22;452
12;2025-11-24;23;230
12;2025-11-25;0;50
12;2025-11-25;1;1
12;2025-11-25;2;0
12;2025-11-25;3;0
12;2025-11-25;4;5
12;2025-11-25;5;336
12;2025-11-25;6;1468
12;2025-11-25;7;2887
12;2025-11-25;8;3860
12;2025-11-25;9;2631
12;2025-11-25;10;2198
12;2025-11-25;11;2164
12;2025-11-25;12;2127
12;2025-11-25;13;2166
12;2025-11-25;14;2155
12;2025-11-25;15;2316
12;2025-11-25;16;2887
12;2025-11-25;17;3222
12;2025-11-25;18;3359
12;2025-11-25;19;2672
12;2025-11-25;20;1601
12;2025-11-25;21;955
12;2025-11-25;22;501
12;2025-11-25;23;240
12;2025-11-26;0;55
12;2025-11-26;1;2
12;2025-11-26;2;0
12;2025-11-26;3;0
12;2025-11-26;4;5
12;2025-11-26;5;344
12;2025-11-26;6;1533
12;2025-11-26;7;2827
12;2025-11-26;8;3688
12;2025-11-26;9;2715
12;2025-11-26;10;2176
12;2025-11-26;11;2168
12;2025-11-26;12;2182
12;2025-11-26;13;2165
12;2025-11-26;14;2145
12;2025-11-26;15;2400
12;2025-11-26;16;2874
12;2025-11-26;17;3190
12;2025-11-26;18;3329
12;2025-11-26;19;2632
12;2025-11-26;20;1574
12;2025-11-26;21;1018
12;2025-11-26;22;511
12;2025-11-26;23;265
12;2025-11-27;0;50
12;2025-11-27;1;3
12;2025-11-27;2;0
12;2025-11-27;3;0
12;2025-11-27;4;5
12;2025-11-27;5;332
12;2025-11-27;6;1430
12;2025-11-27;7;2888
12;2025-11-27;8;3795
12;2025-11-27;9;2576
12;2025-11-27;10;2148
12;2025-11-27;11;2199
12;2025-11-27;12;2224
12;2025-11-27;13;2153
12;2025-11-27;14;2155
12;2025-11-27;15;2407
12;2025-11-27;16;2883
12;2025-11-27;17;3272
12;2025-11-27;18;3411
12;2025-11-27;19;2705
12;2025-11-27;20;1679
12;2025-11-27;21;971
12;2025-11-27;22;506
12;2025-11-27;23;266
12;2025-11-28;0;56
12;2025-11-28;1;2
12;2025-11-28;2;0
12;2025-11-28;3;0
12;2025-11-28;4;5
12;2025-11-28;5;317
12;2025-11-28;6;1440
12;2025-11-28;7;2820
12;2025-11-28;8;3706
12;2025-11-28;9;2474
12;2025-11-28;10;2022
12;2025-11-28;11;2126
12;2025-11-28;12;2146
12;2025-11-28;13;2131
12;2025-11-28;14;2203
12;2025-11-28;15;2533
12;2025-11-28;16;3248
12;2025-11-28;17;3147
12;2025-11-28;18;2751
12;2025-11-28;19;2394
12;2025-11-28;20;1569
12;2025-11-28;21;1026
12;2025-11-28;22;543
12;2025-11-28;23;304
12;2025-11-29;0;83
12;2025-11-29;1;4
12;2025-11-29;2;0
12;2025-11-29;3;0
12;2025-11-29;4;2
12;2025-11-29;5;226
12;2025-11-29;6;838
12;2025-11-29;7;913
12;2025-11-29;8;1010
12;2025-11-29;9;1201
12;2025-11-29;10;1445
12;2025-11-29;11;1485
12;2025-11-29;12;1493
12;2025-11-29;13;1741
12;2025-11-29;14;1662
12;2025-11-29;15;1528
12;2025-11-29;16;1598
12;2025-11-29;17;1553
12;2025-11-29;18;1472
12;2025-11-29;19;1422
12;2025-11-29;20;979
12;2025-11-29;21;698
12;2025-11-29;22;412
12;2025-11-29;23;293
12;2025-11-30;0;82
12;2025-11-30;1;7
12;2025-11-30;2;0
12;2025-11-30;3;0
12;2025-11-30;4;2
12;2025-11-30;5;147
12;2025-11-30;6;525
12;2025-11-30;7;638
12;2025-11-30;8;716
12;2025-11-30;9;931
12;2025-11-30;10;1091
12;2025-11-30;11;1261
12;2025-11-30;12;1304
12;2025-11-30;13;1557
12;2025-11-30;14;1449
12;2025-11-30;15;1329
12;2025-11-30;16;1414
12;2025-11-30;17;1403
12;2025-11-30;18;1252
12;2025-11-30;19;1032
12;2025-11-30;20;762
12;2025-11-30;21;599
12;2025-11-30;22;382
12;2025-11-30;23;205
12;2025-12-01;0;61
12;2025-12-01;1;2
12;2025-12-01;2;0
12;2025-12-01;3;0
12;2025-12-01;4;5
12;2025-12-01;5;333
12;2025-12-01;6;1428
12;2025-12-01;7;2808
12;2025-12-01;8;3635
12;2025-12-01;9;2541
12;2025-12-01;10;2023
12;2025-12-01;11;1915
12;2025-12-01;12;2069
12;2025-12-01;13;2052
12;2025-12-01;14;2013
12;2025-12-01;15;2284
12;2025-12-01;16;2763
12;2025-12-01;17;3088
12;2025-12-01;18;3327
12;2025-12-01;19;2524
12;2025-12-01;20;1603
12;2025-12-01;21;948
12;2025-12-01;22;453
12;2025-12-01;23;231
12;2025-12-02;0;51
12;2025-12-02;1;1
12;2025-12-02;2;0
12;2025-12-02;3;0
12;2025-12-02;4;5
12;2025-12-02;5;336
12;2025-12-02;6;1468
12;2025-12-02;7;2887
12;2025-12-02;8;3860
12;2025-12-02;9;2631
12;2025-12-02;10;2198
12;2025-12-02;11;2164
12;2025-12-02;12;2127
12;2025-12-02;13;2166
12;2025-12-02;14;2155
12;2025-12-02;15;2316
12;2025-12-02;16;2887
12;2025-12-02;17;3222
12;2025-12-02;18;3359
12;2025-12-02;19;2672
12;2025-12-02;20;1602
12;2025-12-02;21;956
12;2025-12-02;22;501
12;2025-12-02;23;240
12;2025-12-03;0;55
12;2025-12-03;1;2
12;2025-12-03;2;0
12;2025-12-03;3;0
12;2025-12-03;4;5
12;2025-12-03;5;345
12;2025-12-03;6;1533
12;2025-12-03;7;2827
12;2025-12-03;8;3689
12;2025-12-03;9;2715
12;2025-12-03;10;2176
12;2025-12-03;11;2168
12;2025-12-03;12;2183
12;2025-12-03;13;2165
12;2025-12-03;14;2145
12;2025-12-03;15;2400
12;2025-12-03;16;2874
12;2025-12-03;17;3190
12;2025-12-03;18;3329
12;2025-12-03;19;2632
12;2025-12-03;20;1575
12;2025-12-03;21;1019
12;2025-12-03;22;511
12;2025-12-03;23;265
12;2025-12-04;0;50
12;2025-12-04;1;3
12;2025-12-04;2;0
12;2025-12-04;3;0
12;2025-12-04;4;5
12;2025-12-04;5;332
12;2025-12-04;6;1430
12;2025-12-04;7;2888
12;2025-12-04;8;3795
12;2025-12-04;9;2576
12;2025-12-04;10;2148
12;2025-12-04;11;2199
12;2025-12-04;12;2225
12;2025-12-04;13;2153
12;2025-12-04;14;2156
12;2025-12-04;15;2407
12;2025-12-04;16;2883
12;2025-12-04;17;3272
12;2025-12-04;18;3412
12;2025-12-04;19;2706
12;2025-12-04;20;1679
12;2025-12-04;21;972
12;2025-12-04;22;507
12;2025-12-04;23;267
12;2025-12-05;0;56
12;2025-12-05;1;2
12;2025-12-05;2;0
12;2025-12-05;3;0
12;2025-12-05;4;5
12;2025-12-05;5;318
12;2025-12-05;6;1440
12;2025-12-05;7;2820
12;2025-12-05;8;3707
12;2025-12-05;9;2474
12;2025-12-05;10;2022
12;2025-12-05;11;2126
12;2025-12-05;12;2146
12;2025-12-05;13;2131
12;2025-12-05;14;2204
12;2025-12-05;15;2533
12;2025-12-05;16;3248
12;2025-12-05;17;3147
12;2025-12-05;18;2751
12;2025-12-05;19;2394
12;2025-12-05;20;1569
12;2025-12-05;21;1026
12;2025-12-05;22;543
12;2025-12-05;23;304
12;2025-12-06;0;83
12;2025-12-06;1;4
12;2025-12-06;2;0
12;2025-12-06;3;0
12;2025-12-06;4;2
12;2025-12-06;5;226
12;2025-12-06;6;838
12;2025-12-06;7;913
12;2025-12-06;8;1011
12;2025-12-06;9;1201
12;2025-12-06;10;1445
12;2025-12-06;11;1485
12;2025-12-06;12;1493
12;2025-12-06;13;1741
12;2025-12-06;14;1662
12;2025-12-06;15;1528
12;2025-12-06;16;1598
12;2025-12-06;17;1553
12;2025-12-06;18;1472
12;2025-12-06;19;1422
12;2025-12-06;20;979
12;2025-12-06;21;698
12;2025-12-06;22;412
12;2025-12-06;23;293
12;2025-12-07;0;83
12;2025-12-07;1;7
12;2025-12-07;2;0
12;2025-12-07;3;0
12;2025-12-07;4;2
12;2025-12-07;5;147
12;2025-12-07;6;525
12;2025-12-07;7;638
12;2025-12-07;8;716
12;2025-12-07;9;931
12;2025-12-07;10;1091
12;2025-12-07;11;1261
12;2025-12-07;12;1304
12;2025-12-07;13;1557
12;2025-12-07;14;1449
12;2025-12-07;15;1329
12;2025-12-07;16;1414
12;2025-12-07;17;1403
12;2025-12-07;18;1252
12;2025-12-07;19;1032
12;2025-12-07;20;762
12;2025-12-07;21;599
12;2025-12-07;22;382
12;2025-12-07;23;205
12;2025-12-08;0;61
12;2025-12-08;1;2
12;2025-12-08;2;0
12;2025-12-08;3;0
12;2025-12-08;4;5
12;2025-12-08;5;333
12;2025-12-08;6;1428
12;2025-12-08;7;2808
12;2025-12-08;8;3635
12;2025-12-08;9;2541
12;2025-12-08;10;2023
12;2025-12-08;11;1915
12;2025-12-08;12;2069
12;2025-12-08;13;2052
12;2025-12-08;14;2013
12;2025-12-08;15;2284
12;2025-12-08;16;2763
12;2025-12-08;17;3088
12;2025-12-08;18;3327
12;2025-12-08;19;2524
12;2025-12-08;20;1603
12;2025-12-08;21;948
12;2025-12-08;22;453
12;2025-12-08;23;231
12;2025-12-09;0;51
12;2025-12-09;1;1
12;2025-12-09;2;0
12;2025-12-09;3;0
12;2025-12-09;4;5
12;2025-12-09;5;336
12;2025-12-09;6;1468
12;2025-12-09;7;2890
12;2025-12-09;8;3861
12;2025-12-09;9;2633
12;2025-12-09;10;2198
12;2025-12-09;11;2168
12;2025-12-09;12;2131
12;2025-12-09;13;2170
12;2025-12-09;14;2158
12;2025-12-09;15;2316
12;2025-12-09;16;2887
12;2025-12-09;17;3226
12;2025-12-09;18;3362
12;2025-12-09;19;2672
12;2025-12-09;20;1602
12;2025-12-09;21;954
12;2025-12-09;22;500
12;2025-12-09;23;239
12;2025-12-10;0;55
12;2025-12-10;1;2
12;2025-12-10;2;0
12;2025-12-10;3;0
12;2025-12-10;4;5
12;2025-12-10;5;344
12;2025-12-10;6;1533
12;2025-12-10;7;2827
12;2025-12-10;8;3689
12;2025-12-10;9;2715
12;2025-12-10;10;2176
12;2025-12-10;11;2168
12;2025-12-10;12;2183
12;2025-12-10;13;2165
12;2025-12-10;14;2145
12;2025-12-10;15;2400
12;2025-12-10;16;2874
12;2025-12-10;17;3190
12;2025-12-10;18;3329
12;2025-12-10;19;2632
12;2025-12-10;20;1575
12;2025-12-10;21;1019
12;2025-12-10;22;511
12;2025-12-10;23;265
12;2025-12-11;0;50
12;2025-12-11;1;3
12;2025-12-11;2;0
12;2025-12-11;3;0
12;2025-12-11;4;5
12;2025-12-11;5;332
12;2025-12-11;6;1430
12;2025-12-11;7;2892
12;2025-12-11;8;3798
12;2025-12-11;9;2579
12;2025-12-11;10;2151
12;2025-12-11;11;2202
12;2025-12-11;12;2228
12;2025-12-11;13;2157
12;2025-12-11;14;2159
12;2025-12-11;15;2407
12;2025-12-11;16;2883
12;2025-12-11;17;3272
12;2025-12-11;18;3412
12;2025-12-11;19;2705
12;2025-12-11;20;1679
12;2025-12-11;21;971
12;2025-12-11;22;507
12;2025-12-11;23;267
12;2025-12-12;0;56
12;2025-12-12;1;2
12;2025-12-12;2;0
12;2025-12-12;3;0
12;2025-12-12;4;5
12;2025-12-12;5;318
12;2025-12-12;6;1441
12;2025-12-12;7;2821
12;2025-12-12;8;3706
12;2025-12-12;9;2474
12;2025-12-12;10;2022
12;2025-12-12;11;2126
12;2025-12-12;12;2145
12;2025-12-12;13;2130
12;2025-12-12;14;2203
12;2025-12-12;15;2532
12;2025-12-12;16;3251
12;2025-12-12;17;3151
12;2025-12-12;18;2755
12;2025-12-12;19;2395
12;2025-12-12;20;1570
12;2025-12-12;21;1025
12;2025-12-12;22;542
12;2025-12-12;23;303
12;2025-12-13;0;83
12;2025-12-13;1;4
12;2025-12-13;2;0
12;2025-12-13;3;0
12;2025-12-13;4;2
12;2025-12-13;5;224
12;2025-12-13;6;837
12;2025-12-13;7;911
12;2025-12-13;8;1009
12;2025-12-13;9;1199
12;2025-12-13;10;1443
12;2025-12-13;11;1482
12;2025-12-13;12;1490
12;2025-12-13;13;1739
12;2025-12-13;14;1660
12;2025-12-13;15;1525
12;2025-12-13;16;1595
12;2025-12-13;17;1550
12;2025-12-13;18;1469
12;2025-12-13;19;1420
12;2025-12-13;20;977
12;2025-12-13;21;695
12;2025-12-13;22;411
12;2025-12-13;23;291
12;2025-12-14;0;82
12;2025-12-14;1;6
12;2025-12-14;2;0
12;2025-12-14;3;0
12;2025-12-14;4;2
12;2025-12-14;5;147
12;2025-12-14;6;525
12;2025-12-14;7;638
12;2025-12-14;8;715
12;2025-12-14;9;930
12;2025-12-14;10;1091
12;2025-12-14;11;1261
12;2025-12-14;12;1302
12;2025-12-14;13;1554
12;2025-12-14;14;1448
12;2025-12-14;15;1327
12;2025-12-14;16;1414
12;2025-12-14;17;1403
12;2025-12-14;18;1252
12;2025-12-14;19;1032
12;2025-12-14;20;762
12;2025-12-14;21;599
12;2025-12-14;22;382
12;2025-12-14;23;205
12;2025-12-15;0;61
12;2025-12-15;1;2
12;2025-12-15;2;0
12;2025-12-15;3;0
12;2025-12-15;4;5
12;2025-12-15;5;333
12;2025-12-15;6;1428
12;2025-12-15;7;2808
12;2025-12-15;8;3634
12;2025-12-15;9;2540
12;2025-12-15;10;2022
12;2025-12-15;11;1915
12;2025-12-15;12;2068
12;2025-12-15;13;2051
12;2025-12-15;14;2013
12;2025-12-15;15;2283
12;2025-12-15;16;2763
12;2025-12-15;17;3088
12;2025-12-15;18;3327
12;2025-12-15;19;2524
12;2025-12-15;20;1602
12;2025-12-15;21;948
12;2025-12-15;22;453
12;2025-12-15;23;231
12;2025-12-16;0;51
12;2025-12-16;1;1
12;2025-12-16;2;0
12;2025-12-16;3;0
12;2025-12-16;4;5
12;2025-12-16;5;336
12;2025-12-16;6;1468
12;2025-12-16;7;2887
12;2025-12-16;8;3860
12;2025-12-16;9;2631
12;2025-12-16;10;2198
12;2025-12-16;11;2164
12;2025-12-16;12;2127
12;2025-12-16;13;2165
12;2025-12-16;14;2154
12;2025-12-16;15;2316
12;2025-12-16;16;2887
12;2025-12-16;17;3222
12;2025-12-16;18;3360
12;2025-12-16;19;2672
12;2025-12-16;20;1601
12;2025-12-16;21;955
12;2025-12-16;22;501
12;2025-12-16;23;240
12;2025-12-17;0;55
12;2025-12-17;1;2
12;2025-12-17;2;0
12;2025-12-17;3;0
12;2025-12-17;4;5
12;2025-12-17;5;345
12;2025-12-17;6;1533
12;2025-12-17;7;2827
12;2025-12-17;8;3689
12;2025-12-17;9;2715
12;2025-12-17;10;2176
12;2025-12-17;11;2168
12;2025-12-17;12;2183
12;2025-12-17;13;2165
12;2025-12-17;14;2145
12;2025-12-17;15;2400
12;2025-12-17;16;2874
12;2025-12-17;17;3190
12;2025-12-17;18;3329
12;2025-12-17;19;2632
12;2025-12-17;20;1575
12;2025-12-17;21;1019
12;2025-12-17;22;511
12;2025-12-17;23;265
12;2025-12-18;0;50
12;2025-12-18;1;3
12;2025-12-18;2;0
12;2025-12-18;3;0
12;2025-12-18;4;5
12;2025-12-18;5;332
12;2025-12-18;6;1430
12;2025-12-18;7;2888
12;2025-12-18;8;3795
12;2025-12-18;9;2576
12;2025-12-18;10;2149
12;2025-12-18;11;2203
12;2025-12-18;12;2226
12;2025-12-18;13;2153
12;2025-12-18;14;2156
12;2025-12-18;15;2407
12;2025-12-18;16;2883
12;2025-12-18;17;3272
12;2025-12-18;18;3412
12;2025-12-18;19;2706
12;2025-12-18;20;1679
12;2025-12-18;21;972
12;2025-12-18;22;507
12;2025-12-18;23;267
12;2025-12-19;0;56
12;2025-12-19;1;2
12;2025-12-19;2;0
12;2025-12-19;3;0
12;2025-12-19;4;5
12;2025-12-19;5;318
12;2025-12-19;6;1440
12;2025-12-19;7;2820
12;2025-12-19;8;3706
12;2025-12-19;9;2474
12;2025-12-19;10;2022
12;2025-12-19;11;2126
12;2025-12-19;12;2146
12;2025-12-19;13;2131
12;2025-12-19;14;2203
12;2025-12-19;15;2533
12;2025-12-19;16;3248
12;2025-12-19;17;3147
12;2025-12-19;18;2751
12;2025-12-19;19;2394
12;2025-12-19;20;1569
12;2025-12-19;21;1026
12;2025-12-19;22;543
12;2025-12-19;23;304
12;2025-12-20;0;83
12;2025-12-20;1;4
12;2025-12-20;2;0
12;2025-12-20;3;0
12;2025-12-20;4;2
12;2025-12-20;5;226
12;2025-12-20;6;838
12;2025-12-20;7;913
12;2025-12-20;8;1010
12;2025-12-20;9;1201
12;2025-12-20;10;1445
12;2025-12-20;11;1485
12;2025-12-20;12;1493
12;2025-12-20;13;1741
12;2025-12-20;14;1662
12;2025-12-20;15;1528
12;2025-12-20;16;1598
12;2025-12-20;17;1553
12;2025-12-20;18;1472
12;2025-12-20;19;1422
12;2025-12-20;20;979
12;2025-12-20;21;698
12;2025-12-20;22;412
12;2025-12-20;23;293
12;2025-12-21;0;83
12;2025-12-21;1;7
12;2025-12-21;2;0
12;2025-12-21;3;0
12;2025-12-21;4;2
12;2025-12-21;5;147
12;2025-12-21;6;524
12;2025-12-21;7;638
12;2025-12-21;8;716
12;2025-12-21;9;931
12;2025-12-21;10;1091
12;2025-12-21;11;1261
12;2025-12-21;12;1304
12;2025-12-21;13;1557
12;2025-12-21;14;1449
12;2025-12-21;15;1329
12;2025-12-21;16;1414
12;2025-12-21;17;1403
12;2025-12-21;18;1252
12;2025-12-21;19;1032
12;2025-12-21;20;762
12;2025-12-21;21;599
12;2025-12-21;22;381
12;2025-12-21;23;205
12;2025-12-22;0;61
12;2025-12-22;1;2
12;2025-12-22;2;0
12;2025-12-22;3;0
12;2025-12-22;4;5
12;2025-12-22;5;333
12;2025-12-22;6;1428
12;2025-12-22;7;2808
12;2025-12-22;8;3635
12;2025-12-22;9;2540
12;2025-12-22;10;2022
12;2025-12-22;11;1915
12;2025-12-22;12;2069
12;2025-12-22;13;2056
12;2025-12-22;14;2017
12;2025-12-22;15;2287
12;2025-12-22;16;2767
12;2025-12-22;17;3092
12;2025-12-22;18;3331
12;2025-12-22;19;2525
12;2025-12-22;20;1603
12;2025-12-22;21;947
12;2025-12-22;22;453
12;2025-12-22;23;230
12;2025-12-23;0;50
12;2025-12-23;1;1
12;2025-12-23;2;0
12;2025-12-23;3;0
12;2025-12-23;4;5
12;2025-12-23;5;335
12;2025-12-23;6;1469
12;2025-12-23;7;2891
12;2025-12-23;8;3864
12;2025-12-23;9;2634
12;2025-12-23;10;2202
12;2025-12-23;11;2168
12;2025-12-23;12;2131
12;2025-12-23;13;2170
12;2025-12-23;14;2157
12;2025-12-23;15;2316
12;2025-12-23;16;2887
12;2025-12-23;17;3222
12;2025-12-23;18;3359
12;2025-12-23;19;2671
12;2025-12-23;20;1601
12;2025-12-23;21;955
12;2025-12-23;22;501
12;2025-12-23;23;240
12;2025-12-24;0;55
12;2025-12-24;1;2
12;2025-12-24;2;0
12;2025-12-24;3;0
12;2025-12-24;4;5
12;2025-12-24;5;345
12;2025-12-24;6;1533
12;2025-12-24;7;2827
12;2025-12-24;8;3689
12;2025-12-24;9;2715
12;2025-12-24;10;2176
12;2025-12-24;11;2168
12;2025-12-24;12;2183
12;2025-12-24;13;2169
12;2025-12-24;14;2149
12;2025-12-24;15;2403
12;2025-12-24;16;2876
12;2025-12-24;17;3190
12;2025-12-24;18;3329
12;2025-12-24;19;2632
12;2025-12-24;20;1575
12;2025-12-24;21;1019
12;2025-12-24;22;511
12;2025-12-24;23;265
12;2025-12-25;0;50
12;2025-12-25;1;3
12;2025-12-25;2;0
12;2025-12-25;3;0
12;2025-12-25;4;5
12;2025-12-25;5;332
12;2025-12-25;6;1430
12;2025-12-25;7;2888
12;2025-12-25;8;3795
12;2025-12-25;9;2576
12;2025-12-25;10;2148
12;2025-12-25;11;2199
12;2025-12-25;12;2225
12;2025-12-25;13;2153
12;2025-12-25;14;2156
12;2025-12-25;15;2409
12;2025-12-25;16;2884
12;2025-12-25;17;3275
12;2025-12-25;18;3415
12;2025-12-25;19;2707
12;2025-12-25;20;1680
12;2025-12-25;21;969
12;2025-12-25;22;505
12;2025-12-25;23;265
12;2025-12-26;0;55
12;2025-12-26;1;2
12;2025-12-26;2;0
12;2025-12-26;3;0
12;2025-12-26;4;4
12;2025-12-26;5;317
12;2025-12-26;6;1441
12;2025-12-26;7;2824
12;2025-12-26;8;3710
12;2025-12-26;9;2477
12;2025-12-26;10;2025
12;2025-12-26;11;2129
12;2025-12-26;12;2149
12;2025-12-26;13;2134
12;2025-12-26;14;2207
12;2025-12-26;15;2536
12;2025-12-26;16;3252
12;2025-12-26;17;3150
12;2025-12-26;18;2754
12;2025-12-26;19;2395
12;2025-12-26;20;1570
12;2025-12-26;21;1024
12;2025-12-26;22;542
12;2025-12-26;23;303
12;2025-12-27;0;83
12;2025-12-27;1;4
12;2025-12-27;2;0
12;2025-12-27;3;0
12;2025-12-27;4;2
12;2025-12-27;5;225
12;2025-12-27;6;837
12;2025-12-27;7;911
12;2025-12-27;8;1010
12;2025-12-27;9;1200
12;2025-12-27;10;1445
12;2025-12-27;11;1485
12;2025-12-27;12;1493
12;2025-12-27;13;1741
12;2025-12-27;14;1662
12;2025-12-27;15;1528
12;2025-12-27;16;1598
12;2025-12-27;17;1553
12;2025-12-27;18;1471
12;2025-12-27;19;1422
12;2025-12-27;20;979
12;2025-12-27;21;697
12;2025-12-27;22;410
12;2025-12-27;23;291
12;2025-12-28;0;83
12;2025-12-28;1;7
12;2025-12-28;2;0
12;2025-12-28;3;0
12;2025-12-28;4;2
12;2025-12-28;5;147
12;2025-12-28;6;524
12;2025-12-28;7;638
12;2025-12-28;8;715
12;2025-12-28;9;929
12;2025-12-28;10;1090
12;2025-12-28;11;1260
12;2025-12-28;12;1303
12;2025-12-28;13;1555
12;2025-12-28;14;1448
12;2025-12-28;15;1328
12;2025-12-28;16;1414
12;2025-12-28;17;1403
12;2025-12-28;18;1252
12;2025-12-28;19;1032
12;2025-12-28;20;761
12;2025-12-28;21;598
12;2025-12-28;22;381
12;2025-12-28;23;205
12;2025-12-29;0;61
12;2025-12-29;1;2
12;2025-12-29;2;0
12;2025-12-29;3;0
12;2025-12-29;4;5
12;2025-12-29;5;333
12;2025-12-29;6;1428
12;2025-12-29;7;2808
12;2025-12-29;8;3635
12;2025-12-29;9;2541
12;2025-12-29;10;2023
12;2025-12-29;11;1915
12;2025-12-29;12;2069
12;2025-12-29;13;2052
12;2025-12-29;14;2013
12;2025-12-29;15;2284
12;2025-12-29;16;2763
12;2025-12-29;17;3088
12;2025-12-29;18;3327
12;2025-12-29;19;2524
12;2025-12-29;20;1603
12;2025-12-29;21;948
12;2025-12-29;22;453
12;2025-12-29;23;231
12;2025-12-30;0;51
12;2025-12-30;1;1
12;2025-12-30;2;0
12;2025-12-30;3;0
12;2025-12-30;4;4
12;2025-12-30;5;336
12;2025-12-30;6;1468
12;2025-12-30;7;2887
12;2025-12-30;8;3860
12;2025-12-30;9;2630
12;2025-12-30;10;2198
12;2025-12-30;11;2164
12;2025-12-30;12;2127
12;2025-12-30;13;2166
12;2025-12-30;14;2154
12;2025-12-30;15;2316
12;2025-12-30;16;2887
12;2025-12-30;17;3222
12;2025-12-30;18;3359
12;2025-12-30;19;2671
12;2025-12-30;20;1601
12;2025-12-30;21;955
12;2025-12-30;22;501
12;2025-12-30;23;240
12;2025-12-31;0;78
12;2025-12-31;1;5
12;2025-12-31;2;0
12;2025-12-31;3;0
12;2025-12-31;4;1
12;2025-12-31;5;141
12;2025-12-31;6;520
12;2025-12-31;7;627
12;2025-12-31;8;691
12;2025-12-31;9;905
12;2025-12-31;10;1065
12;2025-12-31;11;1234
12;2025-12-31;12;1278
12;2025-12-31;13;1536
12;2025-12-31;14;1422
12;2025-12-31;15;1302
12;2025-12-31;16;1387
12;2025-12-31;17;1377
12;2025-12-31;18;1228
12;2025-12-31;19;1023
12;2025-12-31;20;754
12;2025-12-31;21;591
12;2025-12-31;22;374
12;2025-12-31;23;199
17;2025-11-01;0;124
17;2025-11-01;1;11
17;2025-11-01;2;0
17;2025-11-01;3;0
17;2025-11-01;4;23
17;2025-11-01;5;297
17;2025-11-01;6;1511
17;2025-11-01;7;4017
17;2025-11-01;8;5307
17;2025-11-01;9;3796
17;2025-11-01;10;3014
17;2025-11-01;11;2973
17;2025-11-01;12;3066
17;2025-11-01;13;3141
17;2025-11-01;14;3182
17;2025-11-01;15;3554
17;2025-11-01;16;4260
17;2025-11-01;17;4721
17;2025-11-01;18;4507
17;2025-11-01;19;3349
17;2025-11-01;20;2378
17;2025-11-01;21;1592
17;2025-11-01;22;887
17;2025-11-01;23;422
17;2025-11-02;0;161
17;2025-11-02;1;19
17;2025-11-02;2;0
17;2025-11-02;3;0
17;2025-11-02;4;4
17;2025-11-02;5;94
17;2025-11-02;6;421
17;2025-11-02;7;787
17;2025-11-02;8;1278
17;2025-11-02;9;1781
17;2025-11-02;10;2074
17;2025-11-02;11;2550
17;2025-11-02;12;2986
17;2025-11-02;13;3268
17;2025-11-02;14;3393
17;2025-11-02;15;3414
17;2025-11-02;16;3389
17;2025-11-02;17;3239
17;2025-11-02;18;2828
17;2025-11-02;19;2318
17;2025-11-02;20;1768
17;2025-11-02;21;1263
17;2025-11-02;22;800
17;2025-11-02;23;323
17;2025-11-03;0;158
17;2025-11-03;1;19
17;2025-11-03;2;0
17;2025-11-03;3;0
17;2025-11-03;4;4
17;2025-11-03;5;97
17;2025-11-03;6;422
17;2025-11-03;7;791
17;2025-11-03;8;1282
17;2025-11-03;9;1782
17;2025-11-03;10;2075
17;2025-11-03;11;2551
17;2025-11-03;12;2986
17;2025-11-03;13;3267
17;2025-11-03;14;3392
17;2025-11-03;15;3414
17;2025-11-03;16;3390
17;2025-11-03;17;3240
17;2025-11-03;18;2830
17;2025-11-03;19;2319
17;2025-11-03;20;1770
17;2025-11-03;21;1266
17;2025-11-03;22;804
17;2025-11-03;23;327
17;2025-11-04;0;171
17;2025-11-04;1;20
17;2025-11-04;2;0
17;2025-11-04;3;0
17;2025-11-04;4;4
17;2025-11-04;5;103
17;2025-11-04;6;425
17;2025-11-04;7;795
17;2025-11-04;8;1286
17;2025-11-04;9;1785
17;2025-11-04;10;2078
17;2025-11-04;11;2552
17;2025-11-04;12;2987
17;2025-11-04;13;3268
17;2025-11-04;14;3393
17;2025-11-04;15;3414
17;2025-11-04;16;3390
17;2025-11-04;17;3240
17;2025-11-04;18;2830
17;2025-11-04;19;2319
17;2025-11-04;20;1770
17;2025-11-04;21;1266
17;2025-11-04;22;804
17;2025-11-04;23;327
17;2025-11-05;0;113
17;2025-11-05;1;8
17;2025-11-05;2;0
17;2025-11-05;3;0
17;2025-11-05;4;25
17;2025-11-05;5;314
17;2025-11-05;6;1546
17;2025-11-05;7;4097
17;2025-11-05;8;5421
17;2025-11-05;9;3839
17;2025-11-05;10;3025
17;2025-11-05;11;3011
17;2025-11-05;12;2996
17;2025-11-05;13;3105
17;2025-11-05;14;3128
17;2025-11-05;15;3319
17;2025-11-05;16;3718
17;2025-11-05;17;4568
17;2025-11-05;18;5011
17;2025-11-05;19;3526
17;2025-11-05;20;2393
17;2025-11-05;21;1500
17;2025-11-05;22;802
17;2025-11-05;23;370
17;2025-11-06;0;115
17;2025-11-06;1;9
17;2025-11-06;2;0
17;2025-11-06;3;0
17;2025-11-06;4;25
17;2025-11-06;5;316
17;2025-11-06;6;1540
17;2025-11-06;7;4097
17;2025-11-06;8;5422
17;2025-11-06;9;3868
17;2025-11-06;10;3071
17;2025-11-06;11;2984
17;2025-11-06;12;3060
17;2025-11-06;13;3085
17;2025-11-06;14;3177
17;2025-11-06;15;3318
17;2025-11-06;16;3781
17;2025-11-06;17;4593
17;2025-11-06;18;5045
17;2025-11-06;19;3582
17;2025-11-06;20;2469
17;2025-11-06;21;1524
17;2025-11-06;22;840
17;2025-11-06;23;382
17;2025-11-07;0;135
17;2025-11-07;1;13
17;2025-11-07;2;0
17;2025-11-07;3;0
17;2025-11-07;4;25
17;2025-11-07;5;307
17;2025-11-07;6;1526
17;2025-11-07;7;4036
17;2025-11-07;8;5327
17;2025-11-07;9;3816
17;2025-11-07;10;3034
17;2025-11-07;11;2989
17;2025-11-07;12;3086
17;2025-11-07;13;3160
17;2025-11-07;14;3200
17;2025-11-07;15;3572
17;2025-11-07;16;4278
17;2025-11-07;17;4739
17;2025-11-07;18;4526
17;2025-11-07;19;3365
17;2025-11-07;20;2393
17;2025-11-07;21;1607
17;2025-11-07;22;901
17;2025-11-07;23;449
17;2025-11-08;0;203
17;2025-11-08;1;20
17;2025-11-08;2;0
17;2025-11-08;3;0
17;2025-11-08;4;5
17;2025-11-08;5;130
17;2025-11-08;6;578
17;2025-11-08;7;1267
17;2025-11-08;8;1893
17;2025-11-08;9;2413
17;2025-11-08;10;2619
17;2025-11-08;11;3141
17;2025-11-08;12;3493
17;2025-11-08;13;3737
17;2025-11-08;14;3749
17;2025-11-08;15;3776
17;2025-11-08;16;3746
17;2025-11-08;17;3481
17;2025-11-08;18;3314
17;2025-11-08;19;2698
17;2025-11-08;20;2037
17;2025-11-08;21;1503
17;2025-11-08;22;920
17;2025-11-08;23;442
17;2025-11-09;0;171
17;2025-11-09;1;21
17;2025-11-09;2;0
17;2025-11-09;3;0
17;2025-11-09;4;4
17;2025-11-09;5;103
17;2025-11-09;6;425
17;2025-11-09;7;794
17;2025-11-09;8;1285
17;2025-11-09;9;1784
17;2025-11-09;10;2076
17;2025-11-09;11;2551
17;2025-11-09;12;2984
17;2025-11-09;13;3265
17;2025-11-09;14;3391
17;2025-11-09;15;3412
17;2025-11-09;16;3387
17;2025-11-09;17;3237
17;2025-11-09;18;2826
17;2025-11-09;19;2314
17;2025-11-09;20;1764
17;2025-11-09;21;1260
17;2025-11-09;22;798
17;2025-11-09;23;321
17;2025-11-10;0;94
17;2025-11-10;1;11
17;2025-11-10;2;0
17;2025-11-10;3;0
17;2025-11-10;4;25
17;2025-11-10;5;300
17;2025-11-10;6;1500
17;2025-11-10;7;4034
17;2025-11-10;8;5433
17;2025-11-10;9;3742
17;2025-11-10;10;2859
17;2025-11-10;11;2845
17;2025-11-10;12;2858
17;2025-11-10;13;2914
17;2025-11-10;14;2969
17;2025-11-10;15;3177
17;2025-11-10;16;3649
17;2025-11-10;17;4489
17;2025-11-10;18;4949
17;2025-11-10;19;3552
17;2025-11-10;20;2352
17;2025-11-10;21;1376
17;2025-11-10;22;723
17;2025-11-10;23;314
17;2025-11-11;0;104
17;2025-11-11;1;8
17;2025-11-11;2;0
17;2025-11-11;3;0
17;2025-11-11;4;26
17;2025-11-11;5;313
17;2025-11-11;6;1552
17;2025-11-11;7;4157
17;2025-11-11;8;5550
17;2025-11-11;9;3908
17;2025-11-11;10;3025
17;2025-11-11;11;2893
17;2025-11-11;12;2999
17;2025-11-11;13;3038
17;2025-11-11;14;3153
17;2025-11-11;15;3254
17;2025-11-11;16;3635
17;2025-11-11;17;4581
17;2025-11-11;18;5058
17;2025-11-11;19;3562
17;2025-11-11;20;2421
17;2025-11-11;21;1421
17;2025-11-11;22;759
17;2025-11-11;23;340
17;2025-11-12;0;107
17;2025-11-12;1;8
17;2025-11-12;2;0
17;2025-11-12;3;0
17;2025-11-12;4;26
17;2025-11-12;5;313
17;2025-11-12;6;1546
17;2025-11-12;7;4093
17;2025-11-12;8;5417
17;2025-11-12;9;3838
17;2025-11-12;10;3022
17;2025-11-12;11;3001
17;2025-11-12;12;2986
17;2025-11-12;13;3097
17;2025-11-12;14;3120
17;2025-11-12;15;3310
17;2025-11-12;16;3710
17;2025-11-12;17;4558
17;2025-11-12;18;5002
17;2025-11-12;19;3518
17;2025-11-12;20;2388
17;2025-11-12;21;1498
17;2025-11-12;22;802
17;2025-11-12;23;369
17;2025-11-13;0;114
17;2025-11-13;1;9
17;2025-11-13;2;0
17;2025-11-13;3;0
17;2025-11-13;4;25
17;2025-11-13;5;314
17;2025-11-13;6;1538
17;2025-11-13;7;4092
17;2025-11-13;8;5417
17;2025-11-13;9;3864
17;2025-11-13;10;3064
17;2025-11-13;11;2977
17;2025-11-13;12;3053
17;2025-11-13;13;3078
17;2025-11-13;14;3172
17;2025-11-13;15;3314
17;2025-11-13;16;3776
17;2025-11-13;17;4588
17;2025-11-13;18;5039
17;2025-11-13;19;3576
17;2025-11-13;20;2462
17;2025-11-13;21;1517
17;2025-11-13;22;832
17;2025-11-13;23;374
17;2025-11-14;0;131
17;2025-11-14;1;13
17;2025-11-14;2;0
17;2025-11-14;3;0
17;2025-11-14;4;25
17;2025-11-14;5;303
17;2025-11-14;6;1519
17;2025-11-14;7;4029
17;2025-11-14;8;5319
17;2025-11-14;9;3809
17;2025-11-14;10;3028
17;2025-11-14;11;2983
17;2025-11-14;12;3081
17;2025-11-14;13;3157
17;2025-11-14;14;3198
17;2025-11-14;15;3571
17;2025-11-14;16;4276
17;2025-11-14;17;4737
17;2025-11-14;18;4523
17;2025-11-14;19;3362
17;2025-11-14;20;2391
17;2025-11-14;21;1600
17;2025-11-14;22;894
17;2025-11-14;23;441
17;2025-11-15;0;195
17;2025-11-15;1;18
17;2025-11-15;2;0
17;2025-11-15;3;0
17;2025-11-15;4;5
17;2025-11-15;5;116
17;2025-11-15;6;573
17;2025-11-15;7;1258
17;2025-11-15;8;1885
17;2025-11-15;9;2405
17;2025-11-15;10;2611
17;2025-11-15;11;3133
17;2025-11-15;12;3485
17;2025-11-15;13;3728
17;2025-11-15;14;3741
17;2025-11-15;15;3768
17;2025-11-15;16;3738
17;2025-11-15;17;3473
17;2025-11-15;18;3307
17;2025-11-15;19;2692
17;2025-11-15;20;2031
17;2025-11-15;21;1497
17;2025-11-15;22;915
17;2025-11-15;23;436
17;2025-11-16;0;156
17;2025-11-16;1;18
17;2025-11-16;2;0
17;2025-11-16;3;0
17;2025-11-16;4;4
17;2025-11-16;5;93
17;2025-11-16;6;420
17;2025-11-16;7;787
17;2025-11-16;8;1277
17;2025-11-16;9;1776
17;2025-11-16;10;2069
17;2025-11-16;11;2544
17;2025-11-16;12;2979
17;2025-11-16;13;3259
17;2025-11-16;14;3385
17;2025-11-16;15;3406
17;2025-11-16;16;3381
17;2025-11-16;17;3232
17;2025-11-16;18;2823
17;2025-11-16;19;2313
17;2025-11-16;20;1764
17;2025-11-16;21;1260
17;2025-11-16;22;798
17;2025-11-16;23;321
17;2025-11-17;0;94
17;2025-11-17;1;11
17;2025-11-17;2;0
17;2025-11-17;3;0
17;2025-11-17;4;25
17;2025-11-17;5;300
17;2025-11-17;6;1500
17;2025-11-17;7;4034
17;2025-11-17;8;5433
17;2025-11-17;9;3742
17;2025-11-17;10;2859
17;2025-11-17;11;2845
17;2025-11-17;12;2858
17;2025-11-17;13;2914
17;2025-11-17;14;2969
17;2025-11-17;15;3177
17;2025-11-17;16;3649
17;2025-11-17;17;4489
17;2025-11-17;18;4949
17;2025-11-17;19;3552
17;2025-11-17;20;2352
17;2025-11-17;21;1376
17;2025-11-17;22;723
17;2025-11-17;23;314
17;2025-11-18;0;104
17;2025-11-18;1;8
17;2025-11-18;2;0
17;2025-11-18;3;0
17;2025-11-18;4;26
17;2025-11-18;5;314
17;2025-11-18;6;1557
17;2025-11-18;7;4167
17;2025-11-18;8;5561
17;2025-11-18;9;3918
17;2025-11-18;10;3035
17;2025-11-18;11;2901
17;2025-11-18;12;3007
17;2025-11-18;13;3045
17;2025-11-18;14;3160
17;2025-11-18;15;3259
17;2025-11-18;16;3636
17;2025-11-18;17;4578
17;2025-11-18;18;5057
17;2025-11-18;19;3562
17;2025-11-18;20;2421
17;2025-11-18;21;1421
17;2025-11-18;22;759
17;2025-11-18;23;340
17;2025-11-19;0;107
17;2025-11-19;1;8
17;2025-11-19;2;0
17;2025-11-19;3;0
17;2025-11-19;4;26
17;2025-11-19;5;313
17;2025-11-19;6;1546
17;2025-11-19;7;4093
17;2025-11-19;8;5417
17;2025-11-19;9;3838
17;2025-11-19;10;3022
17;2025-11-19;11;3001
17;2025-11-19;12;2985
17;2025-11-19;13;3095
17;2025-11-19;14;3117
17;2025-11-19;15;3307
17;2025-11-19;16;3707
17;2025-11-19;17;4557
17;2025-11-19;18;5001
17;2025-11-19;19;3517
17;2025-11-19;20;2388
17;2025-11-19;21;1498
17;2025-11-19;22;802
17;2025-11-19;23;369
17;2025-11-20;0;114
17;2025-11-20;1;9
17;2025-11-20;2;0
17;2025-11-20;3;0
17;2025-11-20;4;25
17;2025-11-20;5;314
17;2025-11-20;6;1538
17;2025-11-20;7;4091
17;2025-11-20;8;5416
17;2025-11-20;9;3861
17;2025-11-20;10;3061
17;2025-11-20;11;2973
17;2025-11-20;12;3048
17;2025-11-20;13;3073
17;2025-11-20;14;3165
17;2025-11-20;15;3307
17;2025-11-20;16;3769
17;2025-11-20;17;4582
17;2025-11-20;18;5035
17;2025-11-20;19;3574
17;2025-11-20;20;2462
17;2025-11-20;21;1517
17;2025-11-20;22;833
17;2025-11-20;23;374
17;2025-11-21;0;130
17;2025-11-21;1;13
17;2025-11-21;2;0
17;2025-11-21;3;0
17;2025-11-21;4;25
17;2025-11-21;5;302
17;2025-11-21;6;1519
17;2025-11-21;7;4025
17;2025-11-21;8;5315
17;2025-11-21;9;3805
17;2025-11-21;10;3023
17;2025-11-21;11;2979
17;2025-11-21;12;3074
17;2025-11-21;13;3148
17;2025-11-21;14;3189
17;2025-11-21;15;3561
17;2025-11-21;16;4267
17;2025-11-21;17;4728
17;2025-11-21;18;4516
17;2025-11-21;19;3356
17;2025-11-21;20;2385
17;2025-11-21;21;1599
17;2025-11-21;22;895
17;2025-11-21;23;440
17;2025-11-22;0;189
17;2025-11-22;1;18
17;2025-11-22;2;0
17;2025-11-22;3;0
17;2025-11-22;4;5
17;2025-11-22;5;116
17;2025-11-22;6;573
17;2025-11-22;7;1258
17;2025-11-22;8;1885
17;2025-11-22;9;2405
17;2025-11-22;10;2611
17;2025-11-22;11;3133
17;2025-11-22;12;3485
17;2025-11-22;13;3728
17;2025-11-22;14;3741
17;2025-11-22;15;3768
17;2025-11-22;16;3738
17;2025-11-22;17;3473
17;2025-11-22;18;3307
17;2025-11-22;19;2692
17;2025-11-22;20;2031
17;2025-11-22;21;1497
17;2025-11-22;22;915
17;2025-11-22;23;436
17;2025-11-23;0;156
17;2025-11-23;1;18
17;2025-11-23;2;0
17;2025-11-23;3;0
17;2025-11-23;4;4
17;2025-11-23;5;93
17;2025-11-23;6;420
17;2025-11-23;7;787
17;2025-11-23;8;1277
17;2025-11-23;9;1776
17;2025-11-23;10;2069
17;2025-11-23;11;2544
17;2025-11-23;12;2979
17;2025-11-23;13;3259
17;2025-11-23;14;3385
17;2025-11-23;15;3406
17;2025-11-23;16;3381
17;2025-11-23;17;3232
17;2025-11-23;18;2823
17;2025-11-23;19;2313
17;2025-11-23;20;1764
17;2025-11-23;21;1260
17;2025-11-23;22;798
17;2025-11-23;23;321
17;2025-11-24;0;94
17;2025-11-24;1;11
17;2025-11-24;2;0
17;2025-11-24;3;0
17;2025-11-24;4;25
17;2025-11-24;5;300
17;2025-11-24;6;1500
17;2025-11-24;7;4034
17;2025-11-24;8;5433
17;2025-11-24;9;3742
17;2025-11-24;10;2859
17;2025-11-24;11;2845
17;2025-11-24;12;2858
17;2025-11-24;13;2916
17;2025-11-24;14;2973
17;2025-11-24;15;3182
17;2025-11-24;16;3653
17;2025-11-24;17;4489
17;2025-11-24;18;4949
17;2025-11-24;19;3552
17;2025-11-24;20;2352
17;2025-11-24;21;1376
17;2025-11-24;22;723
17;2025-11-24;23;314
17;2025-11-25;0;104
17;2025-11-25;1;8
17;2025-11-25;2;0
17;2025-11-25;3;0
17;2025-11-25;4;26
17;2025-11-25;5;313
17;2025-11-25;6;1552
17;2025-11-25;7;4157
17;2025-11-25;8;5550
17;2025-11-25;9;3908
17;2025-11-25;10;3025
17;2025-11-25;11;2891
17;2025-11-25;12;2995
17;2025-11-25;13;3034
17;2025-11-25;14;3149
17;2025-11-25;15;3250
17;2025-11-25;16;3632
17;2025-11-25;17;4578
17;2025-11-25;18;5057
17;2025-11-25;19;3562
17;2025-11-25;20;2421
17;2025-11-25;21;1421
17;2025-11-25;22;759
17;2025-11-25;23;340
17;2025-11-26;0;107
17;2025-11-26;1;8
17;2025-11-26;2;0
17;2025-11-26;3;0
17;2025-11-26;4;26
17;2025-11-26;5;313
17;2025-11-26;6;1546
17;2025-11-26;7;4093
17;2025-11-26;8;5417
17;2025-11-26;9;3838
17;2025-11-26;10;3022
17;2025-11-26;11;3000
17;2025-11-26;12;2985
17;2025-11-26;13;3095
17;2025-11-26;14;3117
17;2025-11-26;15;3307
17;2025-11-26;16;3707
17;2025-11-26;17;4557
17;2025-11-26;18;5001
17;2025-11-26;19;3517
17;2025-11-26;20;2388
17;2025-11-26;21;1498
17;2025-11-26;22;802
17;2025-11-26;23;369
17;2025-11-27;0;114
17;2025-11-27;1;9
17;2025-11-27;2;0
17;2025-11-27;3;0
17;2025-11-27;4;25
17;2025-11-27;5;314
17;2025-11-27;6;1538
17;2025-11-27;7;4091
17;2025-11-27;8;5416
17;2025-11-27;9;3864
17;2025-11-27;10;3064
17;2025-11-27;11;2976
17;2025-11-27;12;3052
17;2025-11-27;13;3077
17;2025-11-27;14;3169
17;2025-11-27;15;3310
17;2025-11-27;16;3773
17;2025-11-27;17;4585
17;2025-11-27;18;5037
17;2025-11-27;19;3575
17;2025-11-27;20;2462
17;2025-11-27;21;1517
17;2025-11-27;22;832
17;2025-11-27;23;375
17;2025-11-28;0;131
17;2025-11-28;1;13
17;2025-11-28;2;0
17;2025-11-28;3;0
17;2025-11-28;4;25
17;2025-11-28;5;304
17;2025-11-28;6;1519
17;2025-11-28;7;4026
17;2025-11-28;8;5315
17;2025-11-28;9;3805
17;2025-11-28;10;3023
17;2025-11-28;11;2979
17;2025-11-28;12;3074
17;2025-11-28;13;3148
17;2025-11-28;14;3189
17;2025-11-28;15;3561
17;2025-11-28;16;4267
17;2025-11-28;17;4728
17;2025-11-28;18;4516
17;2025-11-28;19;3356
17;2025-11-28;20;2385
17;2025-11-28;21;1599
17;2025-11-28;22;895
17;2025-11-28;23;440
17;2025-11-29;0;189
17;2025-11-29;1;18
17;2025-11-29;2;0
17;2025-11-29;3;0
17;2025-11-29;4;5
17;2025-11-29;5;116
17;2025-11-29;6;573
17;2025-11-29;7;1258
17;2025-11-29;8;1885
17;2025-11-29;9;2405
17;2025-11-29;10;2611
17;2025-11-29;11;3133
17;2025-11-29;12;3485
17;2025-11-29;13;3728
17;2025-11-29;14;3741
17;2025-11-29;15;3768
17;2025-11-29;16;3738
17;2025-11-29;17;3473
17;2025-11-29;18;3307
17;2025-11-29;19;2692
17;2025-11-29;20;2031
17;2025-11-29;21;1497
17;2025-11-29;22;915
17;2025-11-29;23;436
17;2025-11-30;0;156
17;2025-11-30;1;18
17;2025-11-30;2;0
17;2025-11-30;3;0
17;2025-11-30;4;4
17;2025-11-30;5;93
17;2025-11-30;6;420
17;2025-11-30;7;787
17;2025-11-30;8;1277
17;2025-11-30;9;1776
17;2025-11-30;10;2069
17;2025-11-30;11;2544
17;2025-11-30;12;2979
17;2025-11-30;13;3259
17;2025-11-30;14;3385
17;2025-11-30;15;3406
17;2025-11-30;16;3381
17;2025-11-30;17;3232
17;2025-11-30;18;2823
17;2025-11-30;19;2313
17;2025-11-30;20;1764
17;2025-11-30;21;1260
17;2025-11-30;22;798
17;2025-11-30;23;321
17;2025-12-01;0;94
17;2025-12-01;1;11
17;2025-12-01;2;0
17;2025-12-01;3;0
17;2025-12-01;4;25
17;2025-12-01;5;300
17;2025-12-01;6;1500
17;2025-12-01;7;4034
17;2025-12-01;8;5433
17;2025-12-01;9;3742
17;2025-12-01;10;2859
17;2025-12-01;11;2845
17;2025-12-01;12;2858
17;2025-12-01;13;2914
17;2025-12-01;14;2969
17;2025-12-01;15;3177
17;2025-12-01;16;3649
17;2025-12-01;17;4489
17;2025-12-01;18;4949
17;2025-12-01;19;3552
17;2025-12-01;20;2352
17;2025-12-01;21;1376
17;2025-12-01;22;723
17;2025-12-01;23;314
17;2025-12-02;0;104
17;2025-12-02;1;8
17;2025-12-02;2;0
17;2025-12-02;3;0
17;2025-12-02;4;26
17;2025-12-02;5;313
17;2025-12-02;6;1552
17;2025-12-02;7;4157
17;2025-12-02;8;5550
17;2025-12-02;9;3908
17;2025-12-02;10;3025
17;2025-12-02;11;2891
17;2025-12-02;12;2995
17;2025-12-02;13;3034
17;2025-12-02;14;3149
17;2025-12-02;15;3250
17;2025-12-02;16;3632
17;2025-12-02;17;4578
17;2025-12-02;18;5057
17;2025-12-02;19;3562
17;2025-12-02;20;2421
17;2025-12-02;21;1421
17;2025-12-02;22;759
17;2025-12-02;23;340
17;2025-12-03;0;107
17;2025-12-03;1;8
17;2025-12-03;2;0
17;2025-12-03;3;0
17;2025-12-03;4;26
17;2025-12-03;5;313
17;2025-12-03;6;1546
17;2025-12-03;7;4093
17;2025-12-03;8;5417
17;2025-12-03;9;3838
17;2025-12-03;10;3022
17;2025-12-03;11;3001
17;2025-12-03;12;2985
17;2025-12-03;13;3095
17;2025-12-03;14;3117
17;2025-12-03;15;3307
17;2025-12-03;16;3707
17;2025-12-03;17;4557
17;2025-12-03;18;5001
17;2025-12-03;19;3517
17;2025-12-03;20;2388
17;2025-12-03;21;1498
17;2025-12-03;22;802
17;2025-12-03;23;369
17;2025-12-04;0;114
17;2025-12-04;1;9
17;2025-12-04;2;0
17;2025-12-04;3;0
17;2025-12-04;4;25
17;2025-12-04;5;314
17;2025-12-04;6;1538
17;2025-12-04;7;4091
17;2025-12-04;8;5416
17;2025-12-04;9;3861
17;2025-12-04;10;3061
17;2025-12-04;11;2973
17;2025-12-04;12;3048
17;2025-12-04;13;3073
17;2025-12-04;14;3165
17;2025-12-04;15;3307
17;2025-12-04;16;3769
17;2025-12-04;17;4582
17;2025-12-04;18;5035
17;2025-12-04;19;3574
17;2025-12-04;20;2462
17;2025-12-04;21;1517
17;2025-12-04;22;833
17;2025-12-04;23;374
17;2025-12-05;0;130
17;2025-12-05;1;13
17;2025-12-05;2;0
17;2025-12-05;3;0
17;2025-12-05;4;25
17;2025-12-05;5;302
17;2025-12-05;6;1519
17;2025-12-05;7;4025
17;2025-12-05;8;5315
17;2025-12-05;9;3805
17;2025-12-05;10;3023
17;2025-12-05;11;2979
17;2025-12-05;12;3074
17;2025-12-05;13;3148
17;2025-12-05;14;3189
17;2025-12-05;15;3561
17;2025-12-05;16;4267
17;2025-12-05;17;4728
17;2025-12-05;18;4516
17;2025-12-05;19;3356
17;2025-12-05;20;2385
17;2025-12-05;21;1599
17;2025-12-05;22;895
17;2025-12-05;23;440
17;2025-12-06;0;189
17;2025-12-06;1;18
17;2025-12-06;2;0
17;2025-12-06;3;0
17;2025-12-06;4;5
17;2025-12-06;5;116
17;2025-12-06;6;573
17;2025-12-06;7;1258
17;2025-12-06;8;1885
17;2025-12-06;9;2405
17;2025-12-06;10;2611
17;2025-12-06;11;3133
17;2025-12-06;12;3485
17;2025-12-06;13;3728
17;2025-12-06;14;3741
17;2025-12-06;15;3768
17;2025-12-06;16;3738
17;2025-12-06;17;3473
17;2025-12-06;18;3307
17;2025-12-06;19;2692
17;2025-12-06;20;2031
17;2025-12-06;21;1497
17;2025-12-06;22;915
17;2025-12-06;23;436
17;2025-12-07;0;156
17;2025-12-07;1;18
17;2025-12-07;2;0
17;2025-12-07;3;0
17;2025-12-07;4;4
17;2025-12-07;5;93
17;2025-12-07;6;420
17;2025-12-07;7;787
17;2025-12-07;8;1277
17;2025-12-07;9;1776
17;2025-12-07;10;2069
17;2025-12-07;11;2544
17;2025-12-07;12;2979
17;2025-12-07;13;3259
17;2025-12-07;14;3385
17;2025-12-07;15;3406
17;2025-12-07;16;3381
17;2025-12-07;17;3232
17;2025-12-07;18;2823
17;2025-12-07;19;2313
17;2025-12-07;20;1764
17;2025-12-07;21;1260
17;2025-12-07;22;798
17;2025-12-07;23;321
17;2025-12-08;0;94
17;2025-12-08;1;11
17;2025-12-08;2;0
17;2025-12-08;3;0
17;2025-12-08;4;25
17;2025-12-08;5;300
17;2025-12-08;6;1500
17;2025-12-08;7;4034
17;2025-12-08;8;5433
17;2025-12-08;9;3742
17;2025-12-08;10;2859
17;2025-12-08;11;2845
17;2025-12-08;12;2858
17;2025-12-08;13;2914
17;2025-12-08;14;2969
17;2025-12-08;15;3177
17;2025-12-08;16;3649
17;2025-12-08;17;4489
17;2025-12-08;18;4949
17;2025-12-08;19;3552
17;2025-12-08;20;2352
17;2025-12-08;21;1376
17;2025-12-08;22;723
17;2025-12-08;23;314
17;2025-12-09;0;104
17;2025-12-09;1;8
17;2025-12-09;2;0
17;2025-12-09;3;0
17;2025-12-09;4;26
17;2025-12-09;5;313
17;2025-12-09;6;1552
17;2025-12-09;7;4157
17;2025-12-09;8;5550
17;2025-12-09;9;3908
17;2025-12-09;10;3025
17;2025-12-09;11;2891
17;2025-12-09;12;2995
17;2025-12-09;13;3034
17;2025-12-09;14;3149
17;2025-12-09;15;3250
17;2025-12-09;16;3632
17;2025-12-09;17;4578
17;2025-12-09;18;5057
17;2025-12-09;19;3562
17;2025-12-09;20;2421
17;2025-12-09;21;1421
17;2025-12-09;22;759
17;2025-12-09;23;340
17;2025-12-10;0;107
17;2025-12-10;1;8
17;2025-12-10;2;0
17;2025-12-10;3;0
17;2025-12-10;4;26
17;2025-12-10;5;313
17;2025-12-10;6;1546
17;2025-12-10;7;4093
17;2025-12-10;8;5417
17;2025-12-10;9;3838
17;2025-12-10;10;3022
17;2025-12-10;11;3000
17;2025-12-10;12;2985
17;2025-12-10;13;3095
17;2025-12-10;14;3117
17;2025-12-10;15;3307
17;2025-12-10;16;3707
17;2025-12-10;17;4557
17;2025-12-10;18;5001
17;2025-12-10;19;3517
17;2025-12-10;20;2388
17;2025-12-10;21;1498
17;2025-12-10;22;802
17;2025-12-10;23;369
17;2025-12-11;0;114
17;2025-12-11;1;9
17;2025-12-11;2;0
17;2025-12-11;3;0
17;2025-12-11;4;25
17;2025-12-11;5;314
17;2025-12-11;6;1538
17;2025-12-11;7;4091
17;2025-12-11;8;5416
17;2025-12-11;9;3861
17;2025-12-11;10;3061
17;2025-12-11;11;2973
17;2025-12-11;12;3048
17;2025-12-11;13;3073
17;2025-12-11;14;3165
17;2025-12-11;15;3307
17;2025-12-11;16;3769
17;2025-12-11;17;4582
17;2025-12-11;18;5035
17;2025-12-11;19;3574
17;2025-12-11;20;2462
17;2025-12-11;21;1517
17;2025-12-11;22;833
17;2025-12-11;23;374
17;2025-12-12;0;130
17;2025-12-12;1;13
17;2025-12-12;2;0
17;2025-12-12;3;0
17;2025-12-12;4;25
17;2025-12-12;5;302
17;2025-12-12;6;1519
17;2025-12-12;7;4025
17;2025-12-12;8;5315
17;2025-12-12;9;3806
17;2025-12-12;10;3024
17;2025-12-12;11;2980
17;2025-12-12;12;3075
17;2025-12-12;13;3148
17;2025-12-12;14;3189
17;2025-12-12;15;3561
17;2025-12-12;16;4267
17;2025-12-12;17;4728
17;2025-12-12;18;4516
17;2025-12-12;19;3356
17;2025-12-12;20;2385
17;2025-12-12;21;1599
17;2025-12-12;22;895
17;2025-12-12;23;440
17;2025-12-13;0;189
17;2025-12-13;1;18
17;2025-12-13;2;0
17;2025-12-13;3;0
17;2025-12-13;4;5
17;2025-12-13;5;116
17;2025-12-13;6;573
17;2025-12-13;7;1258
17;2025-12-13;8;1885
17;2025-12-13;9;2405
17;2025-12-13;10;2611
17;2025-12-13;11;3133
17;2025-12-13;12;3485
17;2025-12-13;13;3728
17;2025-12-13;14;3741
17;2025-12-13;15;3768
17;2025-12-13;16;3738
17;2025-12-13;17;3473
17;2025-12-13;18;3307
17;2025-12-13;19;2692
17;2025-12-13;20;2031
17;2025-12-13;21;1497
17;2025-12-13;22;915
17;2025-12-13;23;436
17;2025-12-14;0;156
17;2025-12-14;1;18
17;2025-12-14;2;0
17;2025-12-14;3;0
17;2025-12-14;4;4
17;2025-12-14;5;93
17;2025-12-14;6;420
17;2025-12-14;7;787
17;2025-12-14;8;1277
17;2025-12-14;9;1776
17;2025-12-14;10;2069
17;2025-12-14;11;2544
17;2025-12-14;12;2979
17;2025-12-14;13;3259
17;2025-12-14;14;3385
17;2025-12-14;15;3406
17;2025-12-14;16;3381
17;2025-12-14;17;3232
17;2025-12-14;18;2823
17;2025-12-14;19;2313
17;2025-12-14;20;1764
17;2025-12-14;21;1260
17;2025-12-14;22;798
17;2025-12-14;23;321
17;2025-12-15;0;94
17;2025-12-15;1;11
17;2025-12-15;2;0
17;2025-12-15;3;0
17;2025-12-15;4;25
17;2025-12-15;5;300
17;2025-12-15;6;1500
17;2025-12-15;7;4034
17;2025-12-15;8;5433
17;2025-12-15;9;3742
17;2025-12-15;10;2859
17;2025-12-15;11;2845
17;2025-12-15;12;2858
17;2025-12-15;13;2914
17;2025-12-15;14;2969
17;2025-12-15;15;3177
17;2025-12-15;16;3649
17;2025-12-15;17;4489
17;2025-12-15;18;4949
17;2025-12-15;19;3552
17;2025-12-15;20;2352
17;2025-12-15;21;1376
17;2025-12-15;22;723
17;2025-12-15;23;314
17;2025-12-16;0;104
17;2025-12-16;1;8
17;2025-12-16;2;0
17;2025-12-16;3;0
17;2025-12-16;4;26
17;2025-12-16;5;313
17;2025-12-16;6;1552
17;2025-12-16;7;4157
17;2025-12-16;8;5550
17;2025-12-16;9;3908
17;2025-12-16;10;3025
17;2025-12-16;11;2891
17;2025-12-16;12;2995
17;2025-12-16;13;3034
17;2025-12-16;14;3149
17;2025-12-16;15;3250
17;2025-12-16;16;3632
17;2025-12-16;17;4578
17;2025-12-16;18;5057
17;2025-12-16;19;3562
17;2025-12-16;20;2421
17;2025-12-16;21;1421
17;2025-12-16;22;759
17;2025-12-16;23;340
17;2025-12-17;0;107
17;2025-12-17;1;8
17;2025-12-17;2;0
17;2025-12-17;3;0
17;2025-12-17;4;26
17;2025-12-17;5;313
17;2025-12-17;6;1546
17;2025-12-17;7;4093
17;2025-12-17;8;5417
17;2025-12-17;9;3838
17;2025-12-17;10;3022
17;2025-12-17;11;3001
17;2025-12-17;12;2985
17;2025-12-17;13;3095
17;2025-12-17;14;3117
17;2025-12-17;15;3307
17;2025-12-17;16;3707
17;2025-12-17;17;4557
17;2025-12-17;18;5001
17;2025-12-17;19;3517
17;2025-12-17;20;2388
17;2025-12-17;21;1498
17;2025-12-17;22;802
17;2025-12-17;23;369
17;2025-12-18;0;114
17;2025-12-18;1;9
17;2025-12-18;2;0
17;2025-12-18;3;0
17;2025-12-18;4;25
17;2025-12-18;5;314
17;2025-12-18;6;1538
17;2025-12-18;7;4091
17;2025-12-18;8;5416
17;2025-12-18;9;3861
17;2025-12-18;10;3061
17;2025-12-18;11;2973
17;2025-12-18;12;3048
17;2025-12-18;13;3073
17;2025-12-18;14;3165
17;2025-12-18;15;3307
17;2025-12-18;16;3769
17;2025-12-18;17;4582
17;2025-12-18;18;5035
17;2025-12-18;19;3574
17;2025-12-18;20;2462
17;2025-12-18;21;1517
17;2025-12-18;22;833
17;2025-12-18;23;374
17;2025-12-19;0;130
17;2025-12-19;1;13
17;2025-12-19;2;0
17;2025-12-19;3;0
17;2025-12-19;4;25
17;2025-12-19;5;302
17;2025-12-19;6;1519
17;2025-12-19;7;4025
17;2025-12-19;8;5315
17;2025-12-19;9;3805
17;2025-12-19;10;3023
17;2025-12-19;11;2979
17;2025-12-19;12;3074
17;2025-12-19;13;3148
17;2025-12-19;14;3189
17;2025-12-19;15;3561
17;2025-12-19;16;4267
17;2025-12-19;17;4728
17;2025-12-19;18;4516
17;2025-12-19;19;3356
17;2025-12-19;20;2385
17;2025-12-19;21;1599
17;2025-12-19;22;895
17;2025-12-19;23;440
17;2025-12-20;0;189
17;2025-12-20;1;18
17;2025-12-20;2;0
17;2025-12-20;3;0
17;2025-12-20;4;5
17;2025-12-20;5;116
17;2025-12-20;6;573
17;2025-12-20;7;1258
17;2025-12-20;8;1885
17;2025-12-20;9;2405
17;2025-12-20;10;2611
17;2025-12-20;11;3133
17;2025-12-20;12;3485
17;2025-12-20;13;3728
17;2025-12-20;14;3741
17;2025-12-20;15;3768
17;2025-12-20;16;3738
17;2025-12-20;17;3473
17;2025-12-20;18;3307
17;2025-12-20;19;2692
17;2025-12-20;20;2031
17;2025-12-20;21;1497
17;2025-12-20;22;915
17;2025-12-20;23;436
17;2025-12-21;0;156
17;2025-12-21;1;18
17;2025-12-21;2;0
17;2025-12-21;3;0
17;2025-12-21;4;4
17;2025-12-21;5;93
17;2025-12-21;6;420
17;2025-12-21;7;787
17;2025-12-21;8;1277
17;2025-12-21;9;1776
17;2025-12-21;10;2069
17;2025-12-21;11;2544
17;2025-12-21;12;2979
17;2025-12-21;13;3259
17;2025-12-21;14;3385
17;2025-12-21;15;3406
17;2025-12-21;16;3381
17;2025-12-21;17;3232
17;2025-12-21;18;2823
17;2025-12-21;19;2313
17;2025-12-21;20;1764
17;2025-12-21;21;1260
17;2025-12-21;22;798
17;2025-12-21;23;321
17;2025-12-22;0;94
17;2025-12-22;1;11
17;2025-12-22;2;0
17;2025-12-22;3;0
17;2025-12-22;4;25
17;2025-12-22;5;300
17;2025-12-22;6;1500
17;2025-12-22;7;4034
17;2025-12-22;8;5433
17;2025-12-22;9;3742
17;2025-12-22;10;2859
17;2025-12-22;11;2845
17;2025-12-22;12;2858
17;2025-12-22;13;2914
17;2025-12-22;14;2969
17;2025-12-22;15;3177
17;2025-12-22;16;3649
17;2025-12-22;17;4489
17;2025-12-22;18;4949
17;2025-12-22;19;3552
17;2025-12-22;20;2352
17;2025-12-22;21;1376
17;2025-12-22;22;723
17;2025-12-22;23;314
17;2025-12-23;0;104
17;2025-12-23;1;8
17;2025-12-23;2;0
17;2025-12-23;3;0
17;2025-12-23;4;26
17;2025-12-23;5;313
17;2025-12-23;6;1552
17;2025-12-23;7;4157
17;2025-12-23;8;5550
17;2025-12-23;9;3908
17;2025-12-23;10;3025
17;2025-12-23;11;2891
17;2025-12-23;12;2995
17;2025-12-23;13;3034
17;2025-12-23;14;3149
17;2025-12-23;15;3250
17;2025-12-23;16;3632
17;2025-12-23;17;4578
17;2025-12-23;18;5057
17;2025-12-23;19;3562
17;2025-12-23;20;2421
17;2025-12-23;21;1421
17;2025-12-23;22;759
17;2025-12-23;23;340
17;2025-12-24;0;107
17;2025-12-24;1;8
17;2025-12-24;2;0
17;2025-12-24;3;0
17;2025-12-24;4;26
17;2025-12-24;5;313
17;2025-12-24;6;1546
17;2025-12-24;7;4093
17;2025-12-24;8;5417
17;2025-12-24;9;3838
17;2025-12-24;10;3022
17;2025-12-24;11;3000
17;2025-12-24;12;2985
17;2025-12-24;13;3095
17;2025-12-24;14;3117
17;2025-12-24;15;3307
17;2025-12-24;16;3707
17;2025-12-24;17;4557
17;2025-12-24;18;5001
17;2025-12-24;19;3517
17;2025-12-24;20;2388
17;2025-12-24;21;1498
17;2025-12-24;22;802
17;2025-12-24;23;369
17;2025-12-25;0;114
17;2025-12-25;1;9
17;2025-12-25;2;0
17;2025-12-25;3;0
17;2025-12-25;4;25
17;2025-12-25;5;314
17;2025-12-25;6;1538
17;2025-12-25;7;4091
17;2025-12-25;8;5416
17;2025-12-25;9;3861
17;2025-12-25;10;3061
17;2025-12-25;11;2973
17;2025-12-25;12;3048
17;2025-12-25;13;3073
17;2025-12-25;14;3165
17;2025-12-25;15;3307
17;2025-12-25;16;3769
17;2025-12-25;17;4582
17;2025-12-25;18;5035
17;2025-12-25;19;3574
17;2025-12-25;20;2461
17;2025-12-25;21;1517
17;2025-12-25;22;833
17;2025-12-25;23;374
17;2025-12-26;0;130
17;2025-12-26;1;13
17;2025-12-26;2;0
17;2025-12-26;3;0
17;2025-12-26;4;25
17;2025-12-26;5;302
17;2025-12-26;6;1519
17;2025-12-26;7;4025
17;2025-12-26;8;5315
17;2025-12-26;9;3805
17;2025-12-26;10;3023
17;2025-12-26;11;2979
17;2025-12-26;12;3074
17;2025-12-26;13;3148
17;2025-12-26;14;3189
17;2025-12-26;15;3561
17;2025-12-26;16;4267
17;2025-12-26;17;4728
17;2025-12-26;18;4516
17;2025-12-26;19;3356
17;2025-12-26;20;2385
17;2025-12-26;21;1599
17;2025-12-26;22;895
17;2025-12-26;23;440
17;2025-12-27;0;189
17;2025-12-27;1;18
17;2025-12-27;2;0
17;2025-12-27;3;0
17;2025-12-27;4;5
17;2025-12-27;5;116
17;2025-12-27;6;573
17;2025-12-27;7;1258
17;2025-12-27;8;1885
17;2025-12-27;9;2405
17;2025-12-27;10;2611
17;2025-12-27;11;3133
17;2025-12-27;12;3485
17;2025-12-27;13;3728
17;2025-12-27;14;3741
17;2025-12-27;15;3768
17;2025-12-27;16;3738
17;2025-12-27;17;3473
17;2025-12-27;18;3307
17;2025-12-27;19;2692
17;2025-12-27;20;2031
17;2025-12-27;21;1497
17;2025-12-27;22;915
17;2025-12-27;23;436
17;2025-12-28;0;156
17;2025-12-28;1;18
17;2025-12-28;2;0
17;2025-12-28;3;0
17;2025-12-28;4;4
17;2025-12-28;5;93
17;2025-12-28;6;420
17;2025-12-28;7;787
17;2025-12-28;8;1277
17;2025-12-28;9;1776
17;2025-12-28;10;2069
17;2025-12-28;11;2544
17;2025-12-28;12;2979
17;2025-12-28;13;3259
17;2025-12-28;14;3385
17;2025-12-28;15;3406
17;2025-12-28;16;3381
17;2025-12-28;17;3232
17;2025-12-28;18;2823
17;2025-12-28;19;2313
17;2025-12-28;20;1764
17;2025-12-28;21;1260
17;2025-12-28;22;798
17;2025-12-28;23;321
17;2025-12-29;0;94
17;2025-12-29;1;11
17;2025-12-29;2;0
17;2025-12-29;3;0
17;2025-12-29;4;25
17;2025-12-29;5;300
17;2025-12-29;6;1500
17;2025-12-29;7;4034
17;2025-12-29;8;5433
17;2025-12-29;9;3742
17;2025-12-29;10;2859
17;2025-12-29;11;2845
17;2025-12-29;12;2858
17;2025-12-29;13;2914
17;2025-12-29;14;2969
17;2025-12-29;15;3177
17;2025-12-29;16;3649
17;2025-12-29;17;4489
17;2025-12-29;18;4949
17;2025-12-29;19;3552
17;2025-12-29;20;2352
17;2025-12-29;21;1376
17;2025-12-29;22;723
17;2025-12-29;23;314
17;2025-12-30;0;104
17;2025-12-30;1;8
17;2025-12-30;2;0
17;2025-12-30;3;0
17;2025-12-30;4;26
17;2025-12-30;5;313
17;2025-12-30;6;1552
17;2025-12-30;7;4157
17;2025-12-30;8;5550
17;2025-12-30;9;3908
17;2025-12-30;10;3025
17;2025-12-30;11;2891
17;2025-12-30;12;2995
17;2025-12-30;13;3034
17;2025-12-30;14;3149
17;2025-12-30;15;3250
17;2025-12-30;16;3632
17;2025-12-30;17;4578
17;2025-12-30;18;5057
17;2025-12-30;19;3562
17;2025-12-30;20;2421
17;2025-12-30;21;1421
17;2025-12-30;22;759
17;2025-12-30;23;340
17;2025-12-31;0;156
17;2025-12-31;1;18
17;2025-12-31;2;0
17;2025-12-31;3;0
17;2025-12-31;4;4
17;2025-12-31;5;93
17;2025-12-31;6;420
17;2025-12-31;7;787
17;2025-12-31;8;1278
17;2025-12-31;9;1777
17;2025-12-31;10;2069
17;2025-12-31;11;2544
17;2025-12-31;12;2979
17;2025-12-31;13;3260
17;2025-12-31;14;3385
17;2025-12-31;15;3406
17;2025-12-31;16;3382
17;2025-12-31;17;3232
17;2025-12-31;18;2823
17;2025-12-31;19;2314
17;2025-12-31;20;1765
17;2025-12-31;21;1260
17;2025-12-31;22;799
17;2025-12-31;23;322
25;2025-11-01;0;0
25;2025-11-01;1;0
25;2025-11-01;2;0
25;2025-11-01;3;0
25;2025-11-01;4;0
25;2025-11-01;5;3
25;2025-11-01;6;153
25;2025-11-01;7;527
25;2025-11-01;8;832
25;2025-11-01;9;437
25;2025-11-01;10;345
25;2025-11-01;11;426
25;2025-11-01;12;424
25;2025-11-01;13;531
25;2025-11-01;14;504
25;2025-11-01;15;597
25;2025-11-01;16;736
25;2025-11-01;17;754
25;2025-11-01;18;656
25;2025-11-01;19;457
25;2025-11-01;20;305
25;2025-11-01;21;212
25;2025-11-01;22;135
25;2025-11-01;23;7
25;2025-11-02;0;13
25;2025-11-02;1;0
25;2025-11-02;2;0
25;2025-11-02;3;0
25;2025-11-02;4;0
25;2025-11-02;5;2
25;2025-11-02;6;43
25;2025-11-02;7;101
25;2025-11-02;8;193
25;2025-11-02;9;216
25;2025-11-02;10;241
25;2025-11-02;11;300
25;2025-11-02;12;358
25;2025-11-02;13;470
25;2025-11-02;14;512
25;2025-11-02;15;629
25;2025-11-02;16;523
25;2025-11-02;17;474
25;2025-11-02;18;430
25;2025-11-02;19;375
25;2025-11-02;20;253
25;2025-11-02;21;202
25;2025-11-02;22;117
25;2025-11-02;23;44
25;2025-11-03;0;12
25;2025-11-03;1;0
25;2025-11-03;2;0
25;2025-11-03;3;0
25;2025-11-03;4;0
25;2025-11-03;5;3
25;2025-11-03;6;45
25;2025-11-03;7;103
25;2025-11-03;8;196
25;2025-11-03;9;216
25;2025-11-03;10;241
25;2025-11-03;11;300
25;2025-11-03;12;358
25;2025-11-03;13;470
25;2025-11-03;14;512
25;2025-11-03;15;629
25;2025-11-03;16;523
25;2025-11-03;17;474
25;2025-11-03;18;430
25;2025-11-03;19;375
25;2025-11-03;20;253
25;2025-11-03;21;202
25;2025-11-03;22;117
25;2025-11-03;23;44
25;2025-11-04;0;13
25;2025-11-04;1;0
25;2025-11-04;2;0
25;2025-11-04;3;0
25;2025-11-04;4;0
25;2025-11-04;5;4
25;2025-11-04;6;46
25;2025-11-04;7;103
25;2025-11-04;8;196
25;2025-11-04;9;216
25;2025-11-04;10;241
25;2025-11-04;11;300
25;2025-11-04;12;358
25;2025-11-04;13;470
25;2025-11-04;14;512
25;2025-11-04;15;629
25;2025-11-04;16;523
25;2025-11-04;17;474
25;2025-11-04;18;430
25;2025-11-04;19;375
25;2025-11-04;20;253
25;2025-11-04;21;202
25;2025-11-04;22;117
25;2025-11-04;23;44
25;2025-11-05;0;0
25;2025-11-05;1;0
25;2025-11-05;2;0
25;2025-11-05;3;0
25;2025-11-05;4;0
25;2025-11-05;5;5
25;2025-11-05;6;164
25;2025-11-05;7;529
25;2025-11-05;8;901
25;2025-11-05;9;469
25;2025-11-05;10;344
25;2025-11-05;11;410
25;2025-11-05;12;423
25;2025-11-05;13;540
25;2025-11-05;14;434
25;2025-11-05;15;521
25;2025-11-05;16;663
25;2025-11-05;17;718
25;2025-11-05;18;801
25;2025-11-05;19;489
25;2025-11-05;20;338
25;2025-11-05;21;212
25;2025-11-05;22;117
25;2025-11-05;23;6
25;2025-11-06;0;0
25;2025-11-06;1;0
25;2025-11-06;2;0
25;2025-11-06;3;0
25;2025-11-06;4;0
25;2025-11-06;5;6
25;2025-11-06;6;153
25;2025-11-06;7;533
25;2025-11-06;8;927
25;2025-11-06;9;463
25;2025-11-06;10;375
25;2025-11-06;11;407
25;2025-11-06;12;394
25;2025-11-06;13;514
25;2025-11-06;14;462
25;2025-11-06;15;556
25;2025-11-06;16;653
25;2025-11-06;17;750
25;2025-11-06;18;782
25;2025-11-06;19;507
25;2025-11-06;20;305
25;2025-11-06;21;209
25;2025-11-06;22;118
25;2025-11-06;23;6
25;2025-11-07;0;0
25;2025-11-07;1;0
25;2025-11-07;2;0
25;2025-11-07;3;0
25;2025-11-07;4;0
25;2025-11-07;5;3
25;2025-11-07;6;153
25;2025-11-07;7;527
25;2025-11-07;8;832
25;2025-11-07;9;438
25;2025-11-07;10;345
25;2025-11-07;11;426
25;2025-11-07;12;425
25;2025-11-07;13;532
25;2025-11-07;14;505
25;2025-11-07;15;597
25;2025-11-07;16;737
25;2025-11-07;17;755
25;2025-11-07;18;657
25;2025-11-07;19;458
25;2025-11-07;20;305
25;2025-11-07;21;213
25;2025-11-07;22;136
25;2025-11-07;23;7
25;2025-11-08;0;0
25;2025-11-08;1;0
25;2025-11-08;2;0
25;2025-11-08;3;0
25;2025-11-08;4;0
25;2025-11-08;5;3
25;2025-11-08;6;59
25;2025-11-08;7;151
25;2025-11-08;8;350
25;2025-11-08;9;320
25;2025-11-08;10;306
25;2025-11-08;11;451
25;2025-11-08;12;441
25;2025-11-08;13;559
25;2025-11-08;14;618
25;2025-11-08;15;704
25;2025-11-08;16;619
25;2025-11-08;17;529
25;2025-11-08;18;518
25;2025-11-08;19;472
25;2025-11-08;20;302
25;2025-11-08;21;228
25;2025-11-08;22;150
25;2025-11-08;23;57
25;2025-11-09;0;13
25;2025-11-09;1;0
25;2025-11-09;2;0
25;2025-11-09;3;0
25;2025-11-09;4;0
25;2025-11-09;5;4
25;2025-11-09;6;46
25;2025-11-09;7;103
25;2025-11-09;8;196
25;2025-11-09;9;216
25;2025-11-09;10;241
25;2025-11-09;11;300
25;2025-11-09;12;358
25;2025-11-09;13;470
25;2025-11-09;14;512
25;2025-11-09;15;629
25;2025-11-09;16;523
25;2025-11-09;17;474
25;2025-11-09;18;430
25;2025-11-09;19;372
25;2025-11-09;20;250
25;2025-11-09;21;199
25;2025-11-09;22;116
25;2025-11-09;23;43
25;2025-11-10;0;8
25;2025-11-10;1;0
25;2025-11-10;2;0
25;2025-11-10;3;0
25;2025-11-10;4;0
25;2025-11-10;5;2
25;2025-11-10;6;153
25;2025-11-10;7;547
25;2025-11-10;8;878
25;2025-11-10;9;472
25;2025-11-10;10;325
25;2025-11-10;11;387
25;2025-11-10;12;378
25;2025-11-10;13;494
25;2025-11-10;14;387
25;2025-11-10;15;491
25;2025-11-10;16;648
25;2025-11-10;17;711
25;2025-11-10;18;779
25;2025-11-10;19;474
25;2025-11-10;20;297
25;2025-11-10;21;199
25;2025-11-10;22;107
25;2025-11-10;23;5
25;2025-11-11;0;0
25;2025-11-11;1;0
25;2025-11-11;2;0
25;2025-11-11;3;0
25;2025-11-11;4;0
25;2025-11-11;5;2
25;2025-11-11;6;157
25;2025-11-11;7;530
25;2025-11-11;8;881
25;2025-11-11;9;489
25;2025-11-11;10;372
25;2025-11-11;11;419
25;2025-11-11;12;366
25;2025-11-11;13;460
25;2025-11-11;14;450
25;2025-11-11;15;508
25;2025-11-11;16;646
25;2025-11-11;17;700
25;2025-11-11;18;767
25;2025-11-11;19;479
25;2025-11-11;20;303
25;2025-11-11;21;199
25;2025-11-11;22;109
25;2025-11-11;23;7
25;2025-11-12;0;0
25;2025-11-12;1;0
25;2025-11-12;2;0
25;2025-11-12;3;0
25;2025-11-12;4;0
25;2025-11-12;5;3
25;2025-11-12;6;161
25;2025-11-12;7;526
25;2025-11-12;8;899
25;2025-11-12;9;468
25;2025-11-12;10;341
25;2025-11-12;11;408
25;2025-11-12;12;422
25;2025-11-12;13;540
25;2025-11-12;14;434
25;2025-11-12;15;520
25;2025-11-12;16;663
25;2025-11-12;17;717
25;2025-11-12;18;800
25;2025-11-12;19;487
25;2025-11-12;20;336
25;2025-11-12;21;209
25;2025-11-12;22;116
25;2025-11-12;23;5
25;2025-11-13;0;0
25;2025-11-13;1;0
25;2025-11-13;2;0
25;2025-11-13;3;0
25;2025-11-13;4;0
25;2025-11-13;5;5
25;2025-11-13;6;151
25;2025-11-13;7;532
25;2025-11-13;8;926
25;2025-11-13;9;462
25;2025-11-13;10;375
25;2025-11-13;11;407
25;2025-11-13;12;394
25;2025-11-13;13;514
25;2025-11-13;14;462
25;2025-11-13;15;556
25;2025-11-13;16;653
25;2025-11-13;17;750
25;2025-11-13;18;782
25;2025-11-13;19;507
25;2025-11-13;20;305
25;2025-11-13;21;209
25;2025-11-13;22;118
25;2025-11-13;23;6
25;2025-11-14;0;0
25;2025-11-14;1;0
25;2025-11-14;2;0
25;2025-11-14;3;0
25;2025-11-14;4;0
25;2025-11-14;5;3
25;2025-11-14;6;153
25;2025-11-14;7;527
25;2025-11-14;8;832
25;2025-11-14;9;438
25;2025-11-14;10;345
25;2025-11-14;11;426
25;2025-11-14;12;425
25;2025-11-14;13;532
25;2025-11-14;14;505
25;2025-11-14;15;597
25;2025-11-14;16;737
25;2025-11-14;17;755
25;2025-11-14;18;657
25;2025-11-14;19;458
25;2025-11-14;20;305
25;2025-11-14;21;213
25;2025-11-14;22;136
25;2025-11-14;23;7
25;2025-11-15;0;0
25;2025-11-15;1;0
25;2025-11-15;2;0
25;2025-11-15;3;0
25;2025-11-15;4;0
25;2025-11-15;5;0
25;2025-11-15;6;54
25;2025-11-15;7;148
25;2025-11-15;8;347
25;2025-11-15;9;316
25;2025-11-15;10;302
25;2025-11-15;11;447
25;2025-11-15;12;437
25;2025-11-15;13;554
25;2025-11-15;14;613
25;2025-11-15;15;699
25;2025-11-15;16;614
25;2025-11-15;17;525
25;2025-11-15;18;513
25;2025-11-15;19;468
25;2025-11-15;20;298
25;2025-11-15;21;224
25;2025-11-15;22;148
25;2025-11-15;23;56
25;2025-11-16;0;12
25;2025-11-16;1;0
25;2025-11-16;2;0
25;2025-11-16;3;0
25;2025-11-16;4;0
25;2025-11-16;5;1
25;2025-11-16;6;41
25;2025-11-16;7;99
25;2025-11-16;8;192
25;2025-11-16;9;211
25;2025-11-16;10;237
25;2025-11-16;11;296
25;2025-11-16;12;354
25;2025-11-16;13;465
25;2025-11-16;14;508
25;2025-11-16;15;624
25;2025-11-16;16;518
25;2025-11-16;17;469
25;2025-11-16;18;426
25;2025-11-16;19;371
25;2025-11-16;20;248
25;2025-11-16;21;198
25;2025-11-16;22;115
25;2025-11-16;23;43
25;2025-11-17;0;8
25;2025-11-17;1;0
25;2025-11-17;2;0
25;2025-11-17;3;0
25;2025-11-17;4;0
25;2025-11-17;5;2
25;2025-11-17;6;153
25;2025-11-17;7;547
25;2025-11-17;8;878
25;2025-11-17;9;472
25;2025-11-17;10;325
25;2025-11-17;11;387
25;2025-11-17;12;378
25;2025-11-17;13;494
25;2025-11-17;14;386
25;2025-11-17;15;490
25;2025-11-17;16;648
25;2025-11-17;17;710
25;2025-11-17;18;779
25;2025-11-17;19;474
25;2025-11-17;20;296
25;2025-11-17;21;199
25;2025-11-17;22;107
25;2025-11-17;23;5
25;2025-11-18;0;0
25;2025-11-18;1;0
25;2025-11-18;2;0
25;2025-11-18;3;0
25;2025-11-18;4;0
25;2025-11-18;5;4
25;2025-11-18;6;160
25;2025-11-18;7;532
25;2025-11-18;8;883
25;2025-11-18;9;491
25;2025-11-18;10;373
25;2025-11-18;11;419
25;2025-11-18;12;366
25;2025-11-18;13;460
25;2025-11-18;14;450
25;2025-11-18;15;508
25;2025-11-18;16;646
25;2025-11-18;17;698
25;2025-11-18;18;765
25;2025-11-18;19;477
25;2025-11-18;20;302
25;2025-11-18;21;199
25;2025-11-18;22;109
25;2025-11-18;23;7
25;2025-11-19;0;0
25;2025-11-19;1;0
25;2025-11-19;2;0
25;2025-11-19;3;0
25;2025-11-19;4;0
25;2025-11-19;5;3
25;2025-11-19;6;161
25;2025-11-19;7;526
25;2025-11-19;8;899
25;2025-11-19;9;468
25;2025-11-19;10;340
25;2025-11-19;11;407
25;2025-11-19;12;419
25;2025-11-19;13;537
25;2025-11-19;14;431
25;2025-11-19;15;517
25;2025-11-19;16;659
25;2025-11-19;17;714
25;2025-11-19;18;798
25;2025-11-19;19;486
25;2025-11-19;20;335
25;2025-11-19;21;208
25;2025-11-19;22;116
25;2025-11-19;23;5
25;2025-11-20;0;0
25;2025-11-20;1;0
25;2025-11-20;2;0
25;2025-11-20;3;0
25;2025-11-20;4;0
25;2025-11-20;5;4
25;2025-11-20;6;150
25;2025-11-20;7;531
25;2025-11-20;8;925
25;2025-11-20;9;460
25;2025-11-20;10;372
25;2025-11-20;11;404
25;2025-11-20;12;391
25;2025-11-20;13;510
25;2025-11-20;14;458
25;2025-11-20;15;552
25;2025-11-20;16;649
25;2025-11-20;17;748
25;2025-11-20;18;779
25;2025-11-20;19;503
25;2025-11-20;20;302
25;2025-11-20;21;206
25;2025-11-20;22;118
25;2025-11-20;23;6
25;2025-11-21;0;0
25;2025-11-21;1;0
25;2025-11-21;2;0
25;2025-11-21;3;0
25;2025-11-21;4;0
25;2025-11-21;5;1
25;2025-11-21;6;150
25;2025-11-21;7;524
25;2025-11-21;8;830
25;2025-11-21;9;435
25;2025-11-21;10;342
25;2025-11-21;11;423
25;2025-11-21;12;422
25;2025-11-21;13;529
25;2025-11-21;14;502
25;2025-11-21;15;594
25;2025-11-21;16;733
25;2025-11-21;17;752
25;2025-11-21;18;653
25;2025-11-21;19;454
25;2025-11-21;20;302
25;2025-11-21;21;209
25;2025-11-21;22;135
25;2025-11-21;23;6
25;2025-11-22;0;0
25;2025-11-22;1;0
25;2025-11-22;2;0
25;2025-11-22;3;0
25;2025-11-22;4;0
25;2025-11-22;5;0
25;2025-11-22;6;54
25;2025-11-22;7;148
25;2025-11-22;8;347
25;2025-11-22;9;316
25;2025-11-22;10;302
25;2025-11-22;11;447
25;2025-11-22;12;437
25;2025-11-22;13;554
25;2025-11-22;14;613
25;2025-11-22;15;699
25;2025-11-22;16;614
25;2025-11-22;17;525
25;2025-11-22;18;513
25;2025-11-22;19;468
25;2025-11-22;20;298
25;2025-11-22;21;224
25;2025-11-22;22;148
25;2025-11-22;23;56
25;2025-11-23;0;11
25;2025-11-23;1;0
25;2025-11-23;2;0
25;2025-11-23;3;0
25;2025-11-23;4;0
25;2025-11-23;5;1
25;2025-11-23;6;41
25;2025-11-23;7;99
25;2025-11-23;8;192
25;2025-11-23;9;211
25;2025-11-23;10;237
25;2025-11-23;11;296
25;2025-11-23;12;354
25;2025-11-23;13;465
25;2025-11-23;14;508
25;2025-11-23;15;624
25;2025-11-23;16;518
25;2025-11-23;17;469
25;2025-11-23;18;426
25;2025-11-23;19;371
25;2025-11-23;20;248
25;2025-11-23;21;198
25;2025-11-23;22;115
25;2025-11-23;23;43
25;2025-11-24;0;8
25;2025-11-24;1;0
25;2025-11-24;2;0
25;2025-11-24;3;0
25;2025-11-24;4;0
25;2025-11-24;5;2
25;2025-11-24;6;153
25;2025-11-24;7;547
25;2025-11-24;8;878
25;2025-11-24;9;472
25;2025-11-24;10;325
25;2025-11-24;11;387
25;2025-11-24;12;379
25;2025-11-24;13;498
25;2025-11-24;14;389
25;2025-11-24;15;493
25;2025-11-24;16;652
25;2025-11-24;17;710
25;2025-11-24;18;779
25;2025-11-24;19;474
25;2025-11-24;20;296
25;2025-11-24;21;199
25;2025-11-24;22;107
25;2025-11-24;23;5
25;2025-11-25;0;0
25;2025-11-25;1;0
25;2025-11-25;2;0
25;2025-11-25;3;0
25;2025-11-25;4;0
25;2025-11-25;5;2
25;2025-11-25;6;157
25;2025-11-25;7;530
25;2025-11-25;8;880
25;2025-11-25;9;489
25;2025-11-25;10;370
25;2025-11-25;11;416
25;2025-11-25;12;362
25;2025-11-25;13;457
25;2025-11-25;14;446
25;2025-11-25;15;504
25;2025-11-25;16;643
25;2025-11-25;17;697
25;2025-11-25;18;765
25;2025-11-25;19;477
25;2025-11-25;20;302
25;2025-11-25;21;199
25;2025-11-25;22;109
25;2025-11-25;23;7
25;2025-11-26;0;0
25;2025-11-26;1;0
25;2025-11-26;2;0
25;2025-11-26;3;0
25;2025-11-26;4;0
25;2025-11-26;5;3
25;2025-11-26;6;161
25;2025-11-26;7;526
25;2025-11-26;8;900
25;2025-11-26;9;468
25;2025-11-26;10;340
25;2025-11-26;11;407
25;2025-11-26;12;419
25;2025-11-26;13;537
25;2025-11-26;14;431
25;2025-11-26;15;517
25;2025-11-26;16;659
25;2025-11-26;17;714
25;2025-11-26;18;798
25;2025-11-26;19;486
25;2025-11-26;20;335
25;2025-11-26;21;208
25;2025-11-26;22;116
25;2025-11-26;23;5
25;2025-11-27;0;0
25;2025-11-27;1;0
25;2025-11-27;2;0
25;2025-11-27;3;0
25;2025-11-27;4;0
25;2025-11-27;5;4
25;2025-11-27;6;150
25;2025-11-27;7;531
25;2025-11-27;8;926
25;2025-11-27;9;463
25;2025-11-27;10;375
25;2025-11-27;11;407
25;2025-11-27;12;394
25;2025-11-27;13;514
25;2025-11-27;14;462
25;2025-11-27;15;556
25;2025-11-27;16;653
25;2025-11-27;17;750
25;2025-11-27;18;782
25;2025-11-27;19;507
25;2025-11-27;20;305
25;2025-11-27;21;209
25;2025-11-27;22;118
25;2025-11-27;23;6
25;2025-11-28;0;0
25;2025-11-28;1;0
25;2025-11-28;2;0
25;2025-11-28;3;0
25;2025-11-28;4;0
25;2025-11-28;5;3
25;2025-11-28;6;153
25;2025-11-28;7;526
25;2025-11-28;8;830
25;2025-11-28;9;435
25;2025-11-28;10;342
25;2025-11-28;11;423
25;2025-11-28;12;422
25;2025-11-28;13;529
25;2025-11-28;14;502
25;2025-11-28;15;594
25;2025-11-28;16;733
25;2025-11-28;17;752
25;2025-11-28;18;653
25;2025-11-28;19;454
25;2025-11-28;20;302
25;2025-11-28;21;209
25;2025-11-28;22;135
25;2025-11-28;23;6
25;2025-11-29;0;0
25;2025-11-29;1;0
25;2025-11-29;2;0
25;2025-11-29;3;0
25;2025-11-29;4;0
25;2025-11-29;5;0
25;2025-11-29;6;54
25;2025-11-29;7;148
25;2025-11-29;8;347
25;2025-11-29;9;316
25;2025-11-29;10;302
25;2025-11-29;11;447
25;2025-11-29;12;437
25;2025-11-29;13;554
25;2025-11-29;14;613
25;2025-11-29;15;699
25;2025-11-29;16;614
25;2025-11-29;17;525
25;2025-11-29;18;513
25;2025-11-29;19;468
25;2025-11-29;20;298
25;2025-11-29;21;224
25;2025-11-29;22;148
25;2025-11-29;23;56
25;2025-11-30;0;11
25;2025-11-30;1;0
25;2025-11-30;2;0
25;2025-11-30;3;0
25;2025-11-30;4;0
25;2025-11-30;5;1
25;2025-11-30;6;41
25;2025-11-30;7;99
25;2025-11-30;8;192
25;2025-11-30;9;211
25;2025-11-30;10;237
25;2025-11-30;11;296
25;2025-11-30;12;354
25;2025-11-30;13;465
25;2025-11-30;14;508
25;2025-11-30;15;624
25;2025-11-30;16;518
25;2025-11-30;17;469
25;2025-11-30;18;426
25;2025-11-30;19;371
25;2025-11-30;20;248
25;2025-11-30;21;198
25;2025-11-30;22;115
25;2025-11-30;23;43
25;2025-12-01;0;8
25;2025-12-01;1;0
25;2025-12-01;2;0
25;2025-12-01;3;0
25;2025-12-01;4;0
25;2025-12-01;5;2
25;2025-12-01;6;153
25;2025-12-01;7;547
25;2025-12-01;8;878
25;2025-12-01;9;472
25;2025-12-01;10;325
25;2025-12-01;11;387
25;2025-12-01;12;378
25;2025-12-01;13;494
25;2025-12-01;14;386
25;2025-12-01;15;490
25;2025-12-01;16;648
25;2025-12-01;17;710
25;2025-12-01;18;779
25;2025-12-01;19;474
25;2025-12-01;20;296
25;2025-12-01;21;199
25;2025-12-01;22;107
25;2025-12-01;23;5
25;2025-12-02;0;0
25;2025-12-02;1;0
25;2025-12-02;2;0
25;2025-12-02;3;0
25;2025-12-02;4;0
25;2025-12-02;5;2
25;2025-12-02;6;157
25;2025-12-02;7;530
25;2025-12-02;8;880
25;2025-12-02;9;489
25;2025-12-02;10;370
25;2025-12-02;11;416
25;2025-12-02;12;362
25;2025-12-02;13;457
25;2025-12-02;14;446
25;2025-12-02;15;504
25;2025-12-02;16;643
25;2025-12-02;17;697
25;2025-12-02;18;765
25;2025-12-02;19;477
25;2025-12-02;20;302
25;2025-12-02;21;199
25;2025-12-02;22;109
25;2025-12-02;23;7
25;2025-12-03;0;0
25;2025-12-03;1;0
25;2025-12-03;2;0
25;2025-12-03;3;0
25;2025-12-03;4;0
25;2025-12-03;5;3
25;2025-12-03;6;161
25;2025-12-03;7;526
25;2025-12-03;8;899
25;2025-12-03;9;468
25;2025-12-03;10;340
25;2025-12-03;11;407
25;2025-12-03;12;419
25;2025-12-03;13;537
25;2025-12-03;14;431
25;2025-12-03;15;517
25;2025-12-03;16;659
25;2025-12-03;17;714
25;2025-12-03;18;798
25;2025-12-03;19;486
25;2025-12-03;20;335
25;2025-12-03;21;208
25;2025-12-03;22;116
25;2025-12-03;23;5
25;2025-12-04;0;0
25;2025-12-04;1;0
25;2025-12-04;2;0
25;2025-12-04;3;0
25;2025-12-04;4;0
25;2025-12-04;5;4
25;2025-12-04;6;150
25;2025-12-04;7;531
25;2025-12-04;8;925
25;2025-12-04;9;460
25;2025-12-04;10;372
25;2025-12-04;11;404
25;2025-12-04;12;391
25;2025-12-04;13;510
25;2025-12-04;14;458
25;2025-12-04;15;552
25;2025-12-04;16;649
25;2025-12-04;17;748
25;2025-12-04;18;779
25;2025-12-04;19;503
25;2025-12-04;20;302
25;2025-12-04;21;206
25;2025-12-04;22;118
25;2025-12-04;23;6
25;2025-12-05;0;0
25;2025-12-05;1;0
25;2025-12-05;2;0
25;2025-12-05;3;0
25;2025-12-05;4;0
25;2025-12-05;5;1
25;2025-12-05;6;150
25;2025-12-05;7;524
25;2025-12-05;8;830
25;2025-12-05;9;435
25;2025-12-05;10;342
25;2025-12-05;11;423
25;2025-12-05;12;422
25;2025-12-05;13;529
25;2025-12-05;14;502
25;2025-12-05;15;594
25;2025-12-05;16;733
25;2025-12-05;17;752
25;2025-12-05;18;653
25;2025-12-05;19;454
25;2025-12-05;20;302
25;2025-12-05;21;209
25;2025-12-05;22;135
25;2025-12-05;23;6
25;2025-12-06;0;0
25;2025-12-06;1;0
25;2025-12-06;2;0
25;2025-12-06;3;0
25;2025-12-06;4;0
25;2025-12-06;5;0
25;2025-12-06;6;54
25;2025-12-06;7;148
25;2025-12-06;8;347
25;2025-12-06;9;316
25;2025-12-06;10;302
25;2025-12-06;11;447
25;2025-12-06;12;437
25;2025-12-06;13;555
25;2025-12-06;14;614
25;2025-12-06;15;699
25;2025-12-06;16;614
25;2025-12-06;17;525
25;2025-12-06;18;513
25;2025-12-06;19;468
25;2025-12-06;20;298
25;2025-12-06;21;224
25;2025-12-06;22;148
25;2025-12-06;23;56
25;2025-12-07;0;12
25;2025-12-07;1;0
25;2025-12-07;2;0
25;2025-12-07;3;0
25;2025-12-07;4;0
25;2025-12-07;5;1
25;2025-12-07;6;41
25;2025-12-07;7;99
25;2025-12-07;8;192
25;2025-12-07;9;211
25;2025-12-07;10;237
25;2025-12-07;11;296
25;2025-12-07;12;354
25;2025-12-07;13;465
25;2025-12-07;14;508
25;2025-12-07;15;624
25;2025-12-07;16;518
25;2025-12-07;17;469
25;2025-12-07;18;426
25;2025-12-07;19;371
25;2025-12-07;20;248
25;2025-12-07;21;198
25;2025-12-07;22;115
25;2025-12-07;23;43
25;2025-12-08;0;8
25;2025-12-08;1;0
25;2025-12-08;2;0
25;2025-12-08;3;0
25;2025-12-08;4;0
25;2025-12-08;5;2
25;2025-12-08;6;153
25;2025-12-08;7;547
25;2025-12-08;8;878
25;2025-12-08;9;472
25;2025-12-08;10;325
25;2025-12-08;11;387
25;2025-12-08;12;378
25;2025-12-08;13;494
25;2025-12-08;14;386
25;2025-12-08;15;490
25;2025-12-08;16;648
25;2025-12-08;17;710
25;2025-12-08;18;779
25;2025-12-08;19;474
25;2025-12-08;20;296
25;2025-12-08;21;199
25;2025-12-08;22;107
25;2025-12-08;23;5
25;2025-12-09;0;0
25;2025-12-09;1;0
25;2025-12-09;2;0
25;2025-12-09;3;0
25;2025-12-09;4;0
25;2025-12-09;5;2
25;2025-12-09;6;157
25;2025-12-09;7;530
25;2025-12-09;8;880
25;2025-12-09;9;489
25;2025-12-09;10;370
25;2025-12-09;11;416
25;2025-12-09;12;362
25;2025-12-09;13;457
25;2025-12-09;14;446
25;2025-12-09;15;504
25;2025-12-09;16;643
25;2025-12-09;17;697
25;2025-12-09;18;765
25;2025-12-09;19;477
25;2025-12-09;20;302
25;2025-12-09;21;199
25;2025-12-09;22;109
25;2025-12-09;23;7
25;2025-12-10;0;0
25;2025-12-10;1;0
25;2025-12-10;2;0
25;2025-12-10;3;0
25;2025-12-10;4;0
25;2025-12-10;5;3
25;2025-12-10;6;161
25;2025-12-10;7;526
25;2025-12-10;8;900
25;2025-12-10;9;468
25;2025-12-10;10;340
25;2025-12-10;11;407
25;2025-12-10;12;419
25;2025-12-10;13;537
25;2025-12-10;14;431
25;2025-12-10;15;517
25;2025-12-10;16;659
25;2025-12-10;17;714
25;2025-12-10;18;798
25;2025-12-10;19;486
25;2025-12-10;20;335
25;2025-12-10;21;208
25;2025-12-10;22;116
25;2025-12-10;23;5
25;2025-12-11;0;0
25;2025-12-11;1;0
25;2025-12-11;2;0
25;2025-12-11;3;0
25;2025-12-11;4;0
25;2025-12-11;5;4
25;2025-12-11;6;150
25;2025-12-11;7;531
25;2025-12-11;8;925
25;2025-12-11;9;461
25;2025-12-11;10;372
25;2025-12-11;11;404
25;2025-12-11;12;391
25;2025-12-11;13;510
25;2025-12-11;14;458
25;2025-12-11;15;552
25;2025-12-11;16;649
25;2025-12-11;17;748
25;2025-12-11;18;779
25;2025-12-11;19;503
25;2025-12-11;20;302
25;2025-12-11;21;206
25;2025-12-11;22;118
25;2025-12-11;23;6
25;2025-12-12;0;0
25;2025-12-12;1;0
25;2025-12-12;2;0
25;2025-12-12;3;0
25;2025-12-12;4;0
25;2025-12-12;5;2
25;2025-12-12;6;151
25;2025-12-12;7;525
25;2025-12-12;8;831
25;2025-12-12;9;437
25;2025-12-12;10;344
25;2025-12-12;11;424
25;2025-12-12;12;423
25;2025-12-12;13;529
25;2025-12-12;14;502
25;2025-12-12;15;594
25;2025-12-12;16;733
25;2025-12-12;17;752
25;2025-12-12;18;653
25;2025-12-12;19;454
25;2025-12-12;20;302
25;2025-12-12;21;209
25;2025-12-12;22;135
25;2025-12-12;23;6
25;2025-12-13;0;0
25;2025-12-13;1;0
25;2025-12-13;2;0
25;2025-12-13;3;0
25;2025-12-13;4;0
25;2025-12-13;5;0
25;2025-12-13;6;54
25;2025-12-13;7;148
25;2025-12-13;8;347
25;2025-12-13;9;316
25;2025-12-13;10;302
25;2025-12-13;11;447
25;2025-12-13;12;437
25;2025-12-13;13;554
25;2025-12-13;14;613
25;2025-12-13;15;699
25;2025-12-13;16;614
25;2025-12-13;17;525
25;2025-12-13;18;513
25;2025-12-13;19;468
25;2025-12-13;20;298
25;2025-12-13;21;224
25;2025-12-13;22;148
25;2025-12-13;23;56
25;2025-12-14;0;11
25;2025-12-14;1;0
25;2025-12-14;2;0
25;2025-12-14;3;0
25;2025-12-14;4;0
25;2025-12-14;5;1
25;2025-12-14;6;41
25;2025-12-14;7;99
25;2025-12-14;8;192
25;2025-12-14;9;211
25;2025-12-14;10;237
25;2025-12-14;11;296
25;2025-12-14;12;354
25;2025-12-14;13;465
25;2025-12-14;14;508
25;2025-12-14;15;624
25;2025-12-14;16;518
25;2025-12-14;17;469
25;2025-12-14;18;426
25;2025-12-14;19;371
25;2025-12-14;20;248
25;2025-12-14;21;198
25;2025-12-14;22;115
25;2025-12-14;23;43
25;2025-12-15;0;8
25;2025-12-15;1;0
25;2025-12-15;2;0
25;2025-12-15;3;0
25;2025-12-15;4;0
25;2025-12-15;5;2
25;2025-12-15;6;153
25;2025-12-15;7;547
25;2025-12-15;8;878
25;2025-12-15;9;472
25;2025-12-15;10;325
25;2025-12-15;11;387
25;2025-12-15;12;378
25;2025-12-15;13;494
25;2025-12-15;14;386
25;2025-12-15;15;490
25;2025-12-15;16;648
25;2025-12-15;17;710
25;2025-12-15;18;779
25;2025-12-15;19;474
25;2025-12-15;20;296
25;2025-12-15;21;199
25;2025-12-15;22;107
25;2025-12-15;23;5
25;2025-12-16;0;0
25;2025-12-16;1;0
25;2025-12-16;2;0
25;2025-12-16;3;0
25;2025-12-16;4;0
25;2025-12-16;5;2
25;2025-12-16;6;157
25;2025-12-16;7;530
25;2025-12-16;8;880
25;2025-12-16;9;489
25;2025-12-16;10;371
25;2025-12-16;11;416
25;2025-12-16;12;362
25;2025-12-16;13;457
25;2025-12-16;14;446
25;2025-12-16;15;504
25;2025-12-16;16;643
25;2025-12-16;17;697
25;2025-12-16;18;765
25;2025-12-16;19;477
25;2025-12-16;20;302
25;2025-12-16;21;199
25;2025-12-16;22;109
25;2025-12-16;23;7
25;2025-12-17;0;0
25;2025-12-17;1;0
25;2025-12-17;2;0
25;2025-12-17;3;0
25;2025-12-17;4;0
25;2025-12-17;5;3
25;2025-12-17;6;161
25;2025-12-17;7;526
25;2025-12-17;8;899
25;2025-12-17;9;468
25;2025-12-17;10;340
25;2025-12-17;11;407
25;2025-12-17;12;419
25;2025-12-17;13;537
25;2025-12-17;14;431
25;2025-12-17;15;517
25;2025-12-17;16;659
25;2025-12-17;17;714
25;2025-12-17;18;798
25;2025-12-17;19;486
25;2025-12-17;20;335
25;2025-12-17;21;208
25;2025-12-17;22;116
25;2025-12-17;23;5
25;2025-12-18;0;0
25;2025-12-18;1;0
25;2025-12-18;2;0
25;2025-12-18;3;0
25;2025-12-18;4;0
25;2025-12-18;5;4
25;2025-12-18;6;150
25;2025-12-18;7;531
25;2025-12-18;8;925
25;2025-12-18;9;460
25;2025-12-18;10;372
25;2025-12-18;11;404
25;2025-12-18;12;391
25;2025-12-18;13;510
25;2025-12-18;14;458
25;2025-12-18;15;552
25;2025-12-18;16;649
25;2025-12-18;17;748
25;2025-12-18;18;779
25;2025-12-18;19;503
25;2025-12-18;20;302
25;2025-12-18;21;206
25;2025-12-18;22;118
25;2025-12-18;23;6
25;2025-12-19;0;0
25;2025-12-19;1;0
25;2025-12-19;2;0
25;2025-12-19;3;0
25;2025-12-19;4;0
25;2025-12-19;5;1
25;2025-12-19;6;150
25;2025-12-19;7;524
25;2025-12-19;8;830
25;2025-12-19;9;435
25;2025-12-19;10;342
25;2025-12-19;11;423
25;2025-12-19;12;422
25;2025-12-19;13;529
25;2025-12-19;14;502
25;2025-12-19;15;594
25;2025-12-19;16;733
25;2025-12-19;17;752
25;2025-12-19;18;653
25;2025-12-19;19;454
25;2025-12-19;20;302
25;2025-12-19;21;209
25;2025-12-19;22;135
25;2025-12-19;23;6
25;2025-12-20;0;0
25;2025-12-20;1;0
25;2025-12-20;2;0
25;2025-12-20;3;0
25;2025-12-20;4;0
25;2025-12-20;5;0
25;2025-12-20;6;54
25;2025-12-20;7;148
25;2025-12-20;8;347
25;2025-12-20;9;316
25;2025-12-20;10;302
25;2025-12-20;11;447
25;2025-12-20;12;437
25;2025-12-20;13;554
25;2025-12-20;14;613
25;2025-12-20;15;699
25;2025-12-20;16;614
25;2025-12-20;17;525
25;2025-12-20;18;513
25;2025-12-20;19;468
25;2025-12-20;20;298
25;2025-12-20;21;224
25;2025-12-20;22;148
25;2025-12-20;23;56
25;2025-12-21;0;12
25;2025-12-21;1;0
25;2025-12-21;2;0
25;2025-12-21;3;0
25;2025-12-21;4;0
25;2025-12-21;5;1
25;2025-12-21;6;41
25;2025-12-21;7;99
25;2025-12-21;8;192
25;2025-12-21;9;211
25;2025-12-21;10;237
25;2025-12-21;11;296
25;2025-12-21;12;354
25;2025-12-21;13;465
25;2025-12-21;14;508
25;2025-12-21;15;624
25;2025-12-21;16;518
25;2025-12-21;17;469
25;2025-12-21;18;426
25;2025-12-21;19;371
25;2025-12-21;20;248
25;2025-12-21;21;198
25;2025-12-21;22;115
25;2025-12-21;23;43
25;2025-12-22;0;8
25;2025-12-22;1;0
25;2025-12-22;2;0
25;2025-12-22;3;0
25;2025-12-22;4;0
25;2025-12-22;5;2
25;2025-12-22;6;153
25;2025-12-22;7;547
25;2025-12-22;8;878
25;2025-12-22;9;472
25;2025-12-22;10;325
25;2025-12-22;11;387
25;2025-12-22;12;378
25;2025-12-22;13;494
25;2025-12-22;14;386
25;2025-12-22;15;490
25;2025-12-22;16;648
25;2025-12-22;17;710
25;2025-12-22;18;779
25;2025-12-22;19;474
25;2025-12-22;20;296
25;2025-12-22;21;199
25;2025-12-22;22;107
25;2025-12-22;23;5
25;2025-12-23;0;0
25;2025-12-23;1;0
25;2025-12-23;2;0
25;2025-12-23;3;0
25;2025-12-23;4;0
25;2025-12-23;5;2
25;2025-12-23;6;157
25;2025-12-23;7;530
25;2025-12-23;8;880
25;2025-12-23;9;489
25;2025-12-23;10;370
25;2025-12-23;11;416
25;2025-12-23;12;362
25;2025-12-23;13;457
25;2025-12-23;14;446
25;2025-12-23;15;504
25;2025-12-23;16;643
25;2025-12-23;17;697
25;2025-12-23;18;765
25;2025-12-23;19;477
25;2025-12-23;20;302
25;2025-12-23;21;199
25;2025-12-23;22;109
25;2025-12-23;23;7
25;2025-12-24;0;0
25;2025-12-24;1;0
25;2025-12-24;2;0
25;2025-12-24;3;0
25;2025-12-24;4;0
25;2025-12-24;5;3
25;2025-12-24;6;161
25;2025-12-24;7;526
25;2025-12-24;8;899
25;2025-12-24;9;468
25;2025-12-24;10;340
25;2025-12-24;11;407
25;2025-12-24;12;419
25;2025-12-24;13;537
25;2025-12-24;14;431
25;2025-12-24;15;517
25;2025-12-24;16;659
25;2025-12-24;17;714
25;2025-12-24;18;798
25;2025-12-24;19;486
25;2025-12-24;20;335
25;2025-12-24;21;208
25;2025-12-24;22;116
25;2025-12-24;23;5
25;2025-12-25;0;0
25;2025-12-25;1;0
25;2025-12-25;2;0
25;2025-12-25;3;0
25;2025-12-25;4;0
25;2025-12-25;5;4
25;2025-12-25;6;150
25;2025-12-25;7;531
25;2025-12-25;8;925
25;2025-12-25;9;460
25;2025-12-25;10;372
25;2025-12-25;11;404
25;2025-12-25;12;391
25;2025-12-25;13;510
25;2025-12-25;14;458
25;2025-12-25;15;552
25;2025-12-25;16;649
25;2025-12-25;17;747
25;2025-12-25;18;779
25;2025-12-25;19;503
25;2025-12-25;20;302
25;2025-12-25;21;206
25;2025-12-25;22;118
25;2025-12-25;23;6
25;2025-12-26;0;0
25;2025-12-26;1;0
25;2025-12-26;2;0
25;2025-12-26;3;0
25;2025-12-26;4;0
25;2025-12-26;5;1
25;2025-12-26;6;150
25;2025-12-26;7;525
25;2025-12-26;8;830
25;2025-12-26;9;436
25;2025-12-26;10;342
25;2025-12-26;11;423
25;2025-12-26;12;422
25;2025-12-26;13;529
25;2025-12-26;14;502
25;2025-12-26;15;594
25;2025-12-26;16;733
25;2025-12-26;17;752
25;2025-12-26;18;653
25;2025-12-26;19;454
25;2025-12-26;20;302
25;2025-12-26;21;209
25;2025-12-26;22;135
25;2025-12-26;23;6
25;2025-12-27;0;0
25;2025-12-27;1;0
25;2025-12-27;2;0
25;2025-12-27;3;0
25;2025-12-27;4;0
25;2025-12-27;5;0
25;2025-12-27;6;54
25;2025-12-27;7;148
25;2025-12-27;8;347
25;2025-12-27;9;316
25;2025-12-27;10;302
25;2025-12-27;11;447
25;2025-12-27;12;437
25;2025-12-27;13;554
25;2025-12-27;14;613
25;2025-12-27;15;699
25;2025-12-27;16;614
25;2025-12-27;17;525
25;2025-12-27;18;513
25;2025-12-27;19;468
25;2025-12-27;20;298
25;2025-12-27;21;224
25;2025-12-27;22;148
25;2025-12-27;23;56
25;2025-12-28;0;11
25;2025-12-28;1;0
25;2025-12-28;2;0
25;2025-12-28;3;0
25;2025-12-28;4;0
25;2025-12-28;5;1
25;2025-12-28;6;41
25;2025-12-28;7;99
25;2025-12-28;8;192
25;2025-12-28;9;211
25;2025-12-28;10;237
25;2025-12-28;11;296
25;2025-12-28;12;354
25;2025-12-28;13;465
25;2025-12-28;14;507
25;2025-12-28;15;624
25;2025-12-28;16;518
25;2025-12-28;17;469
25;2025-12-28;18;426
25;2025-12-28;19;371
25;2025-12-28;20;248
25;2025-12-28;21;198
25;2025-12-28;22;115
25;2025-12-28;23;43
25;2025-12-29;0;8
25;2025-12-29;1;0
25;2025-12-29;2;0
25;2025-12-29;3;0
25;2025-12-29;4;0
25;2025-12-29;5;2
25;2025-12-29;6;153
25;2025-12-29;7;547
25;2025-12-29;8;878
25;2025-12-29;9;472
25;2025-12-29;10;325
25;2025-12-29;11;387
25;2025-12-29;12;378
25;2025-12-29;13;494
25;2025-12-29;14;386
25;2025-12-29;15;490
25;2025-12-29;16;648
25;2025-12-29;17;710
25;2025-12-29;18;779
25;2025-12-29;19;474
25;2025-12-29;20;296
25;2025-12-29;21;199
25;2025-12-29;22;107
25;2025-12-29;23;5
25;2025-12-30;0;0
25;2025-12-30;1;0
25;2025-12-30;2;0
25;2025-12-30;3;0
25;2025-12-30;4;0
25;2025-12-30;5;2
25;2025-12-30;6;157
25;2025-12-30;7;530
25;2025-12-30;8;881
25;2025-12-30;9;489
25;2025-12-30;10;371
25;2025-12-30;11;416
25;2025-12-30;12;362
25;2025-12-30;13;457
25;2025-12-30;14;446
25;2025-12-30;15;504
25;2025-12-30;16;643
25;2025-12-30;17;697
25;2025-12-30;18;765
25;2025-12-30;19;477
25;2025-12-30;20;302
25;2025-12-30;21;199
25;2025-12-30;22;109
25;2025-12-30;23;7
25;2025-12-31;0;11
25;2025-12-31;1;0
25;2025-12-31;2;0
25;2025-12-31;3;0
25;2025-12-31;4;0
25;2025-12-31;5;1
25;2025-12-31;6;41
25;2025-12-31;7;99
25;2025-12-31;8;192
25;2025-12-31;9;211
25;2025-12-31;10;237
25;2025-12-31;11;296
25;2025-12-31;12;354
25;2025-12-31;13;465
25;2025-12-31;14;508
25;2025-12-31;15;624
25;2025-12-31;16;518
25;2025-12-31;17;469
25;2025-12-31;18;426
25;2025-12-31;19;371
25;2025-12-31;20;248
25;2025-12-31;21;198
25;2025-12-31;22;115
25;2025-12-31;23;43
26;2025-11-01;0;33
26;2025-11-01;1;2
26;2025-11-01;2;0
26;2025-11-01;3;0
26;2025-11-01;4;1
26;2025-11-01;5;88
26;2025-11-01;6;514
26;2025-11-01;7;1093
26;2025-11-01;8;2129
26;2025-11-01;9;1428
26;2025-11-01;10;1246
26;2025-11-01;11;1113
26;2025-11-01;12;1161
26;2025-11-01;13;1226
26;2025-11-01;14;1278
26;2025-11-01;15;1431
26;2025-11-01;16;1673
26;2025-11-01;17;1732
26;2025-11-01;18;1484
26;2025-11-01;19;1145
26;2025-11-01;20;780
26;2025-11-01;21;468
26;2025-11-01;22;234
26;2025-11-01;23;163
26;2025-11-02;0;45
26;2025-11-02;1;4
26;2025-11-02;2;0
26;2025-11-02;3;0
26;2025-11-02;4;2
26;2025-11-02;5;32
26;2025-11-02;6;162
26;2025-11-02;7;251
26;2025-11-02;8;351
26;2025-11-02;9;494
26;2025-11-02;10;563
26;2025-11-02;11;739
26;2025-11-02;12;786
26;2025-11-02;13;836
26;2025-11-02;14;802
26;2025-11-02;15;751
26;2025-11-02;16;727
26;2025-11-02;17;720
26;2025-11-02;18;672
26;2025-11-02;19;572
26;2025-11-02;20;407
26;2025-11-02;21;278
26;2025-11-02;22;190
26;2025-11-02;23;101
26;2025-11-03;0;41
26;2025-11-03;1;3
26;2025-11-03;2;0
26;2025-11-03;3;0
26;2025-11-03;4;1
26;2025-11-03;5;29
26;2025-11-03;6;155
26;2025-11-03;7;240
26;2025-11-03;8;341
26;2025-11-03;9;482
26;2025-11-03;10;547
26;2025-11-03;11;724
26;2025-11-03;12;768
26;2025-11-03;13;818
26;2025-11-03;14;780
26;2025-11-03;15;732
26;2025-11-03;16;719
26;2025-11-03;17;713
26;2025-11-03;18;666
26;2025-11-03;19;568
26;2025-11-03;20;406
26;2025-11-03;21;277
26;2025-11-03;22;190
26;2025-11-03;23;103
26;2025-11-04;0;44
26;2025-11-04;1;4
26;2025-11-04;2;0
26;2025-11-04;3;0
26;2025-11-04;4;1
26;2025-11-04;5;31
26;2025-11-04;6;161
26;2025-11-04;7;252
26;2025-11-04;8;353
26;2025-11-04;9;495
26;2025-11-04;10;560
26;2025-11-04;11;737
26;2025-11-04;12;781
26;2025-11-04;13;828
26;2025-11-04;14;790
26;2025-11-04;15;740
26;2025-11-04;16;721
26;2025-11-04;17;715
26;2025-11-04;18;668
26;2025-11-04;19;570
26;2025-11-04;20;408
26;2025-11-04;21;279
26;2025-11-04;22;192
26;2025-11-04;23;104
26;2025-11-05;0;31
26;2025-11-05;1;1
26;2025-11-05;2;0
26;2025-11-05;3;0
26;2025-11-05;4;1
26;2025-11-05;5;93
26;2025-11-05;6;530
26;2025-11-05;7;1126
26;2025-11-05;8;2276
26;2025-11-05;9;1523
26;2025-11-05;10;1255
26;2025-11-05;11;1134
26;2025-11-05;12;1178
26;2025-11-05;13;1200
26;2025-11-05;14;1318
26;2025-11-05;15;1375
26;2025-11-05;16;1525
26;2025-11-05;17;1675
26;2025-11-05;18;1868
26;2025-11-05;19;1245
26;2025-11-05;20;802
26;2025-11-05;21;505
26;2025-11-05;22;236
26;2025-11-05;23;122
26;2025-11-06;0;34
26;2025-11-06;1;1
26;2025-11-06;2;0
26;2025-11-06;3;0
26;2025-11-06;4;0
26;2025-11-06;5;87
26;2025-11-06;6;495
26;2025-11-06;7;1110
26;2025-11-06;8;2229
26;2025-11-06;9;1534
26;2025-11-06;10;1223
26;2025-11-06;11;1184
26;2025-11-06;12;1151
26;2025-11-06;13;1190
26;2025-11-06;14;1248
26;2025-11-06;15;1366
26;2025-11-06;16;1531
26;2025-11-06;17;1747
26;2025-11-06;18;1962
26;2025-11-06;19;1307
26;2025-11-06;20;802
26;2025-11-06;21;479
26;2025-11-06;22;240
26;2025-11-06;23;131
26;2025-11-07;0;33
26;2025-11-07;1;2
26;2025-11-07;2;0
26;2025-11-07;3;0
26;2025-11-07;4;1
26;2025-11-07;5;89
26;2025-11-07;6;512
26;2025-11-07;7;1093
26;2025-11-07;8;2128
26;2025-11-07;9;1426
26;2025-11-07;10;1243
26;2025-11-07;11;1109
26;2025-11-07;12;1157
26;2025-11-07;13;1221
26;2025-11-07;14;1271
26;2025-11-07;15;1428
26;2025-11-07;16;1670
26;2025-11-07;17;1729
26;2025-11-07;18;1479
26;2025-11-07;19;1140
26;2025-11-07;20;773
26;2025-11-07;21;462
26;2025-11-07;22;227
26;2025-11-07;23;157
26;2025-11-08;0;46
26;2025-11-08;1;1
26;2025-11-08;2;0
26;2025-11-08;3;0
26;2025-11-08;4;1
26;2025-11-08;5;48
26;2025-11-08;6;253
26;2025-11-08;7;377
26;2025-11-08;8;620
26;2025-11-08;9;701
26;2025-11-08;10;837
26;2025-11-08;11;1001
26;2025-11-08;12;1042
26;2025-11-08;13;1022
26;2025-11-08;14;1067
26;2025-11-08;15;960
26;2025-11-08;16;1008
26;2025-11-08;17;922
26;2025-11-08;18;876
26;2025-11-08;19;809
26;2025-11-08;20;529
26;2025-11-08;21;362
26;2025-11-08;22;222
26;2025-11-08;23;147
26;2025-11-09;0;45
26;2025-11-09;1;4
26;2025-11-09;2;0
26;2025-11-09;3;0
26;2025-11-09;4;1
26;2025-11-09;5;31
26;2025-11-09;6;161
26;2025-11-09;7;256
26;2025-11-09;8;357
26;2025-11-09;9;501
26;2025-11-09;10;564
26;2025-11-09;11;737
26;2025-11-09;12;780
26;2025-11-09;13;827
26;2025-11-09;14;789
26;2025-11-09;15;737
26;2025-11-09;16;719
26;2025-11-09;17;712
26;2025-11-09;18;663
26;2025-11-09;19;564
26;2025-11-09;20;402
26;2025-11-09;21;274
26;2025-11-09;22;189
26;2025-11-09;23;100
26;2025-11-10;0;26
26;2025-11-10;1;2
26;2025-11-10;2;0
26;2025-11-10;3;0
26;2025-11-10;4;1
26;2025-11-10;5;91
26;2025-11-10;6;509
26;2025-11-10;7;1120
26;2025-11-10;8;2131
26;2025-11-10;9;1482
26;2025-11-10;10;1212
26;2025-11-10;11;1077
26;2025-11-10;12;1099
26;2025-11-10;13;1168
26;2025-11-10;14;1218
26;2025-11-10;15;1318
26;2025-11-10;16;1498
26;2025-11-10;17;1696
26;2025-11-10;18;1944
26;2025-11-10;19;1282
26;2025-11-10;20;780
26;2025-11-10;21;459
26;2025-11-10;22;209
26;2025-11-10;23;98
26;2025-11-11;0;27
26;2025-11-11;1;1
26;2025-11-11;2;0
26;2025-11-11;3;0
26;2025-11-11;4;1
26;2025-11-11;5;86
26;2025-11-11;6;519
26;2025-11-11;7;1129
26;2025-11-11;8;2302
26;2025-11-11;9;1503
26;2025-11-11;10;1228
26;2025-11-11;11;1099
26;2025-11-11;12;1175
26;2025-11-11;13;1191
26;2025-11-11;14;1222
26;2025-11-11;15;1321
26;2025-11-11;16;1539
26;2025-11-11;17;1775
26;2025-11-11;18;1922
26;2025-11-11;19;1365
26;2025-11-11;20;811
26;2025-11-11;21;467
26;2025-11-11;22;235
26;2025-11-11;23;111
26;2025-11-12;0;29
26;2025-11-12;1;1
26;2025-11-12;2;0
26;2025-11-12;3;0
26;2025-11-12;4;1
26;2025-11-12;5;90
26;2025-11-12;6;523
26;2025-11-12;7;1118
26;2025-11-12;8;2268
26;2025-11-12;9;1518
26;2025-11-12;10;1247
26;2025-11-12;11;1124
26;2025-11-12;12;1165
26;2025-11-12;13;1188
26;2025-11-12;14;1306
26;2025-11-12;15;1362
26;2025-11-12;16;1513
26;2025-11-12;17;1663
26;2025-11-12;18;1856
26;2025-11-12;19;1239
26;2025-11-12;20;797
26;2025-11-12;21;507
26;2025-11-12;22;239
26;2025-11-12;23;124
26;2025-11-13;0;35
26;2025-11-13;1;1
26;2025-11-13;2;0
26;2025-11-13;3;0
26;2025-11-13;4;1
26;2025-11-13;5;89
26;2025-11-13;6;497
26;2025-11-13;7;1107
26;2025-11-13;8;2229
26;2025-11-13;9;1532
26;2025-11-13;10;1221
26;2025-11-13;11;1179
26;2025-11-13;12;1145
26;2025-11-13;13;1186
26;2025-11-13;14;1245
26;2025-11-13;15;1360
26;2025-11-13;16;1524
26;2025-11-13;17;1740
26;2025-11-13;18;1954
26;2025-11-13;19;1302
26;2025-11-13;20;799
26;2025-11-13;21;476
26;2025-11-13;22;237
26;2025-11-13;23;127
26;2025-11-14;0;31
26;2025-11-14;1;2
26;2025-11-14;2;0
26;2025-11-14;3;0
26;2025-11-14;4;1
26;2025-11-14;5;86
26;2025-11-14;6;507
26;2025-11-14;7;1080
26;2025-11-14;8;2117
26;2025-11-14;9;1416
26;2025-11-14;10;1234
26;2025-11-14;11;1101
26;2025-11-14;12;1150
26;2025-11-14;13;1216
26;2025-11-14;14;1267
26;2025-11-14;15;1421
26;2025-11-14;16;1663
26;2025-11-14;17;1722
26;2025-11-14;18;1475
26;2025-11-14;19;1137
26;2025-11-14;20;771
26;2025-11-14;21;459
26;2025-11-14;22;224
26;2025-11-14;23;154
26;2025-11-15;0;46
26;2025-11-15;1;2
26;2025-11-15;2;0
26;2025-11-15;3;0
26;2025-11-15;4;2
26;2025-11-15;5;46
26;2025-11-15;6;253
26;2025-11-15;7;370
26;2025-11-15;8;611
26;2025-11-15;9;693
26;2025-11-15;10;829
26;2025-11-15;11;991
26;2025-11-15;12;1033
26;2025-11-15;13;1007
26;2025-11-15;14;1051
26;2025-11-15;15;945
26;2025-11-15;16;990
26;2025-11-15;17;904
26;2025-11-15;18;860
26;2025-11-15;19;800
26;2025-11-15;20;522
26;2025-11-15;21;356
26;2025-11-15;22;217
26;2025-11-15;23;142
26;2025-11-16;0;43
26;2025-11-16;1;4
26;2025-11-16;2;0
26;2025-11-16;3;0
26;2025-11-16;4;2
26;2025-11-16;5;30
26;2025-11-16;6;159
26;2025-11-16;7;249
26;2025-11-16;8;348
26;2025-11-16;9;488
26;2025-11-16;10;553
26;2025-11-16;11;730
26;2025-11-16;12;777
26;2025-11-16;13;824
26;2025-11-16;14;782
26;2025-11-16;15;730
26;2025-11-16;16;712
26;2025-11-16;17;705
26;2025-11-16;18;658
26;2025-11-16;19;563
26;2025-11-16;20;401
26;2025-11-16;21;273
26;2025-11-16;22;186
26;2025-11-16;23;99
26;2025-11-17;0;26
26;2025-11-17;1;2
26;2025-11-17;2;0
26;2025-11-17;3;0
26;2025-11-17;4;1
26;2025-11-17;5;89
26;2025-11-17;6;504
26;2025-11-17;7;1116
26;2025-11-17;8;2126
26;2025-11-17;9;1478
26;2025-11-17;10;1207
26;2025-11-17;11;1073
26;2025-11-17;12;1095
26;2025-11-17;13;1164
26;2025-11-17;14;1214
26;2025-11-17;15;1314
26;2025-11-17;16;1494
26;2025-11-17;17;1691
26;2025-11-17;18;1940
26;2025-11-17;19;1278
26;2025-11-17;20;776
26;2025-11-17;21;454
26;2025-11-17;22;204
26;2025-11-17;23;96
26;2025-11-18;0;27
26;2025-11-18;1;1
26;2025-11-18;2;0
26;2025-11-18;3;0
26;2025-11-18;4;1
26;2025-11-18;5;85
26;2025-11-18;6;519
26;2025-11-18;7;1135
26;2025-11-18;8;2308
26;2025-11-18;9;1513
26;2025-11-18;10;1238
26;2025-11-18;11;1107
26;2025-11-18;12;1181
26;2025-11-18;13;1196
26;2025-11-18;14;1228
26;2025-11-18;15;1324
26;2025-11-18;16;1537
26;2025-11-18;17;1768
26;2025-11-18;18;1915
26;2025-11-18;19;1360
26;2025-11-18;20;806
26;2025-11-18;21;462
26;2025-11-18;22;230
26;2025-11-18;23;107
26;2025-11-19;0;26
26;2025-11-19;1;1
26;2025-11-19;2;0
26;2025-11-19;3;0
26;2025-11-19;4;1
26;2025-11-19;5;90
26;2025-11-19;6;523
26;2025-11-19;7;1118
26;2025-11-19;8;2268
26;2025-11-19;9;1518
26;2025-11-19;10;1246
26;2025-11-19;11;1124
26;2025-11-19;12;1163
26;2025-11-19;13;1186
26;2025-11-19;14;1304
26;2025-11-19;15;1364
26;2025-11-19;16;1515
26;2025-11-19;17;1664
26;2025-11-19;18;1858
26;2025-11-19;19;1243
26;2025-11-19;20;797
26;2025-11-19;21;506
26;2025-11-19;22;234
26;2025-11-19;23;120
26;2025-11-20;0;33
26;2025-11-20;1;1
26;2025-11-20;2;0
26;2025-11-20;3;0
26;2025-11-20;4;1
26;2025-11-20;5;88
26;2025-11-20;6;492
26;2025-11-20;7;1105
26;2025-11-20;8;2225
26;2025-11-20;9;1529
26;2025-11-20;10;1217
26;2025-11-20;11;1174
26;2025-11-20;12;1140
26;2025-11-20;13;1180
26;2025-11-20;14;1237
26;2025-11-20;15;1355
26;2025-11-20;16;1521
26;2025-11-20;17;1737
26;2025-11-20;18;1951
26;2025-11-20;19;1302
26;2025-11-20;20;797
26;2025-11-20;21;474
26;2025-11-20;22;235
26;2025-11-20;23;127
26;2025-11-21;0;31
26;2025-11-21;1;2
26;2025-11-21;2;0
26;2025-11-21;3;0
26;2025-11-21;4;1
26;2025-11-21;5;86
26;2025-11-21;6;506
26;2025-11-21;7;1077
26;2025-11-21;8;2113
26;2025-11-21;9;1411
26;2025-11-21;10;1228
26;2025-11-21;11;1095
26;2025-11-21;12;1146
26;2025-11-21;13;1210
26;2025-11-21;14;1260
26;2025-11-21;15;1415
26;2025-11-21;16;1657
26;2025-11-21;17;1715
26;2025-11-21;18;1469
26;2025-11-21;19;1135
26;2025-11-21;20;771
26;2025-11-21;21;460
26;2025-11-21;22;227
26;2025-11-21;23;157
26;2025-11-22;0;45
26;2025-11-22;1;2
26;2025-11-22;2;0
26;2025-11-22;3;0
26;2025-11-22;4;2
26;2025-11-22;5;46
26;2025-11-22;6;253
26;2025-11-22;7;370
26;2025-11-22;8;611
26;2025-11-22;9;694
26;2025-11-22;10;829
26;2025-11-22;11;991
26;2025-11-22;12;1033
26;2025-11-22;13;1012
26;2025-11-22;14;1057
26;2025-11-22;15;950
26;2025-11-22;16;996
26;2025-11-22;17;910
26;2025-11-22;18;867
26;2025-11-22;19;807
26;2025-11-22;20;529
26;2025-11-22;21;362
26;2025-11-22;22;222
26;2025-11-22;23;147
26;2025-11-23;0;43
26;2025-11-23;1;4
26;2025-11-23;2;0
26;2025-11-23;3;0
26;2025-11-23;4;2
26;2025-11-23;5;30
26;2025-11-23;6;160
26;2025-11-23;7;250
26;2025-11-23;8;352
26;2025-11-23;9;494
26;2025-11-23;10;559
26;2025-11-23;11;735
26;2025-11-23;12;779
26;2025-11-23;13;826
26;2025-11-23;14;788
26;2025-11-23;15;736
26;2025-11-23;16;716
26;2025-11-23;17;711
26;2025-11-23;18;664
26;2025-11-23;19;568
26;2025-11-23;20;407
26;2025-11-23;21;277
26;2025-11-23;22;187
26;2025-11-23;23;99
26;2025-11-24;0;26
26;2025-11-24;1;2
26;2025-11-24;2;0
26;2025-11-24;3;0
26;2025-11-24;4;1
26;2025-11-24;5;89
26;2025-11-24;6;504
26;2025-11-24;7;1116
26;2025-11-24;8;2127
26;2025-11-24;9;1478
26;2025-11-24;10;1208
26;2025-11-24;11;1073
26;2025-11-24;12;1095
26;2025-11-24;13;1167
26;2025-11-24;14;1218
26;2025-11-24;15;1319
26;2025-11-24;16;1496
26;2025-11-24;17;1691
26;2025-11-24;18;1940
26;2025-11-24;19;1278
26;2025-11-24;20;775
26;2025-11-24;21;454
26;2025-11-24;22;204
26;2025-11-24;23;95
26;2025-11-25;0;27
26;2025-11-25;1;1
26;2025-11-25;2;0
26;2025-11-25;3;0
26;2025-11-25;4;1
26;2025-11-25;5;84
26;2025-11-25;6;515
26;2025-11-25;7;1125
26;2025-11-25;8;2298
26;2025-11-25;9;1499
26;2025-11-25;10;1223
26;2025-11-25;11;1092
26;2025-11-25;12;1170
26;2025-11-25;13;1186
26;2025-11-25;14;1217
26;2025-11-25;15;1318
26;2025-11-25;16;1536
26;2025-11-25;17;1772
26;2025-11-25;18;1919
26;2025-11-25;19;1361
26;2025-11-25;20;807
26;2025-11-25;21;464
26;2025-11-25;22;234
26;2025-11-25;23;111
26;2025-11-26;0;29
26;2025-11-26;1;1
26;2025-11-26;2;0
26;2025-11-26;3;0
26;2025-11-26;4;1
26;2025-11-26;5;92
26;2025-11-26;6;528
26;2025-11-26;7;1121
26;2025-11-26;8;2272
26;2025-11-26;9;1522
26;2025-11-26;10;1250
26;2025-11-26;11;1128
26;2025-11-26;12;1167
26;2025-11-26;13;1190
26;2025-11-26;14;1307
26;2025-11-26;15;1364
26;2025-11-26;16;1515
26;2025-11-26;17;1664
26;2025-11-26;18;1858
26;2025-11-26;19;1243
26;2025-11-26;20;801
26;2025-11-26;21;507
26;2025-11-26;22;239
26;2025-11-26;23;124
26;2025-11-27;0;35
26;2025-11-27;1;1
26;2025-11-27;2;0
26;2025-11-27;3;0
26;2025-11-27;4;1
26;2025-11-27;5;88
26;2025-11-27;6;494
26;2025-11-27;7;1104
26;2025-11-27;8;2222
26;2025-11-27;9;1528
26;2025-11-27;10;1216
26;2025-11-27;11;1172
26;2025-11-27;12;1139
26;2025-11-27;13;1179
26;2025-11-27;14;1237
26;2025-11-27;15;1354
26;2025-11-27;16;1520
26;2025-11-27;17;1738
26;2025-11-27;18;1952
26;2025-11-27;19;1301
26;2025-11-27;20;799
26;2025-11-27;21;476
26;2025-11-27;22;237
26;2025-11-27;23;129
26;2025-11-28;0;32
26;2025-11-28;1;2
26;2025-11-28;2;0
26;2025-11-28;3;0
26;2025-11-28;4;1
26;2025-11-28;5;89
26;2025-11-28;6;510
26;2025-11-28;7;1081
26;2025-11-28;8;2113
26;2025-11-28;9;1411
26;2025-11-28;10;1232
26;2025-11-28;11;1099
26;2025-11-28;12;1143
26;2025-11-28;13;1207
26;2025-11-28;14;1257
26;2025-11-28;15;1415
26;2025-11-28;16;1657
26;2025-11-28;17;1715
26;2025-11-28;18;1467
26;2025-11-28;19;1131
26;2025-11-28;20;766
26;2025-11-28;21;455
26;2025-11-28;22;224
26;2025-11-28;23;156
26;2025-11-29;0;43
26;2025-11-29;1;2
26;2025-11-29;2;0
26;2025-11-29;3;0
26;2025-11-29;4;2
26;2025-11-29;5;44
26;2025-11-29;6;253
26;2025-11-29;7;370
26;2025-11-29;8;611
26;2025-11-29;9;688
26;2025-11-29;10;824
26;2025-11-29;11;986
26;2025-11-29;12;1029
26;2025-11-29;13;1007
26;2025-11-29;14;1052
26;2025-11-29;15;945
26;2025-11-29;16;996
26;2025-11-29;17;910
26;2025-11-29;18;867
26;2025-11-29;19;807
26;2025-11-29;20;528
26;2025-11-29;21;361
26;2025-11-29;22;222
26;2025-11-29;23;147
26;2025-11-30;0;43
26;2025-11-30;1;4
26;2025-11-30;2;0
26;2025-11-30;3;0
26;2025-11-30;4;2
26;2025-11-30;5;31
26;2025-11-30;6;161
26;2025-11-30;7;251
26;2025-11-30;8;352
26;2025-11-30;9;494
26;2025-11-30;10;559
26;2025-11-30;11;735
26;2025-11-30;12;779
26;2025-11-30;13;826
26;2025-11-30;14;788
26;2025-11-30;15;736
26;2025-11-30;16;717
26;2025-11-30;17;711
26;2025-11-30;18;666
26;2025-11-30;19;570
26;2025-11-30;20;407
26;2025-11-30;21;279
26;2025-11-30;22;192
26;2025-11-30;23;102
26;2025-12-01;0;27
26;2025-12-01;1;2
26;2025-12-01;2;0
26;2025-12-01;3;0
26;2025-12-01;4;1
26;2025-12-01;5;91
26;2025-12-01;6;509
26;2025-12-01;7;1120
26;2025-12-01;8;2128
26;2025-12-01;9;1482
26;2025-12-01;10;1209
26;2025-12-01;11;1075
26;2025-12-01;12;1096
26;2025-12-01;13;1166
26;2025-12-01;14;1215
26;2025-12-01;15;1318
26;2025-12-01;16;1498
26;2025-12-01;17;1693
26;2025-12-01;18;1940
26;2025-12-01;19;1278
26;2025-12-01;20;776
26;2025-12-01;21;454
26;2025-12-01;22;204
26;2025-12-01;23;96
26;2025-12-02;0;27
26;2025-12-02;1;1
26;2025-12-02;2;0
26;2025-12-02;3;0
26;2025-12-02;4;1
26;2025-12-02;5;86
26;2025-12-02;6;519
26;2025-12-02;7;1129
26;2025-12-02;8;2302
26;2025-12-02;9;1503
26;2025-12-02;10;1228
26;2025-12-02;11;1097
26;2025-12-02;12;1170
26;2025-12-02;13;1186
26;2025-12-02;14;1217
26;2025-12-02;15;1318
26;2025-12-02;16;1536
26;2025-12-02;17;1773
26;2025-12-02;18;1919
26;2025-12-02;19;1365
26;2025-12-02;20;811
26;2025-12-02;21;467
26;2025-12-02;22;235
26;2025-12-02;23;111
26;2025-12-03;0;29
26;2025-12-03;1;1
26;2025-12-03;2;0
26;2025-12-03;3;0
26;2025-12-03;4;1
26;2025-12-03;5;92
26;2025-12-03;6;527
26;2025-12-03;7;1121
26;2025-12-03;8;2272
26;2025-12-03;9;1522
26;2025-12-03;10;1251
26;2025-12-03;11;1128
26;2025-12-03;12;1167
26;2025-12-03;13;1190
26;2025-12-03;14;1307
26;2025-12-03;15;1364
26;2025-12-03;16;1515
26;2025-12-03;17;1664
26;2025-12-03;18;1858
26;2025-12-03;19;1243
26;2025-12-03;20;801
26;2025-12-03;21;507
26;2025-12-03;22;239
26;2025-12-03;23;124
26;2025-12-04;0;35
26;2025-12-04;1;1
26;2025-12-04;2;0
26;2025-12-04;3;0
26;2025-12-04;4;1
26;2025-12-04;5;88
26;2025-12-04;6;496
26;2025-12-04;7;1107
26;2025-12-04;8;2226
26;2025-12-04;9;1530
26;2025-12-04;10;1217
26;2025-12-04;11;1174
26;2025-12-04;12;1140
26;2025-12-04;13;1180
26;2025-12-04;14;1237
26;2025-12-04;15;1355
26;2025-12-04;16;1521
26;2025-12-04;17;1737
26;2025-12-04;18;1952
26;2025-12-04;19;1303
26;2025-12-04;20;802
26;2025-12-04;21;479
26;2025-12-04;22;240
26;2025-12-04;23;131
26;2025-12-05;0;33
26;2025-12-05;1;2
26;2025-12-05;2;0
26;2025-12-05;3;0
26;2025-12-05;4;1
26;2025-12-05;5;88
26;2025-12-05;6;511
26;2025-12-05;7;1082
26;2025-12-05;8;2117
26;2025-12-05;9;1415
26;2025-12-05;10;1232
26;2025-12-05;11;1099
26;2025-12-05;12;1147
26;2025-12-05;13;1210
26;2025-12-05;14;1260
26;2025-12-05;15;1415
26;2025-12-05;16;1657
26;2025-12-05;17;1715
26;2025-12-05;18;1469
26;2025-12-05;19;1135
26;2025-12-05;20;771
26;2025-12-05;21;460
26;2025-12-05;22;227
26;2025-12-05;23;157
26;2025-12-06;0;45
26;2025-12-06;1;2
26;2025-12-06;2;0
26;2025-12-06;3;0
26;2025-12-06;4;2
26;2025-12-06;5;46
26;2025-12-06;6;253
26;2025-12-06;7;370
26;2025-12-06;8;612
26;2025-12-06;9;694
26;2025-12-06;10;829
26;2025-12-06;11;991
26;2025-12-06;12;1033
26;2025-12-06;13;1012
26;2025-12-06;14;1057
26;2025-12-06;15;950
26;2025-12-06;16;996
26;2025-12-06;17;910
26;2025-12-06;18;867
26;2025-12-06;19;807
26;2025-12-06;20;529
26;2025-12-06;21;361
26;2025-12-06;22;221
26;2025-12-06;23;144
26;2025-12-07;0;41
26;2025-12-07;1;4
26;2025-12-07;2;0
26;2025-12-07;3;0
26;2025-12-07;4;2
26;2025-12-07;5;31
26;2025-12-07;6;161
26;2025-12-07;7;251
26;2025-12-07;8;352
26;2025-12-07;9;494
26;2025-12-07;10;556
26;2025-12-07;11;734
26;2025-12-07;12;775
26;2025-12-07;13;826
26;2025-12-07;14;788
26;2025-12-07;15;736
26;2025-12-07;16;717
26;2025-12-07;17;711
26;2025-12-07;18;665
26;2025-12-07;19;569
26;2025-12-07;20;407
26;2025-12-07;21;279
26;2025-12-07;22;192
26;2025-12-07;23;102
26;2025-12-08;0;27
26;2025-12-08;1;2
26;2025-12-08;2;0
26;2025-12-08;3;0
26;2025-12-08;4;1
26;2025-12-08;5;91
26;2025-12-08;6;508
26;2025-12-08;7;1120
26;2025-12-08;8;2131
26;2025-12-08;9;1482
26;2025-12-08;10;1211
26;2025-12-08;11;1073
26;2025-12-08;12;1095
26;2025-12-08;13;1164
26;2025-12-08;14;1214
26;2025-12-08;15;1315
26;2025-12-08;16;1494
26;2025-12-08;17;1692
26;2025-12-08;18;1940
26;2025-12-08;19;1278
26;2025-12-08;20;776
26;2025-12-08;21;454
26;2025-12-08;22;204
26;2025-12-08;23;95
26;2025-12-09;0;27
26;2025-12-09;1;1
26;2025-12-09;2;0
26;2025-12-09;3;0
26;2025-12-09;4;1
26;2025-12-09;5;84
26;2025-12-09;6;514
26;2025-12-09;7;1124
26;2025-12-09;8;2297
26;2025-12-09;9;1499
26;2025-12-09;10;1223
26;2025-12-09;11;1092
26;2025-12-09;12;1166
26;2025-12-09;13;1182
26;2025-12-09;14;1213
26;2025-12-09;15;1314
26;2025-12-09;16;1532
26;2025-12-09;17;1768
26;2025-12-09;18;1915
26;2025-12-09;19;1360
26;2025-12-09;20;806
26;2025-12-09;21;462
26;2025-12-09;22;230
26;2025-12-09;23;107
26;2025-12-10;0;26
26;2025-12-10;1;1
26;2025-12-10;2;0
26;2025-12-10;3;0
26;2025-12-10;4;1
26;2025-12-10;5;90
26;2025-12-10;6;524
26;2025-12-10;7;1118
26;2025-12-10;8;2270
26;2025-12-10;9;1519
26;2025-12-10;10;1249
26;2025-12-10;11;1127
26;2025-12-10;12;1167
26;2025-12-10;13;1188
26;2025-12-10;14;1307
26;2025-12-10;15;1363
26;2025-12-10;16;1514
26;2025-12-10;17;1664
26;2025-12-10;18;1858
26;2025-12-10;19;1243
26;2025-12-10;20;801
26;2025-12-10;21;506
26;2025-12-10;22;238
26;2025-12-10;23;122
26;2025-12-11;0;33
26;2025-12-11;1;1
26;2025-12-11;2;0
26;2025-12-11;3;0
26;2025-12-11;4;1
26;2025-12-11;5;87
26;2025-12-11;6;492
26;2025-12-11;7;1103
26;2025-12-11;8;2222
26;2025-12-11;9;1526
26;2025-12-11;10;1213
26;2025-12-11;11;1170
26;2025-12-11;12;1136
26;2025-12-11;13;1176
26;2025-12-11;14;1232
26;2025-12-11;15;1351
26;2025-12-11;16;1517
26;2025-12-11;17;1733
26;2025-12-11;18;1948
26;2025-12-11;19;1298
26;2025-12-11;20;797
26;2025-12-11;21;474
26;2025-12-11;22;235
26;2025-12-11;23;127
26;2025-12-12;0;31
26;2025-12-12;1;2
26;2025-12-12;2;0
26;2025-12-12;3;0
26;2025-12-12;4;1
26;2025-12-12;5;86
26;2025-12-12;6;506
26;2025-12-12;7;1078
26;2025-12-12;8;2113
26;2025-12-12;9;1412
26;2025-12-12;10;1229
26;2025-12-12;11;1095
26;2025-12-12;12;1143
26;2025-12-12;13;1206
26;2025-12-12;14;1256
26;2025-12-12;15;1411
26;2025-12-12;16;1653
26;2025-12-12;17;1711
26;2025-12-12;18;1465
26;2025-12-12;19;1130
26;2025-12-12;20;765
26;2025-12-12;21;454
26;2025-12-12;22;222
26;2025-12-12;23;152
26;2025-12-13;0;43
26;2025-12-13;1;2
26;2025-12-13;2;0
26;2025-12-13;3;0
26;2025-12-13;4;2
26;2025-12-13;5;44
26;2025-12-13;6;246
26;2025-12-13;7;363
26;2025-12-13;8;604
26;2025-12-13;9;686
26;2025-12-13;10;822
26;2025-12-13;11;984
26;2025-12-13;12;1026
26;2025-12-13;13;1005
26;2025-12-13;14;1050
26;2025-12-13;15;943
26;2025-12-13;16;989
26;2025-12-13;17;903
26;2025-12-13;18;860
26;2025-12-13;19;800
26;2025-12-13;20;521
26;2025-12-13;21;354
26;2025-12-13;22;216
26;2025-12-13;23;141
26;2025-12-14;0;41
26;2025-12-14;1;4
26;2025-12-14;2;0
26;2025-12-14;3;0
26;2025-12-14;4;2
26;2025-12-14;5;29
26;2025-12-14;6;157
26;2025-12-14;7;245
26;2025-12-14;8;345
26;2025-12-14;9;487
26;2025-12-14;10;552
26;2025-12-14;11;727
26;2025-12-14;12;771
26;2025-12-14;13;818
26;2025-12-14;14;780
26;2025-12-14;15;729
26;2025-12-14;16;709
26;2025-12-14;17;704
26;2025-12-14;18;659
26;2025-12-14;19;563
26;2025-12-14;20;401
26;2025-12-14;21;272
26;2025-12-14;22;187
26;2025-12-14;23;99
26;2025-12-15;0;26
26;2025-12-15;1;2
26;2025-12-15;2;0
26;2025-12-15;3;0
26;2025-12-15;4;1
26;2025-12-15;5;90
26;2025-12-15;6;508
26;2025-12-15;7;1119
26;2025-12-15;8;2130
26;2025-12-15;9;1481
26;2025-12-15;10;1211
26;2025-12-15;11;1076
26;2025-12-15;12;1098
26;2025-12-15;13;1167
26;2025-12-15;14;1217
26;2025-12-15;15;1317
26;2025-12-15;16;1497
26;2025-12-15;17;1694
26;2025-12-15;18;1943
26;2025-12-15;19;1281
26;2025-12-15;20;779
26;2025-12-15;21;458
26;2025-12-15;22;208
26;2025-12-15;23;98
26;2025-12-16;0;27
26;2025-12-16;1;1
26;2025-12-16;2;0
26;2025-12-16;3;0
26;2025-12-16;4;1
26;2025-12-16;5;85
26;2025-12-16;6;518
26;2025-12-16;7;1128
26;2025-12-16;8;2301
26;2025-12-16;9;1501
26;2025-12-16;10;1223
26;2025-12-16;11;1092
26;2025-12-16;12;1166
26;2025-12-16;13;1182
26;2025-12-16;14;1213
26;2025-12-16;15;1314
26;2025-12-16;16;1532
26;2025-12-16;17;1768
26;2025-12-16;18;1915
26;2025-12-16;19;1360
26;2025-12-16;20;806
26;2025-12-16;21;462
26;2025-12-16;22;230
26;2025-12-16;23;107
26;2025-12-17;0;26
26;2025-12-17;1;1
26;2025-12-17;2;0
26;2025-12-17;3;0
26;2025-12-17;4;1
26;2025-12-17;5;90
26;2025-12-17;6;523
26;2025-12-17;7;1118
26;2025-12-17;8;2268
26;2025-12-17;9;1518
26;2025-12-17;10;1247
26;2025-12-17;11;1125
26;2025-12-17;12;1167
26;2025-12-17;13;1190
26;2025-12-17;14;1307
26;2025-12-17;15;1364
26;2025-12-17;16;1515
26;2025-12-17;17;1664
26;2025-12-17;18;1858
26;2025-12-17;19;1243
26;2025-12-17;20;801
26;2025-12-17;21;507
26;2025-12-17;22;238
26;2025-12-17;23;124
26;2025-12-18;0;33
26;2025-12-18;1;1
26;2025-12-18;2;0
26;2025-12-18;3;0
26;2025-12-18;4;1
26;2025-12-18;5;87
26;2025-12-18;6;492
26;2025-12-18;7;1103
26;2025-12-18;8;2221
26;2025-12-18;9;1525
26;2025-12-18;10;1213
26;2025-12-18;11;1170
26;2025-12-18;12;1136
26;2025-12-18;13;1176
26;2025-12-18;14;1232
26;2025-12-18;15;1351
26;2025-12-18;16;1517
26;2025-12-18;17;1733
26;2025-12-18;18;1948
26;2025-12-18;19;1298
26;2025-12-18;20;797
26;2025-12-18;21;474
26;2025-12-18;22;235
26;2025-12-18;23;127
26;2025-12-19;0;31
26;2025-12-19;1;2
26;2025-12-19;2;0
26;2025-12-19;3;0
26;2025-12-19;4;1
26;2025-12-19;5;86
26;2025-12-19;6;507
26;2025-12-19;7;1078
26;2025-12-19;8;2114
26;2025-12-19;9;1414
26;2025-12-19;10;1228
26;2025-12-19;11;1095
26;2025-12-19;12;1142
26;2025-12-19;13;1206
26;2025-12-19;14;1256
26;2025-12-19;15;1413
26;2025-12-19;16;1653
26;2025-12-19;17;1714
26;2025-12-19;18;1468
26;2025-12-19;19;1134
26;2025-12-19;20;770
26;2025-12-19;21;459
26;2025-12-19;22;226
26;2025-12-19;23;155
26;2025-12-20;0;44
26;2025-12-20;1;2
26;2025-12-20;2;0
26;2025-12-20;3;0
26;2025-12-20;4;2
26;2025-12-20;5;44
26;2025-12-20;6;248
26;2025-12-20;7;365
26;2025-12-20;8;606
26;2025-12-20;9;687
26;2025-12-20;10;824
26;2025-12-20;11;985
26;2025-12-20;12;1028
26;2025-12-20;13;1006
26;2025-12-20;14;1051
26;2025-12-20;15;949
26;2025-12-20;16;991
26;2025-12-20;17;904
26;2025-12-20;18;861
26;2025-12-20;19;801
26;2025-12-20;20;522
26;2025-12-20;21;355
26;2025-12-20;22;216
26;2025-12-20;23;142
26;2025-12-21;0;41
26;2025-12-21;1;4
26;2025-12-21;2;0
26;2025-12-21;3;0
26;2025-12-21;4;1
26;2025-12-21;5;29
26;2025-12-21;6;157
26;2025-12-21;7;246
26;2025-12-21;8;347
26;2025-12-21;9;489
26;2025-12-21;10;554
26;2025-12-21;11;729
26;2025-12-21;12;773
26;2025-12-21;13;820
26;2025-12-21;14;782
26;2025-12-21;15;736
26;2025-12-21;16;716
26;2025-12-21;17;707
26;2025-12-21;18;662
26;2025-12-21;19;569
26;2025-12-21;20;404
26;2025-12-21;21;275
26;2025-12-21;22;188
26;2025-12-21;23;99
26;2025-12-22;0;26
26;2025-12-22;1;2
26;2025-12-22;2;0
26;2025-12-22;3;0
26;2025-12-22;4;1
26;2025-12-22;5;89
26;2025-12-22;6;504
26;2025-12-22;7;1117
26;2025-12-22;8;2128
26;2025-12-22;9;1478
26;2025-12-22;10;1208
26;2025-12-22;11;1073
26;2025-12-22;12;1095
26;2025-12-22;13;1164
26;2025-12-22;14;1214
26;2025-12-22;15;1313
26;2025-12-22;16;1493
26;2025-12-22;17;1691
26;2025-12-22;18;1939
26;2025-12-22;19;1277
26;2025-12-22;20;775
26;2025-12-22;21;454
26;2025-12-22;22;204
26;2025-12-22;23;95
26;2025-12-23;0;27
26;2025-12-23;1;1
26;2025-12-23;2;0
26;2025-12-23;3;0
26;2025-12-23;4;1
26;2025-12-23;5;84
26;2025-12-23;6;514
26;2025-12-23;7;1124
26;2025-12-23;8;2297
26;2025-12-23;9;1499
26;2025-12-23;10;1223
26;2025-12-23;11;1092
26;2025-12-23;12;1166
26;2025-12-23;13;1181
26;2025-12-23;14;1213
26;2025-12-23;15;1313
26;2025-12-23;16;1532
26;2025-12-23;17;1768
26;2025-12-23;18;1915
26;2025-12-23;19;1360
26;2025-12-23;20;806
26;2025-12-23;21;462
26;2025-12-23;22;230
26;2025-12-23;23;107
26;2025-12-24;0;27
26;2025-12-24;1;1
26;2025-12-24;2;0
26;2025-12-24;3;0
26;2025-12-24;4;1
26;2025-12-24;5;91
26;2025-12-24;6;526
26;2025-12-24;7;1120
26;2025-12-24;8;2269
26;2025-12-24;9;1518
26;2025-12-24;10;1246
26;2025-12-24;11;1123
26;2025-12-24;12;1163
26;2025-12-24;13;1185
26;2025-12-24;14;1303
26;2025-12-24;15;1359
26;2025-12-24;16;1510
26;2025-12-24;17;1660
26;2025-12-24;18;1853
26;2025-12-24;19;1238
26;2025-12-24;20;796
26;2025-12-24;21;502
26;2025-12-24;22;233
26;2025-12-24;23;120
26;2025-12-25;0;33
26;2025-12-25;1;1
26;2025-12-25;2;0
26;2025-12-25;3;0
26;2025-12-25;4;1
26;2025-12-25;5;87
26;2025-12-25;6;491
26;2025-12-25;7;1102
26;2025-12-25;8;2221
26;2025-12-25;9;1525
26;2025-12-25;10;1213
26;2025-12-25;11;1169
26;2025-12-25;12;1136
26;2025-12-25;13;1175
26;2025-12-25;14;1232
26;2025-12-25;15;1351
26;2025-12-25;16;1516
26;2025-12-25;17;1732
26;2025-12-25;18;1947
26;2025-12-25;19;1298
26;2025-12-25;20;796
26;2025-12-25;21;473
26;2025-12-25;22;234
26;2025-12-25;23;127
26;2025-12-26;0;31
26;2025-12-26;1;2
26;2025-12-26;2;0
26;2025-12-26;3;0
26;2025-12-26;4;1
26;2025-12-26;5;86
26;2025-12-26;6;506
26;2025-12-26;7;1078
26;2025-12-26;8;2113
26;2025-12-26;9;1411
26;2025-12-26;10;1228
26;2025-12-26;11;1094
26;2025-12-26;12;1142
26;2025-12-26;13;1206
26;2025-12-26;14;1256
26;2025-12-26;15;1411
26;2025-12-26;16;1653
26;2025-12-26;17;1711
26;2025-12-26;18;1465
26;2025-12-26;19;1131
26;2025-12-26;20;765
26;2025-12-26;21;455
26;2025-12-26;22;222
26;2025-12-26;23;152
26;2025-12-27;0;43
26;2025-12-27;1;2
26;2025-12-27;2;0
26;2025-12-27;3;0
26;2025-12-27;4;2
26;2025-12-27;5;44
26;2025-12-27;6;247
26;2025-12-27;7;363
26;2025-12-27;8;605
26;2025-12-27;9;688
26;2025-12-27;10;823
26;2025-12-27;11;985
26;2025-12-27;12;1027
26;2025-12-27;13;1006
26;2025-12-27;14;1053
26;2025-12-27;15;949
26;2025-12-27;16;995
26;2025-12-27;17;909
26;2025-12-27;18;865
26;2025-12-27;19;801
26;2025-12-27;20;527
26;2025-12-27;21;356
26;2025-12-27;22;217
26;2025-12-27;23;142
26;2025-12-28;0;41
26;2025-12-28;1;4
26;2025-12-28;2;0
26;2025-12-28;3;0
26;2025-12-28;4;1
26;2025-12-28;5;29
26;2025-12-28;6;157
26;2025-12-28;7;246
26;2025-12-28;8;346
26;2025-12-28;9;488
26;2025-12-28;10;553
26;2025-12-28;11;729
26;2025-12-28;12;772
26;2025-12-28;13;819
26;2025-12-28;14;781
26;2025-12-28;15;734
26;2025-12-28;16;712
26;2025-12-28;17;709
26;2025-12-28;18;664
26;2025-12-28;19;568
26;2025-12-28;20;406
26;2025-12-28;21;277
26;2025-12-28;22;191
26;2025-12-28;23;101
26;2025-12-29;0;27
26;2025-12-29;1;2
26;2025-12-29;2;0
26;2025-12-29;3;0
26;2025-12-29;4;1
26;2025-12-29;5;90
26;2025-12-29;6;508
26;2025-12-29;7;1119
26;2025-12-29;8;2130
26;2025-12-29;9;1481
26;2025-12-29;10;1211
26;2025-12-29;11;1076
26;2025-12-29;12;1098
26;2025-12-29;13;1167
26;2025-12-29;14;1217
26;2025-12-29;15;1317
26;2025-12-29;16;1497
26;2025-12-29;17;1694
26;2025-12-29;18;1943
26;2025-12-29;19;1281
26;2025-12-29;20;779
26;2025-12-29;21;458
26;2025-12-29;22;208
26;2025-12-29;23;98
26;2025-12-30;0;27
26;2025-12-30;1;1
26;2025-12-30;2;0
26;2025-12-30;3;0
26;2025-12-30;4;1
26;2025-12-30;5;85
26;2025-12-30;6;518
26;2025-12-30;7;1128
26;2025-12-30;8;2301
26;2025-12-30;9;1502
26;2025-12-30;10;1223
26;2025-12-30;11;1092
26;2025-12-30;12;1166
26;2025-12-30;13;1181
26;2025-12-30;14;1213
26;2025-12-30;15;1314
26;2025-12-30;16;1533
26;2025-12-30;17;1768
26;2025-12-30;18;1915
26;2025-12-30;19;1360
26;2025-12-30;20;805
26;2025-12-30;21;462
26;2025-12-30;22;230
26;2025-12-30;23;107
26;2025-12-31;0;39
26;2025-12-31;1;3
26;2025-12-31;2;0
26;2025-12-31;3;0
26;2025-12-31;4;1
26;2025-12-31;5;28
26;2025-12-31;6;155
26;2025-12-31;7;233
26;2025-12-31;8;332
26;2025-12-31;9;472
26;2025-12-31;10;538
26;2025-12-31;11;713
26;2025-12-31;12;755
26;2025-12-31;13;801
26;2025-12-31;14;767
26;2025-12-31;15;715
26;2025-12-31;16;696
26;2025-12-31;17;690
26;2025-12-31;18;647
26;2025-12-31;19;561
26;2025-12-31;20;399
26;2025-12-31;21;271
26;2025-12-31;22;186
26;2025-12-31;23;98
28;2025-11-01;0;0
28;2025-11-01;1;0
28;2025-11-01;2;0
28;2025-11-01;3;0
28;2025-11-01;4;2
28;2025-11-01;5;80
28;2025-11-01;6;267
28;2025-11-01;7;799
28;2025-11-01;8;1161
28;2025-11-01;9;842
28;2025-11-01;10;637
28;2025-11-01;11;558
28;2025-11-01;12;703
28;2025-11-01;13;721
28;2025-11-01;14;711
28;2025-11-01;15;743
28;2025-11-01;16;990
28;2025-11-01;17;1002
28;2025-11-01;18;842
28;2025-11-01;19;639
28;2025-11-01;20;472
28;2025-11-01;21;322
28;2025-11-01;22;150
28;2025-11-01;23;20
28;2025-11-02;0;0
28;2025-11-02;1;0
28;2025-11-02;2;0
28;2025-11-02;3;0
28;2025-11-02;4;0
28;2025-11-02;5;27
28;2025-11-02;6;78
28;2025-11-02;7;147
28;2025-11-02;8;230
28;2025-11-02;9;303
28;2025-11-02;10;347
28;2025-11-02;11;370
28;2025-11-02;12;425
28;2025-11-02;13;489
28;2025-11-02;14;475
28;2025-11-02;15;484
28;2025-11-02;16;446
28;2025-11-02;17;447
28;2025-11-02;18;398
28;2025-11-02;19;347
28;2025-11-02;20;283
28;2025-11-02;21;230
28;2025-11-02;22;110
28;2025-11-02;23;11
28;2025-11-03;0;0
28;2025-11-03;1;0
28;2025-11-03;2;0
28;2025-11-03;3;0
28;2025-11-03;4;0
28;2025-11-03;5;26
28;2025-11-03;6;76
28;2025-11-03;7;145
28;2025-11-03;8;228
28;2025-11-03;9;299
28;2025-11-03;10;343
28;2025-11-03;11;365
28;2025-11-03;12;420
28;2025-11-03;13;483
28;2025-11-03;14;470
28;2025-11-03;15;479
28;2025-11-03;16;441
28;2025-11-03;17;442
28;2025-11-03;18;393
28;2025-11-03;19;342
28;2025-11-03;20;280
28;2025-11-03;21;227
28;2025-11-03;22;108
28;2025-11-03;23;10
28;2025-11-04;0;0
28;2025-11-04;1;0
28;2025-11-04;2;0
28;2025-11-04;3;0
28;2025-11-04;4;0
28;2025-11-04;5;26
28;2025-11-04;6;77
28;2025-11-04;7;146
28;2025-11-04;8;228
28;2025-11-04;9;299
28;2025-11-04;10;343
28;2025-11-04;11;365
28;2025-11-04;12;420
28;2025-11-04;13;483
28;2025-11-04;14;470
28;2025-11-04;15;479
28;2025-11-04;16;441
28;2025-11-04;17;442
28;2025-11-04;18;393
28;2025-11-04;19;342
28;2025-11-04;20;280
28;2025-11-04;21;227
28;2025-11-04;22;108
28;2025-11-04;23;10
28;2025-11-05;0;0
28;2025-11-05;1;0
28;2025-11-05;2;0
28;2025-11-05;3;0
28;2025-11-05;4;1
28;2025-11-05;5;83
28;2025-11-05;6;288
28;2025-11-05;7;797
28;2025-11-05;8;1249
28;2025-11-05;9;846
28;2025-11-05;10;651
28;2025-11-05;11;603
28;2025-11-05;12;698
28;2025-11-05;13;739
28;2025-11-05;14;691
28;2025-11-05;15;718
28;2025-11-05;16;878
28;2025-11-05;17;1029
28;2025-11-05;18;972
28;2025-11-05;19;747
28;2025-11-05;20;510
28;2025-11-05;21;322
28;2025-11-05;22;148
28;2025-11-05;23;17
28;2025-11-06;0;0
28;2025-11-06;1;0
28;2025-11-06;2;0
28;2025-11-06;3;0
28;2025-11-06;4;1
28;2025-11-06;5;77
28;2025-11-06;6;282
28;2025-11-06;7;862
28;2025-11-06;8;1298
28;2025-11-06;9;914
28;2025-11-06;10;660
28;2025-11-06;11;565
28;2025-11-06;12;723
28;2025-11-06;13;742
28;2025-11-06;14;686
28;2025-11-06;15;726
28;2025-11-06;16;863
28;2025-11-06;17;1008
28;2025-11-06;18;1045
28;2025-11-06;19;759
28;2025-11-06;20;553
28;2025-11-06;21;333
28;2025-11-06;22;146
28;2025-11-06;23;16
28;2025-11-07;0;0
28;2025-11-07;1;0
28;2025-11-07;2;0
28;2025-11-07;3;0
28;2025-11-07;4;1
28;2025-11-07;5;78
28;2025-11-07;6;264
28;2025-11-07;7;797
28;2025-11-07;8;1159
28;2025-11-07;9;839
28;2025-11-07;10;633
28;2025-11-07;11;554
28;2025-11-07;12;699
28;2025-11-07;13;717
28;2025-11-07;14;707
28;2025-11-07;15;739
28;2025-11-07;16;987
28;2025-11-07;17;999
28;2025-11-07;18;839
28;2025-11-07;19;635
28;2025-11-07;20;469
28;2025-11-07;21;319
28;2025-11-07;22;147
28;2025-11-07;23;19
28;2025-11-08;0;0
28;2025-11-08;1;0
28;2025-11-08;2;0
28;2025-11-08;3;0
28;2025-11-08;4;1
28;2025-11-08;5;38
28;2025-11-08;6;100
28;2025-11-08;7;221
28;2025-11-08;8;390
28;2025-11-08;9;455
28;2025-11-08;10;473
28;2025-11-08;11;503
28;2025-11-08;12;572
28;2025-11-08;13;576
28;2025-11-08;14;586
28;2025-11-08;15;575
28;2025-11-08;16;542
28;2025-11-08;17;546
28;2025-11-08;18;487
28;2025-11-08;19;401
28;2025-11-08;20;307
28;2025-11-08;21;264
28;2025-11-08;22;131
28;2025-11-08;23;16
28;2025-11-09;0;0
28;2025-11-09;1;0
28;2025-11-09;2;0
28;2025-11-09;3;0
28;2025-11-09;4;0
28;2025-11-09;5;29
28;2025-11-09;6;80
28;2025-11-09;7;149
28;2025-11-09;8;232
28;2025-11-09;9;304
28;2025-11-09;10;348
28;2025-11-09;11;370
28;2025-11-09;12;425
28;2025-11-09;13;488
28;2025-11-09;14;475
28;2025-11-09;15;484
28;2025-11-09;16;445
28;2025-11-09;17;447
28;2025-11-09;18;397
28;2025-11-09;19;345
28;2025-11-09;20;282
28;2025-11-09;21;229
28;2025-11-09;22;110
28;2025-11-09;23;11
28;2025-11-10;0;0
28;2025-11-10;1;0
28;2025-11-10;2;0
28;2025-11-10;3;0
28;2025-11-10;4;1
28;2025-11-10;5;78
28;2025-11-10;6;278
28;2025-11-10;7;798
28;2025-11-10;8;1222
28;2025-11-10;9;869
28;2025-11-10;10;620
28;2025-11-10;11;540
28;2025-11-10;12;659
28;2025-11-10;13;676
28;2025-11-10;14;628
28;2025-11-10;15;666
28;2025-11-10;16;894
28;2025-11-10;17;956
28;2025-11-10;18;968
28;2025-11-10;19;731
28;2025-11-10;20;487
28;2025-11-10;21;306
28;2025-11-10;22;123
28;2025-11-10;23;12
28;2025-11-11;0;0
28;2025-11-11;1;0
28;2025-11-11;2;0
28;2025-11-11;3;0
28;2025-11-11;4;2
28;2025-11-11;5;73
28;2025-11-11;6;264
28;2025-11-11;7;809
28;2025-11-11;8;1254
28;2025-11-11;9;888
28;2025-11-11;10;687
28;2025-11-11;11;574
28;2025-11-11;12;679
28;2025-11-11;13;749
28;2025-11-11;14;671
28;2025-11-11;15;696
28;2025-11-11;16;849
28;2025-11-11;17;978
28;2025-11-11;18;956
28;2025-11-11;19;750
28;2025-11-11;20;539
28;2025-11-11;21;316
28;2025-11-11;22;126
28;2025-11-11;23;19
28;2025-11-12;0;0
28;2025-11-12;1;0
28;2025-11-12;2;0
28;2025-11-12;3;0
28;2025-11-12;4;2
28;2025-11-12;5;82
28;2025-11-12;6;286
28;2025-11-12;7;795
28;2025-11-12;8;1247
28;2025-11-12;9;844
28;2025-11-12;10;650
28;2025-11-12;11;602
28;2025-11-12;12;698
28;2025-11-12;13;738
28;2025-11-12;14;690
28;2025-11-12;15;717
28;2025-11-12;16;878
28;2025-11-12;17;1028
28;2025-11-12;18;971
28;2025-11-12;19;746
28;2025-11-12;20;508
28;2025-11-12;21;322
28;2025-11-12;22;147
28;2025-11-12;23;18
28;2025-11-13;0;0
28;2025-11-13;1;0
28;2025-11-13;2;0
28;2025-11-13;3;0
28;2025-11-13;4;1
28;2025-11-13;5;76
28;2025-11-13;6;282
28;2025-11-13;7;861
28;2025-11-13;8;1298
28;2025-11-13;9;913
28;2025-11-13;10;659
28;2025-11-13;11;565
28;2025-11-13;12;723
28;2025-11-13;13;742
28;2025-11-13;14;686
28;2025-11-13;15;726
28;2025-11-13;16;863
28;2025-11-13;17;1008
28;2025-11-13;18;1045
28;2025-11-13;19;759
28;2025-11-13;20;553
28;2025-11-13;21;333
28;2025-11-13;22;146
28;2025-11-13;23;16
28;2025-11-14;0;0
28;2025-11-14;1;0
28;2025-11-14;2;0
28;2025-11-14;3;0
28;2025-11-14;4;1
28;2025-11-14;5;78
28;2025-11-14;6;263
28;2025-11-14;7;796
28;2025-11-14;8;1158
28;2025-11-14;9;839
28;2025-11-14;10;633
28;2025-11-14;11;554
28;2025-11-14;12;699
28;2025-11-14;13;717
28;2025-11-14;14;707
28;2025-11-14;15;739
28;2025-11-14;16;987
28;2025-11-14;17;999
28;2025-11-14;18;839
28;2025-11-14;19;635
28;2025-11-14;20;469
28;2025-11-14;21;319
28;2025-11-14;22;147
28;2025-11-14;23;19
28;2025-11-15;0;0
28;2025-11-15;1;0
28;2025-11-15;2;0
28;2025-11-15;3;0
28;2025-11-15;4;1
28;2025-11-15;5;35
28;2025-11-15;6;96
28;2025-11-15;7;217
28;2025-11-15;8;385
28;2025-11-15;9;450
28;2025-11-15;10;468
28;2025-11-15;11;499
28;2025-11-15;12;567
28;2025-11-15;13;572
28;2025-11-15;14;582
28;2025-11-15;15;570
28;2025-11-15;16;538
28;2025-11-15;17;541
28;2025-11-15;18;483
28;2025-11-15;19;398
28;2025-11-15;20;304
28;2025-11-15;21;261
28;2025-11-15;22;128
28;2025-11-15;23;14
28;2025-11-16;0;0
28;2025-11-16;1;0
28;2025-11-16;2;0
28;2025-11-16;3;0
28;2025-11-16;4;0
28;2025-11-16;5;26
28;2025-11-16;6;76
28;2025-11-16;7;145
28;2025-11-16;8;228
28;2025-11-16;9;299
28;2025-11-16;10;343
28;2025-11-16;11;365
28;2025-11-16;12;420
28;2025-11-16;13;484
28;2025-11-16;14;470
28;2025-11-16;15;479
28;2025-11-16;16;441
28;2025-11-16;17;442
28;2025-11-16;18;394
28;2025-11-16;19;342
28;2025-11-16;20;280
28;2025-11-16;21;227
28;2025-11-16;22;108
28;2025-11-16;23;11
28;2025-11-17;0;0
28;2025-11-17;1;0
28;2025-11-17;2;0
28;2025-11-17;3;0
28;2025-11-17;4;1
28;2025-11-17;5;78
28;2025-11-17;6;278
28;2025-11-17;7;798
28;2025-11-17;8;1222
28;2025-11-17;9;869
28;2025-11-17;10;620
28;2025-11-17;11;540
28;2025-11-17;12;658
28;2025-11-17;13;675
28;2025-11-17;14;626
28;2025-11-17;15;665
28;2025-11-17;16;893
28;2025-11-17;17;954
28;2025-11-17;18;968
28;2025-11-17;19;730
28;2025-11-17;20;487
28;2025-11-17;21;306
28;2025-11-17;22;123
28;2025-11-17;23;12
28;2025-11-18;0;0
28;2025-11-18;1;0
28;2025-11-18;2;0
28;2025-11-18;3;0
28;2025-11-18;4;1
28;2025-11-18;5;75
28;2025-11-18;6;266
28;2025-11-18;7;813
28;2025-11-18;8;1257
28;2025-11-18;9;890
28;2025-11-18;10;688
28;2025-11-18;11;575
28;2025-11-18;12;680
28;2025-11-18;13;749
28;2025-11-18;14;671
28;2025-11-18;15;696
28;2025-11-18;16;849
28;2025-11-18;17;978
28;2025-11-18;18;953
28;2025-11-18;19;748
28;2025-11-18;20;538
28;2025-11-18;21;316
28;2025-11-18;22;125
28;2025-11-18;23;20
28;2025-11-19;0;0
28;2025-11-19;1;0
28;2025-11-19;2;0
28;2025-11-19;3;0
28;2025-11-19;4;2
28;2025-11-19;5;82
28;2025-11-19;6;286
28;2025-11-19;7;795
28;2025-11-19;8;1246
28;2025-11-19;9;844
28;2025-11-19;10;649
28;2025-11-19;11;600
28;2025-11-19;12;696
28;2025-11-19;13;736
28;2025-11-19;14;688
28;2025-11-19;15;716
28;2025-11-19;16;875
28;2025-11-19;17;1026
28;2025-11-19;18;968
28;2025-11-19;19;743
28;2025-11-19;20;506
28;2025-11-19;21;321
28;2025-11-19;22;147
28;2025-11-19;23;18
28;2025-11-20;0;0
28;2025-11-20;1;0
28;2025-11-20;2;0
28;2025-11-20;3;0
28;2025-11-20;4;1
28;2025-11-20;5;74
28;2025-11-20;6;280
28;2025-11-20;7;859
28;2025-11-20;8;1296
28;2025-11-20;9;911
28;2025-11-20;10;657
28;2025-11-20;11;562
28;2025-11-20;12;721
28;2025-11-20;13;739
28;2025-11-20;14;683
28;2025-11-20;15;724
28;2025-11-20;16;859
28;2025-11-20;17;1004
28;2025-11-20;18;1042
28;2025-11-20;19;756
28;2025-11-20;20;551
28;2025-11-20;21;331
28;2025-11-20;22;145
28;2025-11-20;23;18
28;2025-11-21;0;0
28;2025-11-21;1;0
28;2025-11-21;2;0
28;2025-11-21;3;0
28;2025-11-21;4;2
28;2025-11-21;5;76
28;2025-11-21;6;262
28;2025-11-21;7;793
28;2025-11-21;8;1156
28;2025-11-21;9;837
28;2025-11-21;10;631
28;2025-11-21;11;552
28;2025-11-21;12;696
28;2025-11-21;13;714
28;2025-11-21;14;704
28;2025-11-21;15;736
28;2025-11-21;16;985
28;2025-11-21;17;996
28;2025-11-21;18;836
28;2025-11-21;19;633
28;2025-11-21;20;467
28;2025-11-21;21;316
28;2025-11-21;22;146
28;2025-11-21;23;20
28;2025-11-22;0;0
28;2025-11-22;1;0
28;2025-11-22;2;0
28;2025-11-22;3;0
28;2025-11-22;4;1
28;2025-11-22;5;35
28;2025-11-22;6;96
28;2025-11-22;7;217
28;2025-11-22;8;385
28;2025-11-22;9;450
28;2025-11-22;10;468
28;2025-11-22;11;499
28;2025-11-22;12;567
28;2025-11-22;13;572
28;2025-11-22;14;583
28;2025-11-22;15;570
28;2025-11-22;16;538
28;2025-11-22;17;541
28;2025-11-22;18;483
28;2025-11-22;19;398
28;2025-11-22;20;304
28;2025-11-22;21;261
28;2025-11-22;22;128
28;2025-11-22;23;14
28;2025-11-23;0;0
28;2025-11-23;1;0
28;2025-11-23;2;0
28;2025-11-23;3;0
28;2025-11-23;4;0
28;2025-11-23;5;26
28;2025-11-23;6;76
28;2025-11-23;7;145
28;2025-11-23;8;228
28;2025-11-23;9;299
28;2025-11-23;10;343
28;2025-11-23;11;365
28;2025-11-23;12;420
28;2025-11-23;13;484
28;2025-11-23;14;470
28;2025-11-23;15;479
28;2025-11-23;16;441
28;2025-11-23;17;442
28;2025-11-23;18;394
28;2025-11-23;19;342
28;2025-11-23;20;280
28;2025-11-23;21;227
28;2025-11-23;22;108
28;2025-11-23;23;11
28;2025-11-24;0;0
28;2025-11-24;1;0
28;2025-11-24;2;0
28;2025-11-24;3;0
28;2025-11-24;4;1
28;2025-11-24;5;78
28;2025-11-24;6;278
28;2025-11-24;7;798
28;2025-11-24;8;1222
28;2025-11-24;9;869
28;2025-11-24;10;620
28;2025-11-24;11;541
28;2025-11-24;12;660
28;2025-11-24;13;677
28;2025-11-24;14;628
28;2025-11-24;15;667
28;2025-11-24;16;895
28;2025-11-24;17;954
28;2025-11-24;18;968
28;2025-11-24;19;730
28;2025-11-24;20;487
28;2025-11-24;21;306
28;2025-11-24;22;123
28;2025-11-24;23;12
28;2025-11-25;0;0
28;2025-11-25;1;0
28;2025-11-25;2;0
28;2025-11-25;3;0
28;2025-11-25;4;2
28;2025-11-25;5;73
28;2025-11-25;6;264
28;2025-11-25;7;809
28;2025-11-25;8;1253
28;2025-11-25;9;888
28;2025-11-25;10;685
28;2025-11-25;11;572
28;2025-11-25;12;677
28;2025-11-25;13;747
28;2025-11-25;14;669
28;2025-11-25;15;694
28;2025-11-25;16;847
28;2025-11-25;17;976
28;2025-11-25;18;953
28;2025-11-25;19;748
28;2025-11-25;20;538
28;2025-11-25;21;316
28;2025-11-25;22;125
28;2025-11-25;23;20
28;2025-11-26;0;0
28;2025-11-26;1;0
28;2025-11-26;2;0
28;2025-11-26;3;0
28;2025-11-26;4;2
28;2025-11-26;5;82
28;2025-11-26;6;286
28;2025-11-26;7;795
28;2025-11-26;8;1246
28;2025-11-26;9;844
28;2025-11-26;10;649
28;2025-11-26;11;600
28;2025-11-26;12;696
28;2025-11-26;13;736
28;2025-11-26;14;688
28;2025-11-26;15;716
28;2025-11-26;16;875
28;2025-11-26;17;1026
28;2025-11-26;18;968
28;2025-11-26;19;743
28;2025-11-26;20;506
28;2025-11-26;21;321
28;2025-11-26;22;147
28;2025-11-26;23;18
28;2025-11-27;0;0
28;2025-11-27;1;0
28;2025-11-27;2;0
28;2025-11-27;3;0
28;2025-11-27;4;1
28;2025-11-27;5;75
28;2025-11-27;6;281
28;2025-11-27;7;861
28;2025-11-27;8;1298
28;2025-11-27;9;914
28;2025-11-27;10;659
28;2025-11-27;11;564
28;2025-11-27;12;723
28;2025-11-27;13;742
28;2025-11-27;14;685
28;2025-11-27;15;726
28;2025-11-27;16;862
28;2025-11-27;17;1007
28;2025-11-27;18;1045
28;2025-11-27;19;758
28;2025-11-27;20;553
28;2025-11-27;21;333
28;2025-11-27;22;146
28;2025-11-27;23;16
28;2025-11-28;0;0
28;2025-11-28;1;0
28;2025-11-28;2;0
28;2025-11-28;3;0
28;2025-11-28;4;1
28;2025-11-28;5;78
28;2025-11-28;6;264
28;2025-11-28;7;796
28;2025-11-28;8;1156
28;2025-11-28;9;837
28;2025-11-28;10;631
28;2025-11-28;11;552
28;2025-11-28;12;696
28;2025-11-28;13;715
28;2025-11-28;14;704
28;2025-11-28;15;737
28;2025-11-28;16;985
28;2025-11-28;17;996
28;2025-11-28;18;836
28;2025-11-28;19;633
28;2025-11-28;20;467
28;2025-11-28;21;316
28;2025-11-28;22;146
28;2025-11-28;23;20
28;2025-11-29;0;0
28;2025-11-29;1;0
28;2025-11-29;2;0
28;2025-11-29;3;0
28;2025-11-29;4;1
28;2025-11-29;5;36
28;2025-11-29;6;96
28;2025-11-29;7;217
28;2025-11-29;8;385
28;2025-11-29;9;450
28;2025-11-29;10;468
28;2025-11-29;11;499
28;2025-11-29;12;567
28;2025-11-29;13;572
28;2025-11-29;14;582
28;2025-11-29;15;570
28;2025-11-29;16;538
28;2025-11-29;17;541
28;2025-11-29;18;483
28;2025-11-29;19;398
28;2025-11-29;20;304
28;2025-11-29;21;261
28;2025-11-29;22;128
28;2025-11-29;23;14
28;2025-11-30;0;0
28;2025-11-30;1;0
28;2025-11-30;2;0
28;2025-11-30;3;0
28;2025-11-30;4;0
28;2025-11-30;5;26
28;2025-11-30;6;76
28;2025-11-30;7;145
28;2025-11-30;8;228
28;2025-11-30;9;299
28;2025-11-30;10;343
28;2025-11-30;11;365
28;2025-11-30;12;421
28;2025-11-30;13;484
28;2025-11-30;14;471
28;2025-11-30;15;480
28;2025-11-30;16;441
28;2025-11-30;17;443
28;2025-11-30;18;394
28;2025-11-30;19;342
28;2025-11-30;20;281
28;2025-11-30;21;227
28;2025-11-30;22;108
28;2025-11-30;23;11
28;2025-12-01;0;0
28;2025-12-01;1;0
28;2025-12-01;2;0
28;2025-12-01;3;0
28;2025-12-01;4;1
28;2025-12-01;5;78
28;2025-12-01;6;278
28;2025-12-01;7;798
28;2025-12-01;8;1222
28;2025-12-01;9;869
28;2025-12-01;10;620
28;2025-12-01;11;540
28;2025-12-01;12;658
28;2025-12-01;13;675
28;2025-12-01;14;626
28;2025-12-01;15;665
28;2025-12-01;16;893
28;2025-12-01;17;954
28;2025-12-01;18;968
28;2025-12-01;19;730
28;2025-12-01;20;487
28;2025-12-01;21;306
28;2025-12-01;22;123
28;2025-12-01;23;12
28;2025-12-02;0;0
28;2025-12-02;1;0
28;2025-12-02;2;0
28;2025-12-02;3;0
28;2025-12-02;4;2
28;2025-12-02;5;73
28;2025-12-02;6;264
28;2025-12-02;7;809
28;2025-12-02;8;1253
28;2025-12-02;9;888
28;2025-12-02;10;685
28;2025-12-02;11;572
28;2025-12-02;12;677
28;2025-12-02;13;747
28;2025-12-02;14;669
28;2025-12-02;15;694
28;2025-12-02;16;847
28;2025-12-02;17;976
28;2025-12-02;18;953
28;2025-12-02;19;748
28;2025-12-02;20;538
28;2025-12-02;21;316
28;2025-12-02;22;125
28;2025-12-02;23;20
28;2025-12-03;0;0
28;2025-12-03;1;0
28;2025-12-03;2;0
28;2025-12-03;3;0
28;2025-12-03;4;2
28;2025-12-03;5;82
28;2025-12-03;6;286
28;2025-12-03;7;795
28;2025-12-03;8;1246
28;2025-12-03;9;844
28;2025-12-03;10;649
28;2025-12-03;11;600
28;2025-12-03;12;696
28;2025-12-03;13;736
28;2025-12-03;14;688
28;2025-12-03;15;716
28;2025-12-03;16;875
28;2025-12-03;17;1026
28;2025-12-03;18;968
28;2025-12-03;19;744
28;2025-12-03;20;506
28;2025-12-03;21;321
28;2025-12-03;22;147
28;2025-12-03;23;18
28;2025-12-04;0;0
28;2025-12-04;1;0
28;2025-12-04;2;0
28;2025-12-04;3;0
28;2025-12-04;4;1
28;2025-12-04;5;74
28;2025-12-04;6;280
28;2025-12-04;7;859
28;2025-12-04;8;1296
28;2025-12-04;9;911
28;2025-12-04;10;657
28;2025-12-04;11;562
28;2025-12-04;12;721
28;2025-12-04;13;740
28;2025-12-04;14;683
28;2025-12-04;15;724
28;2025-12-04;16;859
28;2025-12-04;17;1004
28;2025-12-04;18;1043
28;2025-12-04;19;756
28;2025-12-04;20;551
28;2025-12-04;21;331
28;2025-12-04;22;145
28;2025-12-04;23;18
28;2025-12-05;0;0
28;2025-12-05;1;0
28;2025-12-05;2;0
28;2025-12-05;3;0
28;2025-12-05;4;2
28;2025-12-05;5;76
28;2025-12-05;6;262
28;2025-12-05;7;793
28;2025-12-05;8;1156
28;2025-12-05;9;837
28;2025-12-05;10;631
28;2025-12-05;11;552
28;2025-12-05;12;696
28;2025-12-05;13;715
28;2025-12-05;14;704
28;2025-12-05;15;737
28;2025-12-05;16;985
28;2025-12-05;17;996
28;2025-12-05;18;836
28;2025-12-05;19;633
28;2025-12-05;20;467
28;2025-12-05;21;316
28;2025-12-05;22;146
28;2025-12-05;23;20
28;2025-12-06;0;0
28;2025-12-06;1;0
28;2025-12-06;2;0
28;2025-12-06;3;0
28;2025-12-06;4;1
28;2025-12-06;5;36
28;2025-12-06;6;96
28;2025-12-06;7;217
28;2025-12-06;8;385
28;2025-12-06;9;451
28;2025-12-06;10;468
28;2025-12-06;11;500
28;2025-12-06;12;568
28;2025-12-06;13;574
28;2025-12-06;14;584
28;2025-12-06;15;571
28;2025-12-06;16;538
28;2025-12-06;17;541
28;2025-12-06;18;483
28;2025-12-06;19;398
28;2025-12-06;20;304
28;2025-12-06;21;261
28;2025-12-06;22;128
28;2025-12-06;23;14
28;2025-12-07;0;0
28;2025-12-07;1;0
28;2025-12-07;2;0
28;2025-12-07;3;0
28;2025-12-07;4;0
28;2025-12-07;5;26
28;2025-12-07;6;76
28;2025-12-07;7;145
28;2025-12-07;8;228
28;2025-12-07;9;299
28;2025-12-07;10;343
28;2025-12-07;11;365
28;2025-12-07;12;420
28;2025-12-07;13;484
28;2025-12-07;14;470
28;2025-12-07;15;479
28;2025-12-07;16;441
28;2025-12-07;17;442
28;2025-12-07;18;394
28;2025-12-07;19;342
28;2025-12-07;20;280
28;2025-12-07;21;227
28;2025-12-07;22;108
28;2025-12-07;23;11
28;2025-12-08;0;0
28;2025-12-08;1;0
28;2025-12-08;2;0
28;2025-12-08;3;0
28;2025-12-08;4;1
28;2025-12-08;5;78
28;2025-12-08;6;278
28;2025-12-08;7;798
28;2025-12-08;8;1222
28;2025-12-08;9;869
28;2025-12-08;10;620
28;2025-12-08;11;540
28;2025-12-08;12;658
28;2025-12-08;13;675
28;2025-12-08;14;626
28;2025-12-08;15;665
28;2025-12-08;16;893
28;2025-12-08;17;954
28;2025-12-08;18;968
28;2025-12-08;19;730
28;2025-12-08;20;487
28;2025-12-08;21;306
28;2025-12-08;22;123
28;2025-12-08;23;12
28;2025-12-09;0;0
28;2025-12-09;1;0
28;2025-12-09;2;0
28;2025-12-09;3;0
28;2025-12-09;4;2
28;2025-12-09;5;73
28;2025-12-09;6;264
28;2025-12-09;7;809
28;2025-12-09;8;1253
28;2025-12-09;9;888
28;2025-12-09;10;685
28;2025-12-09;11;572
28;2025-12-09;12;677
28;2025-12-09;13;747
28;2025-12-09;14;669
28;2025-12-09;15;694
28;2025-12-09;16;847
28;2025-12-09;17;976
28;2025-12-09;18;953
28;2025-12-09;19;748
28;2025-12-09;20;538
28;2025-12-09;21;316
28;2025-12-09;22;125
28;2025-12-09;23;20
28;2025-12-10;0;0
28;2025-12-10;1;0
28;2025-12-10;2;0
28;2025-12-10;3;0
28;2025-12-10;4;2
28;2025-12-10;5;82
28;2025-12-10;6;286
28;2025-12-10;7;795
28;2025-12-10;8;1246
28;2025-12-10;9;844
28;2025-12-10;10;649
28;2025-12-10;11;600
28;2025-12-10;12;696
28;2025-12-10;13;736
28;2025-12-10;14;688
28;2025-12-10;15;716
28;2025-12-10;16;875
28;2025-12-10;17;1026
28;2025-12-10;18;968
28;2025-12-10;19;743
28;2025-12-10;20;506
28;2025-12-10;21;321
28;2025-12-10;22;147
28;2025-12-10;23;18
28;2025-12-11;0;0
28;2025-12-11;1;0
28;2025-12-11;2;0
28;2025-12-11;3;0
28;2025-12-11;4;1
28;2025-12-11;5;74
28;2025-12-11;6;280
28;2025-12-11;7;859
28;2025-12-11;8;1296
28;2025-12-11;9;911
28;2025-12-11;10;657
28;2025-12-11;11;562
28;2025-12-11;12;721
28;2025-12-11;13;740
28;2025-12-11;14;683
28;2025-12-11;15;724
28;2025-12-11;16;859
28;2025-12-11;17;1004
28;2025-12-11;18;1043
28;2025-12-11;19;756
28;2025-12-11;20;551
28;2025-12-11;21;332
28;2025-12-11;22;146
28;2025-12-11;23;18
28;2025-12-12;0;0
28;2025-12-12;1;0
28;2025-12-12;2;0
28;2025-12-12;3;0
28;2025-12-12;4;2
28;2025-12-12;5;77
28;2025-12-12;6;263
28;2025-12-12;7;795
28;2025-12-12;8;1158
28;2025-12-12;9;839
28;2025-12-12;10;632
28;2025-12-12;11;553
28;2025-12-12;12;698
28;2025-12-12;13;716
28;2025-12-12;14;704
28;2025-12-12;15;736
28;2025-12-12;16;985
28;2025-12-12;17;996
28;2025-12-12;18;836
28;2025-12-12;19;633
28;2025-12-12;20;467
28;2025-12-12;21;316
28;2025-12-12;22;146
28;2025-12-12;23;20
28;2025-12-13;0;0
28;2025-12-13;1;0
28;2025-12-13;2;0
28;2025-12-13;3;0
28;2025-12-13;4;1
28;2025-12-13;5;36
28;2025-12-13;6;96
28;2025-12-13;7;217
28;2025-12-13;8;385
28;2025-12-13;9;451
28;2025-12-13;10;468
28;2025-12-13;11;499
28;2025-12-13;12;567
28;2025-12-13;13;572
28;2025-12-13;14;582
28;2025-12-13;15;570
28;2025-12-13;16;538
28;2025-12-13;17;541
28;2025-12-13;18;483
28;2025-12-13;19;398
28;2025-12-13;20;304
28;2025-12-13;21;261
28;2025-12-13;22;128
28;2025-12-13;23;14
28;2025-12-14;0;0
28;2025-12-14;1;0
28;2025-12-14;2;0
28;2025-12-14;3;0
28;2025-12-14;4;0
28;2025-12-14;5;26
28;2025-12-14;6;76
28;2025-12-14;7;145
28;2025-12-14;8;228
28;2025-12-14;9;299
28;2025-12-14;10;343
28;2025-12-14;11;365
28;2025-12-14;12;420
28;2025-12-14;13;484
28;2025-12-14;14;470
28;2025-12-14;15;479
28;2025-12-14;16;441
28;2025-12-14;17;442
28;2025-12-14;18;394
28;2025-12-14;19;342
28;2025-12-14;20;280
28;2025-12-14;21;227
28;2025-12-14;22;108
28;2025-12-14;23;11
28;2025-12-15;0;0
28;2025-12-15;1;0
28;2025-12-15;2;0
28;2025-12-15;3;0
28;2025-12-15;4;1
28;2025-12-15;5;78
28;2025-12-15;6;278
28;2025-12-15;7;798
28;2025-12-15;8;1222
28;2025-12-15;9;869
28;2025-12-15;10;620
28;2025-12-15;11;540
28;2025-12-15;12;658
28;2025-12-15;13;675
28;2025-12-15;14;626
28;2025-12-15;15;665
28;2025-12-15;16;893
28;2025-12-15;17;954
28;2025-12-15;18;968
28;2025-12-15;19;730
28;2025-12-15;20;487
28;2025-12-15;21;306
28;2025-12-15;22;123
28;2025-12-15;23;12
28;2025-12-16;0;0
28;2025-12-16;1;0
28;2025-12-16;2;0
28;2025-12-16;3;0
28;2025-12-16;4;2
28;2025-12-16;5;73
28;2025-12-16;6;264
28;2025-12-16;7;809
28;2025-12-16;8;1253
28;2025-12-16;9;888
28;2025-12-16;10;685
28;2025-12-16;11;572
28;2025-12-16;12;677
28;2025-12-16;13;747
28;2025-12-16;14;669
28;2025-12-16;15;694
28;2025-12-16;16;847
28;2025-12-16;17;976
28;2025-12-16;18;953
28;2025-12-16;19;748
28;2025-12-16;20;538
28;2025-12-16;21;316
28;2025-12-16;22;125
28;2025-12-16;23;20
28;2025-12-17;0;0
28;2025-12-17;1;0
28;2025-12-17;2;0
28;2025-12-17;3;0
28;2025-12-17;4;2
28;2025-12-17;5;82
28;2025-12-17;6;286
28;2025-12-17;7;795
28;2025-12-17;8;1246
28;2025-12-17;9;844
28;2025-12-17;10;649
28;2025-12-17;11;600
28;2025-12-17;12;696
28;2025-12-17;13;736
28;2025-12-17;14;688
28;2025-12-17;15;716
28;2025-12-17;16;875
28;2025-12-17;17;1026
28;2025-12-17;18;968
28;2025-12-17;19;743
28;2025-12-17;20;506
28;2025-12-17;21;321
28;2025-12-17;22;147
28;2025-12-17;23;18
28;2025-12-18;0;0
28;2025-12-18;1;0
28;2025-12-18;2;0
28;2025-12-18;3;0
28;2025-12-18;4;1
28;2025-12-18;5;74
28;2025-12-18;6;280
28;2025-12-18;7;859
28;2025-12-18;8;1296
28;2025-12-18;9;911
28;2025-12-18;10;657
28;2025-12-18;11;562
28;2025-12-18;12;721
28;2025-12-18;13;739
28;2025-12-18;14;683
28;2025-12-18;15;724
28;2025-12-18;16;859
28;2025-12-18;17;1004
28;2025-12-18;18;1042
28;2025-12-18;19;756
28;2025-12-18;20;551
28;2025-12-18;21;331
28;2025-12-18;22;145
28;2025-12-18;23;18
28;2025-12-19;0;0
28;2025-12-19;1;0
28;2025-12-19;2;0
28;2025-12-19;3;0
28;2025-12-19;4;2
28;2025-12-19;5;76
28;2025-12-19;6;262
28;2025-12-19;7;793
28;2025-12-19;8;1156
28;2025-12-19;9;837
28;2025-12-19;10;631
28;2025-12-19;11;552
28;2025-12-19;12;696
28;2025-12-19;13;714
28;2025-12-19;14;704
28;2025-12-19;15;736
28;2025-12-19;16;985
28;2025-12-19;17;996
28;2025-12-19;18;836
28;2025-12-19;19;633
28;2025-12-19;20;467
28;2025-12-19;21;316
28;2025-12-19;22;146
28;2025-12-19;23;20
28;2025-12-20;0;0
28;2025-12-20;1;0
28;2025-12-20;2;0
28;2025-12-20;3;0
28;2025-12-20;4;1
28;2025-12-20;5;36
28;2025-12-20;6;96
28;2025-12-20;7;217
28;2025-12-20;8;385
28;2025-12-20;9;450
28;2025-12-20;10;468
28;2025-12-20;11;499
28;2025-12-20;12;567
28;2025-12-20;13;572
28;2025-12-20;14;582
28;2025-12-20;15;570
28;2025-12-20;16;538
28;2025-12-20;17;541
28;2025-12-20;18;483
28;2025-12-20;19;398
28;2025-12-20;20;304
28;2025-12-20;21;261
28;2025-12-20;22;128
28;2025-12-20;23;14
28;2025-12-21;0;0
28;2025-12-21;1;0
28;2025-12-21;2;0
28;2025-12-21;3;0
28;2025-12-21;4;0
28;2025-12-21;5;26
28;2025-12-21;6;76
28;2025-12-21;7;145
28;2025-12-21;8;228
28;2025-12-21;9;299
28;2025-12-21;10;343
28;2025-12-21;11;365
28;2025-12-21;12;420
28;2025-12-21;13;484
28;2025-12-21;14;470
28;2025-12-21;15;479
28;2025-12-21;16;441
28;2025-12-21;17;442
28;2025-12-21;18;394
28;2025-12-21;19;342
28;2025-12-21;20;280
28;2025-12-21;21;227
28;2025-12-21;22;108
28;2025-12-21;23;11
28;2025-12-22;0;0
28;2025-12-22;1;0
28;2025-12-22;2;0
28;2025-12-22;3;0
28;2025-12-22;4;1
28;2025-12-22;5;78
28;2025-12-22;6;278
28;2025-12-22;7;798
28;2025-12-22;8;1222
28;2025-12-22;9;869
28;2025-12-22;10;620
28;2025-12-22;11;540
28;2025-12-22;12;658
28;2025-12-22;13;675
28;2025-12-22;14;626
28;2025-12-22;15;665
28;2025-12-22;16;893
28;2025-12-22;17;954
28;2025-12-22;18;968
28;2025-12-22;19;730
28;2025-12-22;20;487
28;2025-12-22;21;306
28;2025-12-22;22;123
28;2025-12-22;23;12
28;2025-12-23;0;0
28;2025-12-23;1;0
28;2025-12-23;2;0
28;2025-12-23;3;0
28;2025-12-23;4;2
28;2025-12-23;5;73
28;2025-12-23;6;264
28;2025-12-23;7;809
28;2025-12-23;8;1253
28;2025-12-23;9;887
28;2025-12-23;10;685
28;2025-12-23;11;572
28;2025-12-23;12;677
28;2025-12-23;13;747
28;2025-12-23;14;669
28;2025-12-23;15;694
28;2025-12-23;16;847
28;2025-12-23;17;976
28;2025-12-23;18;953
28;2025-12-23;19;748
28;2025-12-23;20;538
28;2025-12-23;21;316
28;2025-12-23;22;125
28;2025-12-23;23;20
28;2025-12-24;0;0
28;2025-12-24;1;0
28;2025-12-24;2;0
28;2025-12-24;3;0
28;2025-12-24;4;2
28;2025-12-24;5;82
28;2025-12-24;6;286
28;2025-12-24;7;795
28;2025-12-24;8;1246
28;2025-12-24;9;844
28;2025-12-24;10;649
28;2025-12-24;11;600
28;2025-12-24;12;696
28;2025-12-24;13;736
28;2025-12-24;14;688
28;2025-12-24;15;716
28;2025-12-24;16;875
28;2025-12-24;17;1026
28;2025-12-24;18;968
28;2025-12-24;19;743
28;2025-12-24;20;506
28;2025-12-24;21;321
28;2025-12-24;22;147
28;2025-12-24;23;19
28;2025-12-25;0;0
28;2025-12-25;1;0
28;2025-12-25;2;0
28;2025-12-25;3;0
28;2025-12-25;4;1
28;2025-12-25;5;74
28;2025-12-25;6;280
28;2025-12-25;7;859
28;2025-12-25;8;1296
28;2025-12-25;9;911
28;2025-12-25;10;657
28;2025-12-25;11;562
28;2025-12-25;12;721
28;2025-12-25;13;739
28;2025-12-25;14;683
28;2025-12-25;15;724
28;2025-12-25;16;859
28;2025-12-25;17;1004
28;2025-12-25;18;1043
28;2025-12-25;19;756
28;2025-12-25;20;551
28;2025-12-25;21;331
28;2025-12-25;22;145
28;2025-12-25;23;18
28;2025-12-26;0;0
28;2025-12-26;1;0
28;2025-12-26;2;0
28;2025-12-26;3;0
28;2025-12-26;4;2
28;2025-12-26;5;76
28;2025-12-26;6;262
28;2025-12-26;7;793
28;2025-12-26;8;1156
28;2025-12-26;9;837
28;2025-12-26;10;631
28;2025-12-26;11;552
28;2025-12-26;12;696
28;2025-12-26;13;714
28;2025-12-26;14;704
28;2025-12-26;15;736
28;2025-12-26;16;985
28;2025-12-26;17;996
28;2025-12-26;18;836
28;2025-12-26;19;633
28;2025-12-26;20;467
28;2025-12-26;21;316
28;2025-12-26;22;146
28;2025-12-26;23;20
28;2025-12-27;0;0
28;2025-12-27;1;0
28;2025-12-27;2;0
28;2025-12-27;3;0
28;2025-12-27;4;1
28;2025-12-27;5;36
28;2025-12-27;6;96
28;2025-12-27;7;217
28;2025-12-27;8;385
28;2025-12-27;9;450
28;2025-12-27;10;468
28;2025-12-27;11;499
28;2025-12-27;12;567
28;2025-12-27;13;572
28;2025-12-27;14;582
28;2025-12-27;15;570
28;2025-12-27;16;538
28;2025-12-27;17;541
28;2025-12-27;18;483
28;2025-12-27;19;398
28;2025-12-27;20;304
28;2025-12-27;21;261
28;2025-12-27;22;128
28;2025-12-27;23;14
28;2025-12-28;0;0
28;2025-12-28;1;0
28;2025-12-28;2;0
28;2025-12-28;3;0
28;2025-12-28;4;0
28;2025-12-28;5;25
28;2025-12-28;6;76
28;2025-12-28;7;145
28;2025-12-28;8;228
28;2025-12-28;9;299
28;2025-12-28;10;343
28;2025-12-28;11;365
28;2025-12-28;12;420
28;2025-12-28;13;484
28;2025-12-28;14;470
28;2025-12-28;15;479
28;2025-12-28;16;441
28;2025-12-28;17;442
28;2025-12-28;18;394
28;2025-12-28;19;342
28;2025-12-28;20;280
28;2025-12-28;21;227
28;2025-12-28;22;108
28;2025-12-28;23;11
28;2025-12-29;0;0
28;2025-12-29;1;0
28;2025-12-29;2;0
28;2025-12-29;3;0
28;2025-12-29;4;1
28;2025-12-29;5;78
28;2025-12-29;6;278
28;2025-12-29;7;798
28;2025-12-29;8;1222
28;2025-12-29;9;869
28;2025-12-29;10;620
28;2025-12-29;11;540
28;2025-12-29;12;658
28;2025-12-29;13;675
28;2025-12-29;14;626
28;2025-12-29;15;665
28;2025-12-29;16;893
28;2025-12-29;17;954
28;2025-12-29;18;968
28;2025-12-29;19;730
28;2025-12-29;20;487
28;2025-12-29;21;306
28;2025-12-29;22;123
28;2025-12-29;23;12
28;2025-12-30;0;0
28;2025-12-30;1;0
28;2025-12-30;2;0
28;2025-12-30;3;0
28;2025-12-30;4;2
28;2025-12-30;5;73
28;2025-12-30;6;264
28;2025-12-30;7;809
28;2025-12-30;8;1253
28;2025-12-30;9;888
28;2025-12-30;10;685
28;2025-12-30;11;572
28;2025-12-30;12;677
28;2025-12-30;13;747
28;2025-12-30;14;669
28;2025-12-30;15;694
28;2025-12-30;16;847
28;2025-12-30;17;976
28;2025-12-30;18;953
28;2025-12-30;19;748
28;2025-12-30;20;538
28;2025-12-30;21;316
28;2025-12-30;22;125
28;2025-12-30;23;20
28;2025-12-31;0;0
28;2025-12-31;1;0
28;2025-12-31;2;0
28;2025-12-31;3;0
28;2025-12-31;4;0
28;2025-12-31;5;24
28;2025-12-31;6;73
28;2025-12-31;7;142
28;2025-12-31;8;225
28;2025-12-31;9;296
28;2025-12-31;10;339
28;2025-12-31;11;361
28;2025-12-31;12;416
28;2025-12-31;13;479
28;2025-12-31;14;466
28;2025-12-31;15;475
28;2025-12-31;16;437
28;2025-12-31;17;438
28;2025-12-31;18;390
28;2025-12-31;19;338
28;2025-12-31;20;278
28;2025-12-31;21;225
28;2025-12-31;22;107
28;2025-12-31;23;11
50;2025-11-01;0;46
50;2025-11-01;1;5
50;2025-11-01;2;0
50;2025-11-01;3;0
50;2025-11-01;4;3
50;2025-11-01;5;72
50;2025-11-01;6;578
50;2025-11-01;7;1786
50;2025-11-01;8;2745
50;2025-11-01;9;2121
50;2025-11-01;10;1604
50;2025-11-01;11;1683
50;2025-11-01;12;1577
50;2025-11-01;13;1523
50;2025-11-01;14;1461
50;2025-11-01;15;1800
50;2025-11-01;16;2103
50;2025-11-01;17;2241
50;2025-11-01;18;1869
50;2025-11-01;19;1280
50;2025-11-01;20;847
50;2025-11-01;21;572
50;2025-11-01;22;320
50;2025-11-01;23;184
50;2025-11-02;0;7
50;2025-11-02;1;3
50;2025-11-02;2;0
50;2025-11-02;3;0
50;2025-11-02;4;1
50;2025-11-02;5;7
50;2025-11-02;6;7
50;2025-11-02;7;7
50;2025-11-02;8;7
50;2025-11-02;9;7
50;2025-11-02;10;7
50;2025-11-02;11;7
50;2025-11-02;12;6
50;2025-11-02;13;6
50;2025-11-02;14;6
50;2025-11-02;15;6
50;2025-11-02;16;6
50;2025-11-02;17;6
50;2025-11-02;18;7
50;2025-11-02;19;7
50;2025-11-02;20;7
50;2025-11-02;21;7
50;2025-11-02;22;7
50;2025-11-02;23;7
50;2025-11-03;0;7
50;2025-11-03;1;4
50;2025-11-03;2;0
50;2025-11-03;3;0
50;2025-11-03;4;1
50;2025-11-03;5;7
50;2025-11-03;6;7
50;2025-11-03;7;6
50;2025-11-03;8;6
50;2025-11-03;9;7
50;2025-11-03;10;7
50;2025-11-03;11;7
50;2025-11-03;12;7
50;2025-11-03;13;6
50;2025-11-03;14;6
50;2025-11-03;15;6
50;2025-11-03;16;6
50;2025-11-03;17;6
50;2025-11-03;18;6
50;2025-11-03;19;6
50;2025-11-03;20;6
50;2025-11-03;21;6
50;2025-11-03;22;6
50;2025-11-03;23;6
50;2025-11-04;0;6
50;2025-11-04;1;3
50;2025-11-04;2;0
50;2025-11-04;3;0
50;2025-11-04;4;1
50;2025-11-04;5;5
50;2025-11-04;6;5
50;2025-11-04;7;5
50;2025-11-04;8;5
50;2025-11-04;9;5
50;2025-11-04;10;6
50;2025-11-04;11;6
50;2025-11-04;12;6
50;2025-11-04;13;6
50;2025-11-04;14;6
50;2025-11-04;15;6
50;2025-11-04;16;6
50;2025-11-04;17;6
50;2025-11-04;18;6
50;2025-11-04;19;6
50;2025-11-04;20;6
50;2025-11-04;21;6
50;2025-11-04;22;6
50;2025-11-04;23;6
50;2025-11-05;0;35
50;2025-11-05;1;4
50;2025-11-05;2;0
50;2025-11-05;3;0
50;2025-11-05;4;3
50;2025-11-05;5;73
50;2025-11-05;6;574
50;2025-11-05;7;1807
50;2025-11-05;8;2808
50;2025-11-05;9;2167
50;2025-11-05;10;1711
50;2025-11-05;11;1604
50;2025-11-05;12;1519
50;2025-11-05;13;1550
50;2025-11-05;14;1467
50;2025-11-05;15;1744
50;2025-11-05;16;1764
50;2025-11-05;17;2496
50;2025-11-05;18;2564
50;2025-11-05;19;1562
50;2025-11-05;20;897
50;2025-11-05;21;637
50;2025-11-05;22;298
50;2025-11-05;23;145
50;2025-11-06;0;40
50;2025-11-06;1;2
50;2025-11-06;2;0
50;2025-11-06;3;0
50;2025-11-06;4;2
50;2025-11-06;5;73
50;2025-11-06;6;575
50;2025-11-06;7;1825
50;2025-11-06;8;2757
50;2025-11-06;9;2202
50;2025-11-06;10;1730
50;2025-11-06;11;1572
50;2025-11-06;12;1535
50;2025-11-06;13;1516
50;2025-11-06;14;1441
50;2025-11-06;15;1639
50;2025-11-06;16;1882
50;2025-11-06;17;2409
50;2025-11-06;18;2572
50;2025-11-06;19;1548
50;2025-11-06;20;978
50;2025-11-06;21;692
50;2025-11-06;22;304
50;2025-11-06;23;160
50;2025-11-07;0;42
50;2025-11-07;1;3
50;2025-11-07;2;0
50;2025-11-07;3;0
50;2025-11-07;4;2
50;2025-11-07;5;69
50;2025-11-07;6;575
50;2025-11-07;7;1782
50;2025-11-07;8;2741
50;2025-11-07;9;2117
50;2025-11-07;10;1600
50;2025-11-07;11;1679
50;2025-11-07;12;1573
50;2025-11-07;13;1519
50;2025-11-07;14;1459
50;2025-11-07;15;1798
50;2025-11-07;16;2101
50;2025-11-07;17;2237
50;2025-11-07;18;1866
50;2025-11-07;19;1276
50;2025-11-07;20;843
50;2025-11-07;21;569
50;2025-11-07;22;317
50;2025-11-07;23;180
50;2025-11-08;0;3
50;2025-11-08;1;3
50;2025-11-08;2;0
50;2025-11-08;3;0
50;2025-11-08;4;0
50;2025-11-08;5;2
50;2025-11-08;6;2
50;2025-11-08;7;3
50;2025-11-08;8;3
50;2025-11-08;9;3
50;2025-11-08;10;4
50;2025-11-08;11;4
50;2025-11-08;12;4
50;2025-11-08;13;4
50;2025-11-08;14;4
50;2025-11-08;15;4
50;2025-11-08;16;4
50;2025-11-08;17;4
50;2025-11-08;18;4
50;2025-11-08;19;3
50;2025-11-08;20;3
50;2025-11-08;21;3
50;2025-11-08;22;3
50;2025-11-08;23;3
50;2025-11-09;0;2
50;2025-11-09;1;2
50;2025-11-09;2;0
50;2025-11-09;3;0
50;2025-11-09;4;0
50;2025-11-09;5;2
50;2025-11-09;6;2
50;2025-11-09;7;2
50;2025-11-09;8;2
50;2025-11-09;9;2
50;2025-11-09;10;3
50;2025-11-09;11;5
50;2025-11-09;12;5
50;2025-11-09;13;5
50;2025-11-09;14;5
50;2025-11-09;15;5
50;2025-11-09;16;6
50;2025-11-09;17;6
50;2025-11-09;18;7
50;2025-11-09;19;7
50;2025-11-09;20;7
50;2025-11-09;21;7
50;2025-11-09;22;7
50;2025-11-09;23;7
50;2025-11-10;0;30
50;2025-11-10;1;4
50;2025-11-10;2;0
50;2025-11-10;3;0
50;2025-11-10;4;3
50;2025-11-10;5;70
50;2025-11-10;6;548
50;2025-11-10;7;1835
50;2025-11-10;8;2836
50;2025-11-10;9;2193
50;2025-11-10;10;1687
50;2025-11-10;11;1584
50;2025-11-10;12;1422
50;2025-11-10;13;1455
50;2025-11-10;14;1394
50;2025-11-10;15;1634
50;2025-11-10;16;1697
50;2025-11-10;17;2430
50;2025-11-10;18;2571
50;2025-11-10;19;1527
50;2025-11-10;20;921
50;2025-11-10;21;620
50;2025-11-10;22;271
50;2025-11-10;23;126
50;2025-11-11;0;35
50;2025-11-11;1;3
50;2025-11-11;2;0
50;2025-11-11;3;0
50;2025-11-11;4;2
50;2025-11-11;5;69
50;2025-11-11;6;593
50;2025-11-11;7;1852
50;2025-11-11;8;2907
50;2025-11-11;9;2274
50;2025-11-11;10;1724
50;2025-11-11;11;1624
50;2025-11-11;12;1561
50;2025-11-11;13;1537
50;2025-11-11;14;1459
50;2025-11-11;15;1689
50;2025-11-11;16;1739
50;2025-11-11;17;2435
50;2025-11-11;18;2685
50;2025-11-11;19;1570
50;2025-11-11;20;989
50;2025-11-11;21;645
50;2025-11-11;22;293
50;2025-11-11;23;134
50;2025-11-12;0;35
50;2025-11-12;1;5
50;2025-11-12;2;0
50;2025-11-12;3;0
50;2025-11-12;4;3
50;2025-11-12;5;72
50;2025-11-12;6;574
50;2025-11-12;7;1807
50;2025-11-12;8;2808
50;2025-11-12;9;2167
50;2025-11-12;10;1711
50;2025-11-12;11;1604
50;2025-11-12;12;1519
50;2025-11-12;13;1549
50;2025-11-12;14;1467
50;2025-11-12;15;1744
50;2025-11-12;16;1764
50;2025-11-12;17;2496
50;2025-11-12;18;2565
50;2025-11-12;19;1562
50;2025-11-12;20;897
50;2025-11-12;21;637
50;2025-11-12;22;298
50;2025-11-12;23;146
50;2025-11-13;0;40
50;2025-11-13;1;3
50;2025-11-13;2;0
50;2025-11-13;3;0
50;2025-11-13;4;2
50;2025-11-13;5;73
50;2025-11-13;6;575
50;2025-11-13;7;1825
50;2025-11-13;8;2757
50;2025-11-13;9;2201
50;2025-11-13;10;1730
50;2025-11-13;11;1572
50;2025-11-13;12;1535
50;2025-11-13;13;1516
50;2025-11-13;14;1441
50;2025-11-13;15;1639
50;2025-11-13;16;1882
50;2025-11-13;17;2408
50;2025-11-13;18;2572
50;2025-11-13;19;1548
50;2025-11-13;20;978
50;2025-11-13;21;692
50;2025-11-13;22;303
50;2025-11-13;23;160
50;2025-11-14;0;42
50;2025-11-14;1;4
50;2025-11-14;2;0
50;2025-11-14;3;0
50;2025-11-14;4;2
50;2025-11-14;5;69
50;2025-11-14;6;575
50;2025-11-14;7;1782
50;2025-11-14;8;2741
50;2025-11-14;9;2117
50;2025-11-14;10;1600
50;2025-11-14;11;1679
50;2025-11-14;12;1573
50;2025-11-14;13;1519
50;2025-11-14;14;1459
50;2025-11-14;15;1798
50;2025-11-14;16;2101
50;2025-11-14;17;2237
50;2025-11-14;18;1866
50;2025-11-14;19;1276
50;2025-11-14;20;843
50;2025-11-14;21;569
50;2025-11-14;22;316
50;2025-11-14;23;180
50;2025-11-15;0;6
50;2025-11-15;1;3
50;2025-11-15;2;0
50;2025-11-15;3;0
50;2025-11-15;4;1
50;2025-11-15;5;7
50;2025-11-15;6;7
50;2025-11-15;7;7
50;2025-11-15;8;7
50;2025-11-15;9;7
50;2025-11-15;10;7
50;2025-11-15;11;7
50;2025-11-15;12;7
50;2025-11-15;13;7
50;2025-11-15;14;8
50;2025-11-15;15;8
50;2025-11-15;16;8
50;2025-11-15;17;8
50;2025-11-15;18;8
50;2025-11-15;19;7
50;2025-11-15;20;7
50;2025-11-15;21;7
50;2025-11-15;22;7
50;2025-11-15;23;7
50;2025-11-16;0;7
50;2025-11-16;1;4
50;2025-11-16;2;0
50;2025-11-16;3;0
50;2025-11-16;4;1
50;2025-11-16;5;7
50;2025-11-16;6;7
50;2025-11-16;7;7
50;2025-11-16;8;7
50;2025-11-16;9;7
50;2025-11-16;10;8
50;2025-11-16;11;7
50;2025-11-16;12;7
50;2025-11-16;13;7
50;2025-11-16;14;7
50;2025-11-16;15;7
50;2025-11-16;16;8
50;2025-11-16;17;8
50;2025-11-16;18;8
50;2025-11-16;19;8
50;2025-11-16;20;8
50;2025-11-16;21;7
50;2025-11-16;22;7
50;2025-11-16;23;7
50;2025-11-17;0;30
50;2025-11-17;1;4
50;2025-11-17;2;0
50;2025-11-17;3;0
50;2025-11-17;4;3
50;2025-11-17;5;70
50;2025-11-17;6;548
50;2025-11-17;7;1835
50;2025-11-17;8;2836
50;2025-11-17;9;2193
50;2025-11-17;10;1687
50;2025-11-17;11;1584
50;2025-11-17;12;1421
50;2025-11-17;13;1455
50;2025-11-17;14;1394
50;2025-11-17;15;1634
50;2025-11-17;16;1697
50;2025-11-17;17;2430
50;2025-11-17;18;2571
50;2025-11-17;19;1526
50;2025-11-17;20;921
50;2025-11-17;21;620
50;2025-11-17;22;271
50;2025-11-17;23;126
50;2025-11-18;0;35
50;2025-11-18;1;3
50;2025-11-18;2;0
50;2025-11-18;3;0
50;2025-11-18;4;2
50;2025-11-18;5;69
50;2025-11-18;6;593
50;2025-11-18;7;1852
50;2025-11-18;8;2907
50;2025-11-18;9;2274
50;2025-11-18;10;1724
50;2025-11-18;11;1624
50;2025-11-18;12;1561
50;2025-11-18;13;1537
50;2025-11-18;14;1459
50;2025-11-18;15;1689
50;2025-11-18;16;1739
50;2025-11-18;17;2434
50;2025-11-18;18;2685
50;2025-11-18;19;1570
50;2025-11-18;20;989
50;2025-11-18;21;645
50;2025-11-18;22;293
50;2025-11-18;23;134
50;2025-11-19;0;35
50;2025-11-19;1;5
50;2025-11-19;2;0
50;2025-11-19;3;0
50;2025-11-19;4;3
50;2025-11-19;5;72
50;2025-11-19;6;574
50;2025-11-19;7;1807
50;2025-11-19;8;2808
50;2025-11-19;9;2167
50;2025-11-19;10;1711
50;2025-11-19;11;1604
50;2025-11-19;12;1519
50;2025-11-19;13;1550
50;2025-11-19;14;1467
50;2025-11-19;15;1745
50;2025-11-19;16;1764
50;2025-11-19;17;2496
50;2025-11-19;18;2565
50;2025-11-19;19;1562
50;2025-11-19;20;897
50;2025-11-19;21;637
50;2025-11-19;22;298
50;2025-11-19;23;145
50;2025-11-20;0;40
50;2025-11-20;1;3
50;2025-11-20;2;0
50;2025-11-20;3;0
50;2025-11-20;4;2
50;2025-11-20;5;73
50;2025-11-20;6;575
50;2025-11-20;7;1825
50;2025-11-20;8;2757
50;2025-11-20;9;2201
50;2025-11-20;10;1730
50;2025-11-20;11;1572
50;2025-11-20;12;1535
50;2025-11-20;13;1516
50;2025-11-20;14;1441
50;2025-11-20;15;1639
50;2025-11-20;16;1882
50;2025-11-20;17;2409
50;2025-11-20;18;2572
50;2025-11-20;19;1548
50;2025-11-20;20;978
50;2025-11-20;21;692
50;2025-11-20;22;303
50;2025-11-20;23;160
50;2025-11-21;0;42
50;2025-11-21;1;4
50;2025-11-21;2;0
50;2025-11-21;3;0
50;2025-11-21;4;2
50;2025-11-21;5;69
50;2025-11-21;6;575
50;2025-11-21;7;1782
50;2025-11-21;8;2741
50;2025-11-21;9;2117
50;2025-11-21;10;1600
50;2025-11-21;11;1679
50;2025-11-21;12;1573
50;2025-11-21;13;1519
50;2025-11-21;14;1459
50;2025-11-21;15;1798
50;2025-11-21;16;2101
50;2025-11-21;17;2237
50;2025-11-21;18;1866
50;2025-11-21;19;1277
50;2025-11-21;20;843
50;2025-11-21;21;569
50;2025-11-21;22;317
50;2025-11-21;23;180
50;2025-11-22;0;7
50;2025-11-22;1;3
50;2025-11-22;2;0
50;2025-11-22;3;0
50;2025-11-22;4;1
50;2025-11-22;5;7
50;2025-11-22;6;7
50;2025-11-22;7;7
50;2025-11-22;8;7
50;2025-11-22;9;7
50;2025-11-22;10;7
50;2025-11-22;11;7
50;2025-11-22;12;8
50;2025-11-22;13;8
50;2025-11-22;14;8
50;2025-11-22;15;8
50;2025-11-22;16;8
50;2025-11-22;17;8
50;2025-11-22;18;7
50;2025-11-22;19;7
50;2025-11-22;20;7
50;2025-11-22;21;7
50;2025-11-22;22;7
50;2025-11-22;23;7
50;2025-11-23;0;7
50;2025-11-23;1;4
50;2025-11-23;2;0
50;2025-11-23;3;0
50;2025-11-23;4;1
50;2025-11-23;5;7
50;2025-11-23;6;7
50;2025-11-23;7;7
50;2025-11-23;8;7
50;2025-11-23;9;7
50;2025-11-23;10;7
50;2025-11-23;11;7
50;2025-11-23;12;7
50;2025-11-23;13;7
50;2025-11-23;14;7
50;2025-11-23;15;7
50;2025-11-23;16;8
50;2025-11-23;17;8
50;2025-11-23;18;8
50;2025-11-23;19;7
50;2025-11-23;20;8
50;2025-11-23;21;7
50;2025-11-23;22;7
50;2025-11-23;23;7
50;2025-11-24;0;30
50;2025-11-24;1;4
50;2025-11-24;2;0
50;2025-11-24;3;0
50;2025-11-24;4;3
50;2025-11-24;5;70
50;2025-11-24;6;548
50;2025-11-24;7;1835
50;2025-11-24;8;2836
50;2025-11-24;9;2193
50;2025-11-24;10;1687
50;2025-11-24;11;1584
50;2025-11-24;12;1421
50;2025-11-24;13;1455
50;2025-11-24;14;1394
50;2025-11-24;15;1634
50;2025-11-24;16;1697
50;2025-11-24;17;2430
50;2025-11-24;18;2571
50;2025-11-24;19;1526
50;2025-11-24;20;921
50;2025-11-24;21;620
50;2025-11-24;22;271
50;2025-11-24;23;126
50;2025-11-25;0;35
50;2025-11-25;1;3
50;2025-11-25;2;0
50;2025-11-25;3;0
50;2025-11-25;4;2
50;2025-11-25;5;69
50;2025-11-25;6;592
50;2025-11-25;7;1852
50;2025-11-25;8;2907
50;2025-11-25;9;2274
50;2025-11-25;10;1724
50;2025-11-25;11;1624
50;2025-11-25;12;1561
50;2025-11-25;13;1537
50;2025-11-25;14;1459
50;2025-11-25;15;1689
50;2025-11-25;16;1739
50;2025-11-25;17;2435
50;2025-11-25;18;2685
50;2025-11-25;19;1570
50;2025-11-25;20;989
50;2025-11-25;21;645
50;2025-11-25;22;293
50;2025-11-25;23;134
50;2025-11-26;0;35
50;2025-11-26;1;5
50;2025-11-26;2;0
50;2025-11-26;3;0
50;2025-11-26;4;3
50;2025-11-26;5;73
50;2025-11-26;6;574
50;2025-11-26;7;1808
50;2025-11-26;8;2809
50;2025-11-26;9;2167
50;2025-11-26;10;1711
50;2025-11-26;11;1604
50;2025-11-26;12;1520
50;2025-11-26;13;1550
50;2025-11-26;14;1467
50;2025-11-26;15;1745
50;2025-11-26;16;1764
50;2025-11-26;17;2497
50;2025-11-26;18;2565
50;2025-11-26;19;1562
50;2025-11-26;20;897
50;2025-11-26;21;637
50;2025-11-26;22;298
50;2025-11-26;23;146
50;2025-11-27;0;40
50;2025-11-27;1;3
50;2025-11-27;2;0
50;2025-11-27;3;0
50;2025-11-27;4;2
50;2025-11-27;5;73
50;2025-11-27;6;575
50;2025-11-27;7;1825
50;2025-11-27;8;2757
50;2025-11-27;9;2201
50;2025-11-27;10;1730
50;2025-11-27;11;1572
50;2025-11-27;12;1535
50;2025-11-27;13;1516
50;2025-11-27;14;1441
50;2025-11-27;15;1639
50;2025-11-27;16;1882
50;2025-11-27;17;2409
50;2025-11-27;18;2572
50;2025-11-27;19;1548
50;2025-11-27;20;978
50;2025-11-27;21;692
50;2025-11-27;22;303
50;2025-11-27;23;160
50;2025-11-28;0;42
50;2025-11-28;1;4
50;2025-11-28;2;0
50;2025-11-28;3;0
50;2025-11-28;4;2
50;2025-11-28;5;69
50;2025-11-28;6;575
50;2025-11-28;7;1782
50;2025-11-28;8;2741
50;2025-11-28;9;2117
50;2025-11-28;10;1600
50;2025-11-28;11;1679
50;2025-11-28;12;1573
50;2025-11-28;13;1519
50;2025-11-28;14;1459
50;2025-11-28;15;1798
50;2025-11-28;16;2101
50;2025-11-28;17;2237
50;2025-11-28;18;1866
50;2025-11-28;19;1276
50;2025-11-28;20;843
50;2025-11-28;21;569
50;2025-11-28;22;317
50;2025-11-28;23;180
50;2025-11-29;0;7
50;2025-11-29;1;3
50;2025-11-29;2;0
50;2025-11-29;3;0
50;2025-11-29;4;1
50;2025-11-29;5;7
50;2025-11-29;6;7
50;2025-11-29;7;7
50;2025-11-29;8;7
50;2025-11-29;9;8
50;2025-11-29;10;8
50;2025-11-29;11;8
50;2025-11-29;12;8
50;2025-11-29;13;8
50;2025-11-29;14;8
50;2025-11-29;15;8
50;2025-11-29;16;8
50;2025-11-29;17;8
50;2025-11-29;18;7
50;2025-11-29;19;7
50;2025-11-29;20;7
50;2025-11-29;21;7
50;2025-11-29;22;7
50;2025-11-29;23;7
50;2025-11-30;0;7
50;2025-11-30;1;3
50;2025-11-30;2;0
50;2025-11-30;3;0
50;2025-11-30;4;1
50;2025-11-30;5;7
50;2025-11-30;6;7
50;2025-11-30;7;7
50;2025-11-30;8;7
50;2025-11-30;9;7
50;2025-11-30;10;7
50;2025-11-30;11;7
50;2025-11-30;12;7
50;2025-11-30;13;7
50;2025-11-30;14;7
50;2025-11-30;15;7
50;2025-11-30;16;7
50;2025-11-30;17;7
50;2025-11-30;18;7
50;2025-11-30;19;7
50;2025-11-30;20;7
50;2025-11-30;21;7
50;2025-11-30;22;7
50;2025-11-30;23;7
50;2025-12-01;0;30
50;2025-12-01;1;4
50;2025-12-01;2;0
50;2025-12-01;3;0
50;2025-12-01;4;3
50;2025-12-01;5;70
50;2025-12-01;6;548
50;2025-12-01;7;1835
50;2025-12-01;8;2836
50;2025-12-01;9;2193
50;2025-12-01;10;1687
50;2025-12-01;11;1584
50;2025-12-01;12;1422
50;2025-12-01;13;1455
50;2025-12-01;14;1394
50;2025-12-01;15;1634
50;2025-12-01;16;1697
50;2025-12-01;17;2430
50;2025-12-01;18;2571
50;2025-12-01;19;1527
50;2025-12-01;20;921
50;2025-12-01;21;620
50;2025-12-01;22;271
50;2025-12-01;23;126
50;2025-12-02;0;35
50;2025-12-02;1;3
50;2025-12-02;2;0
50;2025-12-02;3;0
50;2025-12-02;4;2
50;2025-12-02;5;69
50;2025-12-02;6;593
50;2025-12-02;7;1852
50;2025-12-02;8;2907
50;2025-12-02;9;2274
50;2025-12-02;10;1724
50;2025-12-02;11;1624
50;2025-12-02;12;1561
50;2025-12-02;13;1537
50;2025-12-02;14;1459
50;2025-12-02;15;1689
50;2025-12-02;16;1739
50;2025-12-02;17;2435
50;2025-12-02;18;2685
50;2025-12-02;19;1570
50;2025-12-02;20;989
50;2025-12-02;21;645
50;2025-12-02;22;293
50;2025-12-02;23;134
50;2025-12-03;0;35
50;2025-12-03;1;5
50;2025-12-03;2;0
50;2025-12-03;3;0
50;2025-12-03;4;3
50;2025-12-03;5;73
50;2025-12-03;6;574
50;2025-12-03;7;1807
50;2025-12-03;8;2808
50;2025-12-03;9;2167
50;2025-12-03;10;1711
50;2025-12-03;11;1604
50;2025-12-03;12;1519
50;2025-12-03;13;1550
50;2025-12-03;14;1467
50;2025-12-03;15;1745
50;2025-12-03;16;1764
50;2025-12-03;17;2496
50;2025-12-03;18;2565
50;2025-12-03;19;1562
50;2025-12-03;20;897
50;2025-12-03;21;637
50;2025-12-03;22;298
50;2025-12-03;23;146
50;2025-12-04;0;40
50;2025-12-04;1;3
50;2025-12-04;2;0
50;2025-12-04;3;0
50;2025-12-04;4;2
50;2025-12-04;5;73
50;2025-12-04;6;575
50;2025-12-04;7;1825
50;2025-12-04;8;2757
50;2025-12-04;9;2202
50;2025-12-04;10;1730
50;2025-12-04;11;1572
50;2025-12-04;12;1535
50;2025-12-04;13;1516
50;2025-12-04;14;1441
50;2025-12-04;15;1639
50;2025-12-04;16;1882
50;2025-12-04;17;2409
50;2025-12-04;18;2572
50;2025-12-04;19;1548
50;2025-12-04;20;978
50;2025-12-04;21;692
50;2025-12-04;22;304
50;2025-12-04;23;160
50;2025-12-05;0;42
50;2025-12-05;1;4
50;2025-12-05;2;0
50;2025-12-05;3;0
50;2025-12-05;4;2
50;2025-12-05;5;69
50;2025-12-05;6;575
50;2025-12-05;7;1782
50;2025-12-05;8;2741
50;2025-12-05;9;2117
50;2025-12-05;10;1600
50;2025-12-05;11;1679
50;2025-12-05;12;1573
50;2025-12-05;13;1519
50;2025-12-05;14;1459
50;2025-12-05;15;1798
50;2025-12-05;16;2101
50;2025-12-05;17;2237
50;2025-12-05;18;1866
50;2025-12-05;19;1276
50;2025-12-05;20;843
50;2025-12-05;21;569
50;2025-12-05;22;317
50;2025-12-05;23;180
50;2025-12-06;0;7
50;2025-12-06;1;3
50;2025-12-06;2;0
50;2025-12-06;3;0
50;2025-12-06;4;1
50;2025-12-06;5;7
50;2025-12-06;6;7
50;2025-12-06;7;7
50;2025-12-06;8;7
50;2025-12-06;9;7
50;2025-12-06;10;7
50;2025-12-06;11;8
50;2025-12-06;12;8
50;2025-12-06;13;8
50;2025-12-06;14;8
50;2025-12-06;15;8
50;2025-12-06;16;8
50;2025-12-06;17;8
50;2025-12-06;18;7
50;2025-12-06;19;7
50;2025-12-06;20;7
50;2025-12-06;21;7
50;2025-12-06;22;7
50;2025-12-06;23;7
50;2025-12-07;0;7
50;2025-12-07;1;3
50;2025-12-07;2;0
50;2025-12-07;3;0
50;2025-12-07;4;1
50;2025-12-07;5;7
50;2025-12-07;6;7
50;2025-12-07;7;7
50;2025-12-07;8;7
50;2025-12-07;9;7
50;2025-12-07;10;7
50;2025-12-07;11;7
50;2025-12-07;12;7
50;2025-12-07;13;7
50;2025-12-07;14;7
50;2025-12-07;15;7
50;2025-12-07;16;7
50;2025-12-07;17;7
50;2025-12-07;18;7
50;2025-12-07;19;7
50;2025-12-07;20;7
50;2025-12-07;21;7
50;2025-12-07;22;7
50;2025-12-07;23;7
50;2025-12-08;0;30
50;2025-12-08;1;4
50;2025-12-08;2;0
50;2025-12-08;3;0
50;2025-12-08;4;3
50;2025-12-08;5;70
50;2025-12-08;6;548
50;2025-12-08;7;1835
50;2025-12-08;8;2836
50;2025-12-08;9;2193
50;2025-12-08;10;1687
50;2025-12-08;11;1584
50;2025-12-08;12;1421
50;2025-12-08;13;1455
50;2025-12-08;14;1394
50;2025-12-08;15;1634
50;2025-12-08;16;1697
50;2025-12-08;17;2430
50;2025-12-08;18;2571
50;2025-12-08;19;1526
50;2025-12-08;20;921
50;2025-12-08;21;620
50;2025-12-08;22;271
50;2025-12-08;23;126
50;2025-12-09;0;35
50;2025-12-09;1;3
50;2025-12-09;2;0
50;2025-12-09;3;0
50;2025-12-09;4;2
50;2025-12-09;5;69
50;2025-12-09;6;592
50;2025-12-09;7;1852
50;2025-12-09;8;2906
50;2025-12-09;9;2274
50;2025-12-09;10;1724
50;2025-12-09;11;1624
50;2025-12-09;12;1561
50;2025-12-09;13;1537
50;2025-12-09;14;1459
50;2025-12-09;15;1689
50;2025-12-09;16;1739
50;2025-12-09;17;2434
50;2025-12-09;18;2685
50;2025-12-09;19;1570
50;2025-12-09;20;989
50;2025-12-09;21;645
50;2025-12-09;22;293
50;2025-12-09;23;134
50;2025-12-10;0;35
50;2025-12-10;1;5
50;2025-12-10;2;0
50;2025-12-10;3;0
50;2025-12-10;4;3
50;2025-12-10;5;73
50;2025-12-10;6;574
50;2025-12-10;7;1807
50;2025-12-10;8;2808
50;2025-12-10;9;2167
50;2025-12-10;10;1711
50;2025-12-10;11;1604
50;2025-12-10;12;1519
50;2025-12-10;13;1550
50;2025-12-10;14;1467
50;2025-12-10;15;1745
50;2025-12-10;16;1764
50;2025-12-10;17;2496
50;2025-12-10;18;2565
50;2025-12-10;19;1562
50;2025-12-10;20;897
50;2025-12-10;21;637
50;2025-12-10;22;298
50;2025-12-10;23;146
50;2025-12-11;0;40
50;2025-12-11;1;3
50;2025-12-11;2;0
50;2025-12-11;3;0
50;2025-12-11;4;2
50;2025-12-11;5;72
50;2025-12-11;6;575
50;2025-12-11;7;1825
50;2025-12-11;8;2757
50;2025-12-11;9;2201
50;2025-12-11;10;1730
50;2025-12-11;11;1572
50;2025-12-11;12;1535
50;2025-12-11;13;1516
50;2025-12-11;14;1441
50;2025-12-11;15;1639
50;2025-12-11;16;1882
50;2025-12-11;17;2408
50;2025-12-11;18;2572
50;2025-12-11;19;1548
50;2025-12-11;20;978
50;2025-12-11;21;692
50;2025-12-11;22;303
50;2025-12-11;23;160
50;2025-12-12;0;42
50;2025-12-12;1;4
50;2025-12-12;2;0
50;2025-12-12;3;0
50;2025-12-12;4;2
50;2025-12-12;5;69
50;2025-12-12;6;575
50;2025-12-12;7;1782
50;2025-12-12;8;2741
50;2025-12-12;9;2117
50;2025-12-12;10;1600
50;2025-12-12;11;1679
50;2025-12-12;12;1573
50;2025-12-12;13;1519
50;2025-12-12;14;1459
50;2025-12-12;15;1798
50;2025-12-12;16;2101
50;2025-12-12;17;2237
50;2025-12-12;18;1866
50;2025-12-12;19;1276
50;2025-12-12;20;843
50;2025-12-12;21;569
50;2025-12-12;22;317
50;2025-12-12;23;180
50;2025-12-13;0;7
50;2025-12-13;1;3
50;2025-12-13;2;0
50;2025-12-13;3;0
50;2025-12-13;4;1
50;2025-12-13;5;7
50;2025-12-13;6;7
50;2025-12-13;7;7
50;2025-12-13;8;7
50;2025-12-13;9;8
50;2025-12-13;10;8
50;2025-12-13;11;8
50;2025-12-13;12;8
50;2025-12-13;13;8
50;2025-12-13;14;8
50;2025-12-13;15;8
50;2025-12-13;16;8
50;2025-12-13;17;8
50;2025-12-13;18;8
50;2025-12-13;19;7
50;2025-12-13;20;7
50;2025-12-13;21;7
50;2025-12-13;22;7
50;2025-12-13;23;7
50;2025-12-14;0;7
50;2025-12-14;1;4
50;2025-12-14;2;0
50;2025-12-14;3;0
50;2025-12-14;4;1
50;2025-12-14;5;7
50;2025-12-14;6;7
50;2025-12-14;7;7
50;2025-12-14;8;7
50;2025-12-14;9;7
50;2025-12-14;10;8
50;2025-12-14;11;7
50;2025-12-14;12;7
50;2025-12-14;13;7
50;2025-12-14;14;7
50;2025-12-14;15;7
50;2025-12-14;16;8
50;2025-12-14;17;8
50;2025-12-14;18;8
50;2025-12-14;19;8
50;2025-12-14;20;8
50;2025-12-14;21;7
50;2025-12-14;22;7
50;2025-12-14;23;7
50;2025-12-15;0;30
50;2025-12-15;1;4
50;2025-12-15;2;0
50;2025-12-15;3;0
50;2025-12-15;4;3
50;2025-12-15;5;70
50;2025-12-15;6;548
50;2025-12-15;7;1835
50;2025-12-15;8;2836
50;2025-12-15;9;2193
50;2025-12-15;10;1687
50;2025-12-15;11;1584
50;2025-12-15;12;1422
50;2025-12-15;13;1455
50;2025-12-15;14;1395
50;2025-12-15;15;1634
50;2025-12-15;16;1697
50;2025-12-15;17;2430
50;2025-12-15;18;2571
50;2025-12-15;19;1527
50;2025-12-15;20;921
50;2025-12-15;21;620
50;2025-12-15;22;271
50;2025-12-15;23;126
50;2025-12-16;0;35
50;2025-12-16;1;3
50;2025-12-16;2;0
50;2025-12-16;3;0
50;2025-12-16;4;2
50;2025-12-16;5;69
50;2025-12-16;6;593
50;2025-12-16;7;1852
50;2025-12-16;8;2907
50;2025-12-16;9;2274
50;2025-12-16;10;1724
50;2025-12-16;11;1624
50;2025-12-16;12;1561
50;2025-12-16;13;1537
50;2025-12-16;14;1459
50;2025-12-16;15;1689
50;2025-12-16;16;1739
50;2025-12-16;17;2434
50;2025-12-16;18;2685
50;2025-12-16;19;1570
50;2025-12-16;20;989
50;2025-12-16;21;645
50;2025-12-16;22;293
50;2025-12-16;23;134
50;2025-12-17;0;35
50;2025-12-17;1;5
50;2025-12-17;2;0
50;2025-12-17;3;0
50;2025-12-17;4;3
50;2025-12-17;5;72
50;2025-12-17;6;574
50;2025-12-17;7;1807
50;2025-12-17;8;2808
50;2025-12-17;9;2167
50;2025-12-17;10;1711
50;2025-12-17;11;1604
50;2025-12-17;12;1519
50;2025-12-17;13;1550
50;2025-12-17;14;1467
50;2025-12-17;15;1745
50;2025-12-17;16;1764
50;2025-12-17;17;2496
50;2025-12-17;18;2565
50;2025-12-17;19;1562
50;2025-12-17;20;897
50;2025-12-17;21;637
50;2025-12-17;22;298
50;2025-12-17;23;146
50;2025-12-18;0;40
50;2025-12-18;1;3
50;2025-12-18;2;0
50;2025-12-18;3;0
50;2025-12-18;4;2
50;2025-12-18;5;72
50;2025-12-18;6;575
50;2025-12-18;7;1825
50;2025-12-18;8;2757
50;2025-12-18;9;2201
50;2025-12-18;10;1730
50;2025-12-18;11;1572
50;2025-12-18;12;1535
50;2025-12-18;13;1516
50;2025-12-18;14;1441
50;2025-12-18;15;1639
50;2025-12-18;16;1882
50;2025-12-18;17;2408
50;2025-12-18;18;2572
50;2025-12-18;19;1548
50;2025-12-18;20;978
50;2025-12-18;21;692
50;2025-12-18;22;303
50;2025-12-18;23;160
50;2025-12-19;0;42
50;2025-12-19;1;4
50;2025-12-19;2;0
50;2025-12-19;3;0
50;2025-12-19;4;2
50;2025-12-19;5;69
50;2025-12-19;6;575
50;2025-12-19;7;1782
50;2025-12-19;8;2741
50;2025-12-19;9;2117
50;2025-12-19;10;1600
50;2025-12-19;11;1679
50;2025-12-19;12;1573
50;2025-12-19;13;1519
50;2025-12-19;14;1459
50;2025-12-19;15;1798
50;2025-12-19;16;2101
50;2025-12-19;17;2237
50;2025-12-19;18;1866
50;2025-12-19;19;1276
50;2025-12-19;20;843
50;2025-12-19;21;569
50;2025-12-19;22;317
50;2025-12-19;23;180
50;2025-12-20;0;7
50;2025-12-20;1;3
50;2025-12-20;2;0
50;2025-12-20;3;0
50;2025-12-20;4;1
50;2025-12-20;5;7
50;2025-12-20;6;7
50;2025-12-20;7;7
50;2025-12-20;8;7
50;2025-12-20;9;8
50;2025-12-20;10;8
50;2025-12-20;11;8
50;2025-12-20;12;8
50;2025-12-20;13;8
50;2025-12-20;14;8
50;2025-12-20;15;8
50;2025-12-20;16;8
50;2025-12-20;17;8
50;2025-12-20;18;8
50;2025-12-20;19;7
50;2025-12-20;20;7
50;2025-12-20;21;7
50;2025-12-20;22;7
50;2025-12-20;23;7
50;2025-12-21;0;7
50;2025-12-21;1;4
50;2025-12-21;2;0
50;2025-12-21;3;0
50;2025-12-21;4;1
50;2025-12-21;5;7
50;2025-12-21;6;7
50;2025-12-21;7;7
50;2025-12-21;8;7
50;2025-12-21;9;7
50;2025-12-21;10;7
50;2025-12-21;11;7
50;2025-12-21;12;7
50;2025-12-21;13;7
50;2025-12-21;14;7
50;2025-12-21;15;7
50;2025-12-21;16;7
50;2025-12-21;17;7
50;2025-12-21;18;7
50;2025-12-21;19;7
50;2025-12-21;20;7
50;2025-12-21;21;7
50;2025-12-21;22;7
50;2025-12-21;23;7
50;2025-12-22;0;31
50;2025-12-22;1;4
50;2025-12-22;2;0
50;2025-12-22;3;0
50;2025-12-22;4;3
50;2025-12-22;5;70
50;2025-12-22;6;548
50;2025-12-22;7;1835
50;2025-12-22;8;2836
50;2025-12-22;9;2193
50;2025-12-22;10;1687
50;2025-12-22;11;1584
50;2025-12-22;12;1421
50;2025-12-22;13;1455
50;2025-12-22;14;1394
50;2025-12-22;15;1634
50;2025-12-22;16;1697
50;2025-12-22;17;2430
50;2025-12-22;18;2571
50;2025-12-22;19;1526
50;2025-12-22;20;921
50;2025-12-22;21;620
50;2025-12-22;22;271
50;2025-12-22;23;126
50;2025-12-23;0;35
50;2025-12-23;1;3
50;2025-12-23;2;0
50;2025-12-23;3;0
50;2025-12-23;4;2
50;2025-12-23;5;69
50;2025-12-23;6;592
50;2025-12-23;7;1852
50;2025-12-23;8;2906
50;2025-12-23;9;2274
50;2025-12-23;10;1724
50;2025-12-23;11;1624
50;2025-12-23;12;1561
50;2025-12-23;13;1537
50;2025-12-23;14;1459
50;2025-12-23;15;1689
50;2025-12-23;16;1739
50;2025-12-23;17;2434
50;2025-12-23;18;2685
50;2025-12-23;19;1570
50;2025-12-23;20;989
50;2025-12-23;21;645
50;2025-12-23;22;293
50;2025-12-23;23;134
50;2025-12-24;0;35
50;2025-12-24;1;5
50;2025-12-24;2;0
50;2025-12-24;3;0
50;2025-12-24;4;3
50;2025-12-24;5;73
50;2025-12-24;6;574
50;2025-12-24;7;1807
50;2025-12-24;8;2808
50;2025-12-24;9;2167
50;2025-12-24;10;1711
50;2025-12-24;11;1604
50;2025-12-24;12;1519
50;2025-12-24;13;1550
50;2025-12-24;14;1467
50;2025-12-24;15;1745
50;2025-12-24;16;1764
50;2025-12-24;17;2496
50;2025-12-24;18;2565
50;2025-12-24;19;1562
50;2025-12-24;20;897
50;2025-12-24;21;637
50;2025-12-24;22;298
50;2025-12-24;23;145
50;2025-12-25;0;40
50;2025-12-25;1;3
50;2025-12-25;2;0
50;2025-12-25;3;0
50;2025-12-25;4;2
50;2025-12-25;5;72
50;2025-12-25;6;575
50;2025-12-25;7;1825
50;2025-12-25;8;2757
50;2025-12-25;9;2201
50;2025-12-25;10;1730
50;2025-12-25;11;1572
50;2025-12-25;12;1535
50;2025-12-25;13;1516
50;2025-12-25;14;1441
50;2025-12-25;15;1639
50;2025-12-25;16;1882
50;2025-12-25;17;2409
50;2025-12-25;18;2572
50;2025-12-25;19;1548
50;2025-12-25;20;978
50;2025-12-25;21;692
50;2025-12-25;22;304
50;2025-12-25;23;160
50;2025-12-26;0;42
50;2025-12-26;1;4
50;2025-12-26;2;0
50;2025-12-26;3;0
50;2025-12-26;4;2
50;2025-12-26;5;69
50;2025-12-26;6;575
50;2025-12-26;7;1782
50;2025-12-26;8;2741
50;2025-12-26;9;2117
50;2025-12-26;10;1600
50;2025-12-26;11;1679
50;2025-12-26;12;1573
50;2025-12-26;13;1519
50;2025-12-26;14;1459
50;2025-12-26;15;1798
50;2025-12-26;16;2101
50;2025-12-26;17;2237
50;2025-12-26;18;1866
50;2025-12-26;19;1276
50;2025-12-26;20;843
50;2025-12-26;21;569
50;2025-12-26;22;317
50;2025-12-26;23;180
50;2025-12-27;0;7
50;2025-12-27;1;3
50;2025-12-27;2;0
50;2025-12-27;3;0
50;2025-12-27;4;1
50;2025-12-27;5;7
50;2025-12-27;6;7
50;2025-12-27;7;7
50;2025-12-27;8;7
50;2025-12-27;9;7
50;2025-12-27;10;8
50;2025-12-27;11;8
50;2025-12-27;12;8
50;2025-12-27;13;8
50;2025-12-27;14;8
50;2025-12-27;15;8
50;2025-12-27;16;8
50;2025-12-27;17;8
50;2025-12-27;18;8
50;2025-12-27;19;7
50;2025-12-27;20;7
50;2025-12-27;21;7
50;2025-12-27;22;7
50;2025-12-27;23;7
50;2025-12-28;0;7
50;2025-12-28;1;4
50;2025-12-28;2;0
50;2025-12-28;3;0
50;2025-12-28;4;1
50;2025-12-28;5;7
50;2025-12-28;6;7
50;2025-12-28;7;7
50;2025-12-28;8;7
50;2025-12-28;9;7
50;2025-12-28;10;7
50;2025-12-28;11;7
50;2025-12-28;12;7
50;2025-12-28;13;7
50;2025-12-28;14;7
50;2025-12-28;15;7
50;2025-12-28;16;8
50;2025-12-28;17;8
50;2025-12-28;18;8
50;2025-12-28;19;7
50;2025-12-28;20;7
50;2025-12-28;21;7
50;2025-12-28;22;7
50;2025-12-28;23;7
50;2025-12-29;0;30
50;2025-12-29;1;4
50;2025-12-29;2;0
50;2025-12-29;3;0
50;2025-12-29;4;3
50;2025-12-29;5;71
50;2025-12-29;6;548
50;2025-12-29;7;1835
50;2025-12-29;8;2836
50;2025-12-29;9;2193
50;2025-12-29;10;1687
50;2025-12-29;11;1584
50;2025-12-29;12;1422
50;2025-12-29;13;1455
50;2025-12-29;14;1395
50;2025-12-29;15;1634
50;2025-12-29;16;1697
50;2025-12-29;17;2431
50;2025-12-29;18;2571
50;2025-12-29;19;1527
50;2025-12-29;20;921
50;2025-12-29;21;620
50;2025-12-29;22;272
50;2025-12-29;23;126
50;2025-12-30;0;35
50;2025-12-30;1;3
50;2025-12-30;2;0
50;2025-12-30;3;0
50;2025-12-30;4;2
50;2025-12-30;5;70
50;2025-12-30;6;593
50;2025-12-30;7;1852
50;2025-12-30;8;2907
50;2025-12-30;9;2275
50;2025-12-30;10;1724
50;2025-12-30;11;1624
50;2025-12-30;12;1561
50;2025-12-30;13;1537
50;2025-12-30;14;1459
50;2025-12-30;15;1689
50;2025-12-30;16;1739
50;2025-12-30;17;2435
50;2025-12-30;18;2685
50;2025-12-30;19;1570
50;2025-12-30;20;989
50;2025-12-30;21;645
50;2025-12-30;22;293
50;2025-12-30;23;134
50;2025-12-31;0;7
50;2025-12-31;1;3
50;2025-12-31;2;0
50;2025-12-31;3;0
50;2025-12-31;4;1
50;2025-12-31;5;7
50;2025-12-31;6;7
50;2025-12-31;7;7
50;2025-12-31;8;7
50;2025-12-31;9;7
50;2025-12-31;10;8
50;2025-12-31;11;8
50;2025-12-31;12;8
50;2025-12-31;13;8
50;2025-12-31;14;8
50;2025-12-31;15;8
50;2025-12-31;16;8
50;2025-12-31;17;8
50;2025-12-31;18;7
50;2025-12-31;19;8
50;2025-12-31;20;8
50;2025-12-31;21;8
50;2025-12-31;22;7
50;2025-12-31;23;7
