route;date;hour;prediction
1;2025-11-01;0;10
1;2025-11-01;1;0
1;2025-11-01;2;0
1;2025-11-01;3;0
1;2025-11-01;4;10
1;2025-11-01;5;139
1;2025-11-01;6;527
1;2025-11-01;7;1517
1;2025-11-01;8;1844
1;2025-11-01;9;1452
1;2025-11-01;10;1321
1;2025-11-01;11;1417
1;2025-11-01;12;1462
1;2025-11-01;13;1529
1;2025-11-01;14;1459
1;2025-11-01;15;1672
1;2025-11-01;16;1713
1;2025-11-01;17;1749
1;2025-11-01;18;1498
1;2025-11-01;19;1102
1;2025-11-01;20;804
1;2025-11-01;21;498
1;2025-11-01;22;275
1;2025-11-01;23;66
1;2025-11-02;0;0
1;2025-11-02;1;0
1;2025-11-02;2;0
1;2025-11-02;3;0
1;2025-11-02;4;0
1;2025-11-02;5;26
1;2025-11-02;6;122
1;2025-11-02;7;242
1;2025-11-02;8;332
1;2025-11-02;9;547
1;2025-11-02;10;653
1;2025-11-02;11;600
1;2025-11-02;12;771
1;2025-11-02;13;809
1;2025-11-02;14;726
1;2025-11-02;15;660
1;2025-11-02;16;602
1;2025-11-02;17;565
1;2025-11-02;18;510
1;2025-11-02;19;444
1;2025-11-02;20;335
1;2025-11-02;21;256
1;2025-11-02;22;120
1;2025-11-02;23;37
1;2025-11-03;0;0
1;2025-11-03;1;0
1;2025-11-03;2;0
1;2025-11-03;3;0
1;2025-11-03;4;0
1;2025-11-03;5;18
1;2025-11-03;6;104
1;2025-11-03;7;220
1;2025-11-03;8;278
1;2025-11-03;9;502
1;2025-11-03;10;581
1;2025-11-03;11;540
1;2025-11-03;12;689
1;2025-11-03;13;702
1;2025-11-03;14;644
1;2025-11-03;15;582
1;2025-11-03;16;542
1;2025-11-03;17;502
1;2025-11-03;18;447
1;2025-11-03;19;414
1;2025-11-03;20;305
1;2025-11-03;21;233
1;2025-11-03;22;106
1;2025-11-03;23;31
1;2025-11-04;0;0
1;2025-11-04;1;0
1;2025-11-04;2;0
1;2025-11-04;3;0
1;2025-11-04;4;0
1;2025-11-04;5;18
1;2025-11-04;6;104
1;2025-11-04;7;220
1;2025-11-04;8;278
1;2025-11-04;9;502
1;2025-11-04;10;581
1;2025-11-04;11;540
1;2025-11-04;12;689
1;2025-11-04;13;702
1;2025-11-04;14;644
1;2025-11-04;15;582
1;2025-11-04;16;542
1;2025-11-04;17;502
1;2025-11-04;18;447
1;2025-11-04;19;414
1;2025-11-04;20;305
1;2025-11-04;21;233
1;2025-11-04;22;106
1;2025-11-04;23;31
1;2025-11-05;0;4
1;2025-11-05;1;0
1;2025-11-05;2;0
1;2025-11-05;3;0
1;2025-11-05;4;8
1;2025-11-05;5;135
1;2025-11-05;6;557
1;2025-11-05;7;1520
1;2025-11-05;8;1881
1;2025-11-05;9;1449
1;2025-11-05;10;1286
1;2025-11-05;11;1324
1;2025-11-05;12;1361
1;2025-11-05;13;1407
1;2025-11-05;14;1351
1;2025-11-05;15;1526
1;2025-11-05;16;1465
1;2025-11-05;17;1768
1;2025-11-05;18;1759
1;2025-11-05;19;1384
1;2025-11-05;20;868
1;2025-11-05;21;474
1;2025-11-05;22;257
1;2025-11-05;23;47
1;2025-11-06;0;5
1;2025-11-06;1;0
1;2025-11-06;2;0
1;2025-11-06;3;0
1;2025-11-06;4;7
1;2025-11-06;5;123
1;2025-11-06;6;526
1;2025-11-06;7;1501
1;2025-11-06;8;1913
1;2025-11-06;9;1469
1;2025-11-06;10;1309
1;2025-11-06;11;1373
1;2025-11-06;12;1391
1;2025-11-06;13;1416
1;2025-11-06;14;1377
1;2025-11-06;15;1525
1;2025-11-06;16;1519
1;2025-11-06;17;1767
1;2025-11-06;18;1759
1;2025-11-06;19;1350
1;2025-11-06;20;873
1;2025-11-06;21;502
1;2025-11-06;22;242
1;2025-11-06;23;56
1;2025-11-07;0;7
1;2025-11-07;1;0
1;2025-11-07;2;0
1;2025-11-07;3;0
1;2025-11-07;4;7
1;2025-11-07;5;133
1;2025-11-07;6;530
1;2025-11-07;7;1513
1;2025-11-07;8;1810
1;2025-11-07;9;1412
1;2025-11-07;10;1279
1;2025-11-07;11;1383
1;2025-11-07;12;1374
1;2025-11-07;13;1432
1;2025-11-07;14;1361
1;2025-11-07;15;1515
1;2025-11-07;16;1579
1;2025-11-07;17;1716
1;2025-11-07;18;1529
1;2025-11-07;19;1175
1;2025-11-07;20;799
1;2025-11-07;21;498
1;2025-11-07;22;256
1;2025-11-07;23;52
1;2025-11-08;0;8
1;2025-11-08;1;0
1;2025-11-08;2;0
1;2025-11-08;3;0
1;2025-11-08;4;0
1;2025-11-08;5;29
1;2025-11-08;6;165
1;2025-11-08;7;335
1;2025-11-08;8;453
1;2025-11-08;9;710
1;2025-11-08;10;830
1;2025-11-08;11;760
1;2025-11-08;12;974
1;2025-11-08;13;1031
1;2025-11-08;14;947
1;2025-11-08;15;834
1;2025-11-08;16;764
1;2025-11-08;17;693
1;2025-11-08;18;620
1;2025-11-08;19;555
1;2025-11-08;20;420
1;2025-11-08;21;284
1;2025-11-08;22;129
1;2025-11-08;23;30
1;2025-11-09;0;0
1;2025-11-09;1;0
1;2025-11-09;2;0
1;2025-11-09;3;0
1;2025-11-09;4;0
1;2025-11-09;5;25
1;2025-11-09;6;124
1;2025-11-09;7;251
1;2025-11-09;8;347
1;2025-11-09;9;577
1;2025-11-09;10;689
1;2025-11-09;11;638
1;2025-11-09;12;796
1;2025-11-09;13;843
1;2025-11-09;14;756
1;2025-11-09;15;697
1;2025-11-09;16;637
1;2025-11-09;17;596
1;2025-11-09;18;539
1;2025-11-09;19;459
1;2025-11-09;20;333
1;2025-11-09;21;258
1;2025-11-09;22;113
1;2025-11-09;23;34
1;2025-11-10;0;0
1;2025-11-10;1;0
1;2025-11-10;2;0
1;2025-11-10;3;0
1;2025-11-10;4;8
1;2025-11-10;5;129
1;2025-11-10;6;547
1;2025-11-10;7;1481
1;2025-11-10;8;1845
1;2025-11-10;9;1368
1;2025-11-10;10;1212
1;2025-11-10;11;1252
1;2025-11-10;12;1327
1;2025-11-10;13;1319
1;2025-11-10;14;1274
1;2025-11-10;15;1448
1;2025-11-10;16;1488
1;2025-11-10;17;1751
1;2025-11-10;18;1849
1;2025-11-10;19;1406
1;2025-11-10;20;857
1;2025-11-10;21;462
1;2025-11-10;22;212
1;2025-11-10;23;43
1;2025-11-11;0;3
1;2025-11-11;1;0
1;2025-11-11;2;0
1;2025-11-11;3;0
1;2025-11-11;4;6
1;2025-11-11;5;136
1;2025-11-11;6;561
1;2025-11-11;7;1565
1;2025-11-11;8;1902
1;2025-11-11;9;1468
1;2025-11-11;10;1329
1;2025-11-11;11;1337
1;2025-11-11;12;1364
1;2025-11-11;13;1399
1;2025-11-11;14;1329
1;2025-11-11;15;1436
1;2025-11-11;16;1482
1;2025-11-11;17;1737
1;2025-11-11;18;1761
1;2025-11-11;19;1383
1;2025-11-11;20;905
1;2025-11-11;21;479
1;2025-11-11;22;235
1;2025-11-11;23;43
1;2025-11-12;0;4
1;2025-11-12;1;0
1;2025-11-12;2;0
1;2025-11-12;3;0
1;2025-11-12;4;8
1;2025-11-12;5;135
1;2025-11-12;6;557
1;2025-11-12;7;1520
1;2025-11-12;8;1881
1;2025-11-12;9;1449
1;2025-11-12;10;1286
1;2025-11-12;11;1324
1;2025-11-12;12;1361
1;2025-11-12;13;1407
1;2025-11-12;14;1351
1;2025-11-12;15;1526
1;2025-11-12;16;1465
1;2025-11-12;17;1768
1;2025-11-12;18;1759
1;2025-11-12;19;1384
1;2025-11-12;20;868
1;2025-11-12;21;474
1;2025-11-12;22;257
1;2025-11-12;23;47
1;2025-11-13;0;5
1;2025-11-13;1;0
1;2025-11-13;2;0
1;2025-11-13;3;0
1;2025-11-13;4;7
1;2025-11-13;5;123
1;2025-11-13;6;526
1;2025-11-13;7;1501
1;2025-11-13;8;1913
1;2025-11-13;9;1469
1;2025-11-13;10;1309
1;2025-11-13;11;1373
1;2025-11-13;12;1391
1;2025-11-13;13;1416
1;2025-11-13;14;1377
1;2025-11-13;15;1525
1;2025-11-13;16;1519
1;2025-11-13;17;1767
1;2025-11-13;18;1759
1;2025-11-13;19;1350
1;2025-11-13;20;873
1;2025-11-13;21;502
1;2025-11-13;22;242
1;2025-11-13;23;56
1;2025-11-14;0;7
1;2025-11-14;1;0
1;2025-11-14;2;0
1;2025-11-14;3;0
1;2025-11-14;4;7
1;2025-11-14;5;133
1;2025-11-14;6;530
1;2025-11-14;7;1513
1;2025-11-14;8;1810
1;2025-11-14;9;1412
1;2025-11-14;10;1279
1;2025-11-14;11;1383
1;2025-11-14;12;1374
1;2025-11-14;13;1432
1;2025-11-14;14;1361
1;2025-11-14;15;1515
1;2025-11-14;16;1579
1;2025-11-14;17;1716
1;2025-11-14;18;1529
1;2025-11-14;19;1175
1;2025-11-14;20;799
1;2025-11-14;21;498
1;2025-11-14;22;256
1;2025-11-14;23;52
1;2025-11-15;0;8
1;2025-11-15;1;0
1;2025-11-15;2;0
1;2025-11-15;3;0
1;2025-11-15;4;0
1;2025-11-15;5;29
1;2025-11-15;6;165
1;2025-11-15;7;335
1;2025-11-15;8;453
1;2025-11-15;9;710
1;2025-11-15;10;830
1;2025-11-15;11;760
1;2025-11-15;12;974
1;2025-11-15;13;1031
1;2025-11-15;14;947
1;2025-11-15;15;834
1;2025-11-15;16;764
1;2025-11-15;17;693
1;2025-11-15;18;620
1;2025-11-15;19;555
1;2025-11-15;20;420
1;2025-11-15;21;284
1;2025-11-15;22;129
1;2025-11-15;23;30
1;2025-11-16;0;0
1;2025-11-16;1;0
1;2025-11-16;2;0
1;2025-11-16;3;0
1;2025-11-16;4;0
1;2025-11-16;5;25
1;2025-11-16;6;124
1;2025-11-16;7;251
1;2025-11-16;8;347
1;2025-11-16;9;577
1;2025-11-16;10;689
1;2025-11-16;11;638
1;2025-11-16;12;796
1;2025-11-16;13;843
1;2025-11-16;14;756
1;2025-11-16;15;697
1;2025-11-16;16;637
1;2025-11-16;17;596
1;2025-11-16;18;539
1;2025-11-16;19;459
1;2025-11-16;20;333
1;2025-11-16;21;258
1;2025-11-16;22;113
1;2025-11-16;23;34
1;2025-11-17;0;0
1;2025-11-17;1;0
1;2025-11-17;2;0
1;2025-11-17;3;0
1;2025-11-17;4;8
1;2025-11-17;5;129
1;2025-11-17;6;547
1;2025-11-17;7;1481
1;2025-11-17;8;1845
1;2025-11-17;9;1368
1;2025-11-17;10;1212
1;2025-11-17;11;1252
1;2025-11-17;12;1327
1;2025-11-17;13;1319
1;2025-11-17;14;1274
1;2025-11-17;15;1448
1;2025-11-17;16;1488
1;2025-11-17;17;1751
1;2025-11-17;18;1849
1;2025-11-17;19;1406
1;2025-11-17;20;857
1;2025-11-17;21;462
1;2025-11-17;22;212
1;2025-11-17;23;43
1;2025-11-18;0;3
1;2025-11-18;1;0
1;2025-11-18;2;0
1;2025-11-18;3;0
1;2025-11-18;4;6
1;2025-11-18;5;136
1;2025-11-18;6;561
1;2025-11-18;7;1565
1;2025-11-18;8;1902
1;2025-11-18;9;1468
1;2025-11-18;10;1329
1;2025-11-18;11;1337
1;2025-11-18;12;1364
1;2025-11-18;13;1399
1;2025-11-18;14;1329
1;2025-11-18;15;1436
1;2025-11-18;16;1482
1;2025-11-18;17;1737
1;2025-11-18;18;1761
1;2025-11-18;19;1383
1;2025-11-18;20;905
1;2025-11-18;21;479
1;2025-11-18;22;235
1;2025-11-18;23;43
1;2025-11-19;0;4
1;2025-11-19;1;0
1;2025-11-19;2;0
1;2025-11-19;3;0
1;2025-11-19;4;8
1;2025-11-19;5;135
1;2025-11-19;6;557
1;2025-11-19;7;1520
1;2025-11-19;8;1881
1;2025-11-19;9;1449
1;2025-11-19;10;1286
1;2025-11-19;11;1324
1;2025-11-19;12;1361
1;2025-11-19;13;1407
1;2025-11-19;14;1351
1;2025-11-19;15;1526
1;2025-11-19;16;1465
1;2025-11-19;17;1768
1;2025-11-19;18;1759
1;2025-11-19;19;1384
1;2025-11-19;20;868
1;2025-11-19;21;474
1;2025-11-19;22;257
1;2025-11-19;23;47
1;2025-11-20;0;5
1;2025-11-20;1;0
1;2025-11-20;2;0
1;2025-11-20;3;0
1;2025-11-20;4;7
1;2025-11-20;5;123
1;2025-11-20;6;526
1;2025-11-20;7;1501
1;2025-11-20;8;1913
1;2025-11-20;9;1469
1;2025-11-20;10;1309
1;2025-11-20;11;1373
1;2025-11-20;12;1391
1;2025-11-20;13;1416
1;2025-11-20;14;1377
1;2025-11-20;15;1525
1;2025-11-20;16;1519
1;2025-11-20;17;1767
1;2025-11-20;18;1759
1;2025-11-20;19;1350
1;2025-11-20;20;873
1;2025-11-20;21;502
1;2025-11-20;22;242
1;2025-11-20;23;56
1;2025-11-21;0;7
1;2025-11-21;1;0
1;2025-11-21;2;0
1;2025-11-21;3;0
1;2025-11-21;4;7
1;2025-11-21;5;133
1;2025-11-21;6;530
1;2025-11-21;7;1513
1;2025-11-21;8;1810
1;2025-11-21;9;1412
1;2025-11-21;10;1279
1;2025-11-21;11;1383
1;2025-11-21;12;1374
1;2025-11-21;13;1432
1;2025-11-21;14;1361
1;2025-11-21;15;1515
1;2025-11-21;16;1579
1;2025-11-21;17;1716
1;2025-11-21;18;1529
1;2025-11-21;19;1175
1;2025-11-21;20;799
1;2025-11-21;21;498
1;2025-11-21;22;256
1;2025-11-21;23;52
1;2025-11-22;0;8
1;2025-11-22;1;0
1;2025-11-22;2;0
1;2025-11-22;3;0
1;2025-11-22;4;0
1;2025-11-22;5;29
1;2025-11-22;6;165
1;2025-11-22;7;335
1;2025-11-22;8;453
1;2025-11-22;9;710
1;2025-11-22;10;830
1;2025-11-22;11;760
1;2025-11-22;12;974
1;2025-11-22;13;1031
1;2025-11-22;14;947
1;2025-11-22;15;834
1;2025-11-22;16;764
1;2025-11-22;17;693
1;2025-11-22;18;620
1;2025-11-22;19;555
1;2025-11-22;20;420
1;2025-11-22;21;284
1;2025-11-22;22;129
1;2025-11-22;23;30
1;2025-11-23;0;0
1;2025-11-23;1;0
1;2025-11-23;2;0
1;2025-11-23;3;0
1;2025-11-23;4;0
1;2025-11-23;5;25
1;2025-11-23;6;124
1;2025-11-23;7;251
1;2025-11-23;8;347
1;2025-11-23;9;577
1;2025-11-23;10;689
1;2025-11-23;11;638
1;2025-11-23;12;796
1;2025-11-23;13;843
1;2025-11-23;14;756
1;2025-11-23;15;697
1;2025-11-23;16;637
1;2025-11-23;17;596
1;2025-11-23;18;539
1;2025-11-23;19;459
1;2025-11-23;20;333
1;2025-11-23;21;258
1;2025-11-23;22;113
1;2025-11-23;23;34
1;2025-11-24;0;0
1;2025-11-24;1;0
1;2025-11-24;2;0
1;2025-11-24;3;0
1;2025-11-24;4;8
1;2025-11-24;5;129
1;2025-11-24;6;547
1;2025-11-24;7;1481
1;2025-11-24;8;1845
1;2025-11-24;9;1368
1;2025-11-24;10;1212
1;2025-11-24;11;1252
1;2025-11-24;12;1327
1;2025-11-24;13;1319
1;2025-11-24;14;1274
1;2025-11-24;15;1448
1;2025-11-24;16;1488
1;2025-11-24;17;1751
1;2025-11-24;18;1849
1;2025-11-24;19;1406
1;2025-11-24;20;857
1;2025-11-24;21;462
1;2025-11-24;22;212
1;2025-11-24;23;43
1;2025-11-25;0;3
1;2025-11-25;1;0
1;2025-11-25;2;0
1;2025-11-25;3;0
1;2025-11-25;4;6
1;2025-11-25;5;136
1;2025-11-25;6;561
1;2025-11-25;7;1565
1;2025-11-25;8;1902
1;2025-11-25;9;1468
1;2025-11-25;10;1329
1;2025-11-25;11;1337
1;2025-11-25;12;1364
1;2025-11-25;13;1399
1;2025-11-25;14;1329
1;2025-11-25;15;1436
1;2025-11-25;16;1482
1;2025-11-25;17;1737
1;2025-11-25;18;1761
1;2025-11-25;19;1383
1;2025-11-25;20;905
1;2025-11-25;21;479
1;2025-11-25;22;235
1;2025-11-25;23;43
1;2025-11-26;0;4
1;2025-11-26;1;0
1;2025-11-26;2;0
1;2025-11-26;3;0
1;2025-11-26;4;8
1;2025-11-26;5;135
1;2025-11-26;6;557
1;2025-11-26;7;1520
1;2025-11-26;8;1881
1;2025-11-26;9;1449
1;2025-11-26;10;1286
1;2025-11-26;11;1324
1;2025-11-26;12;1361
1;2025-11-26;13;1407
1;2025-11-26;14;1351
1;2025-11-26;15;1526
1;2025-11-26;16;1465
1;2025-11-26;17;1768
1;2025-11-26;18;1759
1;2025-11-26;19;1384
1;2025-11-26;20;868
1;2025-11-26;21;474
1;2025-11-26;22;257
1;2025-11-26;23;47
1;2025-11-27;0;5
1;2025-11-27;1;0
1;2025-11-27;2;0
1;2025-11-27;3;0
1;2025-11-27;4;7
1;2025-11-27;5;123
1;2025-11-27;6;526
1;2025-11-27;7;1501
1;2025-11-27;8;1913
1;2025-11-27;9;1469
1;2025-11-27;10;1309
1;2025-11-27;11;1373
1;2025-11-27;12;1391
1;2025-11-27;13;1416
1;2025-11-27;14;1377
1;2025-11-27;15;1525
1;2025-11-27;16;1519
1;2025-11-27;17;1767
1;2025-11-27;18;1759
1;2025-11-27;19;1350
1;2025-11-27;20;873
1;2025-11-27;21;502
1;2025-11-27;22;242
1;2025-11-27;23;56
1;2025-11-28;0;7
1;2025-11-28;1;0
1;2025-11-28;2;0
1;2025-11-28;3;0
1;2025-11-28;4;7
1;2025-11-28;5;133
1;2025-11-28;6;530
1;2025-11-28;7;1513
1;2025-11-28;8;1810
1;2025-11-28;9;1412
1;2025-11-28;10;1279
1;2025-11-28;11;1383
1;2025-11-28;12;1374
1;2025-11-28;13;1432
1;2025-11-28;14;1361
1;2025-11-28;15;1515
1;2025-11-28;16;1579
1;2025-11-28;17;1716
1;2025-11-28;18;1529
1;2025-11-28;19;1175
1;2025-11-28;20;799
1;2025-11-28;21;498
1;2025-11-28;22;256
1;2025-11-28;23;52
1;2025-11-29;0;8
1;2025-11-29;1;0
1;2025-11-29;2;0
1;2025-11-29;3;0
1;2025-11-29;4;0
1;2025-11-29;5;29
1;2025-11-29;6;165
1;2025-11-29;7;335
1;2025-11-29;8;453
1;2025-11-29;9;710
1;2025-11-29;10;830
1;2025-11-29;11;760
1;2025-11-29;12;974
1;2025-11-29;13;1031
1;2025-11-29;14;947
1;2025-11-29;15;834
1;2025-11-29;16;764
1;2025-11-29;17;693
1;2025-11-29;18;620
1;2025-11-29;19;555
1;2025-11-29;20;420
1;2025-11-29;21;284
1;2025-11-29;22;129
1;2025-11-29;23;30
1;2025-11-30;0;0
1;2025-11-30;1;0
1;2025-11-30;2;0
1;2025-11-30;3;0
1;2025-11-30;4;0
1;2025-11-30;5;25
1;2025-11-30;6;124
1;2025-11-30;7;251
1;2025-11-30;8;347
1;2025-11-30;9;577
1;2025-11-30;10;689
1;2025-11-30;11;638
1;2025-11-30;12;796
1;2025-11-30;13;843
1;2025-11-30;14;756
1;2025-11-30;15;697
1;2025-11-30;16;637
1;2025-11-30;17;596
1;2025-11-30;18;539
1;2025-11-30;19;459
1;2025-11-30;20;333
1;2025-11-30;21;258
1;2025-11-30;22;113
1;2025-11-30;23;34
1;2025-12-01;0;0
1;2025-12-01;1;0
1;2025-12-01;2;0
1;2025-12-01;3;0
1;2025-12-01;4;8
1;2025-12-01;5;129
1;2025-12-01;6;547
1;2025-12-01;7;1481
1;2025-12-01;8;1845
1;2025-12-01;9;1368
1;2025-12-01;10;1212
1;2025-12-01;11;1252
1;2025-12-01;12;1327
1;2025-12-01;13;1319
1;2025-12-01;14;1274
1;2025-12-01;15;1448
1;2025-12-01;16;1488
1;2025-12-01;17;1751
1;2025-12-01;18;1849
1;2025-12-01;19;1406
1;2025-12-01;20;857
1;2025-12-01;21;462
1;2025-12-01;22;212
1;2025-12-01;23;43
1;2025-12-02;0;3
1;2025-12-02;1;0
1;2025-12-02;2;0
1;2025-12-02;3;0
1;2025-12-02;4;6
1;2025-12-02;5;136
1;2025-12-02;6;561
1;2025-12-02;7;1565
1;2025-12-02;8;1902
1;2025-12-02;9;1468
1;2025-12-02;10;1329
1;2025-12-02;11;1337
1;2025-12-02;12;1364
1;2025-12-02;13;1399
1;2025-12-02;14;1329
1;2025-12-02;15;1436
1;2025-12-02;16;1482
1;2025-12-02;17;1737
1;2025-12-02;18;1761
1;2025-12-02;19;1383
1;2025-12-02;20;905
1;2025-12-02;21;479
1;2025-12-02;22;235
1;2025-12-02;23;43
1;2025-12-03;0;4
1;2025-12-03;1;0
1;2025-12-03;2;0
1;2025-12-03;3;0
1;2025-12-03;4;8
1;2025-12-03;5;135
1;2025-12-03;6;557
1;2025-12-03;7;1520
1;2025-12-03;8;1881
1;2025-12-03;9;1449
1;2025-12-03;10;1286
1;2025-12-03;11;1324
1;2025-12-03;12;1361
1;2025-12-03;13;1407
1;2025-12-03;14;1351
1;2025-12-03;15;1526
1;2025-12-03;16;1465
1;2025-12-03;17;1768
1;2025-12-03;18;1759
1;2025-12-03;19;1384
1;2025-12-03;20;868
1;2025-12-03;21;474
1;2025-12-03;22;257
1;2025-12-03;23;47
1;2025-12-04;0;5
1;2025-12-04;1;0
1;2025-12-04;2;0
1;2025-12-04;3;0
1;2025-12-04;4;7
1;2025-12-04;5;123
1;2025-12-04;6;526
1;2025-12-04;7;1501
1;2025-12-04;8;1913
1;2025-12-04;9;1469
1;2025-12-04;10;1309
1;2025-12-04;11;1373
1;2025-12-04;12;1391
1;2025-12-04;13;1416
1;2025-12-04;14;1377
1;2025-12-04;15;1525
1;2025-12-04;16;1519
1;2025-12-04;17;1767
1;2025-12-04;18;1759
1;2025-12-04;19;1350
1;2025-12-04;20;873
1;2025-12-04;21;502
1;2025-12-04;22;242
1;2025-12-04;23;56
1;2025-12-05;0;7
1;2025-12-05;1;0
1;2025-12-05;2;0
1;2025-12-05;3;0
1;2025-12-05;4;7
1;2025-12-05;5;133
1;2025-12-05;6;530
1;2025-12-05;7;1513
1;2025-12-05;8;1810
1;2025-12-05;9;1412
1;2025-12-05;10;1279
1;2025-12-05;11;1383
1;2025-12-05;12;1374
1;2025-12-05;13;1432
1;2025-12-05;14;1361
1;2025-12-05;15;1515
1;2025-12-05;16;1579
1;2025-12-05;17;1716
1;2025-12-05;18;1529
1;2025-12-05;19;1175
1;2025-12-05;20;799
1;2025-12-05;21;498
1;2025-12-05;22;256
1;2025-12-05;23;52
1;2025-12-06;0;8
1;2025-12-06;1;0
1;2025-12-06;2;0
1;2025-12-06;3;0
1;2025-12-06;4;0
1;2025-12-06;5;29
1;2025-12-06;6;165
1;2025-12-06;7;335
1;2025-12-06;8;453
1;2025-12-06;9;710
1;2025-12-06;10;830
1;2025-12-06;11;760
1;2025-12-06;12;974
1;2025-12-06;13;1031
1;2025-12-06;14;947
1;2025-12-06;15;834
1;2025-12-06;16;764
1;2025-12-06;17;693
1;2025-12-06;18;620
1;2025-12-06;19;555
1;2025-12-06;20;420
1;2025-12-06;21;284
1;2025-12-06;22;129
1;2025-12-06;23;30
1;2025-12-07;0;0
1;2025-12-07;1;0
1;2025-12-07;2;0
1;2025-12-07;3;0
1;2025-12-07;4;0
1;2025-12-07;5;25
1;2025-12-07;6;124
1;2025-12-07;7;251
1;2025-12-07;8;347
1;2025-12-07;9;577
1;2025-12-07;10;689
1;2025-12-07;11;638
1;2025-12-07;12;796
1;2025-12-07;13;843
1;2025-12-07;14;756
1;2025-12-07;15;697
1;2025-12-07;16;637
1;2025-12-07;17;596
1;2025-12-07;18;539
1;2025-12-07;19;459
1;2025-12-07;20;333
1;2025-12-07;21;258
1;2025-12-07;22;113
1;2025-12-07;23;34
1;2025-12-08;0;0
1;2025-12-08;1;0
1;2025-12-08;2;0
1;2025-12-08;3;0
1;2025-12-08;4;8
1;2025-12-08;5;129
1;2025-12-08;6;547
1;2025-12-08;7;1481
1;2025-12-08;8;1845
1;2025-12-08;9;1368
1;2025-12-08;10;1212
1;2025-12-08;11;1252
1;2025-12-08;12;1327
1;2025-12-08;13;1319
1;2025-12-08;14;1274
1;2025-12-08;15;1448
1;2025-12-08;16;1488
1;2025-12-08;17;1751
1;2025-12-08;18;1849
1;2025-12-08;19;1406
1;2025-12-08;20;857
1;2025-12-08;21;462
1;2025-12-08;22;212
1;2025-12-08;23;43
1;2025-12-09;0;3
1;2025-12-09;1;0
1;2025-12-09;2;0
1;2025-12-09;3;0
1;2025-12-09;4;6
1;2025-12-09;5;136
1;2025-12-09;6;561
1;2025-12-09;7;1565
1;2025-12-09;8;1902
1;2025-12-09;9;1468
1;2025-12-09;10;1329
1;2025-12-09;11;1337
1;2025-12-09;12;1364
1;2025-12-09;13;1399
1;2025-12-09;14;1329
1;2025-12-09;15;1436
1;2025-12-09;16;1482
1;2025-12-09;17;1737
1;2025-12-09;18;1761
1;2025-12-09;19;1383
1;2025-12-09;20;905
1;2025-12-09;21;479
1;2025-12-09;22;235
1;2025-12-09;23;43
1;2025-12-10;0;4
1;2025-12-10;1;0
1;2025-12-10;2;0
1;2025-12-10;3;0
1;2025-12-10;4;8
1;2025-12-10;5;135
1;2025-12-10;6;557
1;2025-12-10;7;1520
1;2025-12-10;8;1881
1;2025-12-10;9;1449
1;2025-12-10;10;1286
1;2025-12-10;11;1324
1;2025-12-10;12;1361
1;2025-12-10;13;1407
1;2025-12-10;14;1351
1;2025-12-10;15;1526
1;2025-12-10;16;1465
1;2025-12-10;17;1768
1;2025-12-10;18;1759
1;2025-12-10;19;1384
1;2025-12-10;20;868
1;2025-12-10;21;474
1;2025-12-10;22;257
1;2025-12-10;23;47
1;2025-12-11;0;5
1;2025-12-11;1;0
1;2025-12-11;2;0
1;2025-12-11;3;0
1;2025-12-11;4;7
1;2025-12-11;5;123
1;2025-12-11;6;526
1;2025-12-11;7;1501
1;2025-12-11;8;1913
1;2025-12-11;9;1469
1;2025-12-11;10;1309
1;2025-12-11;11;1373
1;2025-12-11;12;1391
1;2025-12-11;13;1416
1;2025-12-11;14;1377
1;2025-12-11;15;1525
1;2025-12-11;16;1519
1;2025-12-11;17;1767
1;2025-12-11;18;1759
1;2025-12-11;19;1350
1;2025-12-11;20;873
1;2025-12-11;21;502
1;2025-12-11;22;242
1;2025-12-11;23;56
1;2025-12-12;0;7
1;2025-12-12;1;0
1;2025-12-12;2;0
1;2025-12-12;3;0
1;2025-12-12;4;7
1;2025-12-12;5;133
1;2025-12-12;6;530
1;2025-12-12;7;1513
1;2025-12-12;8;1810
1;2025-12-12;9;1412
1;2025-12-12;10;1279
1;2025-12-12;11;1383
1;2025-12-12;12;1374
1;2025-12-12;13;1432
1;2025-12-12;14;1361
1;2025-12-12;15;1515
1;2025-12-12;16;1579
1;2025-12-12;17;1716
1;2025-12-12;18;1529
1;2025-12-12;19;1175
1;2025-12-12;20;799
1;2025-12-12;21;498
1;2025-12-12;22;256
1;2025-12-12;23;52
1;2025-12-13;0;8
1;2025-12-13;1;0
1;2025-12-13;2;0
1;2025-12-13;3;0
1;2025-12-13;4;0
1;2025-12-13;5;29
1;2025-12-13;6;165
1;2025-12-13;7;335
1;2025-12-13;8;453
1;2025-12-13;9;710
1;2025-12-13;10;830
1;2025-12-13;11;760
1;2025-12-13;12;974
1;2025-12-13;13;1031
1;2025-12-13;14;947
1;2025-12-13;15;834
1;2025-12-13;16;764
1;2025-12-13;17;693
1;2025-12-13;18;620
1;2025-12-13;19;555
1;2025-12-13;20;420
1;2025-12-13;21;284
1;2025-12-13;22;129
1;2025-12-13;23;30
1;2025-12-14;0;0
1;2025-12-14;1;0
1;2025-12-14;2;0
1;2025-12-14;3;0
1;2025-12-14;4;0
1;2025-12-14;5;25
1;2025-12-14;6;124
1;2025-12-14;7;251
1;2025-12-14;8;347
1;2025-12-14;9;577
1;2025-12-14;10;689
1;2025-12-14;11;638
1;2025-12-14;12;796
1;2025-12-14;13;843
1;2025-12-14;14;756
1;2025-12-14;15;697
1;2025-12-14;16;637
1;2025-12-14;17;596
1;2025-12-14;18;539
1;2025-12-14;19;459
1;2025-12-14;20;333
1;2025-12-14;21;258
1;2025-12-14;22;113
1;2025-12-14;23;34
1;2025-12-15;0;0
1;2025-12-15;1;0
1;2025-12-15;2;0
1;2025-12-15;3;0
1;2025-12-15;4;8
1;2025-12-15;5;129
1;2025-12-15;6;547
1;2025-12-15;7;1481
1;2025-12-15;8;1845
1;2025-12-15;9;1368
1;2025-12-15;10;1212
1;2025-12-15;11;1252
1;2025-12-15;12;1327
1;2025-12-15;13;1319
1;2025-12-15;14;1274
1;2025-12-15;15;1448
1;2025-12-15;16;1488
1;2025-12-15;17;1751
1;2025-12-15;18;1849
1;2025-12-15;19;1406
1;2025-12-15;20;857
1;2025-12-15;21;462
1;2025-12-15;22;212
1;2025-12-15;23;43
1;2025-12-16;0;3
1;2025-12-16;1;0
1;2025-12-16;2;0
1;2025-12-16;3;0
1;2025-12-16;4;6
1;2025-12-16;5;136
1;2025-12-16;6;561
1;2025-12-16;7;1565
1;2025-12-16;8;1902
1;2025-12-16;9;1468
1;2025-12-16;10;1329
1;2025-12-16;11;1337
1;2025-12-16;12;1364
1;2025-12-16;13;1399
1;2025-12-16;14;1329
1;2025-12-16;15;1436
1;2025-12-16;16;1482
1;2025-12-16;17;1737
1;2025-12-16;18;1761
1;2025-12-16;19;1383
1;2025-12-16;20;905
1;2025-12-16;21;479
1;2025-12-16;22;235
1;2025-12-16;23;43
1;2025-12-17;0;4
1;2025-12-17;1;0
1;2025-12-17;2;0
1;2025-12-17;3;0
1;2025-12-17;4;8
1;2025-12-17;5;135
1;2025-12-17;6;557
1;2025-12-17;7;1520
1;2025-12-17;8;1881
1;2025-12-17;9;1449
1;2025-12-17;10;1286
1;2025-12-17;11;1324
1;2025-12-17;12;1361
1;2025-12-17;13;1407
1;2025-12-17;14;1351
1;2025-12-17;15;1526
1;2025-12-17;16;1465
1;2025-12-17;17;1768
1;2025-12-17;18;1759
1;2025-12-17;19;1384
1;2025-12-17;20;868
1;2025-12-17;21;474
1;2025-12-17;22;257
1;2025-12-17;23;47
1;2025-12-18;0;5
1;2025-12-18;1;0
1;2025-12-18;2;0
1;2025-12-18;3;0
1;2025-12-18;4;7
1;2025-12-18;5;123
1;2025-12-18;6;526
1;2025-12-18;7;1501
1;2025-12-18;8;1913
1;2025-12-18;9;1469
1;2025-12-18;10;1309
1;2025-12-18;11;1373
1;2025-12-18;12;1391
1;2025-12-18;13;1416
1;2025-12-18;14;1377
1;2025-12-18;15;1525
1;2025-12-18;16;1519
1;2025-12-18;17;1767
1;2025-12-18;18;1759
1;2025-12-18;19;1350
1;2025-12-18;20;873
1;2025-12-18;21;502
1;2025-12-18;22;242
1;2025-12-18;23;56
1;2025-12-19;0;7
1;2025-12-19;1;0
1;2025-12-19;2;0
1;2025-12-19;3;0
1;2025-12-19;4;7
1;2025-12-19;5;133
1;2025-12-19;6;530
1;2025-12-19;7;1513
1;2025-12-19;8;1810
1;2025-12-19;9;1412
1;2025-12-19;10;1279
1;2025-12-19;11;1383
1;2025-12-19;12;1374
1;2025-12-19;13;1432
1;2025-12-19;14;1361
1;2025-12-19;15;1515
1;2025-12-19;16;1579
1;2025-12-19;17;1716
1;2025-12-19;18;1529
1;2025-12-19;19;1175
1;2025-12-19;20;799
1;2025-12-19;21;498
1;2025-12-19;22;256
1;2025-12-19;23;52
1;2025-12-20;0;8
1;2025-12-20;1;0
1;2025-12-20;2;0
1;2025-12-20;3;0
1;2025-12-20;4;0
1;2025-12-20;5;29
1;2025-12-20;6;165
1;2025-12-20;7;335
1;2025-12-20;8;453
1;2025-12-20;9;710
1;2025-12-20;10;830
1;2025-12-20;11;760
1;2025-12-20;12;974
1;2025-12-20;13;1031
1;2025-12-20;14;947
1;2025-12-20;15;834
1;2025-12-20;16;764
1;2025-12-20;17;693
1;2025-12-20;18;620
1;2025-12-20;19;555
1;2025-12-20;20;420
1;2025-12-20;21;284
1;2025-12-20;22;129
1;2025-12-20;23;30
1;2025-12-21;0;0
1;2025-12-21;1;0
1;2025-12-21;2;0
1;2025-12-21;3;0
1;2025-12-21;4;0
1;2025-12-21;5;25
1;2025-12-21;6;124
1;2025-12-21;7;251
1;2025-12-21;8;347
1;2025-12-21;9;577
1;2025-12-21;10;689
1;2025-12-21;11;638
1;2025-12-21;12;796
1;2025-12-21;13;843
1;2025-12-21;14;756
1;2025-12-21;15;697
1;2025-12-21;16;637
1;2025-12-21;17;596
1;2025-12-21;18;539
1;2025-12-21;19;459
1;2025-12-21;20;333
1;2025-12-21;21;258
1;2025-12-21;22;113
1;2025-12-21;23;34
1;2025-12-22;0;0
1;2025-12-22;1;0
1;2025-12-22;2;0
1;2025-12-22;3;0
1;2025-12-22;4;8
1;2025-12-22;5;129
1;2025-12-22;6;547
1;2025-12-22;7;1481
1;2025-12-22;8;1845
1;2025-12-22;9;1368
1;2025-12-22;10;1212
1;2025-12-22;11;1252
1;2025-12-22;12;1327
1;2025-12-22;13;1319
1;2025-12-22;14;1274
1;2025-12-22;15;1448
1;2025-12-22;16;1488
1;2025-12-22;17;1751
1;2025-12-22;18;1849
1;2025-12-22;19;1406
1;2025-12-22;20;857
1;2025-12-22;21;462
1;2025-12-22;22;212
1;2025-12-22;23;43
1;2025-12-23;0;3
1;2025-12-23;1;0
1;2025-12-23;2;0
1;2025-12-23;3;0
1;2025-12-23;4;6
1;2025-12-23;5;136
1;2025-12-23;6;561
1;2025-12-23;7;1565
1;2025-12-23;8;1902
1;2025-12-23;9;1468
1;2025-12-23;10;1329
1;2025-12-23;11;1337
1;2025-12-23;12;1364
1;2025-12-23;13;1399
1;2025-12-23;14;1329
1;2025-12-23;15;1436
1;2025-12-23;16;1482
1;2025-12-23;17;1737
1;2025-12-23;18;1761
1;2025-12-23;19;1383
1;2025-12-23;20;905
1;2025-12-23;21;479
1;2025-12-23;22;235
1;2025-12-23;23;43
1;2025-12-24;0;4
1;2025-12-24;1;0
1;2025-12-24;2;0
1;2025-12-24;3;0
1;2025-12-24;4;8
1;2025-12-24;5;135
1;2025-12-24;6;557
1;2025-12-24;7;1520
1;2025-12-24;8;1881
1;2025-12-24;9;1449
1;2025-12-24;10;1286
1;2025-12-24;11;1324
1;2025-12-24;12;1361
1;2025-12-24;13;1407
1;2025-12-24;14;1351
1;2025-12-24;15;1526
1;2025-12-24;16;1465
1;2025-12-24;17;1768
1;2025-12-24;18;1759
1;2025-12-24;19;1384
1;2025-12-24;20;868
1;2025-12-24;21;474
1;2025-12-24;22;257
1;2025-12-24;23;47
1;2025-12-25;0;5
1;2025-12-25;1;0
1;2025-12-25;2;0
1;2025-12-25;3;0
1;2025-12-25;4;7
1;2025-12-25;5;123
1;2025-12-25;6;526
1;2025-12-25;7;1501
1;2025-12-25;8;1913
1;2025-12-25;9;1469
1;2025-12-25;10;1309
1;2025-12-25;11;1373
1;2025-12-25;12;1391
1;2025-12-25;13;1416
1;2025-12-25;14;1377
1;2025-12-25;15;1525
1;2025-12-25;16;1519
1;2025-12-25;17;1767
1;2025-12-25;18;1759
1;2025-12-25;19;1350
1;2025-12-25;20;873
1;2025-12-25;21;502
1;2025-12-25;22;242
1;2025-12-25;23;56
1;2025-12-26;0;7
1;2025-12-26;1;0
1;2025-12-26;2;0
1;2025-12-26;3;0
1;2025-12-26;4;7
1;2025-12-26;5;133
1;2025-12-26;6;530
1;2025-12-26;7;1513
1;2025-12-26;8;1810
1;2025-12-26;9;1412
1;2025-12-26;10;1279
1;2025-12-26;11;1383
1;2025-12-26;12;1374
1;2025-12-26;13;1432
1;2025-12-26;14;1361
1;2025-12-26;15;1515
1;2025-12-26;16;1579
1;2025-12-26;17;1716
1;2025-12-26;18;1529
1;2025-12-26;19;1175
1;2025-12-26;20;799
1;2025-12-26;21;498
1;2025-12-26;22;256
1;2025-12-26;23;52
1;2025-12-27;0;8
1;2025-12-27;1;0
1;2025-12-27;2;0
1;2025-12-27;3;0
1;2025-12-27;4;0
1;2025-12-27;5;29
1;2025-12-27;6;165
1;2025-12-27;7;335
1;2025-12-27;8;453
1;2025-12-27;9;710
1;2025-12-27;10;830
1;2025-12-27;11;760
1;2025-12-27;12;974
1;2025-12-27;13;1031
1;2025-12-27;14;947
1;2025-12-27;15;834
1;2025-12-27;16;764
1;2025-12-27;17;693
1;2025-12-27;18;620
1;2025-12-27;19;555
1;2025-12-27;20;420
1;2025-12-27;21;284
1;2025-12-27;22;129
1;2025-12-27;23;30
1;2025-12-28;0;0
1;2025-12-28;1;0
1;2025-12-28;2;0
1;2025-12-28;3;0
1;2025-12-28;4;0
1;2025-12-28;5;25
1;2025-12-28;6;124
1;2025-12-28;7;251
1;2025-12-28;8;347
1;2025-12-28;9;577
1;2025-12-28;10;689
1;2025-12-28;11;638
1;2025-12-28;12;796
1;2025-12-28;13;843
1;2025-12-28;14;756
1;2025-12-28;15;697
1;2025-12-28;16;637
1;2025-12-28;17;596
1;2025-12-28;18;539
1;2025-12-28;19;459
1;2025-12-28;20;333
1;2025-12-28;21;258
1;2025-12-28;22;113
1;2025-12-28;23;34
1;2025-12-29;0;0
1;2025-12-29;1;0
1;2025-12-29;2;0
1;2025-12-29;3;0
1;2025-12-29;4;8
1;2025-12-29;5;129
1;2025-12-29;6;547
1;2025-12-29;7;1481
1;2025-12-29;8;1845
1;2025-12-29;9;1368
1;2025-12-29;10;1212
1;2025-12-29;11;1252
1;2025-12-29;12;1327
1;2025-12-29;13;1319
1;2025-12-29;14;1274
1;2025-12-29;15;1448
1;2025-12-29;16;1488
1;2025-12-29;17;1751
1;2025-12-29;18;1849
1;2025-12-29;19;1406
1;2025-12-29;20;857
1;2025-12-29;21;462
1;2025-12-29;22;212
1;2025-12-29;23;43
1;2025-12-30;0;3
1;2025-12-30;1;0
1;2025-12-30;2;0
1;2025-12-30;3;0
1;2025-12-30;4;6
1;2025-12-30;5;136
1;2025-12-30;6;561
1;2025-12-30;7;1565
1;2025-12-30;8;1902
1;2025-12-30;9;1468
1;2025-12-30;10;1329
1;2025-12-30;11;1337
1;2025-12-30;12;1364
1;2025-12-30;13;1399
1;2025-12-30;14;1329
1;2025-12-30;15;1436
1;2025-12-30;16;1482
1;2025-12-30;17;1737
1;2025-12-30;18;1761
1;2025-12-30;19;1383
1;2025-12-30;20;905
1;2025-12-30;21;479
1;2025-12-30;22;235
1;2025-12-30;23;43
1;2025-12-31;0;0
1;2025-12-31;1;0
1;2025-12-31;2;0
1;2025-12-31;3;0
1;2025-12-31;4;0
1;2025-12-31;5;18
1;2025-12-31;6;104
1;2025-12-31;7;220
1;2025-12-31;8;278
1;2025-12-31;9;502
1;2025-12-31;10;581
1;2025-12-31;11;540
1;2025-12-31;12;689
1;2025-12-31;13;702
1;2025-12-31;14;644
1;2025-12-31;15;582
1;2025-12-31;16;542
1;2025-12-31;17;502
1;2025-12-31;18;447
1;2025-12-31;19;414
1;2025-12-31;20;305
1;2025-12-31;21;233
1;2025-12-31;22;106
1;2025-12-31;23;31
5;2025-11-01;0;0
5;2025-11-01;1;0
5;2025-11-01;2;0
5;2025-11-01;3;0
5;2025-11-01;4;0
5;2025-11-01;5;0
5;2025-11-01;6;0
5;2025-11-01;7;0
5;2025-11-01;8;0
5;2025-11-01;9;0
5;2025-11-01;10;0
5;2025-11-01;11;0
5;2025-11-01;12;0
5;2025-11-01;13;0
5;2025-11-01;14;0
5;2025-11-01;15;0
5;2025-11-01;16;0
5;2025-11-01;17;0
5;2025-11-01;18;0
5;2025-11-01;19;0
5;2025-11-01;20;0
5;2025-11-01;21;0
5;2025-11-01;22;0
5;2025-11-01;23;0
5;2025-11-02;0;0
5;2025-11-02;1;0
5;2025-11-02;2;0
5;2025-11-02;3;0
5;2025-11-02;4;0
5;2025-11-02;5;0
5;2025-11-02;6;0
5;2025-11-02;7;0
5;2025-11-02;8;0
5;2025-11-02;9;0
5;2025-11-02;10;0
5;2025-11-02;11;0
5;2025-11-02;12;0
5;2025-11-02;13;0
5;2025-11-02;14;0
5;2025-11-02;15;0
5;2025-11-02;16;0
5;2025-11-02;17;0
5;2025-11-02;18;0
5;2025-11-02;19;0
5;2025-11-02;20;0
5;2025-11-02;21;0
5;2025-11-02;22;0
5;2025-11-02;23;0
5;2025-11-03;0;0
5;2025-11-03;1;0
5;2025-11-03;2;0
5;2025-11-03;3;0
5;2025-11-03;4;0
5;2025-11-03;5;0
5;2025-11-03;6;0
5;2025-11-03;7;0
5;2025-11-03;8;0
5;2025-11-03;9;0
5;2025-11-03;10;0
5;2025-11-03;11;0
5;2025-11-03;12;0
5;2025-11-03;13;0
5;2025-11-03;14;0
5;2025-11-03;15;0
5;2025-11-03;16;0
5;2025-11-03;17;0
5;2025-11-03;18;0
5;2025-11-03;19;0
5;2025-11-03;20;0
5;2025-11-03;21;0
5;2025-11-03;22;0
5;2025-11-03;23;0
5;2025-11-04;0;0
5;2025-11-04;1;0
5;2025-11-04;2;0
5;2025-11-04;3;0
5;2025-11-04;4;0
5;2025-11-04;5;0
5;2025-11-04;6;0
5;2025-11-04;7;0
5;2025-11-04;8;0
5;2025-11-04;9;0
5;2025-11-04;10;0
5;2025-11-04;11;0
5;2025-11-04;12;0
5;2025-11-04;13;0
5;2025-11-04;14;0
5;2025-11-04;15;0
5;2025-11-04;16;0
5;2025-11-04;17;0
5;2025-11-04;18;0
5;2025-11-04;19;0
5;2025-11-04;20;0
5;2025-11-04;21;0
5;2025-11-04;22;0
5;2025-11-04;23;0
5;2025-11-05;0;0
5;2025-11-05;1;0
5;2025-11-05;2;0
5;2025-11-05;3;0
5;2025-11-05;4;0
5;2025-11-05;5;0
5;2025-11-05;6;0
5;2025-11-05;7;0
5;2025-11-05;8;0
5;2025-11-05;9;0
5;2025-11-05;10;0
5;2025-11-05;11;0
5;2025-11-05;12;0
5;2025-11-05;13;0
5;2025-11-05;14;0
5;2025-11-05;15;0
5;2025-11-05;16;0
5;2025-11-05;17;0
5;2025-11-05;18;0
5;2025-11-05;19;0
5;2025-11-05;20;0
5;2025-11-05;21;0
5;2025-11-05;22;0
5;2025-11-05;23;0
5;2025-11-06;0;0
5;2025-11-06;1;0
5;2025-11-06;2;0
5;2025-11-06;3;0
5;2025-11-06;4;0
5;2025-11-06;5;0
5;2025-11-06;6;0
5;2025-11-06;7;0
5;2025-11-06;8;0
5;2025-11-06;9;0
5;2025-11-06;10;0
5;2025-11-06;11;0
5;2025-11-06;12;0
5;2025-11-06;13;0
5;2025-11-06;14;0
5;2025-11-06;15;0
5;2025-11-06;16;0
5;2025-11-06;17;0
5;2025-11-06;18;0
5;2025-11-06;19;0
5;2025-11-06;20;0
5;2025-11-06;21;0
5;2025-11-06;22;0
5;2025-11-06;23;0
5;2025-11-07;0;0
5;2025-11-07;1;0
5;2025-11-07;2;0
5;2025-11-07;3;0
5;2025-11-07;4;0
5;2025-11-07;5;0
5;2025-11-07;6;0
5;2025-11-07;7;0
5;2025-11-07;8;0
5;2025-11-07;9;0
5;2025-11-07;10;0
5;2025-11-07;11;0
5;2025-11-07;12;0
5;2025-11-07;13;0
5;2025-11-07;14;0
5;2025-11-07;15;0
5;2025-11-07;16;0
5;2025-11-07;17;0
5;2025-11-07;18;0
5;2025-11-07;19;0
5;2025-11-07;20;0
5;2025-11-07;21;0
5;2025-11-07;22;0
5;2025-11-07;23;0
5;2025-11-08;0;0
5;2025-11-08;1;0
5;2025-11-08;2;0
5;2025-11-08;3;0
5;2025-11-08;4;0
5;2025-11-08;5;0
5;2025-11-08;6;0
5;2025-11-08;7;0
5;2025-11-08;8;0
5;2025-11-08;9;0
5;2025-11-08;10;0
5;2025-11-08;11;0
5;2025-11-08;12;0
5;2025-11-08;13;0
5;2025-11-08;14;0
5;2025-11-08;15;0
5;2025-11-08;16;0
5;2025-11-08;17;0
5;2025-11-08;18;0
5;2025-11-08;19;0
5;2025-11-08;20;0
5;2025-11-08;21;0
5;2025-11-08;22;0
5;2025-11-08;23;0
5;2025-11-09;0;0
5;2025-11-09;1;0
5;2025-11-09;2;0
5;2025-11-09;3;0
5;2025-11-09;4;0
5;2025-11-09;5;0
5;2025-11-09;6;0
5;2025-11-09;7;0
5;2025-11-09;8;0
5;2025-11-09;9;0
5;2025-11-09;10;0
5;2025-11-09;11;0
5;2025-11-09;12;0
5;2025-11-09;13;0
5;2025-11-09;14;0
5;2025-11-09;15;0
5;2025-11-09;16;0
5;2025-11-09;17;0
5;2025-11-09;18;0
5;2025-11-09;19;0
5;2025-11-09;20;0
5;2025-11-09;21;0
5;2025-11-09;22;0
5;2025-11-09;23;0
5;2025-11-10;0;0
5;2025-11-10;1;0
5;2025-11-10;2;0
5;2025-11-10;3;0
5;2025-11-10;4;0
5;2025-11-10;5;0
5;2025-11-10;6;0
5;2025-11-10;7;0
5;2025-11-10;8;0
5;2025-11-10;9;0
5;2025-11-10;10;0
5;2025-11-10;11;0
5;2025-11-10;12;0
5;2025-11-10;13;0
5;2025-11-10;14;0
5;2025-11-10;15;0
5;2025-11-10;16;0
5;2025-11-10;17;0
5;2025-11-10;18;0
5;2025-11-10;19;0
5;2025-11-10;20;0
5;2025-11-10;21;0
5;2025-11-10;22;0
5;2025-11-10;23;0
5;2025-11-11;0;0
5;2025-11-11;1;0
5;2025-11-11;2;0
5;2025-11-11;3;0
5;2025-11-11;4;0
5;2025-11-11;5;0
5;2025-11-11;6;0
5;2025-11-11;7;0
5;2025-11-11;8;0
5;2025-11-11;9;0
5;2025-11-11;10;0
5;2025-11-11;11;0
5;2025-11-11;12;0
5;2025-11-11;13;0
5;2025-11-11;14;0
5;2025-11-11;15;0
5;2025-11-11;16;0
5;2025-11-11;17;0
5;2025-11-11;18;0
5;2025-11-11;19;0
5;2025-11-11;20;0
5;2025-11-11;21;0
5;2025-11-11;22;0
5;2025-11-11;23;0
5;2025-11-12;0;0
5;2025-11-12;1;0
5;2025-11-12;2;0
5;2025-11-12;3;0
5;2025-11-12;4;0
5;2025-11-12;5;0
5;2025-11-12;6;0
5;2025-11-12;7;0
5;2025-11-12;8;0
5;2025-11-12;9;0
5;2025-11-12;10;0
5;2025-11-12;11;0
5;2025-11-12;12;0
5;2025-11-12;13;0
5;2025-11-12;14;0
5;2025-11-12;15;0
5;2025-11-12;16;0
5;2025-11-12;17;0
5;2025-11-12;18;0
5;2025-11-12;19;0
5;2025-11-12;20;0
5;2025-11-12;21;0
5;2025-11-12;22;0
5;2025-11-12;23;0
5;2025-11-13;0;0
5;2025-11-13;1;0
5;2025-11-13;2;0
5;2025-11-13;3;0
5;2025-11-13;4;0
5;2025-11-13;5;0
5;2025-11-13;6;0
5;2025-11-13;7;0
5;2025-11-13;8;0
5;2025-11-13;9;0
5;2025-11-13;10;0
5;2025-11-13;11;0
5;2025-11-13;12;0
5;2025-11-13;13;0
5;2025-11-13;14;0
5;2025-11-13;15;0
5;2025-11-13;16;0
5;2025-11-13;17;0
5;2025-11-13;18;0
5;2025-11-13;19;0
5;2025-11-13;20;0
5;2025-11-13;21;0
5;2025-11-13;22;0
5;2025-11-13;23;0
5;2025-11-14;0;0
5;2025-11-14;1;0
5;2025-11-14;2;0
5;2025-11-14;3;0
5;2025-11-14;4;0
5;2025-11-14;5;0
5;2025-11-14;6;0
5;2025-11-14;7;0
5;2025-11-14;8;0
5;2025-11-14;9;0
5;2025-11-14;10;0
5;2025-11-14;11;0
5;2025-11-14;12;0
5;2025-11-14;13;0
5;2025-11-14;14;0
5;2025-11-14;15;0
5;2025-11-14;16;0
5;2025-11-14;17;0
5;2025-11-14;18;0
5;2025-11-14;19;0
5;2025-11-14;20;0
5;2025-11-14;21;0
5;2025-11-14;22;0
5;2025-11-14;23;0
5;2025-11-15;0;0
5;2025-11-15;1;0
5;2025-11-15;2;0
5;2025-11-15;3;0
5;2025-11-15;4;0
5;2025-11-15;5;0
5;2025-11-15;6;0
5;2025-11-15;7;0
5;2025-11-15;8;0
5;2025-11-15;9;0
5;2025-11-15;10;0
5;2025-11-15;11;0
5;2025-11-15;12;0
5;2025-11-15;13;0
5;2025-11-15;14;0
5;2025-11-15;15;0
5;2025-11-15;16;0
5;2025-11-15;17;0
5;2025-11-15;18;0
5;2025-11-15;19;0
5;2025-11-15;20;0
5;2025-11-15;21;0
5;2025-11-15;22;0
5;2025-11-15;23;0
5;2025-11-16;0;0
5;2025-11-16;1;0
5;2025-11-16;2;0
5;2025-11-16;3;0
5;2025-11-16;4;0
5;2025-11-16;5;0
5;2025-11-16;6;0
5;2025-11-16;7;0
5;2025-11-16;8;0
5;2025-11-16;9;0
5;2025-11-16;10;0
5;2025-11-16;11;0
5;2025-11-16;12;0
5;2025-11-16;13;0
5;2025-11-16;14;0
5;2025-11-16;15;0
5;2025-11-16;16;0
5;2025-11-16;17;0
5;2025-11-16;18;0
5;2025-11-16;19;0
5;2025-11-16;20;0
5;2025-11-16;21;0
5;2025-11-16;22;0
5;2025-11-16;23;0
5;2025-11-17;0;0
5;2025-11-17;1;0
5;2025-11-17;2;0
5;2025-11-17;3;0
5;2025-11-17;4;0
5;2025-11-17;5;0
5;2025-11-17;6;0
5;2025-11-17;7;0
5;2025-11-17;8;0
5;2025-11-17;9;0
5;2025-11-17;10;0
5;2025-11-17;11;0
5;2025-11-17;12;0
5;2025-11-17;13;0
5;2025-11-17;14;0
5;2025-11-17;15;0
5;2025-11-17;16;0
5;2025-11-17;17;0
5;2025-11-17;18;0
5;2025-11-17;19;0
5;2025-11-17;20;0
5;2025-11-17;21;0
5;2025-11-17;22;0
5;2025-11-17;23;0
5;2025-11-18;0;0
5;2025-11-18;1;0
5;2025-11-18;2;0
5;2025-11-18;3;0
5;2025-11-18;4;0
5;2025-11-18;5;0
5;2025-11-18;6;0
5;2025-11-18;7;0
5;2025-11-18;8;0
5;2025-11-18;9;0
5;2025-11-18;10;0
5;2025-11-18;11;0
5;2025-11-18;12;0
5;2025-11-18;13;0
5;2025-11-18;14;0
5;2025-11-18;15;0
5;2025-11-18;16;0
5;2025-11-18;17;0
5;2025-11-18;18;0
5;2025-11-18;19;0
5;2025-11-18;20;0
5;2025-11-18;21;0
5;2025-11-18;22;0
5;2025-11-18;23;0
5;2025-11-19;0;0
5;2025-11-19;1;0
5;2025-11-19;2;0
5;2025-11-19;3;0
5;2025-11-19;4;0
5;2025-11-19;5;0
5;2025-11-19;6;0
5;2025-11-19;7;0
5;2025-11-19;8;0
5;2025-11-19;9;0
5;2025-11-19;10;0
5;2025-11-19;11;0
5;2025-11-19;12;0
5;2025-11-19;13;0
5;2025-11-19;14;0
5;2025-11-19;15;0
5;2025-11-19;16;0
5;2025-11-19;17;0
5;2025-11-19;18;0
5;2025-11-19;19;0
5;2025-11-19;20;0
5;2025-11-19;21;0
5;2025-11-19;22;0
5;2025-11-19;23;0
5;2025-11-20;0;0
5;2025-11-20;1;0
5;2025-11-20;2;0
5;2025-11-20;3;0
5;2025-11-20;4;0
5;2025-11-20;5;0
5;2025-11-20;6;0
5;2025-11-20;7;0
5;2025-11-20;8;0
5;2025-11-20;9;0
5;2025-11-20;10;0
5;2025-11-20;11;0
5;2025-11-20;12;0
5;2025-11-20;13;0
5;2025-11-20;14;0
5;2025-11-20;15;0
5;2025-11-20;16;0
5;2025-11-20;17;0
5;2025-11-20;18;0
5;2025-11-20;19;0
5;2025-11-20;20;0
5;2025-11-20;21;0
5;2025-11-20;22;0
5;2025-11-20;23;0
5;2025-11-21;0;0
5;2025-11-21;1;0
5;2025-11-21;2;0
5;2025-11-21;3;0
5;2025-11-21;4;0
5;2025-11-21;5;0
5;2025-11-21;6;0
5;2025-11-21;7;0
5;2025-11-21;8;0
5;2025-11-21;9;0
5;2025-11-21;10;0
5;2025-11-21;11;0
5;2025-11-21;12;0
5;2025-11-21;13;0
5;2025-11-21;14;0
5;2025-11-21;15;0
5;2025-11-21;16;0
5;2025-11-21;17;0
5;2025-11-21;18;0
5;2025-11-21;19;0
5;2025-11-21;20;0
5;2025-11-21;21;0
5;2025-11-21;22;0
5;2025-11-21;23;0
5;2025-11-22;0;0
5;2025-11-22;1;0
5;2025-11-22;2;0
5;2025-11-22;3;0
5;2025-11-22;4;0
5;2025-11-22;5;0
5;2025-11-22;6;0
5;2025-11-22;7;0
5;2025-11-22;8;0
5;2025-11-22;9;0
5;2025-11-22;10;0
5;2025-11-22;11;0
5;2025-11-22;12;0
5;2025-11-22;13;0
5;2025-11-22;14;0
5;2025-11-22;15;0
5;2025-11-22;16;0
5;2025-11-22;17;0
5;2025-11-22;18;0
5;2025-11-22;19;0
5;2025-11-22;20;0
5;2025-11-22;21;0
5;2025-11-22;22;0
5;2025-11-22;23;0
5;2025-11-23;0;0
5;2025-11-23;1;0
5;2025-11-23;2;0
5;2025-11-23;3;0
5;2025-11-23;4;0
5;2025-11-23;5;0
5;2025-11-23;6;0
5;2025-11-23;7;0
5;2025-11-23;8;0
5;2025-11-23;9;0
5;2025-11-23;10;0
5;2025-11-23;11;0
5;2025-11-23;12;0
5;2025-11-23;13;0
5;2025-11-23;14;0
5;2025-11-23;15;0
5;2025-11-23;16;0
5;2025-11-23;17;0
5;2025-11-23;18;0
5;2025-11-23;19;0
5;2025-11-23;20;0
5;2025-11-23;21;0
5;2025-11-23;22;0
5;2025-11-23;23;0
5;2025-11-24;0;0
5;2025-11-24;1;0
5;2025-11-24;2;0
5;2025-11-24;3;0
5;2025-11-24;4;0
5;2025-11-24;5;0
5;2025-11-24;6;0
5;2025-11-24;7;0
5;2025-11-24;8;0
5;2025-11-24;9;0
5;2025-11-24;10;0
5;2025-11-24;11;0
5;2025-11-24;12;0
5;2025-11-24;13;0
5;2025-11-24;14;0
5;2025-11-24;15;0
5;2025-11-24;16;0
5;2025-11-24;17;0
5;2025-11-24;18;0
5;2025-11-24;19;0
5;2025-11-24;20;0
5;2025-11-24;21;0
5;2025-11-24;22;0
5;2025-11-24;23;0
5;2025-11-25;0;0
5;2025-11-25;1;0
5;2025-11-25;2;0
5;2025-11-25;3;0
5;2025-11-25;4;0
5;2025-11-25;5;0
5;2025-11-25;6;0
5;2025-11-25;7;0
5;2025-11-25;8;0
5;2025-11-25;9;0
5;2025-11-25;10;0
5;2025-11-25;11;0
5;2025-11-25;12;0
5;2025-11-25;13;0
5;2025-11-25;14;0
5;2025-11-25;15;0
5;2025-11-25;16;0
5;2025-11-25;17;0
5;2025-11-25;18;0
5;2025-11-25;19;0
5;2025-11-25;20;0
5;2025-11-25;21;0
5;2025-11-25;22;0
5;2025-11-25;23;0
5;2025-11-26;0;0
5;2025-11-26;1;0
5;2025-11-26;2;0
5;2025-11-26;3;0
5;2025-11-26;4;0
5;2025-11-26;5;0
5;2025-11-26;6;0
5;2025-11-26;7;0
5;2025-11-26;8;0
5;2025-11-26;9;0
5;2025-11-26;10;0
5;2025-11-26;11;0
5;2025-11-26;12;0
5;2025-11-26;13;0
5;2025-11-26;14;0
5;2025-11-26;15;0
5;2025-11-26;16;0
5;2025-11-26;17;0
5;2025-11-26;18;0
5;2025-11-26;19;0
5;2025-11-26;20;0
5;2025-11-26;21;0
5;2025-11-26;22;0
5;2025-11-26;23;0
5;2025-11-27;0;0
5;2025-11-27;1;0
5;2025-11-27;2;0
5;2025-11-27;3;0
5;2025-11-27;4;0
5;2025-11-27;5;0
5;2025-11-27;6;0
5;2025-11-27;7;0
5;2025-11-27;8;0
5;2025-11-27;9;0
5;2025-11-27;10;0
5;2025-11-27;11;0
5;2025-11-27;12;0
5;2025-11-27;13;0
5;2025-11-27;14;0
5;2025-11-27;15;0
5;2025-11-27;16;0
5;2025-11-27;17;0
5;2025-11-27;18;0
5;2025-11-27;19;0
5;2025-11-27;20;0
5;2025-11-27;21;0
5;2025-11-27;22;0
5;2025-11-27;23;0
5;2025-11-28;0;0
5;2025-11-28;1;0
5;2025-11-28;2;0
5;2025-11-28;3;0
5;2025-11-28;4;0
5;2025-11-28;5;0
5;2025-11-28;6;0
5;2025-11-28;7;0
5;2025-11-28;8;0
5;2025-11-28;9;0
5;2025-11-28;10;0
5;2025-11-28;11;0
5;2025-11-28;12;0
5;2025-11-28;13;0
5;2025-11-28;14;0
5;2025-11-28;15;0
5;2025-11-28;16;0
5;2025-11-28;17;0
5;2025-11-28;18;0
5;2025-11-28;19;0
5;2025-11-28;20;0
5;2025-11-28;21;0
5;2025-11-28;22;0
5;2025-11-28;23;0
5;2025-11-29;0;0
5;2025-11-29;1;0
5;2025-11-29;2;0
5;2025-11-29;3;0
5;2025-11-29;4;0
5;2025-11-29;5;0
5;2025-11-29;6;0
5;2025-11-29;7;0
5;2025-11-29;8;0
5;2025-11-29;9;0
5;2025-11-29;10;0
5;2025-11-29;11;0
5;2025-11-29;12;0
5;2025-11-29;13;0
5;2025-11-29;14;0
5;2025-11-29;15;0
5;2025-11-29;16;0
5;2025-11-29;17;0
5;2025-11-29;18;0
5;2025-11-29;19;0
5;2025-11-29;20;0
5;2025-11-29;21;0
5;2025-11-29;22;0
5;2025-11-29;23;0
5;2025-11-30;0;0
5;2025-11-30;1;0
5;2025-11-30;2;0
5;2025-11-30;3;0
5;2025-11-30;4;0
5;2025-11-30;5;0
5;2025-11-30;6;0
5;2025-11-30;7;0
5;2025-11-30;8;0
5;2025-11-30;9;0
5;2025-11-30;10;0
5;2025-11-30;11;0
5;2025-11-30;12;0
5;2025-11-30;13;0
5;2025-11-30;14;0
5;2025-11-30;15;0
5;2025-11-30;16;0
5;2025-11-30;17;0
5;2025-11-30;18;0
5;2025-11-30;19;0
5;2025-11-30;20;0
5;2025-11-30;21;0
5;2025-11-30;22;0
5;2025-11-30;23;0
5;2025-12-01;0;0
5;2025-12-01;1;0
5;2025-12-01;2;0
5;2025-12-01;3;0
5;2025-12-01;4;0
5;2025-12-01;5;0
5;2025-12-01;6;0
5;2025-12-01;7;0
5;2025-12-01;8;0
5;2025-12-01;9;0
5;2025-12-01;10;0
5;2025-12-01;11;0
5;2025-12-01;12;0
5;2025-12-01;13;0
5;2025-12-01;14;0
5;2025-12-01;15;0
5;2025-12-01;16;0
5;2025-12-01;17;0
5;2025-12-01;18;0
5;2025-12-01;19;0
5;2025-12-01;20;0
5;2025-12-01;21;0
5;2025-12-01;22;0
5;2025-12-01;23;0
5;2025-12-02;0;0
5;2025-12-02;1;0
5;2025-12-02;2;0
5;2025-12-02;3;0
5;2025-12-02;4;0
5;2025-12-02;5;0
5;2025-12-02;6;0
5;2025-12-02;7;0
5;2025-12-02;8;0
5;2025-12-02;9;0
5;2025-12-02;10;0
5;2025-12-02;11;0
5;2025-12-02;12;0
5;2025-12-02;13;0
5;2025-12-02;14;0
5;2025-12-02;15;0
5;2025-12-02;16;0
5;2025-12-02;17;0
5;2025-12-02;18;0
5;2025-12-02;19;0
5;2025-12-02;20;0
5;2025-12-02;21;0
5;2025-12-02;22;0
5;2025-12-02;23;0
5;2025-12-03;0;0
5;2025-12-03;1;0
5;2025-12-03;2;0
5;2025-12-03;3;0
5;2025-12-03;4;0
5;2025-12-03;5;0
5;2025-12-03;6;0
5;2025-12-03;7;0
5;2025-12-03;8;0
5;2025-12-03;9;0
5;2025-12-03;10;0
5;2025-12-03;11;0
5;2025-12-03;12;0
5;2025-12-03;13;0
5;2025-12-03;14;0
5;2025-12-03;15;0
5;2025-12-03;16;0
5;2025-12-03;17;0
5;2025-12-03;18;0
5;2025-12-03;19;0
5;2025-12-03;20;0
5;2025-12-03;21;0
5;2025-12-03;22;0
5;2025-12-03;23;0
5;2025-12-04;0;0
5;2025-12-04;1;0
5;2025-12-04;2;0
5;2025-12-04;3;0
5;2025-12-04;4;0
5;2025-12-04;5;0
5;2025-12-04;6;0
5;2025-12-04;7;0
5;2025-12-04;8;0
5;2025-12-04;9;0
5;2025-12-04;10;0
5;2025-12-04;11;0
5;2025-12-04;12;0
5;2025-12-04;13;0
5;2025-12-04;14;0
5;2025-12-04;15;0
5;2025-12-04;16;0
5;2025-12-04;17;0
5;2025-12-04;18;0
5;2025-12-04;19;0
5;2025-12-04;20;0
5;2025-12-04;21;0
5;2025-12-04;22;0
5;2025-12-04;23;0
5;2025-12-05;0;0
5;2025-12-05;1;0
5;2025-12-05;2;0
5;2025-12-05;3;0
5;2025-12-05;4;0
5;2025-12-05;5;0
5;2025-12-05;6;0
5;2025-12-05;7;0
5;2025-12-05;8;0
5;2025-12-05;9;0
5;2025-12-05;10;0
5;2025-12-05;11;0
5;2025-12-05;12;0
5;2025-12-05;13;0
5;2025-12-05;14;0
5;2025-12-05;15;0
5;2025-12-05;16;0
5;2025-12-05;17;0
5;2025-12-05;18;0
5;2025-12-05;19;0
5;2025-12-05;20;0
5;2025-12-05;21;0
5;2025-12-05;22;0
5;2025-12-05;23;0
5;2025-12-06;0;0
5;2025-12-06;1;0
5;2025-12-06;2;0
5;2025-12-06;3;0
5;2025-12-06;4;0
5;2025-12-06;5;0
5;2025-12-06;6;0
5;2025-12-06;7;0
5;2025-12-06;8;0
5;2025-12-06;9;0
5;2025-12-06;10;0
5;2025-12-06;11;0
5;2025-12-06;12;0
5;2025-12-06;13;0
5;2025-12-06;14;0
5;2025-12-06;15;0
5;2025-12-06;16;0
5;2025-12-06;17;0
5;2025-12-06;18;0
5;2025-12-06;19;0
5;2025-12-06;20;0
5;2025-12-06;21;0
5;2025-12-06;22;0
5;2025-12-06;23;0
5;2025-12-07;0;0
5;2025-12-07;1;0
5;2025-12-07;2;0
5;2025-12-07;3;0
5;2025-12-07;4;0
5;2025-12-07;5;0
5;2025-12-07;6;0
5;2025-12-07;7;0
5;2025-12-07;8;0
5;2025-12-07;9;0
5;2025-12-07;10;0
5;2025-12-07;11;0
5;2025-12-07;12;0
5;2025-12-07;13;0
5;2025-12-07;14;0
5;2025-12-07;15;0
5;2025-12-07;16;0
5;2025-12-07;17;0
5;2025-12-07;18;0
5;2025-12-07;19;0
5;2025-12-07;20;0
5;2025-12-07;21;0
5;2025-12-07;22;0
5;2025-12-07;23;0
5;2025-12-08;0;0
5;2025-12-08;1;0
5;2025-12-08;2;0
5;2025-12-08;3;0
5;2025-12-08;4;0
5;2025-12-08;5;0
5;2025-12-08;6;0
5;2025-12-08;7;0
5;2025-12-08;8;0
5;2025-12-08;9;0
5;2025-12-08;10;0
5;2025-12-08;11;0
5;2025-12-08;12;0
5;2025-12-08;13;0
5;2025-12-08;14;0
5;2025-12-08;15;0
5;2025-12-08;16;0
5;2025-12-08;17;0
5;2025-12-08;18;0
5;2025-12-08;19;0
5;2025-12-08;20;0
5;2025-12-08;21;0
5;2025-12-08;22;0
5;2025-12-08;23;0
5;2025-12-09;0;0
5;2025-12-09;1;0
5;2025-12-09;2;0
5;2025-12-09;3;0
5;2025-12-09;4;0
5;2025-12-09;5;0
5;2025-12-09;6;0
5;2025-12-09;7;0
5;2025-12-09;8;0
5;2025-12-09;9;0
5;2025-12-09;10;0
5;2025-12-09;11;0
5;2025-12-09;12;0
5;2025-12-09;13;0
5;2025-12-09;14;0
5;2025-12-09;15;0
5;2025-12-09;16;0
5;2025-12-09;17;0
5;2025-12-09;18;0
5;2025-12-09;19;0
5;2025-12-09;20;0
5;2025-12-09;21;0
5;2025-12-09;22;0
5;2025-12-09;23;0
5;2025-12-10;0;0
5;2025-12-10;1;0
5;2025-12-10;2;0
5;2025-12-10;3;0
5;2025-12-10;4;0
5;2025-12-10;5;0
5;2025-12-10;6;0
5;2025-12-10;7;0
5;2025-12-10;8;0
5;2025-12-10;9;0
5;2025-12-10;10;0
5;2025-12-10;11;0
5;2025-12-10;12;0
5;2025-12-10;13;0
5;2025-12-10;14;0
5;2025-12-10;15;0
5;2025-12-10;16;0
5;2025-12-10;17;0
5;2025-12-10;18;0
5;2025-12-10;19;0
5;2025-12-10;20;0
5;2025-12-10;21;0
5;2025-12-10;22;0
5;2025-12-10;23;0
5;2025-12-11;0;0
5;2025-12-11;1;0
5;2025-12-11;2;0
5;2025-12-11;3;0
5;2025-12-11;4;0
5;2025-12-11;5;0
5;2025-12-11;6;0
5;2025-12-11;7;0
5;2025-12-11;8;0
5;2025-12-11;9;0
5;2025-12-11;10;0
5;2025-12-11;11;0
5;2025-12-11;12;0
5;2025-12-11;13;0
5;2025-12-11;14;0
5;2025-12-11;15;0
5;2025-12-11;16;0
5;2025-12-11;17;0
5;2025-12-11;18;0
5;2025-12-11;19;0
5;2025-12-11;20;0
5;2025-12-11;21;0
5;2025-12-11;22;0
5;2025-12-11;23;0
5;2025-12-12;0;0
5;2025-12-12;1;0
5;2025-12-12;2;0
5;2025-12-12;3;0
5;2025-12-12;4;0
5;2025-12-12;5;0
5;2025-12-12;6;0
5;2025-12-12;7;0
5;2025-12-12;8;0
5;2025-12-12;9;0
5;2025-12-12;10;0
5;2025-12-12;11;0
5;2025-12-12;12;0
5;2025-12-12;13;0
5;2025-12-12;14;0
5;2025-12-12;15;0
5;2025-12-12;16;0
5;2025-12-12;17;0
5;2025-12-12;18;0
5;2025-12-12;19;0
5;2025-12-12;20;0
5;2025-12-12;21;0
5;2025-12-12;22;0
5;2025-12-12;23;0
5;2025-12-13;0;0
5;2025-12-13;1;0
5;2025-12-13;2;0
5;2025-12-13;3;0
5;2025-12-13;4;0
5;2025-12-13;5;0
5;2025-12-13;6;0
5;2025-12-13;7;0
5;2025-12-13;8;0
5;2025-12-13;9;0
5;2025-12-13;10;0
5;2025-12-13;11;0
5;2025-12-13;12;0
5;2025-12-13;13;0
5;2025-12-13;14;0
5;2025-12-13;15;0
5;2025-12-13;16;0
5;2025-12-13;17;0
5;2025-12-13;18;0
5;2025-12-13;19;0
5;2025-12-13;20;0
5;2025-12-13;21;0
5;2025-12-13;22;0
5;2025-12-13;23;0
5;2025-12-14;0;0
5;2025-12-14;1;0
5;2025-12-14;2;0
5;2025-12-14;3;0
5;2025-12-14;4;0
5;2025-12-14;5;0
5;2025-12-14;6;0
5;2025-12-14;7;0
5;2025-12-14;8;0
5;2025-12-14;9;0
5;2025-12-14;10;0
5;2025-12-14;11;0
5;2025-12-14;12;0
5;2025-12-14;13;0
5;2025-12-14;14;0
5;2025-12-14;15;0
5;2025-12-14;16;0
5;2025-12-14;17;0
5;2025-12-14;18;0
5;2025-12-14;19;0
5;2025-12-14;20;0
5;2025-12-14;21;0
5;2025-12-14;22;0
5;2025-12-14;23;0
5;2025-12-15;0;0
5;2025-12-15;1;0
5;2025-12-15;2;0
5;2025-12-15;3;0
5;2025-12-15;4;0
5;2025-12-15;5;0
5;2025-12-15;6;0
5;2025-12-15;7;0
5;2025-12-15;8;0
5;2025-12-15;9;0
5;2025-12-15;10;0
5;2025-12-15;11;0
5;2025-12-15;12;0
5;2025-12-15;13;0
5;2025-12-15;14;0
5;2025-12-15;15;0
5;2025-12-15;16;0
5;2025-12-15;17;0
5;2025-12-15;18;0
5;2025-12-15;19;0
5;2025-12-15;20;0
5;2025-12-15;21;0
5;2025-12-15;22;0
5;2025-12-15;23;0
5;2025-12-16;0;0
5;2025-12-16;1;0
5;2025-12-16;2;0
5;2025-12-16;3;0
5;2025-12-16;4;0
5;2025-12-16;5;0
5;2025-12-16;6;0
5;2025-12-16;7;0
5;2025-12-16;8;0
5;2025-12-16;9;0
5;2025-12-16;10;0
5;2025-12-16;11;0
5;2025-12-16;12;0
5;2025-12-16;13;0
5;2025-12-16;14;0
5;2025-12-16;15;0
5;2025-12-16;16;0
5;2025-12-16;17;0
5;2025-12-16;18;0
5;2025-12-16;19;0
5;2025-12-16;20;0
5;2025-12-16;21;0
5;2025-12-16;22;0
5;2025-12-16;23;0
5;2025-12-17;0;0
5;2025-12-17;1;0
5;2025-12-17;2;0
5;2025-12-17;3;0
5;2025-12-17;4;0
5;2025-12-17;5;0
5;2025-12-17;6;0
5;2025-12-17;7;0
5;2025-12-17;8;0
5;2025-12-17;9;0
5;2025-12-17;10;0
5;2025-12-17;11;0
5;2025-12-17;12;0
5;2025-12-17;13;0
5;2025-12-17;14;0
5;2025-12-17;15;0
5;2025-12-17;16;0
5;2025-12-17;17;0
5;2025-12-17;18;0
5;2025-12-17;19;0
5;2025-12-17;20;0
5;2025-12-17;21;0
5;2025-12-17;22;0
5;2025-12-17;23;0
5;2025-12-18;0;0
5;2025-12-18;1;0
5;2025-12-18;2;0
5;2025-12-18;3;0
5;2025-12-18;4;0
5;2025-12-18;5;0
5;2025-12-18;6;0
5;2025-12-18;7;0
5;2025-12-18;8;0
5;2025-12-18;9;0
5;2025-12-18;10;0
5;2025-12-18;11;0
5;2025-12-18;12;0
5;2025-12-18;13;0
5;2025-12-18;14;0
5;2025-12-18;15;0
5;2025-12-18;16;0
5;2025-12-18;17;0
5;2025-12-18;18;0
5;2025-12-18;19;0
5;2025-12-18;20;0
5;2025-12-18;21;0
5;2025-12-18;22;0
5;2025-12-18;23;0
5;2025-12-19;0;0
5;2025-12-19;1;0
5;2025-12-19;2;0
5;2025-12-19;3;0
5;2025-12-19;4;0
5;2025-12-19;5;0
5;2025-12-19;6;0
5;2025-12-19;7;0
5;2025-12-19;8;0
5;2025-12-19;9;0
5;2025-12-19;10;0
5;2025-12-19;11;0
5;2025-12-19;12;0
5;2025-12-19;13;0
5;2025-12-19;14;0
5;2025-12-19;15;0
5;2025-12-19;16;0
5;2025-12-19;17;0
5;2025-12-19;18;0
5;2025-12-19;19;0
5;2025-12-19;20;0
5;2025-12-19;21;0
5;2025-12-19;22;0
5;2025-12-19;23;0
5;2025-12-20;0;0
5;2025-12-20;1;0
5;2025-12-20;2;0
5;2025-12-20;3;0
5;2025-12-20;4;0
5;2025-12-20;5;0
5;2025-12-20;6;0
5;2025-12-20;7;0
5;2025-12-20;8;0
5;2025-12-20;9;0
5;2025-12-20;10;0
5;2025-12-20;11;0
5;2025-12-20;12;0
5;2025-12-20;13;0
5;2025-12-20;14;0
5;2025-12-20;15;0
5;2025-12-20;16;0
5;2025-12-20;17;0
5;2025-12-20;18;0
5;2025-12-20;19;0
5;2025-12-20;20;0
5;2025-12-20;21;0
5;2025-12-20;22;0
5;2025-12-20;23;0
5;2025-12-21;0;0
5;2025-12-21;1;0
5;2025-12-21;2;0
5;2025-12-21;3;0
5;2025-12-21;4;0
5;2025-12-21;5;0
5;2025-12-21;6;0
5;2025-12-21;7;0
5;2025-12-21;8;0
5;2025-12-21;9;0
5;2025-12-21;10;0
5;2025-12-21;11;0
5;2025-12-21;12;0
5;2025-12-21;13;0
5;2025-12-21;14;0
5;2025-12-21;15;0
5;2025-12-21;16;0
5;2025-12-21;17;0
5;2025-12-21;18;0
5;2025-12-21;19;0
5;2025-12-21;20;0
5;2025-12-21;21;0
5;2025-12-21;22;0
5;2025-12-21;23;0
5;2025-12-22;0;0
5;2025-12-22;1;0
5;2025-12-22;2;0
5;2025-12-22;3;0
5;2025-12-22;4;0
5;2025-12-22;5;0
5;2025-12-22;6;0
5;2025-12-22;7;0
5;2025-12-22;8;0
5;2025-12-22;9;0
5;2025-12-22;10;0
5;2025-12-22;11;0
5;2025-12-22;12;0
5;2025-12-22;13;0
5;2025-12-22;14;0
5;2025-12-22;15;0
5;2025-12-22;16;0
5;2025-12-22;17;0
5;2025-12-22;18;0
5;2025-12-22;19;0
5;2025-12-22;20;0
5;2025-12-22;21;0
5;2025-12-22;22;0
5;2025-12-22;23;0
5;2025-12-23;0;0
5;2025-12-23;1;0
5;2025-12-23;2;0
5;2025-12-23;3;0
5;2025-12-23;4;0
5;2025-12-23;5;0
5;2025-12-23;6;0
5;2025-12-23;7;0
5;2025-12-23;8;0
5;2025-12-23;9;0
5;2025-12-23;10;0
5;2025-12-23;11;0
5;2025-12-23;12;0
5;2025-12-23;13;0
5;2025-12-23;14;0
5;2025-12-23;15;0
5;2025-12-23;16;0
5;2025-12-23;17;0
5;2025-12-23;18;0
5;2025-12-23;19;0
5;2025-12-23;20;0
5;2025-12-23;21;0
5;2025-12-23;22;0
5;2025-12-23;23;0
5;2025-12-24;0;0
5;2025-12-24;1;0
5;2025-12-24;2;0
5;2025-12-24;3;0
5;2025-12-24;4;0
5;2025-12-24;5;0
5;2025-12-24;6;0
5;2025-12-24;7;0
5;2025-12-24;8;0
5;2025-12-24;9;0
5;2025-12-24;10;0
5;2025-12-24;11;0
5;2025-12-24;12;0
5;2025-12-24;13;0
5;2025-12-24;14;0
5;2025-12-24;15;0
5;2025-12-24;16;0
5;2025-12-24;17;0
5;2025-12-24;18;0
5;2025-12-24;19;0
5;2025-12-24;20;0
5;2025-12-24;21;0
5;2025-12-24;22;0
5;2025-12-24;23;0
5;2025-12-25;0;0
5;2025-12-25;1;0
5;2025-12-25;2;0
5;2025-12-25;3;0
5;2025-12-25;4;0
5;2025-12-25;5;0
5;2025-12-25;6;0
5;2025-12-25;7;0
5;2025-12-25;8;0
5;2025-12-25;9;0
5;2025-12-25;10;0
5;2025-12-25;11;0
5;2025-12-25;12;0
5;2025-12-25;13;0
5;2025-12-25;14;0
5;2025-12-25;15;0
5;2025-12-25;16;0
5;2025-12-25;17;0
5;2025-12-25;18;0
5;2025-12-25;19;0
5;2025-12-25;20;0
5;2025-12-25;21;0
5;2025-12-25;22;0
5;2025-12-25;23;0
5;2025-12-26;0;0
5;2025-12-26;1;0
5;2025-12-26;2;0
5;2025-12-26;3;0
5;2025-12-26;4;0
5;2025-12-26;5;0
5;2025-12-26;6;0
5;2025-12-26;7;0
5;2025-12-26;8;0
5;2025-12-26;9;0
5;2025-12-26;10;0
5;2025-12-26;11;0
5;2025-12-26;12;0
5;2025-12-26;13;0
5;2025-12-26;14;0
5;2025-12-26;15;0
5;2025-12-26;16;0
5;2025-12-26;17;0
5;2025-12-26;18;0
5;2025-12-26;19;0
5;2025-12-26;20;0
5;2025-12-26;21;0
5;2025-12-26;22;0
5;2025-12-26;23;0
5;2025-12-27;0;0
5;2025-12-27;1;0
5;2025-12-27;2;0
5;2025-12-27;3;0
5;2025-12-27;4;0
5;2025-12-27;5;0
5;2025-12-27;6;0
5;2025-12-27;7;0
5;2025-12-27;8;0
5;2025-12-27;9;0
5;2025-12-27;10;0
5;2025-12-27;11;0
5;2025-12-27;12;0
5;2025-12-27;13;0
5;2025-12-27;14;0
5;2025-12-27;15;0
5;2025-12-27;16;0
5;2025-12-27;17;0
5;2025-12-27;18;0
5;2025-12-27;19;0
5;2025-12-27;20;0
5;2025-12-27;21;0
5;2025-12-27;22;0
5;2025-12-27;23;0
5;2025-12-28;0;0
5;2025-12-28;1;0
5;2025-12-28;2;0
5;2025-12-28;3;0
5;2025-12-28;4;0
5;2025-12-28;5;0
5;2025-12-28;6;0
5;2025-12-28;7;0
5;2025-12-28;8;0
5;2025-12-28;9;0
5;2025-12-28;10;0
5;2025-12-28;11;0
5;2025-12-28;12;0
5;2025-12-28;13;0
5;2025-12-28;14;0
5;2025-12-28;15;0
5;2025-12-28;16;0
5;2025-12-28;17;0
5;2025-12-28;18;0
5;2025-12-28;19;0
5;2025-12-28;20;0
5;2025-12-28;21;0
5;2025-12-28;22;0
5;2025-12-28;23;0
5;2025-12-29;0;0
5;2025-12-29;1;0
5;2025-12-29;2;0
5;2025-12-29;3;0
5;2025-12-29;4;0
5;2025-12-29;5;0
5;2025-12-29;6;0
5;2025-12-29;7;0
5;2025-12-29;8;0
5;2025-12-29;9;0
5;2025-12-29;10;0
5;2025-12-29;11;0
5;2025-12-29;12;0
5;2025-12-29;13;0
5;2025-12-29;14;0
5;2025-12-29;15;0
5;2025-12-29;16;0
5;2025-12-29;17;0
5;2025-12-29;18;0
5;2025-12-29;19;0
5;2025-12-29;20;0
5;2025-12-29;21;0
5;2025-12-29;22;0
5;2025-12-29;23;0
5;2025-12-30;0;0
5;2025-12-30;1;0
5;2025-12-30;2;0
5;2025-12-30;3;0
5;2025-12-30;4;0
5;2025-12-30;5;0
5;2025-12-30;6;0
5;2025-12-30;7;0
5;2025-12-30;8;0
5;2025-12-30;9;0
5;2025-12-30;10;0
5;2025-12-30;11;0
5;2025-12-30;12;0
5;2025-12-30;13;0
5;2025-12-30;14;0
5;2025-12-30;15;0
5;2025-12-30;16;0
5;2025-12-30;17;0
5;2025-12-30;18;0
5;2025-12-30;19;0
5;2025-12-30;20;0
5;2025-12-30;21;0
5;2025-12-30;22;0
5;2025-12-30;23;0
5;2025-12-31;0;0
5;2025-12-31;1;0
5;2025-12-31;2;0
5;2025-12-31;3;0
5;2025-12-31;4;0
5;2025-12-31;5;0
5;2025-12-31;6;0
5;2025-12-31;7;0
5;2025-12-31;8;0
5;2025-12-31;9;0
5;2025-12-31;10;0
5;2025-12-31;11;0
5;2025-12-31;12;0
5;2025-12-31;13;0
5;2025-12-31;14;0
5;2025-12-31;15;0
5;2025-12-31;16;0
5;2025-12-31;17;0
5;2025-12-31;18;0
5;2025-12-31;19;0
5;2025-12-31;20;0
5;2025-12-31;21;0
5;2025-12-31;22;0
5;2025-12-31;23;0
7;2025-11-01;0;103
7;2025-11-01;1;29
7;2025-11-01;2;0
7;2025-11-01;3;0
7;2025-11-01;4;26
7;2025-11-01;5;252
7;2025-11-01;6;754
7;2025-11-01;7;1694
7;2025-11-01;8;2563
7;2025-11-01;9;2043
7;2025-11-01;10;1786
7;2025-11-01;11;1673
7;2025-11-01;12;1858
7;2025-11-01;13;2016
7;2025-11-01;14;2127
7;2025-11-01;15;2272
7;2025-11-01;16;2490
7;2025-11-01;17;2448
7;2025-11-01;18;2255
7;2025-11-01;19;1672
7;2025-11-01;20;1164
7;2025-11-01;21;755
7;2025-11-01;22;466
7;2025-11-01;23;298
7;2025-11-02;0;103
7;2025-11-02;1;31
7;2025-11-02;2;0
7;2025-11-02;3;0
7;2025-11-02;4;0
7;2025-11-02;5;49
7;2025-11-02;6;205
7;2025-11-02;7;359
7;2025-11-02;8;562
7;2025-11-02;9;660
7;2025-11-02;10;737
7;2025-11-02;11;930
7;2025-11-02;12;1037
7;2025-11-02;13;1103
7;2025-11-02;14;1123
7;2025-11-02;15;1093
7;2025-11-02;16;1005
7;2025-11-02;17;995
7;2025-11-02;18;931
7;2025-11-02;19;828
7;2025-11-02;20;666
7;2025-11-02;21;468
7;2025-11-02;22;284
7;2025-11-02;23;188
7;2025-11-03;0;75
7;2025-11-03;1;17
7;2025-11-03;2;0
7;2025-11-03;3;0
7;2025-11-03;4;0
7;2025-11-03;5;31
7;2025-11-03;6;151
7;2025-11-03;7;298
7;2025-11-03;8;485
7;2025-11-03;9;565
7;2025-11-03;10;659
7;2025-11-03;11;842
7;2025-11-03;12;921
7;2025-11-03;13;983
7;2025-11-03;14;1012
7;2025-11-03;15;970
7;2025-11-03;16;906
7;2025-11-03;17;892
7;2025-11-03;18;830
7;2025-11-03;19;741
7;2025-11-03;20;586
7;2025-11-03;21;404
7;2025-11-03;22;228
7;2025-11-03;23;142
7;2025-11-04;0;75
7;2025-11-04;1;17
7;2025-11-04;2;0
7;2025-11-04;3;0
7;2025-11-04;4;0
7;2025-11-04;5;31
7;2025-11-04;6;151
7;2025-11-04;7;298
7;2025-11-04;8;485
7;2025-11-04;9;565
7;2025-11-04;10;659
7;2025-11-04;11;842
7;2025-11-04;12;921
7;2025-11-04;13;983
7;2025-11-04;14;1012
7;2025-11-04;15;970
7;2025-11-04;16;906
7;2025-11-04;17;892
7;2025-11-04;18;830
7;2025-11-04;19;741
7;2025-11-04;20;586
7;2025-11-04;21;404
7;2025-11-04;22;228
7;2025-11-04;23;142
7;2025-11-05;0;58
7;2025-11-05;1;9
7;2025-11-05;2;0
7;2025-11-05;3;0
7;2025-11-05;4;1
7;2025-11-05;5;198
7;2025-11-05;6;751
7;2025-11-05;7;1682
7;2025-11-05;8;2618
7;2025-11-05;9;2034
7;2025-11-05;10;1723
7;2025-11-05;11;1481
7;2025-11-05;12;1582
7;2025-11-05;13;1553
7;2025-11-05;14;1729
7;2025-11-05;15;1835
7;2025-11-05;16;1874
7;2025-11-05;17;2449
7;2025-11-05;18;2604
7;2025-11-05;19;1793
7;2025-11-05;20;1115
7;2025-11-05;21;654
7;2025-11-05;22;356
7;2025-11-05;23;204
7;2025-11-06;0;66
7;2025-11-06;1;12
7;2025-11-06;2;0
7;2025-11-06;3;0
7;2025-11-06;4;1
7;2025-11-06;5;193
7;2025-11-06;6;764
7;2025-11-06;7;1668
7;2025-11-06;8;2542
7;2025-11-06;9;1858
7;2025-11-06;10;1587
7;2025-11-06;11;1472
7;2025-11-06;12;1560
7;2025-11-06;13;1507
7;2025-11-06;14;1689
7;2025-11-06;15;1746
7;2025-11-06;16;1841
7;2025-11-06;17;2371
7;2025-11-06;18;2793
7;2025-11-06;19;1776
7;2025-11-06;20;1071
7;2025-11-06;21;700
7;2025-11-06;22;320
7;2025-11-06;23;202
7;2025-11-07;0;66
7;2025-11-07;1;11
7;2025-11-07;2;0
7;2025-11-07;3;0
7;2025-11-07;4;0
7;2025-11-07;5;194
7;2025-11-07;6;679
7;2025-11-07;7;1602
7;2025-11-07;8;2430
7;2025-11-07;9;1878
7;2025-11-07;10;1634
7;2025-11-07;11;1539
7;2025-11-07;12;1598
7;2025-11-07;13;1689
7;2025-11-07;14;1778
7;2025-11-07;15;1893
7;2025-11-07;16;2163
7;2025-11-07;17;2356
7;2025-11-07;18;2185
7;2025-11-07;19;1599
7;2025-11-07;20;1060
7;2025-11-07;21;654
7;2025-11-07;22;377
7;2025-11-07;23;224
7;2025-11-08;0;105
7;2025-11-08;1;35
7;2025-11-08;2;0
7;2025-11-08;3;0
7;2025-11-08;4;0
7;2025-11-08;5;59
7;2025-11-08;6;249
7;2025-11-08;7;451
7;2025-11-08;8;722
7;2025-11-08;9;868
7;2025-11-08;10;901
7;2025-11-08;11;1050
7;2025-11-08;12;1137
7;2025-11-08;13;1171
7;2025-11-08;14;1182
7;2025-11-08;15;1153
7;2025-11-08;16;1129
7;2025-11-08;17;1071
7;2025-11-08;18;1045
7;2025-11-08;19;1020
7;2025-11-08;20;766
7;2025-11-08;21;531
7;2025-11-08;22;267
7;2025-11-08;23;198
7;2025-11-09;0;102
7;2025-11-09;1;26
7;2025-11-09;2;0
7;2025-11-09;3;0
7;2025-11-09;4;0
7;2025-11-09;5;44
7;2025-11-09;6;200
7;2025-11-09;7;338
7;2025-11-09;8;535
7;2025-11-09;9;637
7;2025-11-09;10;701
7;2025-11-09;11;924
7;2025-11-09;12;1042
7;2025-11-09;13;1088
7;2025-11-09;14;1120
7;2025-11-09;15;1087
7;2025-11-09;16;996
7;2025-11-09;17;996
7;2025-11-09;18;912
7;2025-11-09;19;801
7;2025-11-09;20;619
7;2025-11-09;21;443
7;2025-11-09;22;262
7;2025-11-09;23;175
7;2025-11-10;0;67
7;2025-11-10;1;13
7;2025-11-10;2;0
7;2025-11-10;3;0
7;2025-11-10;4;1
7;2025-11-10;5;193
7;2025-11-10;6;747
7;2025-11-10;7;1633
7;2025-11-10;8;2517
7;2025-11-10;9;1840
7;2025-11-10;10;1498
7;2025-11-10;11;1364
7;2025-11-10;12;1474
7;2025-11-10;13;1496
7;2025-11-10;14;1545
7;2025-11-10;15;1693
7;2025-11-10;16;1807
7;2025-11-10;17;2253
7;2025-11-10;18;2560
7;2025-11-10;19;1736
7;2025-11-10;20;1040
7;2025-11-10;21;587
7;2025-11-10;22;291
7;2025-11-10;23;158
7;2025-11-11;0;52
7;2025-11-11;1;12
7;2025-11-11;2;0
7;2025-11-11;3;0
7;2025-11-11;4;1
7;2025-11-11;5;203
7;2025-11-11;6;739
7;2025-11-11;7;1698
7;2025-11-11;8;2560
7;2025-11-11;9;1879
7;2025-11-11;10;1630
7;2025-11-11;11;1516
7;2025-11-11;12;1657
7;2025-11-11;13;1586
7;2025-11-11;14;1633
7;2025-11-11;15;1759
7;2025-11-11;16;1885
7;2025-11-11;17;2348
7;2025-11-11;18;2625
7;2025-11-11;19;1806
7;2025-11-11;20;1113
7;2025-11-11;21;686
7;2025-11-11;22;333
7;2025-11-11;23;180
7;2025-11-12;0;58
7;2025-11-12;1;9
7;2025-11-12;2;0
7;2025-11-12;3;0
7;2025-11-12;4;1
7;2025-11-12;5;198
7;2025-11-12;6;751
7;2025-11-12;7;1682
7;2025-11-12;8;2618
7;2025-11-12;9;2034
7;2025-11-12;10;1723
7;2025-11-12;11;1481
7;2025-11-12;12;1582
7;2025-11-12;13;1553
7;2025-11-12;14;1729
7;2025-11-12;15;1835
7;2025-11-12;16;1874
7;2025-11-12;17;2449
7;2025-11-12;18;2604
7;2025-11-12;19;1793
7;2025-11-12;20;1115
7;2025-11-12;21;654
7;2025-11-12;22;356
7;2025-11-12;23;204
7;2025-11-13;0;66
7;2025-11-13;1;12
7;2025-11-13;2;0
7;2025-11-13;3;0
7;2025-11-13;4;1
7;2025-11-13;5;193
7;2025-11-13;6;764
7;2025-11-13;7;1668
7;2025-11-13;8;2542
7;2025-11-13;9;1858
7;2025-11-13;10;1587
7;2025-11-13;11;1472
7;2025-11-13;12;1560
7;2025-11-13;13;1507
7;2025-11-13;14;1689
7;2025-11-13;15;1746
7;2025-11-13;16;1841
7;2025-11-13;17;2371
7;2025-11-13;18;2793
7;2025-11-13;19;1776
7;2025-11-13;20;1071
7;2025-11-13;21;700
7;2025-11-13;22;320
7;2025-11-13;23;202
7;2025-11-14;0;66
7;2025-11-14;1;11
7;2025-11-14;2;0
7;2025-11-14;3;0
7;2025-11-14;4;0
7;2025-11-14;5;194
7;2025-11-14;6;679
7;2025-11-14;7;1602
7;2025-11-14;8;2430
7;2025-11-14;9;1878
7;2025-11-14;10;1634
7;2025-11-14;11;1539
7;2025-11-14;12;1598
7;2025-11-14;13;1689
7;2025-11-14;14;1778
7;2025-11-14;15;1893
7;2025-11-14;16;2163
7;2025-11-14;17;2356
7;2025-11-14;18;2185
7;2025-11-14;19;1599
7;2025-11-14;20;1060
7;2025-11-14;21;654
7;2025-11-14;22;377
7;2025-11-14;23;224
7;2025-11-15;0;105
7;2025-11-15;1;35
7;2025-11-15;2;0
7;2025-11-15;3;0
7;2025-11-15;4;0
7;2025-11-15;5;59
7;2025-11-15;6;249
7;2025-11-15;7;451
7;2025-11-15;8;722
7;2025-11-15;9;868
7;2025-11-15;10;901
7;2025-11-15;11;1050
7;2025-11-15;12;1137
7;2025-11-15;13;1171
7;2025-11-15;14;1182
7;2025-11-15;15;1153
7;2025-11-15;16;1129
7;2025-11-15;17;1071
7;2025-11-15;18;1045
7;2025-11-15;19;1020
7;2025-11-15;20;766
7;2025-11-15;21;531
7;2025-11-15;22;267
7;2025-11-15;23;198
7;2025-11-16;0;102
7;2025-11-16;1;26
7;2025-11-16;2;0
7;2025-11-16;3;0
7;2025-11-16;4;0
7;2025-11-16;5;44
7;2025-11-16;6;200
7;2025-11-16;7;338
7;2025-11-16;8;535
7;2025-11-16;9;637
7;2025-11-16;10;701
7;2025-11-16;11;924
7;2025-11-16;12;1042
7;2025-11-16;13;1088
7;2025-11-16;14;1120
7;2025-11-16;15;1087
7;2025-11-16;16;996
7;2025-11-16;17;996
7;2025-11-16;18;912
7;2025-11-16;19;801
7;2025-11-16;20;619
7;2025-11-16;21;443
7;2025-11-16;22;262
7;2025-11-16;23;175
7;2025-11-17;0;67
7;2025-11-17;1;13
7;2025-11-17;2;0
7;2025-11-17;3;0
7;2025-11-17;4;1
7;2025-11-17;5;193
7;2025-11-17;6;747
7;2025-11-17;7;1633
7;2025-11-17;8;2517
7;2025-11-17;9;1840
7;2025-11-17;10;1498
7;2025-11-17;11;1364
7;2025-11-17;12;1474
7;2025-11-17;13;1496
7;2025-11-17;14;1545
7;2025-11-17;15;1693
7;2025-11-17;16;1807
7;2025-11-17;17;2253
7;2025-11-17;18;2560
7;2025-11-17;19;1736
7;2025-11-17;20;1040
7;2025-11-17;21;587
7;2025-11-17;22;291
7;2025-11-17;23;158
7;2025-11-18;0;52
7;2025-11-18;1;12
7;2025-11-18;2;0
7;2025-11-18;3;0
7;2025-11-18;4;1
7;2025-11-18;5;203
7;2025-11-18;6;739
7;2025-11-18;7;1698
7;2025-11-18;8;2560
7;2025-11-18;9;1879
7;2025-11-18;10;1630
7;2025-11-18;11;1516
7;2025-11-18;12;1657
7;2025-11-18;13;1586
7;2025-11-18;14;1633
7;2025-11-18;15;1759
7;2025-11-18;16;1885
7;2025-11-18;17;2348
7;2025-11-18;18;2625
7;2025-11-18;19;1806
7;2025-11-18;20;1113
7;2025-11-18;21;686
7;2025-11-18;22;333
7;2025-11-18;23;180
7;2025-11-19;0;58
7;2025-11-19;1;9
7;2025-11-19;2;0
7;2025-11-19;3;0
7;2025-11-19;4;1
7;2025-11-19;5;198
7;2025-11-19;6;751
7;2025-11-19;7;1682
7;2025-11-19;8;2618
7;2025-11-19;9;2034
7;2025-11-19;10;1723
7;2025-11-19;11;1481
7;2025-11-19;12;1582
7;2025-11-19;13;1553
7;2025-11-19;14;1729
7;2025-11-19;15;1835
7;2025-11-19;16;1874
7;2025-11-19;17;2449
7;2025-11-19;18;2604
7;2025-11-19;19;1793
7;2025-11-19;20;1115
7;2025-11-19;21;654
7;2025-11-19;22;356
7;2025-11-19;23;204
7;2025-11-20;0;66
7;2025-11-20;1;12
7;2025-11-20;2;0
7;2025-11-20;3;0
7;2025-11-20;4;1
7;2025-11-20;5;193
7;2025-11-20;6;764
7;2025-11-20;7;1668
7;2025-11-20;8;2542
7;2025-11-20;9;1858
7;2025-11-20;10;1587
7;2025-11-20;11;1472
7;2025-11-20;12;1560
7;2025-11-20;13;1507
7;2025-11-20;14;1689
7;2025-11-20;15;1746
7;2025-11-20;16;1841
7;2025-11-20;17;2371
7;2025-11-20;18;2793
7;2025-11-20;19;1776
7;2025-11-20;20;1071
7;2025-11-20;21;700
7;2025-11-20;22;320
7;2025-11-20;23;202
7;2025-11-21;0;66
7;2025-11-21;1;11
7;2025-11-21;2;0
7;2025-11-21;3;0
7;2025-11-21;4;0
7;2025-11-21;5;194
7;2025-11-21;6;679
7;2025-11-21;7;1602
7;2025-11-21;8;2430
7;2025-11-21;9;1878
7;2025-11-21;10;1634
7;2025-11-21;11;1539
7;2025-11-21;12;1598
7;2025-11-21;13;1689
7;2025-11-21;14;1778
7;2025-11-21;15;1893
7;2025-11-21;16;2163
7;2025-11-21;17;2356
7;2025-11-21;18;2185
7;2025-11-21;19;1599
7;2025-11-21;20;1060
7;2025-11-21;21;654
7;2025-11-21;22;377
7;2025-11-21;23;224
7;2025-11-22;0;105
7;2025-11-22;1;35
7;2025-11-22;2;0
7;2025-11-22;3;0
7;2025-11-22;4;0
7;2025-11-22;5;59
7;2025-11-22;6;249
7;2025-11-22;7;451
7;2025-11-22;8;722
7;2025-11-22;9;868
7;2025-11-22;10;901
7;2025-11-22;11;1050
7;2025-11-22;12;1137
7;2025-11-22;13;1171
7;2025-11-22;14;1182
7;2025-11-22;15;1153
7;2025-11-22;16;1129
7;2025-11-22;17;1071
7;2025-11-22;18;1045
7;2025-11-22;19;1020
7;2025-11-22;20;766
7;2025-11-22;21;531
7;2025-11-22;22;267
7;2025-11-22;23;198
7;2025-11-23;0;102
7;2025-11-23;1;26
7;2025-11-23;2;0
7;2025-11-23;3;0
7;2025-11-23;4;0
7;2025-11-23;5;44
7;2025-11-23;6;200
7;2025-11-23;7;338
7;2025-11-23;8;535
7;2025-11-23;9;637
7;2025-11-23;10;701
7;2025-11-23;11;924
7;2025-11-23;12;1042
7;2025-11-23;13;1088
7;2025-11-23;14;1120
7;2025-11-23;15;1087
7;2025-11-23;16;996
7;2025-11-23;17;996
7;2025-11-23;18;912
7;2025-11-23;19;801
7;2025-11-23;20;619
7;2025-11-23;21;443
7;2025-11-23;22;262
7;2025-11-23;23;175
7;2025-11-24;0;67
7;2025-11-24;1;13
7;2025-11-24;2;0
7;2025-11-24;3;0
7;2025-11-24;4;1
7;2025-11-24;5;193
7;2025-11-24;6;747
7;2025-11-24;7;1633
7;2025-11-24;8;2517
7;2025-11-24;9;1840
7;2025-11-24;10;1498
7;2025-11-24;11;1364
7;2025-11-24;12;1474
7;2025-11-24;13;1496
7;2025-11-24;14;1545
7;2025-11-24;15;1693
7;2025-11-24;16;1807
7;2025-11-24;17;2253
7;2025-11-24;18;2560
7;2025-11-24;19;1736
7;2025-11-24;20;1040
7;2025-11-24;21;587
7;2025-11-24;22;291
7;2025-11-24;23;158
7;2025-11-25;0;52
7;2025-11-25;1;12
7;2025-11-25;2;0
7;2025-11-25;3;0
7;2025-11-25;4;1
7;2025-11-25;5;203
7;2025-11-25;6;739
7;2025-11-25;7;1698
7;2025-11-25;8;2560
7;2025-11-25;9;1879
7;2025-11-25;10;1630
7;2025-11-25;11;1516
7;2025-11-25;12;1657
7;2025-11-25;13;1586
7;2025-11-25;14;1633
7;2025-11-25;15;1759
7;2025-11-25;16;1885
7;2025-11-25;17;2348
7;2025-11-25;18;2625
7;2025-11-25;19;1806
7;2025-11-25;20;1113
7;2025-11-25;21;686
7;2025-11-25;22;333
7;2025-11-25;23;180
7;2025-11-26;0;58
7;2025-11-26;1;9
7;2025-11-26;2;0
7;2025-11-26;3;0
7;2025-11-26;4;1
7;2025-11-26;5;198
7;2025-11-26;6;751
7;2025-11-26;7;1682
7;2025-11-26;8;2618
7;2025-11-26;9;2034
7;2025-11-26;10;1723
7;2025-11-26;11;1481
7;2025-11-26;12;1582
7;2025-11-26;13;1553
7;2025-11-26;14;1729
7;2025-11-26;15;1835
7;2025-11-26;16;1874
7;2025-11-26;17;2449
7;2025-11-26;18;2604
7;2025-11-26;19;1793
7;2025-11-26;20;1115
7;2025-11-26;21;654
7;2025-11-26;22;356
7;2025-11-26;23;204
7;2025-11-27;0;66
7;2025-11-27;1;12
7;2025-11-27;2;0
7;2025-11-27;3;0
7;2025-11-27;4;1
7;2025-11-27;5;193
7;2025-11-27;6;764
7;2025-11-27;7;1668
7;2025-11-27;8;2542
7;2025-11-27;9;1858
7;2025-11-27;10;1587
7;2025-11-27;11;1472
7;2025-11-27;12;1560
7;2025-11-27;13;1507
7;2025-11-27;14;1689
7;2025-11-27;15;1746
7;2025-11-27;16;1841
7;2025-11-27;17;2371
7;2025-11-27;18;2793
7;2025-11-27;19;1776
7;2025-11-27;20;1071
7;2025-11-27;21;700
7;2025-11-27;22;320
7;2025-11-27;23;202
7;2025-11-28;0;66
7;2025-11-28;1;11
7;2025-11-28;2;0
7;2025-11-28;3;0
7;2025-11-28;4;0
7;2025-11-28;5;194
7;2025-11-28;6;679
7;2025-11-28;7;1602
7;2025-11-28;8;2430
7;2025-11-28;9;1878
7;2025-11-28;10;1634
7;2025-11-28;11;1539
7;2025-11-28;12;1598
7;2025-11-28;13;1689
7;2025-11-28;14;1778
7;2025-11-28;15;1893
7;2025-11-28;16;2163
7;2025-11-28;17;2356
7;2025-11-28;18;2185
7;2025-11-28;19;1599
7;2025-11-28;20;1060
7;2025-11-28;21;654
7;2025-11-28;22;377
7;2025-11-28;23;224
7;2025-11-29;0;105
7;2025-11-29;1;35
7;2025-11-29;2;0
7;2025-11-29;3;0
7;2025-11-29;4;0
7;2025-11-29;5;59
7;2025-11-29;6;249
7;2025-11-29;7;451
7;2025-11-29;8;722
7;2025-11-29;9;868
7;2025-11-29;10;901
7;2025-11-29;11;1050
7;2025-11-29;12;1137
7;2025-11-29;13;1171
7;2025-11-29;14;1182
7;2025-11-29;15;1153
7;2025-11-29;16;1129
7;2025-11-29;17;1071
7;2025-11-29;18;1045
7;2025-11-29;19;1020
7;2025-11-29;20;766
7;2025-11-29;21;531
7;2025-11-29;22;267
7;2025-11-29;23;198
7;2025-11-30;0;102
7;2025-11-30;1;26
7;2025-11-30;2;0
7;2025-11-30;3;0
7;2025-11-30;4;0
7;2025-11-30;5;44
7;2025-11-30;6;200
7;2025-11-30;7;338
7;2025-11-30;8;535
7;2025-11-30;9;637
7;2025-11-30;10;701
7;2025-11-30;11;924
7;2025-11-30;12;1042
7;2025-11-30;13;1088
7;2025-11-30;14;1120
7;2025-11-30;15;1087
7;2025-11-30;16;996
7;2025-11-30;17;996
7;2025-11-30;18;912
7;2025-11-30;19;801
7;2025-11-30;20;619
7;2025-11-30;21;443
7;2025-11-30;22;262
7;2025-11-30;23;175
7;2025-12-01;0;67
7;2025-12-01;1;13
7;2025-12-01;2;0
7;2025-12-01;3;0
7;2025-12-01;4;1
7;2025-12-01;5;193
7;2025-12-01;6;747
7;2025-12-01;7;1633
7;2025-12-01;8;2517
7;2025-12-01;9;1840
7;2025-12-01;10;1498
7;2025-12-01;11;1364
7;2025-12-01;12;1474
7;2025-12-01;13;1496
7;2025-12-01;14;1545
7;2025-12-01;15;1693
7;2025-12-01;16;1807
7;2025-12-01;17;2253
7;2025-12-01;18;2560
7;2025-12-01;19;1736
7;2025-12-01;20;1040
7;2025-12-01;21;587
7;2025-12-01;22;291
7;2025-12-01;23;158
7;2025-12-02;0;52
7;2025-12-02;1;12
7;2025-12-02;2;0
7;2025-12-02;3;0
7;2025-12-02;4;1
7;2025-12-02;5;203
7;2025-12-02;6;739
7;2025-12-02;7;1698
7;2025-12-02;8;2560
7;2025-12-02;9;1879
7;2025-12-02;10;1630
7;2025-12-02;11;1516
7;2025-12-02;12;1657
7;2025-12-02;13;1586
7;2025-12-02;14;1633
7;2025-12-02;15;1759
7;2025-12-02;16;1885
7;2025-12-02;17;2348
7;2025-12-02;18;2625
7;2025-12-02;19;1806
7;2025-12-02;20;1113
7;2025-12-02;21;686
7;2025-12-02;22;333
7;2025-12-02;23;180
7;2025-12-03;0;58
7;2025-12-03;1;9
7;2025-12-03;2;0
7;2025-12-03;3;0
7;2025-12-03;4;1
7;2025-12-03;5;198
7;2025-12-03;6;751
7;2025-12-03;7;1682
7;2025-12-03;8;2618
7;2025-12-03;9;2034
7;2025-12-03;10;1723
7;2025-12-03;11;1481
7;2025-12-03;12;1582
7;2025-12-03;13;1553
7;2025-12-03;14;1729
7;2025-12-03;15;1835
7;2025-12-03;16;1874
7;2025-12-03;17;2449
7;2025-12-03;18;2604
7;2025-12-03;19;1793
7;2025-12-03;20;1115
7;2025-12-03;21;654
7;2025-12-03;22;356
7;2025-12-03;23;204
7;2025-12-04;0;66
7;2025-12-04;1;12
7;2025-12-04;2;0
7;2025-12-04;3;0
7;2025-12-04;4;1
7;2025-12-04;5;193
7;2025-12-04;6;764
7;2025-12-04;7;1668
7;2025-12-04;8;2542
7;2025-12-04;9;1858
7;2025-12-04;10;1587
7;2025-12-04;11;1472
7;2025-12-04;12;1560
7;2025-12-04;13;1507
7;2025-12-04;14;1689
7;2025-12-04;15;1746
7;2025-12-04;16;1841
7;2025-12-04;17;2371
7;2025-12-04;18;2793
7;2025-12-04;19;1776
7;2025-12-04;20;1071
7;2025-12-04;21;700
7;2025-12-04;22;320
7;2025-12-04;23;202
7;2025-12-05;0;66
7;2025-12-05;1;11
7;2025-12-05;2;0
7;2025-12-05;3;0
7;2025-12-05;4;0
7;2025-12-05;5;194
7;2025-12-05;6;679
7;2025-12-05;7;1602
7;2025-12-05;8;2430
7;2025-12-05;9;1878
7;2025-12-05;10;1634
7;2025-12-05;11;1539
7;2025-12-05;12;1598
7;2025-12-05;13;1689
7;2025-12-05;14;1778
7;2025-12-05;15;1893
7;2025-12-05;16;2163
7;2025-12-05;17;2356
7;2025-12-05;18;2185
7;2025-12-05;19;1599
7;2025-12-05;20;1060
7;2025-12-05;21;654
7;2025-12-05;22;377
7;2025-12-05;23;224
7;2025-12-06;0;105
7;2025-12-06;1;35
7;2025-12-06;2;0
7;2025-12-06;3;0
7;2025-12-06;4;0
7;2025-12-06;5;59
7;2025-12-06;6;249
7;2025-12-06;7;451
7;2025-12-06;8;722
7;2025-12-06;9;868
7;2025-12-06;10;901
7;2025-12-06;11;1050
7;2025-12-06;12;1137
7;2025-12-06;13;1171
7;2025-12-06;14;1182
7;2025-12-06;15;1153
7;2025-12-06;16;1129
7;2025-12-06;17;1071
7;2025-12-06;18;1045
7;2025-12-06;19;1020
7;2025-12-06;20;766
7;2025-12-06;21;531
7;2025-12-06;22;267
7;2025-12-06;23;198
7;2025-12-07;0;102
7;2025-12-07;1;26
7;2025-12-07;2;0
7;2025-12-07;3;0
7;2025-12-07;4;0
7;2025-12-07;5;44
7;2025-12-07;6;200
7;2025-12-07;7;338
7;2025-12-07;8;535
7;2025-12-07;9;637
7;2025-12-07;10;701
7;2025-12-07;11;924
7;2025-12-07;12;1042
7;2025-12-07;13;1088
7;2025-12-07;14;1120
7;2025-12-07;15;1087
7;2025-12-07;16;996
7;2025-12-07;17;996
7;2025-12-07;18;912
7;2025-12-07;19;801
7;2025-12-07;20;619
7;2025-12-07;21;443
7;2025-12-07;22;262
7;2025-12-07;23;175
7;2025-12-08;0;67
7;2025-12-08;1;13
7;2025-12-08;2;0
7;2025-12-08;3;0
7;2025-12-08;4;1
7;2025-12-08;5;193
7;2025-12-08;6;747
7;2025-12-08;7;1633
7;2025-12-08;8;2517
7;2025-12-08;9;1840
7;2025-12-08;10;1498
7;2025-12-08;11;1364
7;2025-12-08;12;1474
7;2025-12-08;13;1496
7;2025-12-08;14;1545
7;2025-12-08;15;1693
7;2025-12-08;16;1807
7;2025-12-08;17;2253
7;2025-12-08;18;2560
7;2025-12-08;19;1736
7;2025-12-08;20;1040
7;2025-12-08;21;587
7;2025-12-08;22;291
7;2025-12-08;23;158
7;2025-12-09;0;52
7;2025-12-09;1;12
7;2025-12-09;2;0
7;2025-12-09;3;0
7;2025-12-09;4;1
7;2025-12-09;5;203
7;2025-12-09;6;739
7;2025-12-09;7;1698
7;2025-12-09;8;2560
7;2025-12-09;9;1879
7;2025-12-09;10;1630
7;2025-12-09;11;1516
7;2025-12-09;12;1657
7;2025-12-09;13;1586
7;2025-12-09;14;1633
7;2025-12-09;15;1759
7;2025-12-09;16;1885
7;2025-12-09;17;2348
7;2025-12-09;18;2625
7;2025-12-09;19;1806
7;2025-12-09;20;1113
7;2025-12-09;21;686
7;2025-12-09;22;333
7;2025-12-09;23;180
7;2025-12-10;0;58
7;2025-12-10;1;9
7;2025-12-10;2;0
7;2025-12-10;3;0
7;2025-12-10;4;1
7;2025-12-10;5;198
7;2025-12-10;6;751
7;2025-12-10;7;1682
7;2025-12-10;8;2618
7;2025-12-10;9;2034
7;2025-12-10;10;1723
7;2025-12-10;11;1481
7;2025-12-10;12;1582
7;2025-12-10;13;1553
7;2025-12-10;14;1729
7;2025-12-10;15;1835
7;2025-12-10;16;1874
7;2025-12-10;17;2449
7;2025-12-10;18;2604
7;2025-12-10;19;1793
7;2025-12-10;20;1115
7;2025-12-10;21;654
7;2025-12-10;22;356
7;2025-12-10;23;204
7;2025-12-11;0;66
7;2025-12-11;1;12
7;2025-12-11;2;0
7;2025-12-11;3;0
7;2025-12-11;4;1
7;2025-12-11;5;193
7;2025-12-11;6;764
7;2025-12-11;7;1668
7;2025-12-11;8;2542
7;2025-12-11;9;1858
7;2025-12-11;10;1587
7;2025-12-11;11;1472
7;2025-12-11;12;1560
7;2025-12-11;13;1507
7;2025-12-11;14;1689
7;2025-12-11;15;1746
7;2025-12-11;16;1841
7;2025-12-11;17;2371
7;2025-12-11;18;2793
7;2025-12-11;19;1776
7;2025-12-11;20;1071
7;2025-12-11;21;700
7;2025-12-11;22;320
7;2025-12-11;23;202
7;2025-12-12;0;66
7;2025-12-12;1;11
7;2025-12-12;2;0
7;2025-12-12;3;0
7;2025-12-12;4;0
7;2025-12-12;5;194
7;2025-12-12;6;679
7;2025-12-12;7;1602
7;2025-12-12;8;2430
7;2025-12-12;9;1878
7;2025-12-12;10;1634
7;2025-12-12;11;1539
7;2025-12-12;12;1598
7;2025-12-12;13;1689
7;2025-12-12;14;1778
7;2025-12-12;15;1893
7;2025-12-12;16;2163
7;2025-12-12;17;2356
7;2025-12-12;18;2185
7;2025-12-12;19;1599
7;2025-12-12;20;1060
7;2025-12-12;21;654
7;2025-12-12;22;377
7;2025-12-12;23;224
7;2025-12-13;0;105
7;2025-12-13;1;35
7;2025-12-13;2;0
7;2025-12-13;3;0
7;2025-12-13;4;0
7;2025-12-13;5;59
7;2025-12-13;6;249
7;2025-12-13;7;451
7;2025-12-13;8;722
7;2025-12-13;9;868
7;2025-12-13;10;901
7;2025-12-13;11;1050
7;2025-12-13;12;1137
7;2025-12-13;13;1171
7;2025-12-13;14;1182
7;2025-12-13;15;1153
7;2025-12-13;16;1129
7;2025-12-13;17;1071
7;2025-12-13;18;1045
7;2025-12-13;19;1020
7;2025-12-13;20;766
7;2025-12-13;21;531
7;2025-12-13;22;267
7;2025-12-13;23;198
7;2025-12-14;0;102
7;2025-12-14;1;26
7;2025-12-14;2;0
7;2025-12-14;3;0
7;2025-12-14;4;0
7;2025-12-14;5;44
7;2025-12-14;6;200
7;2025-12-14;7;338
7;2025-12-14;8;535
7;2025-12-14;9;637
7;2025-12-14;10;701
7;2025-12-14;11;924
7;2025-12-14;12;1042
7;2025-12-14;13;1088
7;2025-12-14;14;1120
7;2025-12-14;15;1087
7;2025-12-14;16;996
7;2025-12-14;17;996
7;2025-12-14;18;912
7;2025-12-14;19;801
7;2025-12-14;20;619
7;2025-12-14;21;443
7;2025-12-14;22;262
7;2025-12-14;23;175
7;2025-12-15;0;67
7;2025-12-15;1;13
7;2025-12-15;2;0
7;2025-12-15;3;0
7;2025-12-15;4;1
7;2025-12-15;5;193
7;2025-12-15;6;747
7;2025-12-15;7;1633
7;2025-12-15;8;2517
7;2025-12-15;9;1840
7;2025-12-15;10;1498
7;2025-12-15;11;1364
7;2025-12-15;12;1474
7;2025-12-15;13;1496
7;2025-12-15;14;1545
7;2025-12-15;15;1693
7;2025-12-15;16;1807
7;2025-12-15;17;2253
7;2025-12-15;18;2560
7;2025-12-15;19;1736
7;2025-12-15;20;1040
7;2025-12-15;21;587
7;2025-12-15;22;291
7;2025-12-15;23;158
7;2025-12-16;0;52
7;2025-12-16;1;12
7;2025-12-16;2;0
7;2025-12-16;3;0
7;2025-12-16;4;1
7;2025-12-16;5;203
7;2025-12-16;6;739
7;2025-12-16;7;1698
7;2025-12-16;8;2560
7;2025-12-16;9;1879
7;2025-12-16;10;1630
7;2025-12-16;11;1516
7;2025-12-16;12;1657
7;2025-12-16;13;1586
7;2025-12-16;14;1633
7;2025-12-16;15;1759
7;2025-12-16;16;1885
7;2025-12-16;17;2348
7;2025-12-16;18;2625
7;2025-12-16;19;1806
7;2025-12-16;20;1113
7;2025-12-16;21;686
7;2025-12-16;22;333
7;2025-12-16;23;180
7;2025-12-17;0;58
7;2025-12-17;1;9
7;2025-12-17;2;0
7;2025-12-17;3;0
7;2025-12-17;4;1
7;2025-12-17;5;198
7;2025-12-17;6;751
7;2025-12-17;7;1682
7;2025-12-17;8;2618
7;2025-12-17;9;2034
7;2025-12-17;10;1723
7;2025-12-17;11;1481
7;2025-12-17;12;1582
7;2025-12-17;13;1553
7;2025-12-17;14;1729
7;2025-12-17;15;1835
7;2025-12-17;16;1874
7;2025-12-17;17;2449
7;2025-12-17;18;2604
7;2025-12-17;19;1793
7;2025-12-17;20;1115
7;2025-12-17;21;654
7;2025-12-17;22;356
7;2025-12-17;23;204
7;2025-12-18;0;66
7;2025-12-18;1;12
7;2025-12-18;2;0
7;2025-12-18;3;0
7;2025-12-18;4;1
7;2025-12-18;5;193
7;2025-12-18;6;764
7;2025-12-18;7;1668
7;2025-12-18;8;2542
7;2025-12-18;9;1858
7;2025-12-18;10;1587
7;2025-12-18;11;1472
7;2025-12-18;12;1560
7;2025-12-18;13;1507
7;2025-12-18;14;1689
7;2025-12-18;15;1746
7;2025-12-18;16;1841
7;2025-12-18;17;2371
7;2025-12-18;18;2793
7;2025-12-18;19;1776
7;2025-12-18;20;1071
7;2025-12-18;21;700
7;2025-12-18;22;320
7;2025-12-18;23;202
7;2025-12-19;0;66
7;2025-12-19;1;11
7;2025-12-19;2;0
7;2025-12-19;3;0
7;2025-12-19;4;0
7;2025-12-19;5;194
7;2025-12-19;6;679
7;2025-12-19;7;1602
7;2025-12-19;8;2430
7;2025-12-19;9;1878
7;2025-12-19;10;1634
7;2025-12-19;11;1539
7;2025-12-19;12;1598
7;2025-12-19;13;1689
7;2025-12-19;14;1778
7;2025-12-19;15;1893
7;2025-12-19;16;2163
7;2025-12-19;17;2356
7;2025-12-19;18;2185
7;2025-12-19;19;1599
7;2025-12-19;20;1060
7;2025-12-19;21;654
7;2025-12-19;22;377
7;2025-12-19;23;224
7;2025-12-20;0;105
7;2025-12-20;1;35
7;2025-12-20;2;0
7;2025-12-20;3;0
7;2025-12-20;4;0
7;2025-12-20;5;59
7;2025-12-20;6;249
7;2025-12-20;7;451
7;2025-12-20;8;722
7;2025-12-20;9;868
7;2025-12-20;10;901
7;2025-12-20;11;1050
7;2025-12-20;12;1137
7;2025-12-20;13;1171
7;2025-12-20;14;1182
7;2025-12-20;15;1153
7;2025-12-20;16;1129
7;2025-12-20;17;1071
7;2025-12-20;18;1045
7;2025-12-20;19;1020
7;2025-12-20;20;766
7;2025-12-20;21;531
7;2025-12-20;22;267
7;2025-12-20;23;198
7;2025-12-21;0;102
7;2025-12-21;1;26
7;2025-12-21;2;0
7;2025-12-21;3;0
7;2025-12-21;4;0
7;2025-12-21;5;44
7;2025-12-21;6;200
7;2025-12-21;7;338
7;2025-12-21;8;535
7;2025-12-21;9;637
7;2025-12-21;10;701
7;2025-12-21;11;924
7;2025-12-21;12;1042
7;2025-12-21;13;1088
7;2025-12-21;14;1120
7;2025-12-21;15;1087
7;2025-12-21;16;996
7;2025-12-21;17;996
7;2025-12-21;18;912
7;2025-12-21;19;801
7;2025-12-21;20;619
7;2025-12-21;21;443
7;2025-12-21;22;262
7;2025-12-21;23;175
7;2025-12-22;0;67
7;2025-12-22;1;13
7;2025-12-22;2;0
7;2025-12-22;3;0
7;2025-12-22;4;1
7;2025-12-22;5;193
7;2025-12-22;6;747
7;2025-12-22;7;1633
7;2025-12-22;8;2517
7;2025-12-22;9;1840
7;2025-12-22;10;1498
7;2025-12-22;11;1364
7;2025-12-22;12;1474
7;2025-12-22;13;1496
7;2025-12-22;14;1545
7;2025-12-22;15;1693
7;2025-12-22;16;1807
7;2025-12-22;17;2253
7;2025-12-22;18;2560
7;2025-12-22;19;1736
7;2025-12-22;20;1040
7;2025-12-22;21;587
7;2025-12-22;22;291
7;2025-12-22;23;158
7;2025-12-23;0;52
7;2025-12-23;1;12
7;2025-12-23;2;0
7;2025-12-23;3;0
7;2025-12-23;4;1
7;2025-12-23;5;203
7;2025-12-23;6;739
7;2025-12-23;7;1698
7;2025-12-23;8;2560
7;2025-12-23;9;1879
7;2025-12-23;10;1630
7;2025-12-23;11;1516
7;2025-12-23;12;1657
7;2025-12-23;13;1586
7;2025-12-23;14;1633
7;2025-12-23;15;1759
7;2025-12-23;16;1885
7;2025-12-23;17;2348
7;2025-12-23;18;2625
7;2025-12-23;19;1806
7;2025-12-23;20;1113
7;2025-12-23;21;686
7;2025-12-23;22;333
7;2025-12-23;23;180
7;2025-12-24;0;58
7;2025-12-24;1;9
7;2025-12-24;2;0
7;2025-12-24;3;0
7;2025-12-24;4;1
7;2025-12-24;5;198
7;2025-12-24;6;751
7;2025-12-24;7;1682
7;2025-12-24;8;2618
7;2025-12-24;9;2034
7;2025-12-24;10;1723
7;2025-12-24;11;1481
7;2025-12-24;12;1582
7;2025-12-24;13;1553
7;2025-12-24;14;1729
7;2025-12-24;15;1835
7;2025-12-24;16;1874
7;2025-12-24;17;2449
7;2025-12-24;18;2604
7;2025-12-24;19;1793
7;2025-12-24;20;1115
7;2025-12-24;21;654
7;2025-12-24;22;356
7;2025-12-24;23;204
7;2025-12-25;0;66
7;2025-12-25;1;12
7;2025-12-25;2;0
7;2025-12-25;3;0
7;2025-12-25;4;1
7;2025-12-25;5;193
7;2025-12-25;6;764
7;2025-12-25;7;1668
7;2025-12-25;8;2542
7;2025-12-25;9;1858
7;2025-12-25;10;1587
7;2025-12-25;11;1472
7;2025-12-25;12;1560
7;2025-12-25;13;1507
7;2025-12-25;14;1689
7;2025-12-25;15;1746
7;2025-12-25;16;1841
7;2025-12-25;17;2371
7;2025-12-25;18;2793
7;2025-12-25;19;1776
7;2025-12-25;20;1071
7;2025-12-25;21;700
7;2025-12-25;22;320
7;2025-12-25;23;202
7;2025-12-26;0;66
7;2025-12-26;1;11
7;2025-12-26;2;0
7;2025-12-26;3;0
7;2025-12-26;4;0
7;2025-12-26;5;194
7;2025-12-26;6;679
7;2025-12-26;7;1602
7;2025-12-26;8;2430
7;2025-12-26;9;1878
7;2025-12-26;10;1634
7;2025-12-26;11;1539
7;2025-12-26;12;1598
7;2025-12-26;13;1689
7;2025-12-26;14;1778
7;2025-12-26;15;1893
7;2025-12-26;16;2163
7;2025-12-26;17;2356
7;2025-12-26;18;2185
7;2025-12-26;19;1599
7;2025-12-26;20;1060
7;2025-12-26;21;654
7;2025-12-26;22;377
7;2025-12-26;23;224
7;2025-12-27;0;105
7;2025-12-27;1;35
7;2025-12-27;2;0
7;2025-12-27;3;0
7;2025-12-27;4;0
7;2025-12-27;5;59
7;2025-12-27;6;249
7;2025-12-27;7;451
7;2025-12-27;8;722
7;2025-12-27;9;868
7;2025-12-27;10;901
7;2025-12-27;11;1050
7;2025-12-27;12;1137
7;2025-12-27;13;1171
7;2025-12-27;14;1182
7;2025-12-27;15;1153
7;2025-12-27;16;1129
7;2025-12-27;17;1071
7;2025-12-27;18;1045
7;2025-12-27;19;1020
7;2025-12-27;20;766
7;2025-12-27;21;531
7;2025-12-27;22;267
7;2025-12-27;23;198
7;2025-12-28;0;102
7;2025-12-28;1;26
7;2025-12-28;2;0
7;2025-12-28;3;0
7;2025-12-28;4;0
7;2025-12-28;5;44
7;2025-12-28;6;200
7;2025-12-28;7;338
7;2025-12-28;8;535
7;2025-12-28;9;637
7;2025-12-28;10;701
7;2025-12-28;11;924
7;2025-12-28;12;1042
7;2025-12-28;13;1088
7;2025-12-28;14;1120
7;2025-12-28;15;1087
7;2025-12-28;16;996
7;2025-12-28;17;996
7;2025-12-28;18;912
7;2025-12-28;19;801
7;2025-12-28;20;619
7;2025-12-28;21;443
7;2025-12-28;22;262
7;2025-12-28;23;175
7;2025-12-29;0;67
7;2025-12-29;1;13
7;2025-12-29;2;0
7;2025-12-29;3;0
7;2025-12-29;4;1
7;2025-12-29;5;193
7;2025-12-29;6;747
7;2025-12-29;7;1633
7;2025-12-29;8;2517
7;2025-12-29;9;1840
7;2025-12-29;10;1498
7;2025-12-29;11;1364
7;2025-12-29;12;1474
7;2025-12-29;13;1496
7;2025-12-29;14;1545
7;2025-12-29;15;1693
7;2025-12-29;16;1807
7;2025-12-29;17;2253
7;2025-12-29;18;2560
7;2025-12-29;19;1736
7;2025-12-29;20;1040
7;2025-12-29;21;587
7;2025-12-29;22;291
7;2025-12-29;23;158
7;2025-12-30;0;52
7;2025-12-30;1;12
7;2025-12-30;2;0
7;2025-12-30;3;0
7;2025-12-30;4;1
7;2025-12-30;5;203
7;2025-12-30;6;739
7;2025-12-30;7;1698
7;2025-12-30;8;2560
7;2025-12-30;9;1879
7;2025-12-30;10;1630
7;2025-12-30;11;1516
7;2025-12-30;12;1657
7;2025-12-30;13;1586
7;2025-12-30;14;1633
7;2025-12-30;15;1759
7;2025-12-30;16;1885
7;2025-12-30;17;2348
7;2025-12-30;18;2625
7;2025-12-30;19;1806
7;2025-12-30;20;1113
7;2025-12-30;21;686
7;2025-12-30;22;333
7;2025-12-30;23;180
7;2025-12-31;0;75
7;2025-12-31;1;17
7;2025-12-31;2;0
7;2025-12-31;3;0
7;2025-12-31;4;0
7;2025-12-31;5;31
7;2025-12-31;6;151
7;2025-12-31;7;298
7;2025-12-31;8;485
7;2025-12-31;9;565
7;2025-12-31;10;659
7;2025-12-31;11;842
7;2025-12-31;12;921
7;2025-12-31;13;983
7;2025-12-31;14;1012
7;2025-12-31;15;970
7;2025-12-31;16;906
7;2025-12-31;17;892
7;2025-12-31;18;830
7;2025-12-31;19;741
7;2025-12-31;20;586
7;2025-12-31;21;404
7;2025-12-31;22;228
7;2025-12-31;23;142
11;2025-11-01;0;83
11;2025-11-01;1;2
11;2025-11-01;2;0
11;2025-11-01;3;0
11;2025-11-01;4;8
11;2025-11-01;5;314
11;2025-11-01;6;1439
11;2025-11-01;7;2457
11;2025-11-01;8;3282
11;2025-11-01;9;2606
11;2025-11-01;10;2149
11;2025-11-01;11;2093
11;2025-11-01;12;2295
11;2025-11-01;13;2362
11;2025-11-01;14;2501
11;2025-11-01;15;2693
11;2025-11-01;16;2893
11;2025-11-01;17;3149
11;2025-11-01;18;2713
11;2025-11-01;19;2188
11;2025-11-01;20;1538
11;2025-11-01;21;957
11;2025-11-01;22;509
11;2025-11-01;23;315
11;2025-11-02;0;94
11;2025-11-02;1;9
11;2025-11-02;2;0
11;2025-11-02;3;0
11;2025-11-02;4;6
11;2025-11-02;5;141
11;2025-11-02;6;521
11;2025-11-02;7;506
11;2025-11-02;8;626
11;2025-11-02;9;856
11;2025-11-02;10;951
11;2025-11-02;11;1388
11;2025-11-02;12;1554
11;2025-11-02;13;1495
11;2025-11-02;14;1569
11;2025-11-02;15;1628
11;2025-11-02;16;1551
11;2025-11-02;17;1563
11;2025-11-02;18;1315
11;2025-11-02;19;1128
11;2025-11-02;20;877
11;2025-11-02;21;666
11;2025-11-02;22;367
11;2025-11-02;23;255
11;2025-11-03;0;79
11;2025-11-03;1;0
11;2025-11-03;2;0
11;2025-11-03;3;0
11;2025-11-03;4;1
11;2025-11-03;5;130
11;2025-11-03;6;492
11;2025-11-03;7;457
11;2025-11-03;8;544
11;2025-11-03;9;731
11;2025-11-03;10;812
11;2025-11-03;11;1198
11;2025-11-03;12;1349
11;2025-11-03;13;1287
11;2025-11-03;14;1372
11;2025-11-03;15;1429
11;2025-11-03;16;1355
11;2025-11-03;17;1366
11;2025-11-03;18;1146
11;2025-11-03;19;1011
11;2025-11-03;20;793
11;2025-11-03;21;618
11;2025-11-03;22;341
11;2025-11-03;23;232
11;2025-11-04;0;79
11;2025-11-04;1;0
11;2025-11-04;2;0
11;2025-11-04;3;0
11;2025-11-04;4;1
11;2025-11-04;5;130
11;2025-11-04;6;492
11;2025-11-04;7;457
11;2025-11-04;8;544
11;2025-11-04;9;731
11;2025-11-04;10;812
11;2025-11-04;11;1198
11;2025-11-04;12;1349
11;2025-11-04;13;1287
11;2025-11-04;14;1372
11;2025-11-04;15;1429
11;2025-11-04;16;1355
11;2025-11-04;17;1366
11;2025-11-04;18;1146
11;2025-11-04;19;1011
11;2025-11-04;20;793
11;2025-11-04;21;618
11;2025-11-04;22;341
11;2025-11-04;23;232
11;2025-11-05;0;61
11;2025-11-05;1;0
11;2025-11-05;2;0
11;2025-11-05;3;0
11;2025-11-05;4;0
11;2025-11-05;5;295
11;2025-11-05;6;1304
11;2025-11-05;7;2475
11;2025-11-05;8;3263
11;2025-11-05;9;2428
11;2025-11-05;10;1869
11;2025-11-05;11;1903
11;2025-11-05;12;1938
11;2025-11-05;13;2073
11;2025-11-05;14;2028
11;2025-11-05;15;2077
11;2025-11-05;16;2207
11;2025-11-05;17;2871
11;2025-11-05;18;3153
11;2025-11-05;19;2399
11;2025-11-05;20;1567
11;2025-11-05;21;924
11;2025-11-05;22;428
11;2025-11-05;23;235
11;2025-11-06;0;64
11;2025-11-06;1;1
11;2025-11-06;2;0
11;2025-11-06;3;0
11;2025-11-06;4;0
11;2025-11-06;5;307
11;2025-11-06;6;1337
11;2025-11-06;7;2435
11;2025-11-06;8;3219
11;2025-11-06;9;2549
11;2025-11-06;10;2013
11;2025-11-06;11;1879
11;2025-11-06;12;1967
11;2025-11-06;13;2077
11;2025-11-06;14;1982
11;2025-11-06;15;2140
11;2025-11-06;16;2434
11;2025-11-06;17;2883
11;2025-11-06;18;3246
11;2025-11-06;19;2346
11;2025-11-06;20;1505
11;2025-11-06;21;953
11;2025-11-06;22;463
11;2025-11-06;23;233
11;2025-11-07;0;73
11;2025-11-07;1;1
11;2025-11-07;2;0
11;2025-11-07;3;0
11;2025-11-07;4;3
11;2025-11-07;5;295
11;2025-11-07;6;1345
11;2025-11-07;7;2344
11;2025-11-07;8;3158
11;2025-11-07;9;2399
11;2025-11-07;10;1952
11;2025-11-07;11;1926
11;2025-11-07;12;1948
11;2025-11-07;13;2014
11;2025-11-07;14;2129
11;2025-11-07;15;2342
11;2025-11-07;16;2590
11;2025-11-07;17;3040
11;2025-11-07;18;2635
11;2025-11-07;19;2114
11;2025-11-07;20;1431
11;2025-11-07;21;895
11;2025-11-07;22;482
11;2025-11-07;23;290
11;2025-11-08;0;100
11;2025-11-08;1;1
11;2025-11-08;2;0
11;2025-11-08;3;0
11;2025-11-08;4;2
11;2025-11-08;5;194
11;2025-11-08;6;806
11;2025-11-08;7;713
11;2025-11-08;8;1036
11;2025-11-08;9;1165
11;2025-11-08;10;1312
11;2025-11-08;11;1670
11;2025-11-08;12;1902
11;2025-11-08;13;1820
11;2025-11-08;14;1893
11;2025-11-08;15;1798
11;2025-11-08;16;1831
11;2025-11-08;17;1869
11;2025-11-08;18;1651
11;2025-11-08;19;1490
11;2025-11-08;20;1126
11;2025-11-08;21;790
11;2025-11-08;22;442
11;2025-11-08;23;304
11;2025-11-09;0;104
11;2025-11-09;1;9
11;2025-11-09;2;0
11;2025-11-09;3;0
11;2025-11-09;4;2
11;2025-11-09;5;128
11;2025-11-09;6;510
11;2025-11-09;7;504
11;2025-11-09;8;641
11;2025-11-09;9;891
11;2025-11-09;10;981
11;2025-11-09;11;1414
11;2025-11-09;12;1585
11;2025-11-09;13;1523
11;2025-11-09;14;1582
11;2025-11-09;15;1663
11;2025-11-09;16;1562
11;2025-11-09;17;1600
11;2025-11-09;18;1327
11;2025-11-09;19;1120
11;2025-11-09;20;869
11;2025-11-09;21;663
11;2025-11-09;22;363
11;2025-11-09;23;253
11;2025-11-10;0;74
11;2025-11-10;1;3
11;2025-11-10;2;0
11;2025-11-10;3;0
11;2025-11-10;4;0
11;2025-11-10;5;300
11;2025-11-10;6;1353
11;2025-11-10;7;2400
11;2025-11-10;8;3177
11;2025-11-10;9;2419
11;2025-11-10;10;1823
11;2025-11-10;11;1856
11;2025-11-10;12;1751
11;2025-11-10;13;1928
11;2025-11-10;14;1924
11;2025-11-10;15;2031
11;2025-11-10;16;2289
11;2025-11-10;17;2853
11;2025-11-10;18;3173
11;2025-11-10;19;2388
11;2025-11-10;20;1503
11;2025-11-10;21;845
11;2025-11-10;22;425
11;2025-11-10;23;196
11;2025-11-11;0;60
11;2025-11-11;1;1
11;2025-11-11;2;0
11;2025-11-11;3;0
11;2025-11-11;4;0
11;2025-11-11;5;286
11;2025-11-11;6;1375
11;2025-11-11;7;2457
11;2025-11-11;8;3266
11;2025-11-11;9;2504
11;2025-11-11;10;1885
11;2025-11-11;11;1843
11;2025-11-11;12;1835
11;2025-11-11;13;2051
11;2025-11-11;14;2048
11;2025-11-11;15;2133
11;2025-11-11;16;2322
11;2025-11-11;17;2911
11;2025-11-11;18;3175
11;2025-11-11;19;2319
11;2025-11-11;20;1475
11;2025-11-11;21;886
11;2025-11-11;22;441
11;2025-11-11;23;202
11;2025-11-12;0;61
11;2025-11-12;1;0
11;2025-11-12;2;0
11;2025-11-12;3;0
11;2025-11-12;4;0
11;2025-11-12;5;295
11;2025-11-12;6;1304
11;2025-11-12;7;2475
11;2025-11-12;8;3263
11;2025-11-12;9;2428
11;2025-11-12;10;1869
11;2025-11-12;11;1903
11;2025-11-12;12;1938
11;2025-11-12;13;2073
11;2025-11-12;14;2028
11;2025-11-12;15;2077
11;2025-11-12;16;2207
11;2025-11-12;17;2871
11;2025-11-12;18;3153
11;2025-11-12;19;2399
11;2025-11-12;20;1567
11;2025-11-12;21;924
11;2025-11-12;22;428
11;2025-11-12;23;235
11;2025-11-13;0;64
11;2025-11-13;1;1
11;2025-11-13;2;0
11;2025-11-13;3;0
11;2025-11-13;4;0
11;2025-11-13;5;307
11;2025-11-13;6;1337
11;2025-11-13;7;2435
11;2025-11-13;8;3219
11;2025-11-13;9;2549
11;2025-11-13;10;2013
11;2025-11-13;11;1879
11;2025-11-13;12;1967
11;2025-11-13;13;2077
11;2025-11-13;14;1982
11;2025-11-13;15;2140
11;2025-11-13;16;2434
11;2025-11-13;17;2883
11;2025-11-13;18;3246
11;2025-11-13;19;2346
11;2025-11-13;20;1505
11;2025-11-13;21;953
11;2025-11-13;22;463
11;2025-11-13;23;233
11;2025-11-14;0;73
11;2025-11-14;1;1
11;2025-11-14;2;0
11;2025-11-14;3;0
11;2025-11-14;4;3
11;2025-11-14;5;295
11;2025-11-14;6;1345
11;2025-11-14;7;2344
11;2025-11-14;8;3158
11;2025-11-14;9;2399
11;2025-11-14;10;1952
11;2025-11-14;11;1926
11;2025-11-14;12;1948
11;2025-11-14;13;2014
11;2025-11-14;14;2129
11;2025-11-14;15;2342
11;2025-11-14;16;2590
11;2025-11-14;17;3040
11;2025-11-14;18;2635
11;2025-11-14;19;2114
11;2025-11-14;20;1431
11;2025-11-14;21;895
11;2025-11-14;22;482
11;2025-11-14;23;290
11;2025-11-15;0;100
11;2025-11-15;1;1
11;2025-11-15;2;0
11;2025-11-15;3;0
11;2025-11-15;4;2
11;2025-11-15;5;194
11;2025-11-15;6;806
11;2025-11-15;7;713
11;2025-11-15;8;1036
11;2025-11-15;9;1165
11;2025-11-15;10;1312
11;2025-11-15;11;1670
11;2025-11-15;12;1902
11;2025-11-15;13;1820
11;2025-11-15;14;1893
11;2025-11-15;15;1798
11;2025-11-15;16;1831
11;2025-11-15;17;1869
11;2025-11-15;18;1651
11;2025-11-15;19;1490
11;2025-11-15;20;1126
11;2025-11-15;21;790
11;2025-11-15;22;442
11;2025-11-15;23;304
11;2025-11-16;0;104
11;2025-11-16;1;9
11;2025-11-16;2;0
11;2025-11-16;3;0
11;2025-11-16;4;2
11;2025-11-16;5;128
11;2025-11-16;6;510
11;2025-11-16;7;504
11;2025-11-16;8;641
11;2025-11-16;9;891
11;2025-11-16;10;981
11;2025-11-16;11;1414
11;2025-11-16;12;1585
11;2025-11-16;13;1523
11;2025-11-16;14;1582
11;2025-11-16;15;1663
11;2025-11-16;16;1562
11;2025-11-16;17;1600
11;2025-11-16;18;1327
11;2025-11-16;19;1120
11;2025-11-16;20;869
11;2025-11-16;21;663
11;2025-11-16;22;363
11;2025-11-16;23;253
11;2025-11-17;0;74
11;2025-11-17;1;3
11;2025-11-17;2;0
11;2025-11-17;3;0
11;2025-11-17;4;0
11;2025-11-17;5;300
11;2025-11-17;6;1353
11;2025-11-17;7;2400
11;2025-11-17;8;3177
11;2025-11-17;9;2419
11;2025-11-17;10;1823
11;2025-11-17;11;1856
11;2025-11-17;12;1751
11;2025-11-17;13;1928
11;2025-11-17;14;1924
11;2025-11-17;15;2031
11;2025-11-17;16;2289
11;2025-11-17;17;2853
11;2025-11-17;18;3173
11;2025-11-17;19;2388
11;2025-11-17;20;1503
11;2025-11-17;21;845
11;2025-11-17;22;425
11;2025-11-17;23;196
11;2025-11-18;0;60
11;2025-11-18;1;1
11;2025-11-18;2;0
11;2025-11-18;3;0
11;2025-11-18;4;0
11;2025-11-18;5;286
11;2025-11-18;6;1375
11;2025-11-18;7;2457
11;2025-11-18;8;3266
11;2025-11-18;9;2504
11;2025-11-18;10;1885
11;2025-11-18;11;1843
11;2025-11-18;12;1835
11;2025-11-18;13;2051
11;2025-11-18;14;2048
11;2025-11-18;15;2133
11;2025-11-18;16;2322
11;2025-11-18;17;2911
11;2025-11-18;18;3175
11;2025-11-18;19;2319
11;2025-11-18;20;1475
11;2025-11-18;21;886
11;2025-11-18;22;441
11;2025-11-18;23;202
11;2025-11-19;0;61
11;2025-11-19;1;0
11;2025-11-19;2;0
11;2025-11-19;3;0
11;2025-11-19;4;0
11;2025-11-19;5;295
11;2025-11-19;6;1304
11;2025-11-19;7;2475
11;2025-11-19;8;3263
11;2025-11-19;9;2428
11;2025-11-19;10;1869
11;2025-11-19;11;1903
11;2025-11-19;12;1938
11;2025-11-19;13;2073
11;2025-11-19;14;2028
11;2025-11-19;15;2077
11;2025-11-19;16;2207
11;2025-11-19;17;2871
11;2025-11-19;18;3153
11;2025-11-19;19;2399
11;2025-11-19;20;1567
11;2025-11-19;21;924
11;2025-11-19;22;428
11;2025-11-19;23;235
11;2025-11-20;0;64
11;2025-11-20;1;1
11;2025-11-20;2;0
11;2025-11-20;3;0
11;2025-11-20;4;0
11;2025-11-20;5;307
11;2025-11-20;6;1337
11;2025-11-20;7;2435
11;2025-11-20;8;3219
11;2025-11-20;9;2549
11;2025-11-20;10;2013
11;2025-11-20;11;1879
11;2025-11-20;12;1967
11;2025-11-20;13;2077
11;2025-11-20;14;1982
11;2025-11-20;15;2140
11;2025-11-20;16;2434
11;2025-11-20;17;2883
11;2025-11-20;18;3246
11;2025-11-20;19;2346
11;2025-11-20;20;1505
11;2025-11-20;21;953
11;2025-11-20;22;463
11;2025-11-20;23;233
11;2025-11-21;0;73
11;2025-11-21;1;1
11;2025-11-21;2;0
11;2025-11-21;3;0
11;2025-11-21;4;3
11;2025-11-21;5;295
11;2025-11-21;6;1345
11;2025-11-21;7;2344
11;2025-11-21;8;3158
11;2025-11-21;9;2399
11;2025-11-21;10;1952
11;2025-11-21;11;1926
11;2025-11-21;12;1948
11;2025-11-21;13;2014
11;2025-11-21;14;2129
11;2025-11-21;15;2342
11;2025-11-21;16;2590
11;2025-11-21;17;3040
11;2025-11-21;18;2635
11;2025-11-21;19;2114
11;2025-11-21;20;1431
11;2025-11-21;21;895
11;2025-11-21;22;482
11;2025-11-21;23;290
11;2025-11-22;0;100
11;2025-11-22;1;1
11;2025-11-22;2;0
11;2025-11-22;3;0
11;2025-11-22;4;2
11;2025-11-22;5;194
11;2025-11-22;6;806
11;2025-11-22;7;713
11;2025-11-22;8;1036
11;2025-11-22;9;1165
11;2025-11-22;10;1312
11;2025-11-22;11;1670
11;2025-11-22;12;1902
11;2025-11-22;13;1820
11;2025-11-22;14;1893
11;2025-11-22;15;1798
11;2025-11-22;16;1831
11;2025-11-22;17;1869
11;2025-11-22;18;1651
11;2025-11-22;19;1490
11;2025-11-22;20;1126
11;2025-11-22;21;790
11;2025-11-22;22;442
11;2025-11-22;23;304
11;2025-11-23;0;104
11;2025-11-23;1;9
11;2025-11-23;2;0
11;2025-11-23;3;0
11;2025-11-23;4;2
11;2025-11-23;5;128
11;2025-11-23;6;510
11;2025-11-23;7;504
11;2025-11-23;8;641
11;2025-11-23;9;891
11;2025-11-23;10;981
11;2025-11-23;11;1414
11;2025-11-23;12;1585
11;2025-11-23;13;1523
11;2025-11-23;14;1582
11;2025-11-23;15;1663
11;2025-11-23;16;1562
11;2025-11-23;17;1600
11;2025-11-23;18;1327
11;2025-11-23;19;1120
11;2025-11-23;20;869
11;2025-11-23;21;663
11;2025-11-23;22;363
11;2025-11-23;23;253
11;2025-11-24;0;74
11;2025-11-24;1;3
11;2025-11-24;2;0
11;2025-11-24;3;0
11;2025-11-24;4;0
11;2025-11-24;5;300
11;2025-11-24;6;1353
11;2025-11-24;7;2400
11;2025-11-24;8;3177
11;2025-11-24;9;2419
11;2025-11-24;10;1823
11;2025-11-24;11;1856
11;2025-11-24;12;1751
11;2025-11-24;13;1928
11;2025-11-24;14;1924
11;2025-11-24;15;2031
11;2025-11-24;16;2289
11;2025-11-24;17;2853
11;2025-11-24;18;3173
11;2025-11-24;19;2388
11;2025-11-24;20;1503
11;2025-11-24;21;845
11;2025-11-24;22;425
11;2025-11-24;23;196
11;2025-11-25;0;60
11;2025-11-25;1;1
11;2025-11-25;2;0
11;2025-11-25;3;0
11;2025-11-25;4;0
11;2025-11-25;5;286
11;2025-11-25;6;1375
11;2025-11-25;7;2457
11;2025-11-25;8;3266
11;2025-11-25;9;2504
11;2025-11-25;10;1885
11;2025-11-25;11;1843
11;2025-11-25;12;1835
11;2025-11-25;13;2051
11;2025-11-25;14;2048
11;2025-11-25;15;2133
11;2025-11-25;16;2322
11;2025-11-25;17;2911
11;2025-11-25;18;3175
11;2025-11-25;19;2319
11;2025-11-25;20;1475
11;2025-11-25;21;886
11;2025-11-25;22;441
11;2025-11-25;23;202
11;2025-11-26;0;61
11;2025-11-26;1;0
11;2025-11-26;2;0
11;2025-11-26;3;0
11;2025-11-26;4;0
11;2025-11-26;5;295
11;2025-11-26;6;1304
11;2025-11-26;7;2475
11;2025-11-26;8;3263
11;2025-11-26;9;2428
11;2025-11-26;10;1869
11;2025-11-26;11;1903
11;2025-11-26;12;1938
11;2025-11-26;13;2073
11;2025-11-26;14;2028
11;2025-11-26;15;2077
11;2025-11-26;16;2207
11;2025-11-26;17;2871
11;2025-11-26;18;3153
11;2025-11-26;19;2399
11;2025-11-26;20;1567
11;2025-11-26;21;924
11;2025-11-26;22;428
11;2025-11-26;23;235
11;2025-11-27;0;64
11;2025-11-27;1;1
11;2025-11-27;2;0
11;2025-11-27;3;0
11;2025-11-27;4;0
11;2025-11-27;5;307
11;2025-11-27;6;1337
11;2025-11-27;7;2435
11;2025-11-27;8;3219
11;2025-11-27;9;2549
11;2025-11-27;10;2013
11;2025-11-27;11;1879
11;2025-11-27;12;1967
11;2025-11-27;13;2077
11;2025-11-27;14;1982
11;2025-11-27;15;2140
11;2025-11-27;16;2434
11;2025-11-27;17;2883
11;2025-11-27;18;3246
11;2025-11-27;19;2346
11;2025-11-27;20;1505
11;2025-11-27;21;953
11;2025-11-27;22;463
11;2025-11-27;23;233
11;2025-11-28;0;73
11;2025-11-28;1;1
11;2025-11-28;2;0
11;2025-11-28;3;0
11;2025-11-28;4;3
11;2025-11-28;5;295
11;2025-11-28;6;1345
11;2025-11-28;7;2344
11;2025-11-28;8;3158
11;2025-11-28;9;2399
11;2025-11-28;10;1952
11;2025-11-28;11;1926
11;2025-11-28;12;1948
11;2025-11-28;13;2014
11;2025-11-28;14;2129
11;2025-11-28;15;2342
11;2025-11-28;16;2590
11;2025-11-28;17;3040
11;2025-11-28;18;2635
11;2025-11-28;19;2114
11;2025-11-28;20;1431
11;2025-11-28;21;895
11;2025-11-28;22;482
11;2025-11-28;23;290
11;2025-11-29;0;100
11;2025-11-29;1;1
11;2025-11-29;2;0
11;2025-11-29;3;0
11;2025-11-29;4;2
11;2025-11-29;5;194
11;2025-11-29;6;806
11;2025-11-29;7;713
11;2025-11-29;8;1036
11;2025-11-29;9;1165
11;2025-11-29;10;1312
11;2025-11-29;11;1670
11;2025-11-29;12;1902
11;2025-11-29;13;1820
11;2025-11-29;14;1893
11;2025-11-29;15;1798
11;2025-11-29;16;1831
11;2025-11-29;17;1869
11;2025-11-29;18;1651
11;2025-11-29;19;1490
11;2025-11-29;20;1126
11;2025-11-29;21;790
11;2025-11-29;22;442
11;2025-11-29;23;304
11;2025-11-30;0;104
11;2025-11-30;1;9
11;2025-11-30;2;0
11;2025-11-30;3;0
11;2025-11-30;4;2
11;2025-11-30;5;128
11;2025-11-30;6;510
11;2025-11-30;7;504
11;2025-11-30;8;641
11;2025-11-30;9;891
11;2025-11-30;10;981
11;2025-11-30;11;1414
11;2025-11-30;12;1585
11;2025-11-30;13;1523
11;2025-11-30;14;1582
11;2025-11-30;15;1663
11;2025-11-30;16;1562
11;2025-11-30;17;1600
11;2025-11-30;18;1327
11;2025-11-30;19;1120
11;2025-11-30;20;869
11;2025-11-30;21;663
11;2025-11-30;22;363
11;2025-11-30;23;253
11;2025-12-01;0;74
11;2025-12-01;1;3
11;2025-12-01;2;0
11;2025-12-01;3;0
11;2025-12-01;4;0
11;2025-12-01;5;300
11;2025-12-01;6;1353
11;2025-12-01;7;2400
11;2025-12-01;8;3177
11;2025-12-01;9;2419
11;2025-12-01;10;1823
11;2025-12-01;11;1856
11;2025-12-01;12;1751
11;2025-12-01;13;1928
11;2025-12-01;14;1924
11;2025-12-01;15;2031
11;2025-12-01;16;2289
11;2025-12-01;17;2853
11;2025-12-01;18;3173
11;2025-12-01;19;2388
11;2025-12-01;20;1503
11;2025-12-01;21;845
11;2025-12-01;22;425
11;2025-12-01;23;196
11;2025-12-02;0;60
11;2025-12-02;1;1
11;2025-12-02;2;0
11;2025-12-02;3;0
11;2025-12-02;4;0
11;2025-12-02;5;286
11;2025-12-02;6;1375
11;2025-12-02;7;2457
11;2025-12-02;8;3266
11;2025-12-02;9;2504
11;2025-12-02;10;1885
11;2025-12-02;11;1843
11;2025-12-02;12;1835
11;2025-12-02;13;2051
11;2025-12-02;14;2048
11;2025-12-02;15;2133
11;2025-12-02;16;2322
11;2025-12-02;17;2911
11;2025-12-02;18;3175
11;2025-12-02;19;2319
11;2025-12-02;20;1475
11;2025-12-02;21;886
11;2025-12-02;22;441
11;2025-12-02;23;202
11;2025-12-03;0;61
11;2025-12-03;1;0
11;2025-12-03;2;0
11;2025-12-03;3;0
11;2025-12-03;4;0
11;2025-12-03;5;295
11;2025-12-03;6;1304
11;2025-12-03;7;2475
11;2025-12-03;8;3263
11;2025-12-03;9;2428
11;2025-12-03;10;1869
11;2025-12-03;11;1903
11;2025-12-03;12;1938
11;2025-12-03;13;2073
11;2025-12-03;14;2028
11;2025-12-03;15;2077
11;2025-12-03;16;2207
11;2025-12-03;17;2871
11;2025-12-03;18;3153
11;2025-12-03;19;2399
11;2025-12-03;20;1567
11;2025-12-03;21;924
11;2025-12-03;22;428
11;2025-12-03;23;235
11;2025-12-04;0;64
11;2025-12-04;1;1
11;2025-12-04;2;0
11;2025-12-04;3;0
11;2025-12-04;4;0
11;2025-12-04;5;307
11;2025-12-04;6;1337
11;2025-12-04;7;2435
11;2025-12-04;8;3219
11;2025-12-04;9;2549
11;2025-12-04;10;2013
11;2025-12-04;11;1879
11;2025-12-04;12;1967
11;2025-12-04;13;2077
11;2025-12-04;14;1982
11;2025-12-04;15;2140
11;2025-12-04;16;2434
11;2025-12-04;17;2883
11;2025-12-04;18;3246
11;2025-12-04;19;2346
11;2025-12-04;20;1505
11;2025-12-04;21;953
11;2025-12-04;22;463
11;2025-12-04;23;233
11;2025-12-05;0;73
11;2025-12-05;1;1
11;2025-12-05;2;0
11;2025-12-05;3;0
11;2025-12-05;4;3
11;2025-12-05;5;295
11;2025-12-05;6;1345
11;2025-12-05;7;2344
11;2025-12-05;8;3158
11;2025-12-05;9;2399
11;2025-12-05;10;1952
11;2025-12-05;11;1926
11;2025-12-05;12;1948
11;2025-12-05;13;2014
11;2025-12-05;14;2129
11;2025-12-05;15;2342
11;2025-12-05;16;2590
11;2025-12-05;17;3040
11;2025-12-05;18;2635
11;2025-12-05;19;2114
11;2025-12-05;20;1431
11;2025-12-05;21;895
11;2025-12-05;22;482
11;2025-12-05;23;290
11;2025-12-06;0;100
11;2025-12-06;1;1
11;2025-12-06;2;0
11;2025-12-06;3;0
11;2025-12-06;4;2
11;2025-12-06;5;194
11;2025-12-06;6;806
11;2025-12-06;7;713
11;2025-12-06;8;1036
11;2025-12-06;9;1165
11;2025-12-06;10;1312
11;2025-12-06;11;1670
11;2025-12-06;12;1902
11;2025-12-06;13;1820
11;2025-12-06;14;1893
11;2025-12-06;15;1798
11;2025-12-06;16;1831
11;2025-12-06;17;1869
11;2025-12-06;18;1651
11;2025-12-06;19;1490
11;2025-12-06;20;1126
11;2025-12-06;21;790
11;2025-12-06;22;442
11;2025-12-06;23;304
11;2025-12-07;0;104
11;2025-12-07;1;9
11;2025-12-07;2;0
11;2025-12-07;3;0
11;2025-12-07;4;2
11;2025-12-07;5;128
11;2025-12-07;6;510
11;2025-12-07;7;504
11;2025-12-07;8;641
11;2025-12-07;9;891
11;2025-12-07;10;981
11;2025-12-07;11;1414
11;2025-12-07;12;1585
11;2025-12-07;13;1523
11;2025-12-07;14;1582
11;2025-12-07;15;1663
11;2025-12-07;16;1562
11;2025-12-07;17;1600
11;2025-12-07;18;1327
11;2025-12-07;19;1120
11;2025-12-07;20;869
11;2025-12-07;21;663
11;2025-12-07;22;363
11;2025-12-07;23;253
11;2025-12-08;0;74
11;2025-12-08;1;3
11;2025-12-08;2;0
11;2025-12-08;3;0
11;2025-12-08;4;0
11;2025-12-08;5;300
11;2025-12-08;6;1353
11;2025-12-08;7;2400
11;2025-12-08;8;3177
11;2025-12-08;9;2419
11;2025-12-08;10;1823
11;2025-12-08;11;1856
11;2025-12-08;12;1751
11;2025-12-08;13;1928
11;2025-12-08;14;1924
11;2025-12-08;15;2031
11;2025-12-08;16;2289
11;2025-12-08;17;2853
11;2025-12-08;18;3173
11;2025-12-08;19;2388
11;2025-12-08;20;1503
11;2025-12-08;21;845
11;2025-12-08;22;425
11;2025-12-08;23;196
11;2025-12-09;0;60
11;2025-12-09;1;1
11;2025-12-09;2;0
11;2025-12-09;3;0
11;2025-12-09;4;0
11;2025-12-09;5;286
11;2025-12-09;6;1375
11;2025-12-09;7;2457
11;2025-12-09;8;3266
11;2025-12-09;9;2504
11;2025-12-09;10;1885
11;2025-12-09;11;1843
11;2025-12-09;12;1835
11;2025-12-09;13;2051
11;2025-12-09;14;2048
11;2025-12-09;15;2133
11;2025-12-09;16;2322
11;2025-12-09;17;2911
11;2025-12-09;18;3175
11;2025-12-09;19;2319
11;2025-12-09;20;1475
11;2025-12-09;21;886
11;2025-12-09;22;441
11;2025-12-09;23;202
11;2025-12-10;0;61
11;2025-12-10;1;0
11;2025-12-10;2;0
11;2025-12-10;3;0
11;2025-12-10;4;0
11;2025-12-10;5;295
11;2025-12-10;6;1304
11;2025-12-10;7;2475
11;2025-12-10;8;3263
11;2025-12-10;9;2428
11;2025-12-10;10;1869
11;2025-12-10;11;1903
11;2025-12-10;12;1938
11;2025-12-10;13;2073
11;2025-12-10;14;2028
11;2025-12-10;15;2077
11;2025-12-10;16;2207
11;2025-12-10;17;2871
11;2025-12-10;18;3153
11;2025-12-10;19;2399
11;2025-12-10;20;1567
11;2025-12-10;21;924
11;2025-12-10;22;428
11;2025-12-10;23;235
11;2025-12-11;0;64
11;2025-12-11;1;1
11;2025-12-11;2;0
11;2025-12-11;3;0
11;2025-12-11;4;0
11;2025-12-11;5;307
11;2025-12-11;6;1337
11;2025-12-11;7;2435
11;2025-12-11;8;3219
11;2025-12-11;9;2549
11;2025-12-11;10;2013
11;2025-12-11;11;1879
11;2025-12-11;12;1967
11;2025-12-11;13;2077
11;2025-12-11;14;1982
11;2025-12-11;15;2140
11;2025-12-11;16;2434
11;2025-12-11;17;2883
11;2025-12-11;18;3246
11;2025-12-11;19;2346
11;2025-12-11;20;1505
11;2025-12-11;21;953
11;2025-12-11;22;463
11;2025-12-11;23;233
11;2025-12-12;0;73
11;2025-12-12;1;1
11;2025-12-12;2;0
11;2025-12-12;3;0
11;2025-12-12;4;3
11;2025-12-12;5;295
11;2025-12-12;6;1345
11;2025-12-12;7;2344
11;2025-12-12;8;3158
11;2025-12-12;9;2399
11;2025-12-12;10;1952
11;2025-12-12;11;1926
11;2025-12-12;12;1948
11;2025-12-12;13;2014
11;2025-12-12;14;2129
11;2025-12-12;15;2342
11;2025-12-12;16;2590
11;2025-12-12;17;3040
11;2025-12-12;18;2635
11;2025-12-12;19;2114
11;2025-12-12;20;1431
11;2025-12-12;21;895
11;2025-12-12;22;482
11;2025-12-12;23;290
11;2025-12-13;0;100
11;2025-12-13;1;1
11;2025-12-13;2;0
11;2025-12-13;3;0
11;2025-12-13;4;2
11;2025-12-13;5;194
11;2025-12-13;6;806
11;2025-12-13;7;713
11;2025-12-13;8;1036
11;2025-12-13;9;1165
11;2025-12-13;10;1312
11;2025-12-13;11;1670
11;2025-12-13;12;1902
11;2025-12-13;13;1820
11;2025-12-13;14;1893
11;2025-12-13;15;1798
11;2025-12-13;16;1831
11;2025-12-13;17;1869
11;2025-12-13;18;1651
11;2025-12-13;19;1490
11;2025-12-13;20;1126
11;2025-12-13;21;790
11;2025-12-13;22;442
11;2025-12-13;23;304
11;2025-12-14;0;104
11;2025-12-14;1;9
11;2025-12-14;2;0
11;2025-12-14;3;0
11;2025-12-14;4;2
11;2025-12-14;5;128
11;2025-12-14;6;510
11;2025-12-14;7;504
11;2025-12-14;8;641
11;2025-12-14;9;891
11;2025-12-14;10;981
11;2025-12-14;11;1414
11;2025-12-14;12;1585
11;2025-12-14;13;1523
11;2025-12-14;14;1582
11;2025-12-14;15;1663
11;2025-12-14;16;1562
11;2025-12-14;17;1600
11;2025-12-14;18;1327
11;2025-12-14;19;1120
11;2025-12-14;20;869
11;2025-12-14;21;663
11;2025-12-14;22;363
11;2025-12-14;23;253
11;2025-12-15;0;74
11;2025-12-15;1;3
11;2025-12-15;2;0
11;2025-12-15;3;0
11;2025-12-15;4;0
11;2025-12-15;5;300
11;2025-12-15;6;1353
11;2025-12-15;7;2400
11;2025-12-15;8;3177
11;2025-12-15;9;2419
11;2025-12-15;10;1823
11;2025-12-15;11;1856
11;2025-12-15;12;1751
11;2025-12-15;13;1928
11;2025-12-15;14;1924
11;2025-12-15;15;2031
11;2025-12-15;16;2289
11;2025-12-15;17;2853
11;2025-12-15;18;3173
11;2025-12-15;19;2388
11;2025-12-15;20;1503
11;2025-12-15;21;845
11;2025-12-15;22;425
11;2025-12-15;23;196
11;2025-12-16;0;60
11;2025-12-16;1;1
11;2025-12-16;2;0
11;2025-12-16;3;0
11;2025-12-16;4;0
11;2025-12-16;5;286
11;2025-12-16;6;1375
11;2025-12-16;7;2457
11;2025-12-16;8;3266
11;2025-12-16;9;2504
11;2025-12-16;10;1885
11;2025-12-16;11;1843
11;2025-12-16;12;1835
11;2025-12-16;13;2051
11;2025-12-16;14;2048
11;2025-12-16;15;2133
11;2025-12-16;16;2322
11;2025-12-16;17;2911
11;2025-12-16;18;3175
11;2025-12-16;19;2319
11;2025-12-16;20;1475
11;2025-12-16;21;886
11;2025-12-16;22;441
11;2025-12-16;23;202
11;2025-12-17;0;61
11;2025-12-17;1;0
11;2025-12-17;2;0
11;2025-12-17;3;0
11;2025-12-17;4;0
11;2025-12-17;5;295
11;2025-12-17;6;1304
11;2025-12-17;7;2475
11;2025-12-17;8;3263
11;2025-12-17;9;2428
11;2025-12-17;10;1869
11;2025-12-17;11;1903
11;2025-12-17;12;1938
11;2025-12-17;13;2073
11;2025-12-17;14;2028
11;2025-12-17;15;2077
11;2025-12-17;16;2207
11;2025-12-17;17;2871
11;2025-12-17;18;3153
11;2025-12-17;19;2399
11;2025-12-17;20;1567
11;2025-12-17;21;924
11;2025-12-17;22;428
11;2025-12-17;23;235
11;2025-12-18;0;64
11;2025-12-18;1;1
11;2025-12-18;2;0
11;2025-12-18;3;0
11;2025-12-18;4;0
11;2025-12-18;5;307
11;2025-12-18;6;1337
11;2025-12-18;7;2435
11;2025-12-18;8;3219
11;2025-12-18;9;2549
11;2025-12-18;10;2013
11;2025-12-18;11;1879
11;2025-12-18;12;1967
11;2025-12-18;13;2077
11;2025-12-18;14;1982
11;2025-12-18;15;2140
11;2025-12-18;16;2434
11;2025-12-18;17;2883
11;2025-12-18;18;3246
11;2025-12-18;19;2346
11;2025-12-18;20;1505
11;2025-12-18;21;953
11;2025-12-18;22;463
11;2025-12-18;23;233
11;2025-12-19;0;73
11;2025-12-19;1;1
11;2025-12-19;2;0
11;2025-12-19;3;0
11;2025-12-19;4;3
11;2025-12-19;5;295
11;2025-12-19;6;1345
11;2025-12-19;7;2344
11;2025-12-19;8;3158
11;2025-12-19;9;2399
11;2025-12-19;10;1952
11;2025-12-19;11;1926
11;2025-12-19;12;1948
11;2025-12-19;13;2014
11;2025-12-19;14;2129
11;2025-12-19;15;2342
11;2025-12-19;16;2590
11;2025-12-19;17;3040
11;2025-12-19;18;2635
11;2025-12-19;19;2114
11;2025-12-19;20;1431
11;2025-12-19;21;895
11;2025-12-19;22;482
11;2025-12-19;23;290
11;2025-12-20;0;100
11;2025-12-20;1;1
11;2025-12-20;2;0
11;2025-12-20;3;0
11;2025-12-20;4;2
11;2025-12-20;5;194
11;2025-12-20;6;806
11;2025-12-20;7;713
11;2025-12-20;8;1036
11;2025-12-20;9;1165
11;2025-12-20;10;1312
11;2025-12-20;11;1670
11;2025-12-20;12;1902
11;2025-12-20;13;1820
11;2025-12-20;14;1893
11;2025-12-20;15;1798
11;2025-12-20;16;1831
11;2025-12-20;17;1869
11;2025-12-20;18;1651
11;2025-12-20;19;1490
11;2025-12-20;20;1126
11;2025-12-20;21;790
11;2025-12-20;22;442
11;2025-12-20;23;304
11;2025-12-21;0;104
11;2025-12-21;1;9
11;2025-12-21;2;0
11;2025-12-21;3;0
11;2025-12-21;4;2
11;2025-12-21;5;128
11;2025-12-21;6;510
11;2025-12-21;7;504
11;2025-12-21;8;641
11;2025-12-21;9;891
11;2025-12-21;10;981
11;2025-12-21;11;1414
11;2025-12-21;12;1585
11;2025-12-21;13;1523
11;2025-12-21;14;1582
11;2025-12-21;15;1663
11;2025-12-21;16;1562
11;2025-12-21;17;1600
11;2025-12-21;18;1327
11;2025-12-21;19;1120
11;2025-12-21;20;869
11;2025-12-21;21;663
11;2025-12-21;22;363
11;2025-12-21;23;253
11;2025-12-22;0;74
11;2025-12-22;1;3
11;2025-12-22;2;0
11;2025-12-22;3;0
11;2025-12-22;4;0
11;2025-12-22;5;300
11;2025-12-22;6;1353
11;2025-12-22;7;2400
11;2025-12-22;8;3177
11;2025-12-22;9;2419
11;2025-12-22;10;1823
11;2025-12-22;11;1856
11;2025-12-22;12;1751
11;2025-12-22;13;1928
11;2025-12-22;14;1924
11;2025-12-22;15;2031
11;2025-12-22;16;2289
11;2025-12-22;17;2853
11;2025-12-22;18;3173
11;2025-12-22;19;2388
11;2025-12-22;20;1503
11;2025-12-22;21;845
11;2025-12-22;22;425
11;2025-12-22;23;196
11;2025-12-23;0;60
11;2025-12-23;1;1
11;2025-12-23;2;0
11;2025-12-23;3;0
11;2025-12-23;4;0
11;2025-12-23;5;286
11;2025-12-23;6;1375
11;2025-12-23;7;2457
11;2025-12-23;8;3266
11;2025-12-23;9;2504
11;2025-12-23;10;1885
11;2025-12-23;11;1843
11;2025-12-23;12;1835
11;2025-12-23;13;2051
11;2025-12-23;14;2048
11;2025-12-23;15;2133
11;2025-12-23;16;2322
11;2025-12-23;17;2911
11;2025-12-23;18;3175
11;2025-12-23;19;2319
11;2025-12-23;20;1475
11;2025-12-23;21;886
11;2025-12-23;22;441
11;2025-12-23;23;202
11;2025-12-24;0;61
11;2025-12-24;1;0
11;2025-12-24;2;0
11;2025-12-24;3;0
11;2025-12-24;4;0
11;2025-12-24;5;295
11;2025-12-24;6;1304
11;2025-12-24;7;2475
11;2025-12-24;8;3263
11;2025-12-24;9;2428
11;2025-12-24;10;1869
11;2025-12-24;11;1903
11;2025-12-24;12;1938
11;2025-12-24;13;2073
11;2025-12-24;14;2028
11;2025-12-24;15;2077
11;2025-12-24;16;2207
11;2025-12-24;17;2871
11;2025-12-24;18;3153
11;2025-12-24;19;2399
11;2025-12-24;20;1567
11;2025-12-24;21;924
11;2025-12-24;22;428
11;2025-12-24;23;235
11;2025-12-25;0;64
11;2025-12-25;1;1
11;2025-12-25;2;0
11;2025-12-25;3;0
11;2025-12-25;4;0
11;2025-12-25;5;307
11;2025-12-25;6;1337
11;2025-12-25;7;2435
11;2025-12-25;8;3219
11;2025-12-25;9;2549
11;2025-12-25;10;2013
11;2025-12-25;11;1879
11;2025-12-25;12;1967
11;2025-12-25;13;2077
11;2025-12-25;14;1982
11;2025-12-25;15;2140
11;2025-12-25;16;2434
11;2025-12-25;17;2883
11;2025-12-25;18;3246
11;2025-12-25;19;2346
11;2025-12-25;20;1505
11;2025-12-25;21;953
11;2025-12-25;22;463
11;2025-12-25;23;233
11;2025-12-26;0;73
11;2025-12-26;1;1
11;2025-12-26;2;0
11;2025-12-26;3;0
11;2025-12-26;4;3
11;2025-12-26;5;295
11;2025-12-26;6;1345
11;2025-12-26;7;2344
11;2025-12-26;8;3158
11;2025-12-26;9;2399
11;2025-12-26;10;1952
11;2025-12-26;11;1926
11;2025-12-26;12;1948
11;2025-12-26;13;2014
11;2025-12-26;14;2129
11;2025-12-26;15;2342
11;2025-12-26;16;2590
11;2025-12-26;17;3040
11;2025-12-26;18;2635
11;2025-12-26;19;2114
11;2025-12-26;20;1431
11;2025-12-26;21;895
11;2025-12-26;22;482
11;2025-12-26;23;290
11;2025-12-27;0;100
11;2025-12-27;1;1
11;2025-12-27;2;0
11;2025-12-27;3;0
11;2025-12-27;4;2
11;2025-12-27;5;194
11;2025-12-27;6;806
11;2025-12-27;7;713
11;2025-12-27;8;1036
11;2025-12-27;9;1165
11;2025-12-27;10;1312
11;2025-12-27;11;1670
11;2025-12-27;12;1902
11;2025-12-27;13;1820
11;2025-12-27;14;1893
11;2025-12-27;15;1798
11;2025-12-27;16;1831
11;2025-12-27;17;1869
11;2025-12-27;18;1651
11;2025-12-27;19;1490
11;2025-12-27;20;1126
11;2025-12-27;21;790
11;2025-12-27;22;442
11;2025-12-27;23;304
11;2025-12-28;0;104
11;2025-12-28;1;9
11;2025-12-28;2;0
11;2025-12-28;3;0
11;2025-12-28;4;2
11;2025-12-28;5;128
11;2025-12-28;6;510
11;2025-12-28;7;504
11;2025-12-28;8;641
11;2025-12-28;9;891
11;2025-12-28;10;981
11;2025-12-28;11;1414
11;2025-12-28;12;1585
11;2025-12-28;13;1523
11;2025-12-28;14;1582
11;2025-12-28;15;1663
11;2025-12-28;16;1562
11;2025-12-28;17;1600
11;2025-12-28;18;1327
11;2025-12-28;19;1120
11;2025-12-28;20;869
11;2025-12-28;21;663
11;2025-12-28;22;363
11;2025-12-28;23;253
11;2025-12-29;0;74
11;2025-12-29;1;3
11;2025-12-29;2;0
11;2025-12-29;3;0
11;2025-12-29;4;0
11;2025-12-29;5;300
11;2025-12-29;6;1353
11;2025-12-29;7;2400
11;2025-12-29;8;3177
11;2025-12-29;9;2419
11;2025-12-29;10;1823
11;2025-12-29;11;1856
11;2025-12-29;12;1751
11;2025-12-29;13;1928
11;2025-12-29;14;1924
11;2025-12-29;15;2031
11;2025-12-29;16;2289
11;2025-12-29;17;2853
11;2025-12-29;18;3173
11;2025-12-29;19;2388
11;2025-12-29;20;1503
11;2025-12-29;21;845
11;2025-12-29;22;425
11;2025-12-29;23;196
11;2025-12-30;0;60
11;2025-12-30;1;1
11;2025-12-30;2;0
11;2025-12-30;3;0
11;2025-12-30;4;0
11;2025-12-30;5;286
11;2025-12-30;6;1375
11;2025-12-30;7;2457
11;2025-12-30;8;3266
11;2025-12-30;9;2504
11;2025-12-30;10;1885
11;2025-12-30;11;1843
11;2025-12-30;12;1835
11;2025-12-30;13;2051
11;2025-12-30;14;2048
11;2025-12-30;15;2133
11;2025-12-30;16;2322
11;2025-12-30;17;2911
11;2025-12-30;18;3175
11;2025-12-30;19;2319
11;2025-12-30;20;1475
11;2025-12-30;21;886
11;2025-12-30;22;441
11;2025-12-30;23;202
11;2025-12-31;0;79
11;2025-12-31;1;0
11;2025-12-31;2;0
11;2025-12-31;3;0
11;2025-12-31;4;1
11;2025-12-31;5;130
11;2025-12-31;6;492
11;2025-12-31;7;457
11;2025-12-31;8;544
11;2025-12-31;9;731
11;2025-12-31;10;812
11;2025-12-31;11;1198
11;2025-12-31;12;1349
11;2025-12-31;13;1287
11;2025-12-31;14;1372
11;2025-12-31;15;1429
11;2025-12-31;16;1355
11;2025-12-31;17;1366
11;2025-12-31;18;1146
11;2025-12-31;19;1011
11;2025-12-31;20;793
11;2025-12-31;21;618
11;2025-12-31;22;341
11;2025-12-31;23;232
12;2025-11-01;0;63
12;2025-11-01;1;5
12;2025-11-01;2;0
12;2025-11-01;3;0
12;2025-11-01;4;6
12;2025-11-01;5;341
12;2025-11-01;6;1487
12;2025-11-01;7;2829
12;2025-11-01;8;3732
12;2025-11-01;9;2583
12;2025-11-01;10;2114
12;2025-11-01;11;2202
12;2025-11-01;12;2455
12;2025-11-01;13;2442
12;2025-11-01;14;2553
12;2025-11-01;15;2859
12;2025-11-01;16;3452
12;2025-11-01;17;3174
12;2025-11-01;18;2749
12;2025-11-01;19;2394
12;2025-11-01;20;1609
12;2025-11-01;21;1050
12;2025-11-01;22;571
12;2025-11-01;23;329
12;2025-11-02;0;83
12;2025-11-02;1;8
12;2025-11-02;2;0
12;2025-11-02;3;0
12;2025-11-02;4;1
12;2025-11-02;5;160
12;2025-11-02;6;526
12;2025-11-02;7;631
12;2025-11-02;8;701
12;2025-11-02;9;906
12;2025-11-02;10;1091
12;2025-11-02;11;1261
12;2025-11-02;12;1321
12;2025-11-02;13;1564
12;2025-11-02;14;1470
12;2025-11-02;15;1345
12;2025-11-02;16;1441
12;2025-11-02;17;1420
12;2025-11-02;18;1271
12;2025-11-02;19;1042
12;2025-11-02;20;758
12;2025-11-02;21;594
12;2025-11-02;22;373
12;2025-11-02;23;206
12;2025-11-03;0;67
12;2025-11-03;1;4
12;2025-11-03;2;0
12;2025-11-03;3;0
12;2025-11-03;4;0
12;2025-11-03;5;141
12;2025-11-03;6;482
12;2025-11-03;7;566
12;2025-11-03;8;612
12;2025-11-03;9;772
12;2025-11-03;10;926
12;2025-11-03;11;1096
12;2025-11-03;12;1131
12;2025-11-03;13;1353
12;2025-11-03;14;1288
12;2025-11-03;15;1157
12;2025-11-03;16;1258
12;2025-11-03;17;1234
12;2025-11-03;18;1097
12;2025-11-03;19;929
12;2025-11-03;20;672
12;2025-11-03;21;555
12;2025-11-03;22;353
12;2025-11-03;23;192
12;2025-11-04;0;67
12;2025-11-04;1;4
12;2025-11-04;2;0
12;2025-11-04;3;0
12;2025-11-04;4;0
12;2025-11-04;5;141
12;2025-11-04;6;482
12;2025-11-04;7;566
12;2025-11-04;8;612
12;2025-11-04;9;772
12;2025-11-04;10;926
12;2025-11-04;11;1096
12;2025-11-04;12;1131
12;2025-11-04;13;1353
12;2025-11-04;14;1288
12;2025-11-04;15;1157
12;2025-11-04;16;1258
12;2025-11-04;17;1234
12;2025-11-04;18;1097
12;2025-11-04;19;929
12;2025-11-04;20;672
12;2025-11-04;21;555
12;2025-11-04;22;353
12;2025-11-04;23;192
12;2025-11-05;0;55
12;2025-11-05;1;2
12;2025-11-05;2;0
12;2025-11-05;3;0
12;2025-11-05;4;6
12;2025-11-05;5;346
12;2025-11-05;6;1487
12;2025-11-05;7;2758
12;2025-11-05;8;3609
12;2025-11-05;9;2636
12;2025-11-05;10;2118
12;2025-11-05;11;2111
12;2025-11-05;12;2132
12;2025-11-05;13;2113
12;2025-11-05;14;2096
12;2025-11-05;15;2349
12;2025-11-05;16;2808
12;2025-11-05;17;3119
12;2025-11-05;18;3260
12;2025-11-05;19;2552
12;2025-11-05;20;1512
12;2025-11-05;21;971
12;2025-11-05;22;498
12;2025-11-05;23;260
12;2025-11-06;0;49
12;2025-11-06;1;3
12;2025-11-06;2;0
12;2025-11-06;3;0
12;2025-11-06;4;6
12;2025-11-06;5;331
12;2025-11-06;6;1376
12;2025-11-06;7;2822
12;2025-11-06;8;3711
12;2025-11-06;9;2503
12;2025-11-06;10;2090
12;2025-11-06;11;2141
12;2025-11-06;12;2173
12;2025-11-06;13;2101
12;2025-11-06;14;2108
12;2025-11-06;15;2349
12;2025-11-06;16;2817
12;2025-11-06;17;3198
12;2025-11-06;18;3343
12;2025-11-06;19;2628
12;2025-11-06;20;1618
12;2025-11-06;21;936
12;2025-11-06;22;494
12;2025-11-06;23;264
12;2025-11-07;0;56
12;2025-11-07;1;3
12;2025-11-07;2;0
12;2025-11-07;3;0
12;2025-11-07;4;5
12;2025-11-07;5;319
12;2025-11-07;6;1395
12;2025-11-07;7;2755
12;2025-11-07;8;3620
12;2025-11-07;9;2402
12;2025-11-07;10;1961
12;2025-11-07;11;2069
12;2025-11-07;12;2095
12;2025-11-07;13;2079
12;2025-11-07;14;2155
12;2025-11-07;15;2479
12;2025-11-07;16;3162
12;2025-11-07;17;3075
12;2025-11-07;18;2690
12;2025-11-07;19;2318
12;2025-11-07;20;1508
12;2025-11-07;21;979
12;2025-11-07;22;531
12;2025-11-07;23;298
12;2025-11-08;0;84
12;2025-11-08;1;3
12;2025-11-08;2;0
12;2025-11-08;3;0
12;2025-11-08;4;2
12;2025-11-08;5;234
12;2025-11-08;6;847
12;2025-11-08;7;910
12;2025-11-08;8;1008
12;2025-11-08;9;1203
12;2025-11-08;10;1453
12;2025-11-08;11;1490
12;2025-11-08;12;1496
12;2025-11-08;13;1737
12;2025-11-08;14;1659
12;2025-11-08;15;1530
12;2025-11-08;16;1611
12;2025-11-08;17;1557
12;2025-11-08;18;1469
12;2025-11-08;19;1414
12;2025-11-08;20;967
12;2025-11-08;21;698
12;2025-11-08;22;409
12;2025-11-08;23;289
12;2025-11-09;0;86
12;2025-11-09;1;7
12;2025-11-09;2;0
12;2025-11-09;3;0
12;2025-11-09;4;2
12;2025-11-09;5;159
12;2025-11-09;6;522
12;2025-11-09;7;634
12;2025-11-09;8;716
12;2025-11-09;9;925
12;2025-11-09;10;1120
12;2025-11-09;11;1281
12;2025-11-09;12;1341
12;2025-11-09;13;1565
12;2025-11-09;14;1468
12;2025-11-09;15;1364
12;2025-11-09;16;1454
12;2025-11-09;17;1445
12;2025-11-09;18;1284
12;2025-11-09;19;1036
12;2025-11-09;20;764
12;2025-11-09;21;598
12;2025-11-09;22;378
12;2025-11-09;23;206
12;2025-11-10;0;63
12;2025-11-10;1;4
12;2025-11-10;2;0
12;2025-11-10;3;0
12;2025-11-10;4;5
12;2025-11-10;5;335
12;2025-11-10;6;1373
12;2025-11-10;7;2736
12;2025-11-10;8;3551
12;2025-11-10;9;2470
12;2025-11-10;10;1961
12;2025-11-10;11;1859
12;2025-11-10;12;2011
12;2025-11-10;13;2001
12;2025-11-10;14;1964
12;2025-11-10;15;2231
12;2025-11-10;16;2699
12;2025-11-10;17;3016
12;2025-11-10;18;3261
12;2025-11-10;19;2446
12;2025-11-10;20;1542
12;2025-11-10;21;912
12;2025-11-10;22;443
12;2025-11-10;23;226
12;2025-11-11;0;49
12;2025-11-11;1;1
12;2025-11-11;2;0
12;2025-11-11;3;0
12;2025-11-11;4;5
12;2025-11-11;5;338
12;2025-11-11;6;1424
12;2025-11-11;7;2822
12;2025-11-11;8;3774
12;2025-11-11;9;2555
12;2025-11-11;10;2139
12;2025-11-11;11;2108
12;2025-11-11;12;2076
12;2025-11-11;13;2114
12;2025-11-11;14;2107
12;2025-11-11;15;2264
12;2025-11-11;16;2821
12;2025-11-11;17;3150
12;2025-11-11;18;3299
12;2025-11-11;19;2594
12;2025-11-11;20;1541
12;2025-11-11;21;921
12;2025-11-11;22;487
12;2025-11-11;23;235
12;2025-11-12;0;55
12;2025-11-12;1;2
12;2025-11-12;2;0
12;2025-11-12;3;0
12;2025-11-12;4;6
12;2025-11-12;5;346
12;2025-11-12;6;1487
12;2025-11-12;7;2758
12;2025-11-12;8;3609
12;2025-11-12;9;2636
12;2025-11-12;10;2118
12;2025-11-12;11;2111
12;2025-11-12;12;2132
12;2025-11-12;13;2113
12;2025-11-12;14;2096
12;2025-11-12;15;2349
12;2025-11-12;16;2808
12;2025-11-12;17;3119
12;2025-11-12;18;3260
12;2025-11-12;19;2552
12;2025-11-12;20;1512
12;2025-11-12;21;971
12;2025-11-12;22;498
12;2025-11-12;23;260
12;2025-11-13;0;49
12;2025-11-13;1;3
12;2025-11-13;2;0
12;2025-11-13;3;0
12;2025-11-13;4;6
12;2025-11-13;5;331
12;2025-11-13;6;1376
12;2025-11-13;7;2822
12;2025-11-13;8;3711
12;2025-11-13;9;2503
12;2025-11-13;10;2090
12;2025-11-13;11;2141
12;2025-11-13;12;2173
12;2025-11-13;13;2101
12;2025-11-13;14;2108
12;2025-11-13;15;2349
12;2025-11-13;16;2817
12;2025-11-13;17;3198
12;2025-11-13;18;3343
12;2025-11-13;19;2628
12;2025-11-13;20;1618
12;2025-11-13;21;936
12;2025-11-13;22;494
12;2025-11-13;23;264
12;2025-11-14;0;56
12;2025-11-14;1;3
12;2025-11-14;2;0
12;2025-11-14;3;0
12;2025-11-14;4;5
12;2025-11-14;5;319
12;2025-11-14;6;1395
12;2025-11-14;7;2755
12;2025-11-14;8;3620
12;2025-11-14;9;2402
12;2025-11-14;10;1961
12;2025-11-14;11;2069
12;2025-11-14;12;2095
12;2025-11-14;13;2079
12;2025-11-14;14;2155
12;2025-11-14;15;2479
12;2025-11-14;16;3162
12;2025-11-14;17;3075
12;2025-11-14;18;2690
12;2025-11-14;19;2318
12;2025-11-14;20;1508
12;2025-11-14;21;979
12;2025-11-14;22;531
12;2025-11-14;23;298
12;2025-11-15;0;84
12;2025-11-15;1;3
12;2025-11-15;2;0
12;2025-11-15;3;0
12;2025-11-15;4;2
12;2025-11-15;5;234
12;2025-11-15;6;847
12;2025-11-15;7;910
12;2025-11-15;8;1008
12;2025-11-15;9;1203
12;2025-11-15;10;1453
12;2025-11-15;11;1490
12;2025-11-15;12;1496
12;2025-11-15;13;1737
12;2025-11-15;14;1659
12;2025-11-15;15;1530
12;2025-11-15;16;1611
12;2025-11-15;17;1557
12;2025-11-15;18;1469
12;2025-11-15;19;1414
12;2025-11-15;20;967
12;2025-11-15;21;698
12;2025-11-15;22;409
12;2025-11-15;23;289
12;2025-11-16;0;86
12;2025-11-16;1;7
12;2025-11-16;2;0
12;2025-11-16;3;0
12;2025-11-16;4;2
12;2025-11-16;5;159
12;2025-11-16;6;522
12;2025-11-16;7;634
12;2025-11-16;8;716
12;2025-11-16;9;925
12;2025-11-16;10;1120
12;2025-11-16;11;1281
12;2025-11-16;12;1341
12;2025-11-16;13;1565
12;2025-11-16;14;1468
12;2025-11-16;15;1364
12;2025-11-16;16;1454
12;2025-11-16;17;1445
12;2025-11-16;18;1284
12;2025-11-16;19;1036
12;2025-11-16;20;764
12;2025-11-16;21;598
12;2025-11-16;22;378
12;2025-11-16;23;206
12;2025-11-17;0;63
12;2025-11-17;1;4
12;2025-11-17;2;0
12;2025-11-17;3;0
12;2025-11-17;4;5
12;2025-11-17;5;335
12;2025-11-17;6;1373
12;2025-11-17;7;2736
12;2025-11-17;8;3551
12;2025-11-17;9;2470
12;2025-11-17;10;1961
12;2025-11-17;11;1859
12;2025-11-17;12;2011
12;2025-11-17;13;2001
12;2025-11-17;14;1964
12;2025-11-17;15;2231
12;2025-11-17;16;2699
12;2025-11-17;17;3016
12;2025-11-17;18;3261
12;2025-11-17;19;2446
12;2025-11-17;20;1542
12;2025-11-17;21;912
12;2025-11-17;22;443
12;2025-11-17;23;226
12;2025-11-18;0;49
12;2025-11-18;1;1
12;2025-11-18;2;0
12;2025-11-18;3;0
12;2025-11-18;4;5
12;2025-11-18;5;338
12;2025-11-18;6;1424
12;2025-11-18;7;2822
12;2025-11-18;8;3774
12;2025-11-18;9;2555
12;2025-11-18;10;2139
12;2025-11-18;11;2108
12;2025-11-18;12;2076
12;2025-11-18;13;2114
12;2025-11-18;14;2107
12;2025-11-18;15;2264
12;2025-11-18;16;2821
12;2025-11-18;17;3150
12;2025-11-18;18;3299
12;2025-11-18;19;2594
12;2025-11-18;20;1541
12;2025-11-18;21;921
12;2025-11-18;22;487
12;2025-11-18;23;235
12;2025-11-19;0;55
12;2025-11-19;1;2
12;2025-11-19;2;0
12;2025-11-19;3;0
12;2025-11-19;4;6
12;2025-11-19;5;346
12;2025-11-19;6;1487
12;2025-11-19;7;2758
12;2025-11-19;8;3609
12;2025-11-19;9;2636
12;2025-11-19;10;2118
12;2025-11-19;11;2111
12;2025-11-19;12;2132
12;2025-11-19;13;2113
12;2025-11-19;14;2096
12;2025-11-19;15;2349
12;2025-11-19;16;2808
12;2025-11-19;17;3119
12;2025-11-19;18;3260
12;2025-11-19;19;2552
12;2025-11-19;20;1512
12;2025-11-19;21;971
12;2025-11-19;22;498
12;2025-11-19;23;260
12;2025-11-20;0;49
12;2025-11-20;1;3
12;2025-11-20;2;0
12;2025-11-20;3;0
12;2025-11-20;4;6
12;2025-11-20;5;331
12;2025-11-20;6;1376
12;2025-11-20;7;2822
12;2025-11-20;8;3711
12;2025-11-20;9;2503
12;2025-11-20;10;2090
12;2025-11-20;11;2141
12;2025-11-20;12;2173
12;2025-11-20;13;2101
12;2025-11-20;14;2108
12;2025-11-20;15;2349
12;2025-11-20;16;2817
12;2025-11-20;17;3198
12;2025-11-20;18;3343
12;2025-11-20;19;2628
12;2025-11-20;20;1618
12;2025-11-20;21;936
12;2025-11-20;22;494
12;2025-11-20;23;264
12;2025-11-21;0;56
12;2025-11-21;1;3
12;2025-11-21;2;0
12;2025-11-21;3;0
12;2025-11-21;4;5
12;2025-11-21;5;319
12;2025-11-21;6;1395
12;2025-11-21;7;2755
12;2025-11-21;8;3620
12;2025-11-21;9;2402
12;2025-11-21;10;1961
12;2025-11-21;11;2069
12;2025-11-21;12;2095
12;2025-11-21;13;2079
12;2025-11-21;14;2155
12;2025-11-21;15;2479
12;2025-11-21;16;3162
12;2025-11-21;17;3075
12;2025-11-21;18;2690
12;2025-11-21;19;2318
12;2025-11-21;20;1508
12;2025-11-21;21;979
12;2025-11-21;22;531
12;2025-11-21;23;298
12;2025-11-22;0;84
12;2025-11-22;1;3
12;2025-11-22;2;0
12;2025-11-22;3;0
12;2025-11-22;4;2
12;2025-11-22;5;234
12;2025-11-22;6;847
12;2025-11-22;7;910
12;2025-11-22;8;1008
12;2025-11-22;9;1203
12;2025-11-22;10;1453
12;2025-11-22;11;1490
12;2025-11-22;12;1496
12;2025-11-22;13;1737
12;2025-11-22;14;1659
12;2025-11-22;15;1530
12;2025-11-22;16;1611
12;2025-11-22;17;1557
12;2025-11-22;18;1469
12;2025-11-22;19;1414
12;2025-11-22;20;967
12;2025-11-22;21;698
12;2025-11-22;22;409
12;2025-11-22;23;289
12;2025-11-23;0;86
12;2025-11-23;1;7
12;2025-11-23;2;0
12;2025-11-23;3;0
12;2025-11-23;4;2
12;2025-11-23;5;159
12;2025-11-23;6;522
12;2025-11-23;7;634
12;2025-11-23;8;716
12;2025-11-23;9;925
12;2025-11-23;10;1120
12;2025-11-23;11;1281
12;2025-11-23;12;1341
12;2025-11-23;13;1565
12;2025-11-23;14;1468
12;2025-11-23;15;1364
12;2025-11-23;16;1454
12;2025-11-23;17;1445
12;2025-11-23;18;1284
12;2025-11-23;19;1036
12;2025-11-23;20;764
12;2025-11-23;21;598
12;2025-11-23;22;378
12;2025-11-23;23;206
12;2025-11-24;0;63
12;2025-11-24;1;4
12;2025-11-24;2;0
12;2025-11-24;3;0
12;2025-11-24;4;5
12;2025-11-24;5;335
12;2025-11-24;6;1373
12;2025-11-24;7;2736
12;2025-11-24;8;3551
12;2025-11-24;9;2470
12;2025-11-24;10;1961
12;2025-11-24;11;1859
12;2025-11-24;12;2011
12;2025-11-24;13;2001
12;2025-11-24;14;1964
12;2025-11-24;15;2231
12;2025-11-24;16;2699
12;2025-11-24;17;3016
12;2025-11-24;18;3261
12;2025-11-24;19;2446
12;2025-11-24;20;1542
12;2025-11-24;21;912
12;2025-11-24;22;443
12;2025-11-24;23;226
12;2025-11-25;0;49
12;2025-11-25;1;1
12;2025-11-25;2;0
12;2025-11-25;3;0
12;2025-11-25;4;5
12;2025-11-25;5;338
12;2025-11-25;6;1424
12;2025-11-25;7;2822
12;2025-11-25;8;3774
12;2025-11-25;9;2555
12;2025-11-25;10;2139
12;2025-11-25;11;2108
12;2025-11-25;12;2076
12;2025-11-25;13;2114
12;2025-11-25;14;2107
12;2025-11-25;15;2264
12;2025-11-25;16;2821
12;2025-11-25;17;3150
12;2025-11-25;18;3299
12;2025-11-25;19;2594
12;2025-11-25;20;1541
12;2025-11-25;21;921
12;2025-11-25;22;487
12;2025-11-25;23;235
12;2025-11-26;0;55
12;2025-11-26;1;2
12;2025-11-26;2;0
12;2025-11-26;3;0
12;2025-11-26;4;6
12;2025-11-26;5;346
12;2025-11-26;6;1487
12;2025-11-26;7;2758
12;2025-11-26;8;3609
12;2025-11-26;9;2636
12;2025-11-26;10;2118
12;2025-11-26;11;2111
12;2025-11-26;12;2132
12;2025-11-26;13;2113
12;2025-11-26;14;2096
12;2025-11-26;15;2349
12;2025-11-26;16;2808
12;2025-11-26;17;3119
12;2025-11-26;18;3260
12;2025-11-26;19;2552
12;2025-11-26;20;1512
12;2025-11-26;21;971
12;2025-11-26;22;498
12;2025-11-26;23;260
12;2025-11-27;0;49
12;2025-11-27;1;3
12;2025-11-27;2;0
12;2025-11-27;3;0
12;2025-11-27;4;6
12;2025-11-27;5;331
12;2025-11-27;6;1376
12;2025-11-27;7;2822
12;2025-11-27;8;3711
12;2025-11-27;9;2503
12;2025-11-27;10;2090
12;2025-11-27;11;2141
12;2025-11-27;12;2173
12;2025-11-27;13;2101
12;2025-11-27;14;2108
12;2025-11-27;15;2349
12;2025-11-27;16;2817
12;2025-11-27;17;3198
12;2025-11-27;18;3343
12;2025-11-27;19;2628
12;2025-11-27;20;1618
12;2025-11-27;21;936
12;2025-11-27;22;494
12;2025-11-27;23;264
12;2025-11-28;0;56
12;2025-11-28;1;3
12;2025-11-28;2;0
12;2025-11-28;3;0
12;2025-11-28;4;5
12;2025-11-28;5;319
12;2025-11-28;6;1395
12;2025-11-28;7;2755
12;2025-11-28;8;3620
12;2025-11-28;9;2402
12;2025-11-28;10;1961
12;2025-11-28;11;2069
12;2025-11-28;12;2095
12;2025-11-28;13;2079
12;2025-11-28;14;2155
12;2025-11-28;15;2479
12;2025-11-28;16;3162
12;2025-11-28;17;3075
12;2025-11-28;18;2690
12;2025-11-28;19;2318
12;2025-11-28;20;1508
12;2025-11-28;21;979
12;2025-11-28;22;531
12;2025-11-28;23;298
12;2025-11-29;0;84
12;2025-11-29;1;3
12;2025-11-29;2;0
12;2025-11-29;3;0
12;2025-11-29;4;2
12;2025-11-29;5;234
12;2025-11-29;6;847
12;2025-11-29;7;910
12;2025-11-29;8;1008
12;2025-11-29;9;1203
12;2025-11-29;10;1453
12;2025-11-29;11;1490
12;2025-11-29;12;1496
12;2025-11-29;13;1737
12;2025-11-29;14;1659
12;2025-11-29;15;1530
12;2025-11-29;16;1611
12;2025-11-29;17;1557
12;2025-11-29;18;1469
12;2025-11-29;19;1414
12;2025-11-29;20;967
12;2025-11-29;21;698
12;2025-11-29;22;409
12;2025-11-29;23;289
12;2025-11-30;0;86
12;2025-11-30;1;7
12;2025-11-30;2;0
12;2025-11-30;3;0
12;2025-11-30;4;2
12;2025-11-30;5;159
12;2025-11-30;6;522
12;2025-11-30;7;634
12;2025-11-30;8;716
12;2025-11-30;9;925
12;2025-11-30;10;1120
12;2025-11-30;11;1281
12;2025-11-30;12;1341
12;2025-11-30;13;1565
12;2025-11-30;14;1468
12;2025-11-30;15;1364
12;2025-11-30;16;1454
12;2025-11-30;17;1445
12;2025-11-30;18;1284
12;2025-11-30;19;1036
12;2025-11-30;20;764
12;2025-11-30;21;598
12;2025-11-30;22;378
12;2025-11-30;23;206
12;2025-12-01;0;63
12;2025-12-01;1;4
12;2025-12-01;2;0
12;2025-12-01;3;0
12;2025-12-01;4;5
12;2025-12-01;5;335
12;2025-12-01;6;1373
12;2025-12-01;7;2736
12;2025-12-01;8;3551
12;2025-12-01;9;2470
12;2025-12-01;10;1961
12;2025-12-01;11;1859
12;2025-12-01;12;2011
12;2025-12-01;13;2001
12;2025-12-01;14;1964
12;2025-12-01;15;2231
12;2025-12-01;16;2699
12;2025-12-01;17;3016
12;2025-12-01;18;3261
12;2025-12-01;19;2446
12;2025-12-01;20;1542
12;2025-12-01;21;912
12;2025-12-01;22;443
12;2025-12-01;23;226
12;2025-12-02;0;49
12;2025-12-02;1;1
12;2025-12-02;2;0
12;2025-12-02;3;0
12;2025-12-02;4;5
12;2025-12-02;5;338
12;2025-12-02;6;1424
12;2025-12-02;7;2822
12;2025-12-02;8;3774
12;2025-12-02;9;2555
12;2025-12-02;10;2139
12;2025-12-02;11;2108
12;2025-12-02;12;2076
12;2025-12-02;13;2114
12;2025-12-02;14;2107
12;2025-12-02;15;2264
12;2025-12-02;16;2821
12;2025-12-02;17;3150
12;2025-12-02;18;3299
12;2025-12-02;19;2594
12;2025-12-02;20;1541
12;2025-12-02;21;921
12;2025-12-02;22;487
12;2025-12-02;23;235
12;2025-12-03;0;55
12;2025-12-03;1;2
12;2025-12-03;2;0
12;2025-12-03;3;0
12;2025-12-03;4;6
12;2025-12-03;5;346
12;2025-12-03;6;1487
12;2025-12-03;7;2758
12;2025-12-03;8;3609
12;2025-12-03;9;2636
12;2025-12-03;10;2118
12;2025-12-03;11;2111
12;2025-12-03;12;2132
12;2025-12-03;13;2113
12;2025-12-03;14;2096
12;2025-12-03;15;2349
12;2025-12-03;16;2808
12;2025-12-03;17;3119
12;2025-12-03;18;3260
12;2025-12-03;19;2552
12;2025-12-03;20;1512
12;2025-12-03;21;971
12;2025-12-03;22;498
12;2025-12-03;23;260
12;2025-12-04;0;49
12;2025-12-04;1;3
12;2025-12-04;2;0
12;2025-12-04;3;0
12;2025-12-04;4;6
12;2025-12-04;5;331
12;2025-12-04;6;1376
12;2025-12-04;7;2822
12;2025-12-04;8;3711
12;2025-12-04;9;2503
12;2025-12-04;10;2090
12;2025-12-04;11;2141
12;2025-12-04;12;2173
12;2025-12-04;13;2101
12;2025-12-04;14;2108
12;2025-12-04;15;2349
12;2025-12-04;16;2817
12;2025-12-04;17;3198
12;2025-12-04;18;3343
12;2025-12-04;19;2628
12;2025-12-04;20;1618
12;2025-12-04;21;936
12;2025-12-04;22;494
12;2025-12-04;23;264
12;2025-12-05;0;56
12;2025-12-05;1;3
12;2025-12-05;2;0
12;2025-12-05;3;0
12;2025-12-05;4;5
12;2025-12-05;5;319
12;2025-12-05;6;1395
12;2025-12-05;7;2755
12;2025-12-05;8;3620
12;2025-12-05;9;2402
12;2025-12-05;10;1961
12;2025-12-05;11;2069
12;2025-12-05;12;2095
12;2025-12-05;13;2079
12;2025-12-05;14;2155
12;2025-12-05;15;2479
12;2025-12-05;16;3162
12;2025-12-05;17;3075
12;2025-12-05;18;2690
12;2025-12-05;19;2318
12;2025-12-05;20;1508
12;2025-12-05;21;979
12;2025-12-05;22;531
12;2025-12-05;23;298
12;2025-12-06;0;84
12;2025-12-06;1;3
12;2025-12-06;2;0
12;2025-12-06;3;0
12;2025-12-06;4;2
12;2025-12-06;5;234
12;2025-12-06;6;847
12;2025-12-06;7;910
12;2025-12-06;8;1008
12;2025-12-06;9;1203
12;2025-12-06;10;1453
12;2025-12-06;11;1490
12;2025-12-06;12;1496
12;2025-12-06;13;1737
12;2025-12-06;14;1659
12;2025-12-06;15;1530
12;2025-12-06;16;1611
12;2025-12-06;17;1557
12;2025-12-06;18;1469
12;2025-12-06;19;1414
12;2025-12-06;20;967
12;2025-12-06;21;698
12;2025-12-06;22;409
12;2025-12-06;23;289
12;2025-12-07;0;86
12;2025-12-07;1;7
12;2025-12-07;2;0
12;2025-12-07;3;0
12;2025-12-07;4;2
12;2025-12-07;5;159
12;2025-12-07;6;522
12;2025-12-07;7;634
12;2025-12-07;8;716
12;2025-12-07;9;925
12;2025-12-07;10;1120
12;2025-12-07;11;1281
12;2025-12-07;12;1341
12;2025-12-07;13;1565
12;2025-12-07;14;1468
12;2025-12-07;15;1364
12;2025-12-07;16;1454
12;2025-12-07;17;1445
12;2025-12-07;18;1284
12;2025-12-07;19;1036
12;2025-12-07;20;764
12;2025-12-07;21;598
12;2025-12-07;22;378
12;2025-12-07;23;206
12;2025-12-08;0;63
12;2025-12-08;1;4
12;2025-12-08;2;0
12;2025-12-08;3;0
12;2025-12-08;4;5
12;2025-12-08;5;335
12;2025-12-08;6;1373
12;2025-12-08;7;2736
12;2025-12-08;8;3551
12;2025-12-08;9;2470
12;2025-12-08;10;1961
12;2025-12-08;11;1859
12;2025-12-08;12;2011
12;2025-12-08;13;2001
12;2025-12-08;14;1964
12;2025-12-08;15;2231
12;2025-12-08;16;2699
12;2025-12-08;17;3016
12;2025-12-08;18;3261
12;2025-12-08;19;2446
12;2025-12-08;20;1542
12;2025-12-08;21;912
12;2025-12-08;22;443
12;2025-12-08;23;226
12;2025-12-09;0;49
12;2025-12-09;1;1
12;2025-12-09;2;0
12;2025-12-09;3;0
12;2025-12-09;4;5
12;2025-12-09;5;338
12;2025-12-09;6;1424
12;2025-12-09;7;2822
12;2025-12-09;8;3774
12;2025-12-09;9;2555
12;2025-12-09;10;2139
12;2025-12-09;11;2108
12;2025-12-09;12;2076
12;2025-12-09;13;2114
12;2025-12-09;14;2107
12;2025-12-09;15;2264
12;2025-12-09;16;2821
12;2025-12-09;17;3150
12;2025-12-09;18;3299
12;2025-12-09;19;2594
12;2025-12-09;20;1541
12;2025-12-09;21;921
12;2025-12-09;22;487
12;2025-12-09;23;235
12;2025-12-10;0;55
12;2025-12-10;1;2
12;2025-12-10;2;0
12;2025-12-10;3;0
12;2025-12-10;4;6
12;2025-12-10;5;346
12;2025-12-10;6;1487
12;2025-12-10;7;2758
12;2025-12-10;8;3609
12;2025-12-10;9;2636
12;2025-12-10;10;2118
12;2025-12-10;11;2111
12;2025-12-10;12;2132
12;2025-12-10;13;2113
12;2025-12-10;14;2096
12;2025-12-10;15;2349
12;2025-12-10;16;2808
12;2025-12-10;17;3119
12;2025-12-10;18;3260
12;2025-12-10;19;2552
12;2025-12-10;20;1512
12;2025-12-10;21;971
12;2025-12-10;22;498
12;2025-12-10;23;260
12;2025-12-11;0;49
12;2025-12-11;1;3
12;2025-12-11;2;0
12;2025-12-11;3;0
12;2025-12-11;4;6
12;2025-12-11;5;331
12;2025-12-11;6;1376
12;2025-12-11;7;2822
12;2025-12-11;8;3711
12;2025-12-11;9;2503
12;2025-12-11;10;2090
12;2025-12-11;11;2141
12;2025-12-11;12;2173
12;2025-12-11;13;2101
12;2025-12-11;14;2108
12;2025-12-11;15;2349
12;2025-12-11;16;2817
12;2025-12-11;17;3198
12;2025-12-11;18;3343
12;2025-12-11;19;2628
12;2025-12-11;20;1618
12;2025-12-11;21;936
12;2025-12-11;22;494
12;2025-12-11;23;264
12;2025-12-12;0;56
12;2025-12-12;1;3
12;2025-12-12;2;0
12;2025-12-12;3;0
12;2025-12-12;4;5
12;2025-12-12;5;319
12;2025-12-12;6;1395
12;2025-12-12;7;2755
12;2025-12-12;8;3620
12;2025-12-12;9;2402
12;2025-12-12;10;1961
12;2025-12-12;11;2069
12;2025-12-12;12;2095
12;2025-12-12;13;2079
12;2025-12-12;14;2155
12;2025-12-12;15;2479
12;2025-12-12;16;3162
12;2025-12-12;17;3075
12;2025-12-12;18;2690
12;2025-12-12;19;2318
12;2025-12-12;20;1508
12;2025-12-12;21;979
12;2025-12-12;22;531
12;2025-12-12;23;298
12;2025-12-13;0;84
12;2025-12-13;1;3
12;2025-12-13;2;0
12;2025-12-13;3;0
12;2025-12-13;4;2
12;2025-12-13;5;234
12;2025-12-13;6;847
12;2025-12-13;7;910
12;2025-12-13;8;1008
12;2025-12-13;9;1203
12;2025-12-13;10;1453
12;2025-12-13;11;1490
12;2025-12-13;12;1496
12;2025-12-13;13;1737
12;2025-12-13;14;1659
12;2025-12-13;15;1530
12;2025-12-13;16;1611
12;2025-12-13;17;1557
12;2025-12-13;18;1469
12;2025-12-13;19;1414
12;2025-12-13;20;967
12;2025-12-13;21;698
12;2025-12-13;22;409
12;2025-12-13;23;289
12;2025-12-14;0;86
12;2025-12-14;1;7
12;2025-12-14;2;0
12;2025-12-14;3;0
12;2025-12-14;4;2
12;2025-12-14;5;159
12;2025-12-14;6;522
12;2025-12-14;7;634
12;2025-12-14;8;716
12;2025-12-14;9;925
12;2025-12-14;10;1120
12;2025-12-14;11;1281
12;2025-12-14;12;1341
12;2025-12-14;13;1565
12;2025-12-14;14;1468
12;2025-12-14;15;1364
12;2025-12-14;16;1454
12;2025-12-14;17;1445
12;2025-12-14;18;1284
12;2025-12-14;19;1036
12;2025-12-14;20;764
12;2025-12-14;21;598
12;2025-12-14;22;378
12;2025-12-14;23;206
12;2025-12-15;0;63
12;2025-12-15;1;4
12;2025-12-15;2;0
12;2025-12-15;3;0
12;2025-12-15;4;5
12;2025-12-15;5;335
12;2025-12-15;6;1373
12;2025-12-15;7;2736
12;2025-12-15;8;3551
12;2025-12-15;9;2470
12;2025-12-15;10;1961
12;2025-12-15;11;1859
12;2025-12-15;12;2011
12;2025-12-15;13;2001
12;2025-12-15;14;1964
12;2025-12-15;15;2231
12;2025-12-15;16;2699
12;2025-12-15;17;3016
12;2025-12-15;18;3261
12;2025-12-15;19;2446
12;2025-12-15;20;1542
12;2025-12-15;21;912
12;2025-12-15;22;443
12;2025-12-15;23;226
12;2025-12-16;0;49
12;2025-12-16;1;1
12;2025-12-16;2;0
12;2025-12-16;3;0
12;2025-12-16;4;5
12;2025-12-16;5;338
12;2025-12-16;6;1424
12;2025-12-16;7;2822
12;2025-12-16;8;3774
12;2025-12-16;9;2555
12;2025-12-16;10;2139
12;2025-12-16;11;2108
12;2025-12-16;12;2076
12;2025-12-16;13;2114
12;2025-12-16;14;2107
12;2025-12-16;15;2264
12;2025-12-16;16;2821
12;2025-12-16;17;3150
12;2025-12-16;18;3299
12;2025-12-16;19;2594
12;2025-12-16;20;1541
12;2025-12-16;21;921
12;2025-12-16;22;487
12;2025-12-16;23;235
12;2025-12-17;0;55
12;2025-12-17;1;2
12;2025-12-17;2;0
12;2025-12-17;3;0
12;2025-12-17;4;6
12;2025-12-17;5;346
12;2025-12-17;6;1487
12;2025-12-17;7;2758
12;2025-12-17;8;3609
12;2025-12-17;9;2636
12;2025-12-17;10;2118
12;2025-12-17;11;2111
12;2025-12-17;12;2132
12;2025-12-17;13;2113
12;2025-12-17;14;2096
12;2025-12-17;15;2349
12;2025-12-17;16;2808
12;2025-12-17;17;3119
12;2025-12-17;18;3260
12;2025-12-17;19;2552
12;2025-12-17;20;1512
12;2025-12-17;21;971
12;2025-12-17;22;498
12;2025-12-17;23;260
12;2025-12-18;0;49
12;2025-12-18;1;3
12;2025-12-18;2;0
12;2025-12-18;3;0
12;2025-12-18;4;6
12;2025-12-18;5;331
12;2025-12-18;6;1376
12;2025-12-18;7;2822
12;2025-12-18;8;3711
12;2025-12-18;9;2503
12;2025-12-18;10;2090
12;2025-12-18;11;2141
12;2025-12-18;12;2173
12;2025-12-18;13;2101
12;2025-12-18;14;2108
12;2025-12-18;15;2349
12;2025-12-18;16;2817
12;2025-12-18;17;3198
12;2025-12-18;18;3343
12;2025-12-18;19;2628
12;2025-12-18;20;1618
12;2025-12-18;21;936
12;2025-12-18;22;494
12;2025-12-18;23;264
12;2025-12-19;0;56
12;2025-12-19;1;3
12;2025-12-19;2;0
12;2025-12-19;3;0
12;2025-12-19;4;5
12;2025-12-19;5;319
12;2025-12-19;6;1395
12;2025-12-19;7;2755
12;2025-12-19;8;3620
12;2025-12-19;9;2402
12;2025-12-19;10;1961
12;2025-12-19;11;2069
12;2025-12-19;12;2095
12;2025-12-19;13;2079
12;2025-12-19;14;2155
12;2025-12-19;15;2479
12;2025-12-19;16;3162
12;2025-12-19;17;3075
12;2025-12-19;18;2690
12;2025-12-19;19;2318
12;2025-12-19;20;1508
12;2025-12-19;21;979
12;2025-12-19;22;531
12;2025-12-19;23;298
12;2025-12-20;0;84
12;2025-12-20;1;3
12;2025-12-20;2;0
12;2025-12-20;3;0
12;2025-12-20;4;2
12;2025-12-20;5;234
12;2025-12-20;6;847
12;2025-12-20;7;910
12;2025-12-20;8;1008
12;2025-12-20;9;1203
12;2025-12-20;10;1453
12;2025-12-20;11;1490
12;2025-12-20;12;1496
12;2025-12-20;13;1737
12;2025-12-20;14;1659
12;2025-12-20;15;1530
12;2025-12-20;16;1611
12;2025-12-20;17;1557
12;2025-12-20;18;1469
12;2025-12-20;19;1414
12;2025-12-20;20;967
12;2025-12-20;21;698
12;2025-12-20;22;409
12;2025-12-20;23;289
12;2025-12-21;0;86
12;2025-12-21;1;7
12;2025-12-21;2;0
12;2025-12-21;3;0
12;2025-12-21;4;2
12;2025-12-21;5;159
12;2025-12-21;6;522
12;2025-12-21;7;634
12;2025-12-21;8;716
12;2025-12-21;9;925
12;2025-12-21;10;1120
12;2025-12-21;11;1281
12;2025-12-21;12;1341
12;2025-12-21;13;1565
12;2025-12-21;14;1468
12;2025-12-21;15;1364
12;2025-12-21;16;1454
12;2025-12-21;17;1445
12;2025-12-21;18;1284
12;2025-12-21;19;1036
12;2025-12-21;20;764
12;2025-12-21;21;598
12;2025-12-21;22;378
12;2025-12-21;23;206
12;2025-12-22;0;63
12;2025-12-22;1;4
12;2025-12-22;2;0
12;2025-12-22;3;0
12;2025-12-22;4;5
12;2025-12-22;5;335
12;2025-12-22;6;1373
12;2025-12-22;7;2736
12;2025-12-22;8;3551
12;2025-12-22;9;2470
12;2025-12-22;10;1961
12;2025-12-22;11;1859
12;2025-12-22;12;2011
12;2025-12-22;13;2001
12;2025-12-22;14;1964
12;2025-12-22;15;2231
12;2025-12-22;16;2699
12;2025-12-22;17;3016
12;2025-12-22;18;3261
12;2025-12-22;19;2446
12;2025-12-22;20;1542
12;2025-12-22;21;912
12;2025-12-22;22;443
12;2025-12-22;23;226
12;2025-12-23;0;49
12;2025-12-23;1;1
12;2025-12-23;2;0
12;2025-12-23;3;0
12;2025-12-23;4;5
12;2025-12-23;5;338
12;2025-12-23;6;1424
12;2025-12-23;7;2822
12;2025-12-23;8;3774
12;2025-12-23;9;2555
12;2025-12-23;10;2139
12;2025-12-23;11;2108
12;2025-12-23;12;2076
12;2025-12-23;13;2114
12;2025-12-23;14;2107
12;2025-12-23;15;2264
12;2025-12-23;16;2821
12;2025-12-23;17;3150
12;2025-12-23;18;3299
12;2025-12-23;19;2594
12;2025-12-23;20;1541
12;2025-12-23;21;921
12;2025-12-23;22;487
12;2025-12-23;23;235
12;2025-12-24;0;55
12;2025-12-24;1;2
12;2025-12-24;2;0
12;2025-12-24;3;0
12;2025-12-24;4;6
12;2025-12-24;5;346
12;2025-12-24;6;1487
12;2025-12-24;7;2758
12;2025-12-24;8;3609
12;2025-12-24;9;2636
12;2025-12-24;10;2118
12;2025-12-24;11;2111
12;2025-12-24;12;2132
12;2025-12-24;13;2113
12;2025-12-24;14;2096
12;2025-12-24;15;2349
12;2025-12-24;16;2808
12;2025-12-24;17;3119
12;2025-12-24;18;3260
12;2025-12-24;19;2552
12;2025-12-24;20;1512
12;2025-12-24;21;971
12;2025-12-24;22;498
12;2025-12-24;23;260
12;2025-12-25;0;49
12;2025-12-25;1;3
12;2025-12-25;2;0
12;2025-12-25;3;0
12;2025-12-25;4;6
12;2025-12-25;5;331
12;2025-12-25;6;1376
12;2025-12-25;7;2822
12;2025-12-25;8;3711
12;2025-12-25;9;2503
12;2025-12-25;10;2090
12;2025-12-25;11;2141
12;2025-12-25;12;2173
12;2025-12-25;13;2101
12;2025-12-25;14;2108
12;2025-12-25;15;2349
12;2025-12-25;16;2817
12;2025-12-25;17;3198
12;2025-12-25;18;3343
12;2025-12-25;19;2628
12;2025-12-25;20;1618
12;2025-12-25;21;936
12;2025-12-25;22;494
12;2025-12-25;23;264
12;2025-12-26;0;56
12;2025-12-26;1;3
12;2025-12-26;2;0
12;2025-12-26;3;0
12;2025-12-26;4;5
12;2025-12-26;5;319
12;2025-12-26;6;1395
12;2025-12-26;7;2755
12;2025-12-26;8;3620
12;2025-12-26;9;2402
12;2025-12-26;10;1961
12;2025-12-26;11;2069
12;2025-12-26;12;2095
12;2025-12-26;13;2079
12;2025-12-26;14;2155
12;2025-12-26;15;2479
12;2025-12-26;16;3162
12;2025-12-26;17;3075
12;2025-12-26;18;2690
12;2025-12-26;19;2318
12;2025-12-26;20;1508
12;2025-12-26;21;979
12;2025-12-26;22;531
12;2025-12-26;23;298
12;2025-12-27;0;84
12;2025-12-27;1;3
12;2025-12-27;2;0
12;2025-12-27;3;0
12;2025-12-27;4;2
12;2025-12-27;5;234
12;2025-12-27;6;847
12;2025-12-27;7;910
12;2025-12-27;8;1008
12;2025-12-27;9;1203
12;2025-12-27;10;1453
12;2025-12-27;11;1490
12;2025-12-27;12;1496
12;2025-12-27;13;1737
12;2025-12-27;14;1659
12;2025-12-27;15;1530
12;2025-12-27;16;1611
12;2025-12-27;17;1557
12;2025-12-27;18;1469
12;2025-12-27;19;1414
12;2025-12-27;20;967
12;2025-12-27;21;698
12;2025-12-27;22;409
12;2025-12-27;23;289
12;2025-12-28;0;86
12;2025-12-28;1;7
12;2025-12-28;2;0
12;2025-12-28;3;0
12;2025-12-28;4;2
12;2025-12-28;5;159
12;2025-12-28;6;522
12;2025-12-28;7;634
12;2025-12-28;8;716
12;2025-12-28;9;925
12;2025-12-28;10;1120
12;2025-12-28;11;1281
12;2025-12-28;12;1341
12;2025-12-28;13;1565
12;2025-12-28;14;1468
12;2025-12-28;15;1364
12;2025-12-28;16;1454
12;2025-12-28;17;1445
12;2025-12-28;18;1284
12;2025-12-28;19;1036
12;2025-12-28;20;764
12;2025-12-28;21;598
12;2025-12-28;22;378
12;2025-12-28;23;206
12;2025-12-29;0;63
12;2025-12-29;1;4
12;2025-12-29;2;0
12;2025-12-29;3;0
12;2025-12-29;4;5
12;2025-12-29;5;335
12;2025-12-29;6;1373
12;2025-12-29;7;2736
12;2025-12-29;8;3551
12;2025-12-29;9;2470
12;2025-12-29;10;1961
12;2025-12-29;11;1859
12;2025-12-29;12;2011
12;2025-12-29;13;2001
12;2025-12-29;14;1964
12;2025-12-29;15;2231
12;2025-12-29;16;2699
12;2025-12-29;17;3016
12;2025-12-29;18;3261
12;2025-12-29;19;2446
12;2025-12-29;20;1542
12;2025-12-29;21;912
12;2025-12-29;22;443
12;2025-12-29;23;226
12;2025-12-30;0;49
12;2025-12-30;1;1
12;2025-12-30;2;0
12;2025-12-30;3;0
12;2025-12-30;4;5
12;2025-12-30;5;338
12;2025-12-30;6;1424
12;2025-12-30;7;2822
12;2025-12-30;8;3774
12;2025-12-30;9;2555
12;2025-12-30;10;2139
12;2025-12-30;11;2108
12;2025-12-30;12;2076
12;2025-12-30;13;2114
12;2025-12-30;14;2107
12;2025-12-30;15;2264
12;2025-12-30;16;2821
12;2025-12-30;17;3150
12;2025-12-30;18;3299
12;2025-12-30;19;2594
12;2025-12-30;20;1541
12;2025-12-30;21;921
12;2025-12-30;22;487
12;2025-12-30;23;235
12;2025-12-31;0;67
12;2025-12-31;1;4
12;2025-12-31;2;0
12;2025-12-31;3;0
12;2025-12-31;4;0
12;2025-12-31;5;141
12;2025-12-31;6;482
12;2025-12-31;7;566
12;2025-12-31;8;612
12;2025-12-31;9;772
12;2025-12-31;10;926
12;2025-12-31;11;1096
12;2025-12-31;12;1131
12;2025-12-31;13;1353
12;2025-12-31;14;1288
12;2025-12-31;15;1157
12;2025-12-31;16;1258
12;2025-12-31;17;1234
12;2025-12-31;18;1097
12;2025-12-31;19;929
12;2025-12-31;20;672
12;2025-12-31;21;555
12;2025-12-31;22;353
12;2025-12-31;23;192
17;2025-11-01;0;142
17;2025-11-01;1;17
17;2025-11-01;2;0
17;2025-11-01;3;0
17;2025-11-01;4;30
17;2025-11-01;5;316
17;2025-11-01;6;1497
17;2025-11-01;7;3952
17;2025-11-01;8;5246
17;2025-11-01;9;3847
17;2025-11-01;10;3095
17;2025-11-01;11;3033
17;2025-11-01;12;3294
17;2025-11-01;13;3361
17;2025-11-01;14;3433
17;2025-11-01;15;3757
17;2025-11-01;16;4387
17;2025-11-01;17;4690
17;2025-11-01;18;4464
17;2025-11-01;19;3279
17;2025-11-01;20;2410
17;2025-11-01;21;1607
17;2025-11-01;22;943
17;2025-11-01;23;473
17;2025-11-02;0;172
17;2025-11-02;1;19
17;2025-11-02;2;0
17;2025-11-02;3;0
17;2025-11-02;4;3
17;2025-11-02;5;95
17;2025-11-02;6;415
17;2025-11-02;7;780
17;2025-11-02;8;1174
17;2025-11-02;9;1652
17;2025-11-02;10;1965
17;2025-11-02;11;2448
17;2025-11-02;12;2838
17;2025-11-02;13;3096
17;2025-11-02;14;3214
17;2025-11-02;15;3230
17;2025-11-02;16;3232
17;2025-11-02;17;3068
17;2025-11-02;18;2651
17;2025-11-02;19;2200
17;2025-11-02;20;1641
17;2025-11-02;21;1172
17;2025-11-02;22;790
17;2025-11-02;23;331
17;2025-11-03;0;163
17;2025-11-03;1;13
17;2025-11-03;2;0
17;2025-11-03;3;0
17;2025-11-03;4;5
17;2025-11-03;5;97
17;2025-11-03;6;412
17;2025-11-03;7;719
17;2025-11-03;8;1112
17;2025-11-03;9;1488
17;2025-11-03;10;1642
17;2025-11-03;11;2112
17;2025-11-03;12;2463
17;2025-11-03;13;2717
17;2025-11-03;14;2871
17;2025-11-03;15;2902
17;2025-11-03;16;2958
17;2025-11-03;17;2795
17;2025-11-03;18;2403
17;2025-11-03;19;2010
17;2025-11-03;20;1529
17;2025-11-03;21;1147
17;2025-11-03;22;786
17;2025-11-03;23;338
17;2025-11-04;0;163
17;2025-11-04;1;13
17;2025-11-04;2;0
17;2025-11-04;3;0
17;2025-11-04;4;5
17;2025-11-04;5;97
17;2025-11-04;6;412
17;2025-11-04;7;719
17;2025-11-04;8;1112
17;2025-11-04;9;1488
17;2025-11-04;10;1642
17;2025-11-04;11;2112
17;2025-11-04;12;2463
17;2025-11-04;13;2717
17;2025-11-04;14;2871
17;2025-11-04;15;2902
17;2025-11-04;16;2958
17;2025-11-04;17;2795
17;2025-11-04;18;2403
17;2025-11-04;19;2010
17;2025-11-04;20;1529
17;2025-11-04;21;1147
17;2025-11-04;22;786
17;2025-11-04;23;338
17;2025-11-05;0;118
17;2025-11-05;1;9
17;2025-11-05;2;0
17;2025-11-05;3;0
17;2025-11-05;4;27
17;2025-11-05;5;314
17;2025-11-05;6;1515
17;2025-11-05;7;4015
17;2025-11-05;8;5317
17;2025-11-05;9;3776
17;2025-11-05;10;2979
17;2025-11-05;11;2955
17;2025-11-05;12;2949
17;2025-11-05;13;3055
17;2025-11-05;14;3087
17;2025-11-05;15;3273
17;2025-11-05;16;3654
17;2025-11-05;17;4476
17;2025-11-05;18;4890
17;2025-11-05;19;3429
17;2025-11-05;20;2331
17;2025-11-05;21;1461
17;2025-11-05;22;807
17;2025-11-05;23;383
17;2025-11-06;0;125
17;2025-11-06;1;10
17;2025-11-06;2;0
17;2025-11-06;3;0
17;2025-11-06;4;26
17;2025-11-06;5;315
17;2025-11-06;6;1507
17;2025-11-06;7;4014
17;2025-11-06;8;5321
17;2025-11-06;9;3796
17;2025-11-06;10;3015
17;2025-11-06;11;2931
17;2025-11-06;12;3013
17;2025-11-06;13;3038
17;2025-11-06;14;3128
17;2025-11-06;15;3267
17;2025-11-06;16;3714
17;2025-11-06;17;4520
17;2025-11-06;18;4899
17;2025-11-06;19;3484
17;2025-11-06;20;2405
17;2025-11-06;21;1480
17;2025-11-06;22;834
17;2025-11-06;23;390
17;2025-11-07;0;138
17;2025-11-07;1;15
17;2025-11-07;2;0
17;2025-11-07;3;0
17;2025-11-07;4;25
17;2025-11-07;5;305
17;2025-11-07;6;1488
17;2025-11-07;7;3948
17;2025-11-07;8;5214
17;2025-11-07;9;3731
17;2025-11-07;10;2976
17;2025-11-07;11;2934
17;2025-11-07;12;3029
17;2025-11-07;13;3109
17;2025-11-07;14;3153
17;2025-11-07;15;3524
17;2025-11-07;16;4207
17;2025-11-07;17;4664
17;2025-11-07;18;4461
17;2025-11-07;19;3292
17;2025-11-07;20;2329
17;2025-11-07;21;1557
17;2025-11-07;22;899
17;2025-11-07;23;451
17;2025-11-08;0;194
17;2025-11-08;1;21
17;2025-11-08;2;0
17;2025-11-08;3;0
17;2025-11-08;4;6
17;2025-11-08;5;121
17;2025-11-08;6;565
17;2025-11-08;7;1177
17;2025-11-08;8;1718
17;2025-11-08;9;2205
17;2025-11-08;10;2415
17;2025-11-08;11;2932
17;2025-11-08;12;3239
17;2025-11-08;13;3456
17;2025-11-08;14;3465
17;2025-11-08;15;3511
17;2025-11-08;16;3504
17;2025-11-08;17;3262
17;2025-11-08;18;3020
17;2025-11-08;19;2434
17;2025-11-08;20;1867
17;2025-11-08;21;1367
17;2025-11-08;22;867
17;2025-11-08;23;447
17;2025-11-09;0;173
17;2025-11-09;1;22
17;2025-11-09;2;0
17;2025-11-09;3;0
17;2025-11-09;4;1
17;2025-11-09;5;94
17;2025-11-09;6;423
17;2025-11-09;7;785
17;2025-11-09;8;1180
17;2025-11-09;9;1634
17;2025-11-09;10;1919
17;2025-11-09;11;2397
17;2025-11-09;12;2786
17;2025-11-09;13;3052
17;2025-11-09;14;3165
17;2025-11-09;15;3182
17;2025-11-09;16;3179
17;2025-11-09;17;3016
17;2025-11-09;18;2595
17;2025-11-09;19;2136
17;2025-11-09;20;1609
17;2025-11-09;21;1150
17;2025-11-09;22;777
17;2025-11-09;23;328
17;2025-11-10;0;102
17;2025-11-10;1;12
17;2025-11-10;2;0
17;2025-11-10;3;0
17;2025-11-10;4;26
17;2025-11-10;5;301
17;2025-11-10;6;1469
17;2025-11-10;7;3956
17;2025-11-10;8;5347
17;2025-11-10;9;3682
17;2025-11-10;10;2814
17;2025-11-10;11;2801
17;2025-11-10;12;2812
17;2025-11-10;13;2876
17;2025-11-10;14;2937
17;2025-11-10;15;3141
17;2025-11-10;16;3592
17;2025-11-10;17;4422
17;2025-11-10;18;4826
17;2025-11-10;19;3459
17;2025-11-10;20;2296
17;2025-11-10;21;1341
17;2025-11-10;22;732
17;2025-11-10;23;318
17;2025-11-11;0;103
17;2025-11-11;1;9
17;2025-11-11;2;0
17;2025-11-11;3;0
17;2025-11-11;4;26
17;2025-11-11;5;315
17;2025-11-11;6;1521
17;2025-11-11;7;4077
17;2025-11-11;8;5461
17;2025-11-11;9;3844
17;2025-11-11;10;2980
17;2025-11-11;11;2847
17;2025-11-11;12;2958
17;2025-11-11;13;2996
17;2025-11-11;14;3115
17;2025-11-11;15;3214
17;2025-11-11;16;3576
17;2025-11-11;17;4520
17;2025-11-11;18;4922
17;2025-11-11;19;3466
17;2025-11-11;20;2363
17;2025-11-11;21;1388
17;2025-11-11;22;771
17;2025-11-11;23;346
17;2025-11-12;0;118
17;2025-11-12;1;9
17;2025-11-12;2;0
17;2025-11-12;3;0
17;2025-11-12;4;27
17;2025-11-12;5;314
17;2025-11-12;6;1515
17;2025-11-12;7;4015
17;2025-11-12;8;5317
17;2025-11-12;9;3776
17;2025-11-12;10;2979
17;2025-11-12;11;2955
17;2025-11-12;12;2949
17;2025-11-12;13;3055
17;2025-11-12;14;3087
17;2025-11-12;15;3273
17;2025-11-12;16;3654
17;2025-11-12;17;4476
17;2025-11-12;18;4890
17;2025-11-12;19;3429
17;2025-11-12;20;2331
17;2025-11-12;21;1461
17;2025-11-12;22;807
17;2025-11-12;23;383
17;2025-11-13;0;125
17;2025-11-13;1;10
17;2025-11-13;2;0
17;2025-11-13;3;0
17;2025-11-13;4;26
17;2025-11-13;5;315
17;2025-11-13;6;1507
17;2025-11-13;7;4014
17;2025-11-13;8;5321
17;2025-11-13;9;3796
17;2025-11-13;10;3015
17;2025-11-13;11;2931
17;2025-11-13;12;3013
17;2025-11-13;13;3038
17;2025-11-13;14;3128
17;2025-11-13;15;3267
17;2025-11-13;16;3714
17;2025-11-13;17;4520
17;2025-11-13;18;4899
17;2025-11-13;19;3484
17;2025-11-13;20;2405
17;2025-11-13;21;1480
17;2025-11-13;22;834
17;2025-11-13;23;390
17;2025-11-14;0;138
17;2025-11-14;1;15
17;2025-11-14;2;0
17;2025-11-14;3;0
17;2025-11-14;4;25
17;2025-11-14;5;305
17;2025-11-14;6;1488
17;2025-11-14;7;3948
17;2025-11-14;8;5214
17;2025-11-14;9;3731
17;2025-11-14;10;2976
17;2025-11-14;11;2934
17;2025-11-14;12;3029
17;2025-11-14;13;3109
17;2025-11-14;14;3153
17;2025-11-14;15;3524
17;2025-11-14;16;4207
17;2025-11-14;17;4664
17;2025-11-14;18;4461
17;2025-11-14;19;3292
17;2025-11-14;20;2329
17;2025-11-14;21;1557
17;2025-11-14;22;899
17;2025-11-14;23;451
17;2025-11-15;0;194
17;2025-11-15;1;21
17;2025-11-15;2;0
17;2025-11-15;3;0
17;2025-11-15;4;6
17;2025-11-15;5;121
17;2025-11-15;6;565
17;2025-11-15;7;1177
17;2025-11-15;8;1718
17;2025-11-15;9;2205
17;2025-11-15;10;2415
17;2025-11-15;11;2932
17;2025-11-15;12;3239
17;2025-11-15;13;3456
17;2025-11-15;14;3465
17;2025-11-15;15;3511
17;2025-11-15;16;3504
17;2025-11-15;17;3262
17;2025-11-15;18;3020
17;2025-11-15;19;2434
17;2025-11-15;20;1867
17;2025-11-15;21;1367
17;2025-11-15;22;867
17;2025-11-15;23;447
17;2025-11-16;0;173
17;2025-11-16;1;22
17;2025-11-16;2;0
17;2025-11-16;3;0
17;2025-11-16;4;1
17;2025-11-16;5;94
17;2025-11-16;6;423
17;2025-11-16;7;785
17;2025-11-16;8;1180
17;2025-11-16;9;1634
17;2025-11-16;10;1919
17;2025-11-16;11;2397
17;2025-11-16;12;2786
17;2025-11-16;13;3052
17;2025-11-16;14;3165
17;2025-11-16;15;3182
17;2025-11-16;16;3179
17;2025-11-16;17;3016
17;2025-11-16;18;2595
17;2025-11-16;19;2136
17;2025-11-16;20;1609
17;2025-11-16;21;1150
17;2025-11-16;22;777
17;2025-11-16;23;328
17;2025-11-17;0;102
17;2025-11-17;1;12
17;2025-11-17;2;0
17;2025-11-17;3;0
17;2025-11-17;4;26
17;2025-11-17;5;301
17;2025-11-17;6;1469
17;2025-11-17;7;3956
17;2025-11-17;8;5347
17;2025-11-17;9;3682
17;2025-11-17;10;2814
17;2025-11-17;11;2801
17;2025-11-17;12;2812
17;2025-11-17;13;2876
17;2025-11-17;14;2937
17;2025-11-17;15;3141
17;2025-11-17;16;3592
17;2025-11-17;17;4422
17;2025-11-17;18;4826
17;2025-11-17;19;3459
17;2025-11-17;20;2296
17;2025-11-17;21;1341
17;2025-11-17;22;732
17;2025-11-17;23;318
17;2025-11-18;0;103
17;2025-11-18;1;9
17;2025-11-18;2;0
17;2025-11-18;3;0
17;2025-11-18;4;26
17;2025-11-18;5;315
17;2025-11-18;6;1521
17;2025-11-18;7;4077
17;2025-11-18;8;5461
17;2025-11-18;9;3844
17;2025-11-18;10;2980
17;2025-11-18;11;2847
17;2025-11-18;12;2958
17;2025-11-18;13;2996
17;2025-11-18;14;3115
17;2025-11-18;15;3214
17;2025-11-18;16;3576
17;2025-11-18;17;4520
17;2025-11-18;18;4922
17;2025-11-18;19;3466
17;2025-11-18;20;2363
17;2025-11-18;21;1388
17;2025-11-18;22;771
17;2025-11-18;23;346
17;2025-11-19;0;118
17;2025-11-19;1;9
17;2025-11-19;2;0
17;2025-11-19;3;0
17;2025-11-19;4;27
17;2025-11-19;5;314
17;2025-11-19;6;1515
17;2025-11-19;7;4015
17;2025-11-19;8;5317
17;2025-11-19;9;3776
17;2025-11-19;10;2979
17;2025-11-19;11;2955
17;2025-11-19;12;2949
17;2025-11-19;13;3055
17;2025-11-19;14;3087
17;2025-11-19;15;3273
17;2025-11-19;16;3654
17;2025-11-19;17;4476
17;2025-11-19;18;4890
17;2025-11-19;19;3429
17;2025-11-19;20;2331
17;2025-11-19;21;1461
17;2025-11-19;22;807
17;2025-11-19;23;383
17;2025-11-20;0;125
17;2025-11-20;1;10
17;2025-11-20;2;0
17;2025-11-20;3;0
17;2025-11-20;4;26
17;2025-11-20;5;315
17;2025-11-20;6;1507
17;2025-11-20;7;4014
17;2025-11-20;8;5321
17;2025-11-20;9;3796
17;2025-11-20;10;3015
17;2025-11-20;11;2931
17;2025-11-20;12;3013
17;2025-11-20;13;3038
17;2025-11-20;14;3128
17;2025-11-20;15;3267
17;2025-11-20;16;3714
17;2025-11-20;17;4520
17;2025-11-20;18;4899
17;2025-11-20;19;3484
17;2025-11-20;20;2405
17;2025-11-20;21;1480
17;2025-11-20;22;834
17;2025-11-20;23;390
17;2025-11-21;0;138
17;2025-11-21;1;15
17;2025-11-21;2;0
17;2025-11-21;3;0
17;2025-11-21;4;25
17;2025-11-21;5;305
17;2025-11-21;6;1488
17;2025-11-21;7;3948
17;2025-11-21;8;5214
17;2025-11-21;9;3731
17;2025-11-21;10;2976
17;2025-11-21;11;2934
17;2025-11-21;12;3029
17;2025-11-21;13;3109
17;2025-11-21;14;3153
17;2025-11-21;15;3524
17;2025-11-21;16;4207
17;2025-11-21;17;4664
17;2025-11-21;18;4461
17;2025-11-21;19;3292
17;2025-11-21;20;2329
17;2025-11-21;21;1557
17;2025-11-21;22;899
17;2025-11-21;23;451
17;2025-11-22;0;194
17;2025-11-22;1;21
17;2025-11-22;2;0
17;2025-11-22;3;0
17;2025-11-22;4;6
17;2025-11-22;5;121
17;2025-11-22;6;565
17;2025-11-22;7;1177
17;2025-11-22;8;1718
17;2025-11-22;9;2205
17;2025-11-22;10;2415
17;2025-11-22;11;2932
17;2025-11-22;12;3239
17;2025-11-22;13;3456
17;2025-11-22;14;3465
17;2025-11-22;15;3511
17;2025-11-22;16;3504
17;2025-11-22;17;3262
17;2025-11-22;18;3020
17;2025-11-22;19;2434
17;2025-11-22;20;1867
17;2025-11-22;21;1367
17;2025-11-22;22;867
17;2025-11-22;23;447
17;2025-11-23;0;173
17;2025-11-23;1;22
17;2025-11-23;2;0
17;2025-11-23;3;0
17;2025-11-23;4;1
17;2025-11-23;5;94
17;2025-11-23;6;423
17;2025-11-23;7;785
17;2025-11-23;8;1180
17;2025-11-23;9;1634
17;2025-11-23;10;1919
17;2025-11-23;11;2397
17;2025-11-23;12;2786
17;2025-11-23;13;3052
17;2025-11-23;14;3165
17;2025-11-23;15;3182
17;2025-11-23;16;3179
17;2025-11-23;17;3016
17;2025-11-23;18;2595
17;2025-11-23;19;2136
17;2025-11-23;20;1609
17;2025-11-23;21;1150
17;2025-11-23;22;777
17;2025-11-23;23;328
17;2025-11-24;0;102
17;2025-11-24;1;12
17;2025-11-24;2;0
17;2025-11-24;3;0
17;2025-11-24;4;26
17;2025-11-24;5;301
17;2025-11-24;6;1469
17;2025-11-24;7;3956
17;2025-11-24;8;5347
17;2025-11-24;9;3682
17;2025-11-24;10;2814
17;2025-11-24;11;2801
17;2025-11-24;12;2812
17;2025-11-24;13;2876
17;2025-11-24;14;2937
17;2025-11-24;15;3141
17;2025-11-24;16;3592
17;2025-11-24;17;4422
17;2025-11-24;18;4826
17;2025-11-24;19;3459
17;2025-11-24;20;2296
17;2025-11-24;21;1341
17;2025-11-24;22;732
17;2025-11-24;23;318
17;2025-11-25;0;103
17;2025-11-25;1;9
17;2025-11-25;2;0
17;2025-11-25;3;0
17;2025-11-25;4;26
17;2025-11-25;5;315
17;2025-11-25;6;1521
17;2025-11-25;7;4077
17;2025-11-25;8;5461
17;2025-11-25;9;3844
17;2025-11-25;10;2980
17;2025-11-25;11;2847
17;2025-11-25;12;2958
17;2025-11-25;13;2996
17;2025-11-25;14;3115
17;2025-11-25;15;3214
17;2025-11-25;16;3576
17;2025-11-25;17;4520
17;2025-11-25;18;4922
17;2025-11-25;19;3466
17;2025-11-25;20;2363
17;2025-11-25;21;1388
17;2025-11-25;22;771
17;2025-11-25;23;346
17;2025-11-26;0;118
17;2025-11-26;1;9
17;2025-11-26;2;0
17;2025-11-26;3;0
17;2025-11-26;4;27
17;2025-11-26;5;314
17;2025-11-26;6;1515
17;2025-11-26;7;4015
17;2025-11-26;8;5317
17;2025-11-26;9;3776
17;2025-11-26;10;2979
17;2025-11-26;11;2955
17;2025-11-26;12;2949
17;2025-11-26;13;3055
17;2025-11-26;14;3087
17;2025-11-26;15;3273
17;2025-11-26;16;3654
17;2025-11-26;17;4476
17;2025-11-26;18;4890
17;2025-11-26;19;3429
17;2025-11-26;20;2331
17;2025-11-26;21;1461
17;2025-11-26;22;807
17;2025-11-26;23;383
17;2025-11-27;0;125
17;2025-11-27;1;10
17;2025-11-27;2;0
17;2025-11-27;3;0
17;2025-11-27;4;26
17;2025-11-27;5;315
17;2025-11-27;6;1507
17;2025-11-27;7;4014
17;2025-11-27;8;5321
17;2025-11-27;9;3796
17;2025-11-27;10;3015
17;2025-11-27;11;2931
17;2025-11-27;12;3013
17;2025-11-27;13;3038
17;2025-11-27;14;3128
17;2025-11-27;15;3267
17;2025-11-27;16;3714
17;2025-11-27;17;4520
17;2025-11-27;18;4899
17;2025-11-27;19;3484
17;2025-11-27;20;2405
17;2025-11-27;21;1480
17;2025-11-27;22;834
17;2025-11-27;23;390
17;2025-11-28;0;138
17;2025-11-28;1;15
17;2025-11-28;2;0
17;2025-11-28;3;0
17;2025-11-28;4;25
17;2025-11-28;5;305
17;2025-11-28;6;1488
17;2025-11-28;7;3948
17;2025-11-28;8;5214
17;2025-11-28;9;3731
17;2025-11-28;10;2976
17;2025-11-28;11;2934
17;2025-11-28;12;3029
17;2025-11-28;13;3109
17;2025-11-28;14;3153
17;2025-11-28;15;3524
17;2025-11-28;16;4207
17;2025-11-28;17;4664
17;2025-11-28;18;4461
17;2025-11-28;19;3292
17;2025-11-28;20;2329
17;2025-11-28;21;1557
17;2025-11-28;22;899
17;2025-11-28;23;451
17;2025-11-29;0;194
17;2025-11-29;1;21
17;2025-11-29;2;0
17;2025-11-29;3;0
17;2025-11-29;4;6
17;2025-11-29;5;121
17;2025-11-29;6;565
17;2025-11-29;7;1177
17;2025-11-29;8;1718
17;2025-11-29;9;2205
17;2025-11-29;10;2415
17;2025-11-29;11;2932
17;2025-11-29;12;3239
17;2025-11-29;13;3456
17;2025-11-29;14;3465
17;2025-11-29;15;3511
17;2025-11-29;16;3504
17;2025-11-29;17;3262
17;2025-11-29;18;3020
17;2025-11-29;19;2434
17;2025-11-29;20;1867
17;2025-11-29;21;1367
17;2025-11-29;22;867
17;2025-11-29;23;447
17;2025-11-30;0;173
17;2025-11-30;1;22
17;2025-11-30;2;0
17;2025-11-30;3;0
17;2025-11-30;4;1
17;2025-11-30;5;94
17;2025-11-30;6;423
17;2025-11-30;7;785
17;2025-11-30;8;1180
17;2025-11-30;9;1634
17;2025-11-30;10;1919
17;2025-11-30;11;2397
17;2025-11-30;12;2786
17;2025-11-30;13;3052
17;2025-11-30;14;3165
17;2025-11-30;15;3182
17;2025-11-30;16;3179
17;2025-11-30;17;3016
17;2025-11-30;18;2595
17;2025-11-30;19;2136
17;2025-11-30;20;1609
17;2025-11-30;21;1150
17;2025-11-30;22;777
17;2025-11-30;23;328
17;2025-12-01;0;102
17;2025-12-01;1;12
17;2025-12-01;2;0
17;2025-12-01;3;0
17;2025-12-01;4;26
17;2025-12-01;5;301
17;2025-12-01;6;1469
17;2025-12-01;7;3956
17;2025-12-01;8;5347
17;2025-12-01;9;3682
17;2025-12-01;10;2814
17;2025-12-01;11;2801
17;2025-12-01;12;2812
17;2025-12-01;13;2876
17;2025-12-01;14;2937
17;2025-12-01;15;3141
17;2025-12-01;16;3592
17;2025-12-01;17;4422
17;2025-12-01;18;4826
17;2025-12-01;19;3459
17;2025-12-01;20;2296
17;2025-12-01;21;1341
17;2025-12-01;22;732
17;2025-12-01;23;318
17;2025-12-02;0;103
17;2025-12-02;1;9
17;2025-12-02;2;0
17;2025-12-02;3;0
17;2025-12-02;4;26
17;2025-12-02;5;315
17;2025-12-02;6;1521
17;2025-12-02;7;4077
17;2025-12-02;8;5461
17;2025-12-02;9;3844
17;2025-12-02;10;2980
17;2025-12-02;11;2847
17;2025-12-02;12;2958
17;2025-12-02;13;2996
17;2025-12-02;14;3115
17;2025-12-02;15;3214
17;2025-12-02;16;3576
17;2025-12-02;17;4520
17;2025-12-02;18;4922
17;2025-12-02;19;3466
17;2025-12-02;20;2363
17;2025-12-02;21;1388
17;2025-12-02;22;771
17;2025-12-02;23;346
17;2025-12-03;0;118
17;2025-12-03;1;9
17;2025-12-03;2;0
17;2025-12-03;3;0
17;2025-12-03;4;27
17;2025-12-03;5;314
17;2025-12-03;6;1515
17;2025-12-03;7;4015
17;2025-12-03;8;5317
17;2025-12-03;9;3776
17;2025-12-03;10;2979
17;2025-12-03;11;2955
17;2025-12-03;12;2949
17;2025-12-03;13;3055
17;2025-12-03;14;3087
17;2025-12-03;15;3273
17;2025-12-03;16;3654
17;2025-12-03;17;4476
17;2025-12-03;18;4890
17;2025-12-03;19;3429
17;2025-12-03;20;2331
17;2025-12-03;21;1461
17;2025-12-03;22;807
17;2025-12-03;23;383
17;2025-12-04;0;125
17;2025-12-04;1;10
17;2025-12-04;2;0
17;2025-12-04;3;0
17;2025-12-04;4;26
17;2025-12-04;5;315
17;2025-12-04;6;1507
17;2025-12-04;7;4014
17;2025-12-04;8;5321
17;2025-12-04;9;3796
17;2025-12-04;10;3015
17;2025-12-04;11;2931
17;2025-12-04;12;3013
17;2025-12-04;13;3038
17;2025-12-04;14;3128
17;2025-12-04;15;3267
17;2025-12-04;16;3714
17;2025-12-04;17;4520
17;2025-12-04;18;4899
17;2025-12-04;19;3484
17;2025-12-04;20;2405
17;2025-12-04;21;1480
17;2025-12-04;22;834
17;2025-12-04;23;390
17;2025-12-05;0;138
17;2025-12-05;1;15
17;2025-12-05;2;0
17;2025-12-05;3;0
17;2025-12-05;4;25
17;2025-12-05;5;305
17;2025-12-05;6;1488
17;2025-12-05;7;3948
17;2025-12-05;8;5214
17;2025-12-05;9;3731
17;2025-12-05;10;2976
17;2025-12-05;11;2934
17;2025-12-05;12;3029
17;2025-12-05;13;3109
17;2025-12-05;14;3153
17;2025-12-05;15;3524
17;2025-12-05;16;4207
17;2025-12-05;17;4664
17;2025-12-05;18;4461
17;2025-12-05;19;3292
17;2025-12-05;20;2329
17;2025-12-05;21;1557
17;2025-12-05;22;899
17;2025-12-05;23;451
17;2025-12-06;0;194
17;2025-12-06;1;21
17;2025-12-06;2;0
17;2025-12-06;3;0
17;2025-12-06;4;6
17;2025-12-06;5;121
17;2025-12-06;6;565
17;2025-12-06;7;1177
17;2025-12-06;8;1718
17;2025-12-06;9;2205
17;2025-12-06;10;2415
17;2025-12-06;11;2932
17;2025-12-06;12;3239
17;2025-12-06;13;3456
17;2025-12-06;14;3465
17;2025-12-06;15;3511
17;2025-12-06;16;3504
17;2025-12-06;17;3262
17;2025-12-06;18;3020
17;2025-12-06;19;2434
17;2025-12-06;20;1867
17;2025-12-06;21;1367
17;2025-12-06;22;867
17;2025-12-06;23;447
17;2025-12-07;0;173
17;2025-12-07;1;22
17;2025-12-07;2;0
17;2025-12-07;3;0
17;2025-12-07;4;1
17;2025-12-07;5;94
17;2025-12-07;6;423
17;2025-12-07;7;785
17;2025-12-07;8;1180
17;2025-12-07;9;1634
17;2025-12-07;10;1919
17;2025-12-07;11;2397
17;2025-12-07;12;2786
17;2025-12-07;13;3052
17;2025-12-07;14;3165
17;2025-12-07;15;3182
17;2025-12-07;16;3179
17;2025-12-07;17;3016
17;2025-12-07;18;2595
17;2025-12-07;19;2136
17;2025-12-07;20;1609
17;2025-12-07;21;1150
17;2025-12-07;22;777
17;2025-12-07;23;328
17;2025-12-08;0;102
17;2025-12-08;1;12
17;2025-12-08;2;0
17;2025-12-08;3;0
17;2025-12-08;4;26
17;2025-12-08;5;301
17;2025-12-08;6;1469
17;2025-12-08;7;3956
17;2025-12-08;8;5347
17;2025-12-08;9;3682
17;2025-12-08;10;2814
17;2025-12-08;11;2801
17;2025-12-08;12;2812
17;2025-12-08;13;2876
17;2025-12-08;14;2937
17;2025-12-08;15;3141
17;2025-12-08;16;3592
17;2025-12-08;17;4422
17;2025-12-08;18;4826
17;2025-12-08;19;3459
17;2025-12-08;20;2296
17;2025-12-08;21;1341
17;2025-12-08;22;732
17;2025-12-08;23;318
17;2025-12-09;0;103
17;2025-12-09;1;9
17;2025-12-09;2;0
17;2025-12-09;3;0
17;2025-12-09;4;26
17;2025-12-09;5;315
17;2025-12-09;6;1521
17;2025-12-09;7;4077
17;2025-12-09;8;5461
17;2025-12-09;9;3844
17;2025-12-09;10;2980
17;2025-12-09;11;2847
17;2025-12-09;12;2958
17;2025-12-09;13;2996
17;2025-12-09;14;3115
17;2025-12-09;15;3214
17;2025-12-09;16;3576
17;2025-12-09;17;4520
17;2025-12-09;18;4922
17;2025-12-09;19;3466
17;2025-12-09;20;2363
17;2025-12-09;21;1388
17;2025-12-09;22;771
17;2025-12-09;23;346
17;2025-12-10;0;118
17;2025-12-10;1;9
17;2025-12-10;2;0
17;2025-12-10;3;0
17;2025-12-10;4;27
17;2025-12-10;5;314
17;2025-12-10;6;1515
17;2025-12-10;7;4015
17;2025-12-10;8;5317
17;2025-12-10;9;3776
17;2025-12-10;10;2979
17;2025-12-10;11;2955
17;2025-12-10;12;2949
17;2025-12-10;13;3055
17;2025-12-10;14;3087
17;2025-12-10;15;3273
17;2025-12-10;16;3654
17;2025-12-10;17;4476
17;2025-12-10;18;4890
17;2025-12-10;19;3429
17;2025-12-10;20;2331
17;2025-12-10;21;1461
17;2025-12-10;22;807
17;2025-12-10;23;383
17;2025-12-11;0;125
17;2025-12-11;1;10
17;2025-12-11;2;0
17;2025-12-11;3;0
17;2025-12-11;4;26
17;2025-12-11;5;315
17;2025-12-11;6;1507
17;2025-12-11;7;4014
17;2025-12-11;8;5321
17;2025-12-11;9;3796
17;2025-12-11;10;3015
17;2025-12-11;11;2931
17;2025-12-11;12;3013
17;2025-12-11;13;3038
17;2025-12-11;14;3128
17;2025-12-11;15;3267
17;2025-12-11;16;3714
17;2025-12-11;17;4520
17;2025-12-11;18;4899
17;2025-12-11;19;3484
17;2025-12-11;20;2405
17;2025-12-11;21;1480
17;2025-12-11;22;834
17;2025-12-11;23;390
17;2025-12-12;0;138
17;2025-12-12;1;15
17;2025-12-12;2;0
17;2025-12-12;3;0
17;2025-12-12;4;25
17;2025-12-12;5;305
17;2025-12-12;6;1488
17;2025-12-12;7;3948
17;2025-12-12;8;5214
17;2025-12-12;9;3731
17;2025-12-12;10;2976
17;2025-12-12;11;2934
17;2025-12-12;12;3029
17;2025-12-12;13;3109
17;2025-12-12;14;3153
17;2025-12-12;15;3524
17;2025-12-12;16;4207
17;2025-12-12;17;4664
17;2025-12-12;18;4461
17;2025-12-12;19;3292
17;2025-12-12;20;2329
17;2025-12-12;21;1557
17;2025-12-12;22;899
17;2025-12-12;23;451
17;2025-12-13;0;194
17;2025-12-13;1;21
17;2025-12-13;2;0
17;2025-12-13;3;0
17;2025-12-13;4;6
17;2025-12-13;5;121
17;2025-12-13;6;565
17;2025-12-13;7;1177
17;2025-12-13;8;1718
17;2025-12-13;9;2205
17;2025-12-13;10;2415
17;2025-12-13;11;2932
17;2025-12-13;12;3239
17;2025-12-13;13;3456
17;2025-12-13;14;3465
17;2025-12-13;15;3511
17;2025-12-13;16;3504
17;2025-12-13;17;3262
17;2025-12-13;18;3020
17;2025-12-13;19;2434
17;2025-12-13;20;1867
17;2025-12-13;21;1367
17;2025-12-13;22;867
17;2025-12-13;23;447
17;2025-12-14;0;173
17;2025-12-14;1;22
17;2025-12-14;2;0
17;2025-12-14;3;0
17;2025-12-14;4;1
17;2025-12-14;5;94
17;2025-12-14;6;423
17;2025-12-14;7;785
17;2025-12-14;8;1180
17;2025-12-14;9;1634
17;2025-12-14;10;1919
17;2025-12-14;11;2397
17;2025-12-14;12;2786
17;2025-12-14;13;3052
17;2025-12-14;14;3165
17;2025-12-14;15;3182
17;2025-12-14;16;3179
17;2025-12-14;17;3016
17;2025-12-14;18;2595
17;2025-12-14;19;2136
17;2025-12-14;20;1609
17;2025-12-14;21;1150
17;2025-12-14;22;777
17;2025-12-14;23;328
17;2025-12-15;0;102
17;2025-12-15;1;12
17;2025-12-15;2;0
17;2025-12-15;3;0
17;2025-12-15;4;26
17;2025-12-15;5;301
17;2025-12-15;6;1469
17;2025-12-15;7;3956
17;2025-12-15;8;5347
17;2025-12-15;9;3682
17;2025-12-15;10;2814
17;2025-12-15;11;2801
17;2025-12-15;12;2812
17;2025-12-15;13;2876
17;2025-12-15;14;2937
17;2025-12-15;15;3141
17;2025-12-15;16;3592
17;2025-12-15;17;4422
17;2025-12-15;18;4826
17;2025-12-15;19;3459
17;2025-12-15;20;2296
17;2025-12-15;21;1341
17;2025-12-15;22;732
17;2025-12-15;23;318
17;2025-12-16;0;103
17;2025-12-16;1;9
17;2025-12-16;2;0
17;2025-12-16;3;0
17;2025-12-16;4;26
17;2025-12-16;5;315
17;2025-12-16;6;1521
17;2025-12-16;7;4077
17;2025-12-16;8;5461
17;2025-12-16;9;3844
17;2025-12-16;10;2980
17;2025-12-16;11;2847
17;2025-12-16;12;2958
17;2025-12-16;13;2996
17;2025-12-16;14;3115
17;2025-12-16;15;3214
17;2025-12-16;16;3576
17;2025-12-16;17;4520
17;2025-12-16;18;4922
17;2025-12-16;19;3466
17;2025-12-16;20;2363
17;2025-12-16;21;1388
17;2025-12-16;22;771
17;2025-12-16;23;346
17;2025-12-17;0;118
17;2025-12-17;1;9
17;2025-12-17;2;0
17;2025-12-17;3;0
17;2025-12-17;4;27
17;2025-12-17;5;314
17;2025-12-17;6;1515
17;2025-12-17;7;4015
17;2025-12-17;8;5317
17;2025-12-17;9;3776
17;2025-12-17;10;2979
17;2025-12-17;11;2955
17;2025-12-17;12;2949
17;2025-12-17;13;3055
17;2025-12-17;14;3087
17;2025-12-17;15;3273
17;2025-12-17;16;3654
17;2025-12-17;17;4476
17;2025-12-17;18;4890
17;2025-12-17;19;3429
17;2025-12-17;20;2331
17;2025-12-17;21;1461
17;2025-12-17;22;807
17;2025-12-17;23;383
17;2025-12-18;0;125
17;2025-12-18;1;10
17;2025-12-18;2;0
17;2025-12-18;3;0
17;2025-12-18;4;26
17;2025-12-18;5;315
17;2025-12-18;6;1507
17;2025-12-18;7;4014
17;2025-12-18;8;5321
17;2025-12-18;9;3796
17;2025-12-18;10;3015
17;2025-12-18;11;2931
17;2025-12-18;12;3013
17;2025-12-18;13;3038
17;2025-12-18;14;3128
17;2025-12-18;15;3267
17;2025-12-18;16;3714
17;2025-12-18;17;4520
17;2025-12-18;18;4899
17;2025-12-18;19;3484
17;2025-12-18;20;2405
17;2025-12-18;21;1480
17;2025-12-18;22;834
17;2025-12-18;23;390
17;2025-12-19;0;138
17;2025-12-19;1;15
17;2025-12-19;2;0
17;2025-12-19;3;0
17;2025-12-19;4;25
17;2025-12-19;5;305
17;2025-12-19;6;1488
17;2025-12-19;7;3948
17;2025-12-19;8;5214
17;2025-12-19;9;3731
17;2025-12-19;10;2976
17;2025-12-19;11;2934
17;2025-12-19;12;3029
17;2025-12-19;13;3109
17;2025-12-19;14;3153
17;2025-12-19;15;3524
17;2025-12-19;16;4207
17;2025-12-19;17;4664
17;2025-12-19;18;4461
17;2025-12-19;19;3292
17;2025-12-19;20;2329
17;2025-12-19;21;1557
17;2025-12-19;22;899
17;2025-12-19;23;451
17;2025-12-20;0;194
17;2025-12-20;1;21
17;2025-12-20;2;0
17;2025-12-20;3;0
17;2025-12-20;4;6
17;2025-12-20;5;121
17;2025-12-20;6;565
17;2025-12-20;7;1177
17;2025-12-20;8;1718
17;2025-12-20;9;2205
17;2025-12-20;10;2415
17;2025-12-20;11;2932
17;2025-12-20;12;3239
17;2025-12-20;13;3456
17;2025-12-20;14;3465
17;2025-12-20;15;3511
17;2025-12-20;16;3504
17;2025-12-20;17;3262
17;2025-12-20;18;3020
17;2025-12-20;19;2434
17;2025-12-20;20;1867
17;2025-12-20;21;1367
17;2025-12-20;22;867
17;2025-12-20;23;447
17;2025-12-21;0;173
17;2025-12-21;1;22
17;2025-12-21;2;0
17;2025-12-21;3;0
17;2025-12-21;4;1
17;2025-12-21;5;94
17;2025-12-21;6;423
17;2025-12-21;7;785
17;2025-12-21;8;1180
17;2025-12-21;9;1634
17;2025-12-21;10;1919
17;2025-12-21;11;2397
17;2025-12-21;12;2786
17;2025-12-21;13;3052
17;2025-12-21;14;3165
17;2025-12-21;15;3182
17;2025-12-21;16;3179
17;2025-12-21;17;3016
17;2025-12-21;18;2595
17;2025-12-21;19;2136
17;2025-12-21;20;1609
17;2025-12-21;21;1150
17;2025-12-21;22;777
17;2025-12-21;23;328
17;2025-12-22;0;102
17;2025-12-22;1;12
17;2025-12-22;2;0
17;2025-12-22;3;0
17;2025-12-22;4;26
17;2025-12-22;5;301
17;2025-12-22;6;1469
17;2025-12-22;7;3956
17;2025-12-22;8;5347
17;2025-12-22;9;3682
17;2025-12-22;10;2814
17;2025-12-22;11;2801
17;2025-12-22;12;2812
17;2025-12-22;13;2876
17;2025-12-22;14;2937
17;2025-12-22;15;3141
17;2025-12-22;16;3592
17;2025-12-22;17;4422
17;2025-12-22;18;4826
17;2025-12-22;19;3459
17;2025-12-22;20;2296
17;2025-12-22;21;1341
17;2025-12-22;22;732
17;2025-12-22;23;318
17;2025-12-23;0;103
17;2025-12-23;1;9
17;2025-12-23;2;0
17;2025-12-23;3;0
17;2025-12-23;4;26
17;2025-12-23;5;315
17;2025-12-23;6;1521
17;2025-12-23;7;4077
17;2025-12-23;8;5461
17;2025-12-23;9;3844
17;2025-12-23;10;2980
17;2025-12-23;11;2847
17;2025-12-23;12;2958
17;2025-12-23;13;2996
17;2025-12-23;14;3115
17;2025-12-23;15;3214
17;2025-12-23;16;3576
17;2025-12-23;17;4520
17;2025-12-23;18;4922
17;2025-12-23;19;3466
17;2025-12-23;20;2363
17;2025-12-23;21;1388
17;2025-12-23;22;771
17;2025-12-23;23;346
17;2025-12-24;0;118
17;2025-12-24;1;9
17;2025-12-24;2;0
17;2025-12-24;3;0
17;2025-12-24;4;27
17;2025-12-24;5;314
17;2025-12-24;6;1515
17;2025-12-24;7;4015
17;2025-12-24;8;5317
17;2025-12-24;9;3776
17;2025-12-24;10;2979
17;2025-12-24;11;2955
17;2025-12-24;12;2949
17;2025-12-24;13;3055
17;2025-12-24;14;3087
17;2025-12-24;15;3273
17;2025-12-24;16;3654
17;2025-12-24;17;4476
17;2025-12-24;18;4890
17;2025-12-24;19;3429
17;2025-12-24;20;2331
17;2025-12-24;21;1461
17;2025-12-24;22;807
17;2025-12-24;23;383
17;2025-12-25;0;125
17;2025-12-25;1;10
17;2025-12-25;2;0
17;2025-12-25;3;0
17;2025-12-25;4;26
17;2025-12-25;5;315
17;2025-12-25;6;1507
17;2025-12-25;7;4014
17;2025-12-25;8;5321
17;2025-12-25;9;3796
17;2025-12-25;10;3015
17;2025-12-25;11;2931
17;2025-12-25;12;3013
17;2025-12-25;13;3038
17;2025-12-25;14;3128
17;2025-12-25;15;3267
17;2025-12-25;16;3714
17;2025-12-25;17;4520
17;2025-12-25;18;4899
17;2025-12-25;19;3484
17;2025-12-25;20;2405
17;2025-12-25;21;1480
17;2025-12-25;22;834
17;2025-12-25;23;390
17;2025-12-26;0;138
17;2025-12-26;1;15
17;2025-12-26;2;0
17;2025-12-26;3;0
17;2025-12-26;4;25
17;2025-12-26;5;305
17;2025-12-26;6;1488
17;2025-12-26;7;3948
17;2025-12-26;8;5214
17;2025-12-26;9;3731
17;2025-12-26;10;2976
17;2025-12-26;11;2934
17;2025-12-26;12;3029
17;2025-12-26;13;3109
17;2025-12-26;14;3153
17;2025-12-26;15;3524
17;2025-12-26;16;4207
17;2025-12-26;17;4664
17;2025-12-26;18;4461
17;2025-12-26;19;3292
17;2025-12-26;20;2329
17;2025-12-26;21;1557
17;2025-12-26;22;899
17;2025-12-26;23;451
17;2025-12-27;0;194
17;2025-12-27;1;21
17;2025-12-27;2;0
17;2025-12-27;3;0
17;2025-12-27;4;6
17;2025-12-27;5;121
17;2025-12-27;6;565
17;2025-12-27;7;1177
17;2025-12-27;8;1718
17;2025-12-27;9;2205
17;2025-12-27;10;2415
17;2025-12-27;11;2932
17;2025-12-27;12;3239
17;2025-12-27;13;3456
17;2025-12-27;14;3465
17;2025-12-27;15;3511
17;2025-12-27;16;3504
17;2025-12-27;17;3262
17;2025-12-27;18;3020
17;2025-12-27;19;2434
17;2025-12-27;20;1867
17;2025-12-27;21;1367
17;2025-12-27;22;867
17;2025-12-27;23;447
17;2025-12-28;0;173
17;2025-12-28;1;22
17;2025-12-28;2;0
17;2025-12-28;3;0
17;2025-12-28;4;1
17;2025-12-28;5;94
17;2025-12-28;6;423
17;2025-12-28;7;785
17;2025-12-28;8;1180
17;2025-12-28;9;1634
17;2025-12-28;10;1919
17;2025-12-28;11;2397
17;2025-12-28;12;2786
17;2025-12-28;13;3052
17;2025-12-28;14;3165
17;2025-12-28;15;3182
17;2025-12-28;16;3179
17;2025-12-28;17;3016
17;2025-12-28;18;2595
17;2025-12-28;19;2136
17;2025-12-28;20;1609
17;2025-12-28;21;1150
17;2025-12-28;22;777
17;2025-12-28;23;328
17;2025-12-29;0;102
17;2025-12-29;1;12
17;2025-12-29;2;0
17;2025-12-29;3;0
17;2025-12-29;4;26
17;2025-12-29;5;301
17;2025-12-29;6;1469
17;2025-12-29;7;3956
17;2025-12-29;8;5347
17;2025-12-29;9;3682
17;2025-12-29;10;2814
17;2025-12-29;11;2801
17;2025-12-29;12;2812
17;2025-12-29;13;2876
17;2025-12-29;14;2937
17;2025-12-29;15;3141
17;2025-12-29;16;3592
17;2025-12-29;17;4422
17;2025-12-29;18;4826
17;2025-12-29;19;3459
17;2025-12-29;20;2296
17;2025-12-29;21;1341
17;2025-12-29;22;732
17;2025-12-29;23;318
17;2025-12-30;0;103
17;2025-12-30;1;9
17;2025-12-30;2;0
17;2025-12-30;3;0
17;2025-12-30;4;26
17;2025-12-30;5;315
17;2025-12-30;6;1521
17;2025-12-30;7;4077
17;2025-12-30;8;5461
17;2025-12-30;9;3844
17;2025-12-30;10;2980
17;2025-12-30;11;2847
17;2025-12-30;12;2958
17;2025-12-30;13;2996
17;2025-12-30;14;3115
17;2025-12-30;15;3214
17;2025-12-30;16;3576
17;2025-12-30;17;4520
17;2025-12-30;18;4922
17;2025-12-30;19;3466
17;2025-12-30;20;2363
17;2025-12-30;21;1388
17;2025-12-30;22;771
17;2025-12-30;23;346
17;2025-12-31;0;163
17;2025-12-31;1;13
17;2025-12-31;2;0
17;2025-12-31;3;0
17;2025-12-31;4;5
17;2025-12-31;5;97
17;2025-12-31;6;412
17;2025-12-31;7;719
17;2025-12-31;8;1112
17;2025-12-31;9;1488
17;2025-12-31;10;1642
17;2025-12-31;11;2112
17;2025-12-31;12;2463
17;2025-12-31;13;2717
17;2025-12-31;14;2871
17;2025-12-31;15;2902
17;2025-12-31;16;2958
17;2025-12-31;17;2795
17;2025-12-31;18;2403
17;2025-12-31;19;2010
17;2025-12-31;20;1529
17;2025-12-31;21;1147
17;2025-12-31;22;786
17;2025-12-31;23;338
25;2025-11-01;0;0
25;2025-11-01;1;0
25;2025-11-01;2;0
25;2025-11-01;3;0
25;2025-11-01;4;0
25;2025-11-01;5;6
25;2025-11-01;6;146
25;2025-11-01;7;501
25;2025-11-01;8;800
25;2025-11-01;9;424
25;2025-11-01;10;343
25;2025-11-01;11;412
25;2025-11-01;12;451
25;2025-11-01;13;546
25;2025-11-01;14;535
25;2025-11-01;15;597
25;2025-11-01;16;728
25;2025-11-01;17;709
25;2025-11-01;18;523
25;2025-11-01;19;370
25;2025-11-01;20;278
25;2025-11-01;21;198
25;2025-11-01;22;139
25;2025-11-01;23;18
25;2025-11-02;0;10
25;2025-11-02;1;0
25;2025-11-02;2;0
25;2025-11-02;3;0
25;2025-11-02;4;0
25;2025-11-02;5;1
25;2025-11-02;6;35
25;2025-11-02;7;81
25;2025-11-02;8;152
25;2025-11-02;9;165
25;2025-11-02;10;183
25;2025-11-02;11;245
25;2025-11-02;12;301
25;2025-11-02;13;391
25;2025-11-02;14;425
25;2025-11-02;15;526
25;2025-11-02;16;442
25;2025-11-02;17;397
25;2025-11-02;18;375
25;2025-11-02;19;318
25;2025-11-02;20;214
25;2025-11-02;21;171
25;2025-11-02;22;99
25;2025-11-02;23;38
25;2025-11-03;0;0
25;2025-11-03;1;0
25;2025-11-03;2;0
25;2025-11-03;3;0
25;2025-11-03;4;0
25;2025-11-03;5;0
25;2025-11-03;6;26
25;2025-11-03;7;72
25;2025-11-03;8;136
25;2025-11-03;9;139
25;2025-11-03;10;160
25;2025-11-03;11;221
25;2025-11-03;12;273
25;2025-11-03;13;357
25;2025-11-03;14;393
25;2025-11-03;15;483
25;2025-11-03;16;411
25;2025-11-03;17;368
25;2025-11-03;18;348
25;2025-11-03;19;310
25;2025-11-03;20;203
25;2025-11-03;21;174
25;2025-11-03;22;106
25;2025-11-03;23;38
25;2025-11-04;0;0
25;2025-11-04;1;0
25;2025-11-04;2;0
25;2025-11-04;3;0
25;2025-11-04;4;0
25;2025-11-04;5;0
25;2025-11-04;6;26
25;2025-11-04;7;72
25;2025-11-04;8;136
25;2025-11-04;9;139
25;2025-11-04;10;160
25;2025-11-04;11;221
25;2025-11-04;12;273
25;2025-11-04;13;357
25;2025-11-04;14;393
25;2025-11-04;15;483
25;2025-11-04;16;411
25;2025-11-04;17;368
25;2025-11-04;18;348
25;2025-11-04;19;310
25;2025-11-04;20;203
25;2025-11-04;21;174
25;2025-11-04;22;106
25;2025-11-04;23;38
25;2025-11-05;0;0
25;2025-11-05;1;0
25;2025-11-05;2;0
25;2025-11-05;3;0
25;2025-11-05;4;0
25;2025-11-05;5;2
25;2025-11-05;6;155
25;2025-11-05;7;507
25;2025-11-05;8;870
25;2025-11-05;9;444
25;2025-11-05;10;327
25;2025-11-05;11;389
25;2025-11-05;12;406
25;2025-11-05;13;509
25;2025-11-05;14;415
25;2025-11-05;15;504
25;2025-11-05;16;642
25;2025-11-05;17;698
25;2025-11-05;18;773
25;2025-11-05;19;467
25;2025-11-05;20;313
25;2025-11-05;21;193
25;2025-11-05;22;107
25;2025-11-05;23;4
25;2025-11-06;0;0
25;2025-11-06;1;0
25;2025-11-06;2;0
25;2025-11-06;3;0
25;2025-11-06;4;0
25;2025-11-06;5;3
25;2025-11-06;6;144
25;2025-11-06;7;512
25;2025-11-06;8;893
25;2025-11-06;9;442
25;2025-11-06;10;353
25;2025-11-06;11;389
25;2025-11-06;12;374
25;2025-11-06;13;483
25;2025-11-06;14;447
25;2025-11-06;15;539
25;2025-11-06;16;632
25;2025-11-06;17;722
25;2025-11-06;18;752
25;2025-11-06;19;483
25;2025-11-06;20;280
25;2025-11-06;21;187
25;2025-11-06;22;111
25;2025-11-06;23;5
25;2025-11-07;0;0
25;2025-11-07;1;0
25;2025-11-07;2;0
25;2025-11-07;3;0
25;2025-11-07;4;0
25;2025-11-07;5;1
25;2025-11-07;6;144
25;2025-11-07;7;505
25;2025-11-07;8;801
25;2025-11-07;9;415
25;2025-11-07;10;323
25;2025-11-07;11;405
25;2025-11-07;12;401
25;2025-11-07;13;501
25;2025-11-07;14;474
25;2025-11-07;15;564
25;2025-11-07;16;713
25;2025-11-07;17;726
25;2025-11-07;18;634
25;2025-11-07;19;437
25;2025-11-07;20;281
25;2025-11-07;21;193
25;2025-11-07;22;125
25;2025-11-07;23;4
25;2025-11-08;0;0
25;2025-11-08;1;0
25;2025-11-08;2;0
25;2025-11-08;3;0
25;2025-11-08;4;0
25;2025-11-08;5;0
25;2025-11-08;6;47
25;2025-11-08;7;124
25;2025-11-08;8;305
25;2025-11-08;9;281
25;2025-11-08;10;271
25;2025-11-08;11;398
25;2025-11-08;12;392
25;2025-11-08;13;517
25;2025-11-08;14;556
25;2025-11-08;15;638
25;2025-11-08;16;560
25;2025-11-08;17;476
25;2025-11-08;18;472
25;2025-11-08;19;422
25;2025-11-08;20;260
25;2025-11-08;21;193
25;2025-11-08;22;128
25;2025-11-08;23;45
25;2025-11-09;0;12
25;2025-11-09;1;0
25;2025-11-09;2;0
25;2025-11-09;3;0
25;2025-11-09;4;0
25;2025-11-09;5;2
25;2025-11-09;6;40
25;2025-11-09;7;87
25;2025-11-09;8;166
25;2025-11-09;9;188
25;2025-11-09;10;203
25;2025-11-09;11;263
25;2025-11-09;12;330
25;2025-11-09;13;435
25;2025-11-09;14;457
25;2025-11-09;15;567
25;2025-11-09;16;476
25;2025-11-09;17;436
25;2025-11-09;18;399
25;2025-11-09;19;328
25;2025-11-09;20;214
25;2025-11-09;21;168
25;2025-11-09;22;95
25;2025-11-09;23;36
25;2025-11-10;0;8
25;2025-11-10;1;0
25;2025-11-10;2;0
25;2025-11-10;3;0
25;2025-11-10;4;0
25;2025-11-10;5;1
25;2025-11-10;6;146
25;2025-11-10;7;526
25;2025-11-10;8;847
25;2025-11-10;9;449
25;2025-11-10;10;310
25;2025-11-10;11;367
25;2025-11-10;12;364
25;2025-11-10;13;478
25;2025-11-10;14;375
25;2025-11-10;15;471
25;2025-11-10;16;630
25;2025-11-10;17;690
25;2025-11-10;18;755
25;2025-11-10;19;450
25;2025-11-10;20;277
25;2025-11-10;21;183
25;2025-11-10;22;98
25;2025-11-10;23;5
25;2025-11-11;0;0
25;2025-11-11;1;0
25;2025-11-11;2;0
25;2025-11-11;3;0
25;2025-11-11;4;0
25;2025-11-11;5;2
25;2025-11-11;6;151
25;2025-11-11;7;510
25;2025-11-11;8;857
25;2025-11-11;9;464
25;2025-11-11;10;351
25;2025-11-11;11;395
25;2025-11-11;12;349
25;2025-11-11;13;442
25;2025-11-11;14;429
25;2025-11-11;15;489
25;2025-11-11;16;626
25;2025-11-11;17;676
25;2025-11-11;18;739
25;2025-11-11;19;459
25;2025-11-11;20;281
25;2025-11-11;21;179
25;2025-11-11;22;102
25;2025-11-11;23;5
25;2025-11-12;0;0
25;2025-11-12;1;0
25;2025-11-12;2;0
25;2025-11-12;3;0
25;2025-11-12;4;0
25;2025-11-12;5;2
25;2025-11-12;6;155
25;2025-11-12;7;507
25;2025-11-12;8;870
25;2025-11-12;9;444
25;2025-11-12;10;327
25;2025-11-12;11;389
25;2025-11-12;12;406
25;2025-11-12;13;509
25;2025-11-12;14;415
25;2025-11-12;15;504
25;2025-11-12;16;642
25;2025-11-12;17;698
25;2025-11-12;18;773
25;2025-11-12;19;467
25;2025-11-12;20;313
25;2025-11-12;21;193
25;2025-11-12;22;107
25;2025-11-12;23;4
25;2025-11-13;0;0
25;2025-11-13;1;0
25;2025-11-13;2;0
25;2025-11-13;3;0
25;2025-11-13;4;0
25;2025-11-13;5;3
25;2025-11-13;6;144
25;2025-11-13;7;512
25;2025-11-13;8;893
25;2025-11-13;9;442
25;2025-11-13;10;353
25;2025-11-13;11;389
25;2025-11-13;12;374
25;2025-11-13;13;483
25;2025-11-13;14;447
25;2025-11-13;15;539
25;2025-11-13;16;632
25;2025-11-13;17;722
25;2025-11-13;18;752
25;2025-11-13;19;483
25;2025-11-13;20;280
25;2025-11-13;21;187
25;2025-11-13;22;111
25;2025-11-13;23;5
25;2025-11-14;0;0
25;2025-11-14;1;0
25;2025-11-14;2;0
25;2025-11-14;3;0
25;2025-11-14;4;0
25;2025-11-14;5;1
25;2025-11-14;6;144
25;2025-11-14;7;505
25;2025-11-14;8;801
25;2025-11-14;9;415
25;2025-11-14;10;323
25;2025-11-14;11;405
25;2025-11-14;12;401
25;2025-11-14;13;501
25;2025-11-14;14;474
25;2025-11-14;15;564
25;2025-11-14;16;713
25;2025-11-14;17;726
25;2025-11-14;18;634
25;2025-11-14;19;437
25;2025-11-14;20;281
25;2025-11-14;21;193
25;2025-11-14;22;125
25;2025-11-14;23;4
25;2025-11-15;0;0
25;2025-11-15;1;0
25;2025-11-15;2;0
25;2025-11-15;3;0
25;2025-11-15;4;0
25;2025-11-15;5;0
25;2025-11-15;6;47
25;2025-11-15;7;124
25;2025-11-15;8;305
25;2025-11-15;9;281
25;2025-11-15;10;271
25;2025-11-15;11;398
25;2025-11-15;12;392
25;2025-11-15;13;517
25;2025-11-15;14;556
25;2025-11-15;15;638
25;2025-11-15;16;560
25;2025-11-15;17;476
25;2025-11-15;18;472
25;2025-11-15;19;422
25;2025-11-15;20;260
25;2025-11-15;21;193
25;2025-11-15;22;128
25;2025-11-15;23;45
25;2025-11-16;0;12
25;2025-11-16;1;0
25;2025-11-16;2;0
25;2025-11-16;3;0
25;2025-11-16;4;0
25;2025-11-16;5;2
25;2025-11-16;6;40
25;2025-11-16;7;87
25;2025-11-16;8;166
25;2025-11-16;9;188
25;2025-11-16;10;203
25;2025-11-16;11;263
25;2025-11-16;12;330
25;2025-11-16;13;435
25;2025-11-16;14;457
25;2025-11-16;15;567
25;2025-11-16;16;476
25;2025-11-16;17;436
25;2025-11-16;18;399
25;2025-11-16;19;328
25;2025-11-16;20;214
25;2025-11-16;21;168
25;2025-11-16;22;95
25;2025-11-16;23;36
25;2025-11-17;0;8
25;2025-11-17;1;0
25;2025-11-17;2;0
25;2025-11-17;3;0
25;2025-11-17;4;0
25;2025-11-17;5;1
25;2025-11-17;6;146
25;2025-11-17;7;526
25;2025-11-17;8;847
25;2025-11-17;9;449
25;2025-11-17;10;310
25;2025-11-17;11;367
25;2025-11-17;12;364
25;2025-11-17;13;478
25;2025-11-17;14;375
25;2025-11-17;15;471
25;2025-11-17;16;630
25;2025-11-17;17;690
25;2025-11-17;18;755
25;2025-11-17;19;450
25;2025-11-17;20;277
25;2025-11-17;21;183
25;2025-11-17;22;98
25;2025-11-17;23;5
25;2025-11-18;0;0
25;2025-11-18;1;0
25;2025-11-18;2;0
25;2025-11-18;3;0
25;2025-11-18;4;0
25;2025-11-18;5;2
25;2025-11-18;6;151
25;2025-11-18;7;510
25;2025-11-18;8;857
25;2025-11-18;9;464
25;2025-11-18;10;351
25;2025-11-18;11;395
25;2025-11-18;12;349
25;2025-11-18;13;442
25;2025-11-18;14;429
25;2025-11-18;15;489
25;2025-11-18;16;626
25;2025-11-18;17;676
25;2025-11-18;18;739
25;2025-11-18;19;459
25;2025-11-18;20;281
25;2025-11-18;21;179
25;2025-11-18;22;102
25;2025-11-18;23;5
25;2025-11-19;0;0
25;2025-11-19;1;0
25;2025-11-19;2;0
25;2025-11-19;3;0
25;2025-11-19;4;0
25;2025-11-19;5;2
25;2025-11-19;6;155
25;2025-11-19;7;507
25;2025-11-19;8;870
25;2025-11-19;9;444
25;2025-11-19;10;327
25;2025-11-19;11;389
25;2025-11-19;12;406
25;2025-11-19;13;509
25;2025-11-19;14;415
25;2025-11-19;15;504
25;2025-11-19;16;642
25;2025-11-19;17;698
25;2025-11-19;18;773
25;2025-11-19;19;467
25;2025-11-19;20;313
25;2025-11-19;21;193
25;2025-11-19;22;107
25;2025-11-19;23;4
25;2025-11-20;0;0
25;2025-11-20;1;0
25;2025-11-20;2;0
25;2025-11-20;3;0
25;2025-11-20;4;0
25;2025-11-20;5;3
25;2025-11-20;6;144
25;2025-11-20;7;512
25;2025-11-20;8;893
25;2025-11-20;9;442
25;2025-11-20;10;353
25;2025-11-20;11;389
25;2025-11-20;12;374
25;2025-11-20;13;483
25;2025-11-20;14;447
25;2025-11-20;15;539
25;2025-11-20;16;632
25;2025-11-20;17;722
25;2025-11-20;18;752
25;2025-11-20;19;483
25;2025-11-20;20;280
25;2025-11-20;21;187
25;2025-11-20;22;111
25;2025-11-20;23;5
25;2025-11-21;0;0
25;2025-11-21;1;0
25;2025-11-21;2;0
25;2025-11-21;3;0
25;2025-11-21;4;0
25;2025-11-21;5;1
25;2025-11-21;6;144
25;2025-11-21;7;505
25;2025-11-21;8;801
25;2025-11-21;9;415
25;2025-11-21;10;323
25;2025-11-21;11;405
25;2025-11-21;12;401
25;2025-11-21;13;501
25;2025-11-21;14;474
25;2025-11-21;15;564
25;2025-11-21;16;713
25;2025-11-21;17;726
25;2025-11-21;18;634
25;2025-11-21;19;437
25;2025-11-21;20;281
25;2025-11-21;21;193
25;2025-11-21;22;125
25;2025-11-21;23;4
25;2025-11-22;0;0
25;2025-11-22;1;0
25;2025-11-22;2;0
25;2025-11-22;3;0
25;2025-11-22;4;0
25;2025-11-22;5;0
25;2025-11-22;6;47
25;2025-11-22;7;124
25;2025-11-22;8;305
25;2025-11-22;9;281
25;2025-11-22;10;271
25;2025-11-22;11;398
25;2025-11-22;12;392
25;2025-11-22;13;517
25;2025-11-22;14;556
25;2025-11-22;15;638
25;2025-11-22;16;560
25;2025-11-22;17;476
25;2025-11-22;18;472
25;2025-11-22;19;422
25;2025-11-22;20;260
25;2025-11-22;21;193
25;2025-11-22;22;128
25;2025-11-22;23;45
25;2025-11-23;0;12
25;2025-11-23;1;0
25;2025-11-23;2;0
25;2025-11-23;3;0
25;2025-11-23;4;0
25;2025-11-23;5;2
25;2025-11-23;6;40
25;2025-11-23;7;87
25;2025-11-23;8;166
25;2025-11-23;9;188
25;2025-11-23;10;203
25;2025-11-23;11;263
25;2025-11-23;12;330
25;2025-11-23;13;435
25;2025-11-23;14;457
25;2025-11-23;15;567
25;2025-11-23;16;476
25;2025-11-23;17;436
25;2025-11-23;18;399
25;2025-11-23;19;328
25;2025-11-23;20;214
25;2025-11-23;21;168
25;2025-11-23;22;95
25;2025-11-23;23;36
25;2025-11-24;0;8
25;2025-11-24;1;0
25;2025-11-24;2;0
25;2025-11-24;3;0
25;2025-11-24;4;0
25;2025-11-24;5;1
25;2025-11-24;6;146
25;2025-11-24;7;526
25;2025-11-24;8;847
25;2025-11-24;9;449
25;2025-11-24;10;310
25;2025-11-24;11;367
25;2025-11-24;12;364
25;2025-11-24;13;478
25;2025-11-24;14;375
25;2025-11-24;15;471
25;2025-11-24;16;630
25;2025-11-24;17;690
25;2025-11-24;18;755
25;2025-11-24;19;450
25;2025-11-24;20;277
25;2025-11-24;21;183
25;2025-11-24;22;98
25;2025-11-24;23;5
25;2025-11-25;0;0
25;2025-11-25;1;0
25;2025-11-25;2;0
25;2025-11-25;3;0
25;2025-11-25;4;0
25;2025-11-25;5;2
25;2025-11-25;6;151
25;2025-11-25;7;510
25;2025-11-25;8;857
25;2025-11-25;9;464
25;2025-11-25;10;351
25;2025-11-25;11;395
25;2025-11-25;12;349
25;2025-11-25;13;442
25;2025-11-25;14;429
25;2025-11-25;15;489
25;2025-11-25;16;626
25;2025-11-25;17;676
25;2025-11-25;18;739
25;2025-11-25;19;459
25;2025-11-25;20;281
25;2025-11-25;21;179
25;2025-11-25;22;102
25;2025-11-25;23;5
25;2025-11-26;0;0
25;2025-11-26;1;0
25;2025-11-26;2;0
25;2025-11-26;3;0
25;2025-11-26;4;0
25;2025-11-26;5;2
25;2025-11-26;6;155
25;2025-11-26;7;507
25;2025-11-26;8;870
25;2025-11-26;9;444
25;2025-11-26;10;327
25;2025-11-26;11;389
25;2025-11-26;12;406
25;2025-11-26;13;509
25;2025-11-26;14;415
25;2025-11-26;15;504
25;2025-11-26;16;642
25;2025-11-26;17;698
25;2025-11-26;18;773
25;2025-11-26;19;467
25;2025-11-26;20;313
25;2025-11-26;21;193
25;2025-11-26;22;107
25;2025-11-26;23;4
25;2025-11-27;0;0
25;2025-11-27;1;0
25;2025-11-27;2;0
25;2025-11-27;3;0
25;2025-11-27;4;0
25;2025-11-27;5;3
25;2025-11-27;6;144
25;2025-11-27;7;512
25;2025-11-27;8;893
25;2025-11-27;9;442
25;2025-11-27;10;353
25;2025-11-27;11;389
25;2025-11-27;12;374
25;2025-11-27;13;483
25;2025-11-27;14;447
25;2025-11-27;15;539
25;2025-11-27;16;632
25;2025-11-27;17;722
25;2025-11-27;18;752
25;2025-11-27;19;483
25;2025-11-27;20;280
25;2025-11-27;21;187
25;2025-11-27;22;111
25;2025-11-27;23;5
25;2025-11-28;0;0
25;2025-11-28;1;0
25;2025-11-28;2;0
25;2025-11-28;3;0
25;2025-11-28;4;0
25;2025-11-28;5;1
25;2025-11-28;6;144
25;2025-11-28;7;505
25;2025-11-28;8;801
25;2025-11-28;9;415
25;2025-11-28;10;323
25;2025-11-28;11;405
25;2025-11-28;12;401
25;2025-11-28;13;501
25;2025-11-28;14;474
25;2025-11-28;15;564
25;2025-11-28;16;713
25;2025-11-28;17;726
25;2025-11-28;18;634
25;2025-11-28;19;437
25;2025-11-28;20;281
25;2025-11-28;21;193
25;2025-11-28;22;125
25;2025-11-28;23;4
25;2025-11-29;0;0
25;2025-11-29;1;0
25;2025-11-29;2;0
25;2025-11-29;3;0
25;2025-11-29;4;0
25;2025-11-29;5;0
25;2025-11-29;6;47
25;2025-11-29;7;124
25;2025-11-29;8;305
25;2025-11-29;9;281
25;2025-11-29;10;271
25;2025-11-29;11;398
25;2025-11-29;12;392
25;2025-11-29;13;517
25;2025-11-29;14;556
25;2025-11-29;15;638
25;2025-11-29;16;560
25;2025-11-29;17;476
25;2025-11-29;18;472
25;2025-11-29;19;422
25;2025-11-29;20;260
25;2025-11-29;21;193
25;2025-11-29;22;128
25;2025-11-29;23;45
25;2025-11-30;0;12
25;2025-11-30;1;0
25;2025-11-30;2;0
25;2025-11-30;3;0
25;2025-11-30;4;0
25;2025-11-30;5;2
25;2025-11-30;6;40
25;2025-11-30;7;87
25;2025-11-30;8;166
25;2025-11-30;9;188
25;2025-11-30;10;203
25;2025-11-30;11;263
25;2025-11-30;12;330
25;2025-11-30;13;435
25;2025-11-30;14;457
25;2025-11-30;15;567
25;2025-11-30;16;476
25;2025-11-30;17;436
25;2025-11-30;18;399
25;2025-11-30;19;328
25;2025-11-30;20;214
25;2025-11-30;21;168
25;2025-11-30;22;95
25;2025-11-30;23;36
25;2025-12-01;0;8
25;2025-12-01;1;0
25;2025-12-01;2;0
25;2025-12-01;3;0
25;2025-12-01;4;0
25;2025-12-01;5;1
25;2025-12-01;6;146
25;2025-12-01;7;526
25;2025-12-01;8;847
25;2025-12-01;9;449
25;2025-12-01;10;310
25;2025-12-01;11;367
25;2025-12-01;12;364
25;2025-12-01;13;478
25;2025-12-01;14;375
25;2025-12-01;15;471
25;2025-12-01;16;630
25;2025-12-01;17;690
25;2025-12-01;18;755
25;2025-12-01;19;450
25;2025-12-01;20;277
25;2025-12-01;21;183
25;2025-12-01;22;98
25;2025-12-01;23;5
25;2025-12-02;0;0
25;2025-12-02;1;0
25;2025-12-02;2;0
25;2025-12-02;3;0
25;2025-12-02;4;0
25;2025-12-02;5;2
25;2025-12-02;6;151
25;2025-12-02;7;510
25;2025-12-02;8;857
25;2025-12-02;9;464
25;2025-12-02;10;351
25;2025-12-02;11;395
25;2025-12-02;12;349
25;2025-12-02;13;442
25;2025-12-02;14;429
25;2025-12-02;15;489
25;2025-12-02;16;626
25;2025-12-02;17;676
25;2025-12-02;18;739
25;2025-12-02;19;459
25;2025-12-02;20;281
25;2025-12-02;21;179
25;2025-12-02;22;102
25;2025-12-02;23;5
25;2025-12-03;0;0
25;2025-12-03;1;0
25;2025-12-03;2;0
25;2025-12-03;3;0
25;2025-12-03;4;0
25;2025-12-03;5;2
25;2025-12-03;6;155
25;2025-12-03;7;507
25;2025-12-03;8;870
25;2025-12-03;9;444
25;2025-12-03;10;327
25;2025-12-03;11;389
25;2025-12-03;12;406
25;2025-12-03;13;509
25;2025-12-03;14;415
25;2025-12-03;15;504
25;2025-12-03;16;642
25;2025-12-03;17;698
25;2025-12-03;18;773
25;2025-12-03;19;467
25;2025-12-03;20;313
25;2025-12-03;21;193
25;2025-12-03;22;107
25;2025-12-03;23;4
25;2025-12-04;0;0
25;2025-12-04;1;0
25;2025-12-04;2;0
25;2025-12-04;3;0
25;2025-12-04;4;0
25;2025-12-04;5;3
25;2025-12-04;6;144
25;2025-12-04;7;512
25;2025-12-04;8;893
25;2025-12-04;9;442
25;2025-12-04;10;353
25;2025-12-04;11;389
25;2025-12-04;12;374
25;2025-12-04;13;483
25;2025-12-04;14;447
25;2025-12-04;15;539
25;2025-12-04;16;632
25;2025-12-04;17;722
25;2025-12-04;18;752
25;2025-12-04;19;483
25;2025-12-04;20;280
25;2025-12-04;21;187
25;2025-12-04;22;111
25;2025-12-04;23;5
25;2025-12-05;0;0
25;2025-12-05;1;0
25;2025-12-05;2;0
25;2025-12-05;3;0
25;2025-12-05;4;0
25;2025-12-05;5;1
25;2025-12-05;6;144
25;2025-12-05;7;505
25;2025-12-05;8;801
25;2025-12-05;9;415
25;2025-12-05;10;323
25;2025-12-05;11;405
25;2025-12-05;12;401
25;2025-12-05;13;501
25;2025-12-05;14;474
25;2025-12-05;15;564
25;2025-12-05;16;713
25;2025-12-05;17;726
25;2025-12-05;18;634
25;2025-12-05;19;437
25;2025-12-05;20;281
25;2025-12-05;21;193
25;2025-12-05;22;125
25;2025-12-05;23;4
25;2025-12-06;0;0
25;2025-12-06;1;0
25;2025-12-06;2;0
25;2025-12-06;3;0
25;2025-12-06;4;0
25;2025-12-06;5;0
25;2025-12-06;6;47
25;2025-12-06;7;124
25;2025-12-06;8;305
25;2025-12-06;9;281
25;2025-12-06;10;271
25;2025-12-06;11;398
25;2025-12-06;12;392
25;2025-12-06;13;517
25;2025-12-06;14;556
25;2025-12-06;15;638
25;2025-12-06;16;560
25;2025-12-06;17;476
25;2025-12-06;18;472
25;2025-12-06;19;422
25;2025-12-06;20;260
25;2025-12-06;21;193
25;2025-12-06;22;128
25;2025-12-06;23;45
25;2025-12-07;0;12
25;2025-12-07;1;0
25;2025-12-07;2;0
25;2025-12-07;3;0
25;2025-12-07;4;0
25;2025-12-07;5;2
25;2025-12-07;6;40
25;2025-12-07;7;87
25;2025-12-07;8;166
25;2025-12-07;9;188
25;2025-12-07;10;203
25;2025-12-07;11;263
25;2025-12-07;12;330
25;2025-12-07;13;435
25;2025-12-07;14;457
25;2025-12-07;15;567
25;2025-12-07;16;476
25;2025-12-07;17;436
25;2025-12-07;18;399
25;2025-12-07;19;328
25;2025-12-07;20;214
25;2025-12-07;21;168
25;2025-12-07;22;95
25;2025-12-07;23;36
25;2025-12-08;0;8
25;2025-12-08;1;0
25;2025-12-08;2;0
25;2025-12-08;3;0
25;2025-12-08;4;0
25;2025-12-08;5;1
25;2025-12-08;6;146
25;2025-12-08;7;526
25;2025-12-08;8;847
25;2025-12-08;9;449
25;2025-12-08;10;310
25;2025-12-08;11;367
25;2025-12-08;12;364
25;2025-12-08;13;478
25;2025-12-08;14;375
25;2025-12-08;15;471
25;2025-12-08;16;630
25;2025-12-08;17;690
25;2025-12-08;18;755
25;2025-12-08;19;450
25;2025-12-08;20;277
25;2025-12-08;21;183
25;2025-12-08;22;98
25;2025-12-08;23;5
25;2025-12-09;0;0
25;2025-12-09;1;0
25;2025-12-09;2;0
25;2025-12-09;3;0
25;2025-12-09;4;0
25;2025-12-09;5;2
25;2025-12-09;6;151
25;2025-12-09;7;510
25;2025-12-09;8;857
25;2025-12-09;9;464
25;2025-12-09;10;351
25;2025-12-09;11;395
25;2025-12-09;12;349
25;2025-12-09;13;442
25;2025-12-09;14;429
25;2025-12-09;15;489
25;2025-12-09;16;626
25;2025-12-09;17;676
25;2025-12-09;18;739
25;2025-12-09;19;459
25;2025-12-09;20;281
25;2025-12-09;21;179
25;2025-12-09;22;102
25;2025-12-09;23;5
25;2025-12-10;0;0
25;2025-12-10;1;0
25;2025-12-10;2;0
25;2025-12-10;3;0
25;2025-12-10;4;0
25;2025-12-10;5;2
25;2025-12-10;6;155
25;2025-12-10;7;507
25;2025-12-10;8;870
25;2025-12-10;9;444
25;2025-12-10;10;327
25;2025-12-10;11;389
25;2025-12-10;12;406
25;2025-12-10;13;509
25;2025-12-10;14;415
25;2025-12-10;15;504
25;2025-12-10;16;642
25;2025-12-10;17;698
25;2025-12-10;18;773
25;2025-12-10;19;467
25;2025-12-10;20;313
25;2025-12-10;21;193
25;2025-12-10;22;107
25;2025-12-10;23;4
25;2025-12-11;0;0
25;2025-12-11;1;0
25;2025-12-11;2;0
25;2025-12-11;3;0
25;2025-12-11;4;0
25;2025-12-11;5;3
25;2025-12-11;6;144
25;2025-12-11;7;512
25;2025-12-11;8;893
25;2025-12-11;9;442
25;2025-12-11;10;353
25;2025-12-11;11;389
25;2025-12-11;12;374
25;2025-12-11;13;483
25;2025-12-11;14;447
25;2025-12-11;15;539
25;2025-12-11;16;632
25;2025-12-11;17;722
25;2025-12-11;18;752
25;2025-12-11;19;483
25;2025-12-11;20;280
25;2025-12-11;21;187
25;2025-12-11;22;111
25;2025-12-11;23;5
25;2025-12-12;0;0
25;2025-12-12;1;0
25;2025-12-12;2;0
25;2025-12-12;3;0
25;2025-12-12;4;0
25;2025-12-12;5;1
25;2025-12-12;6;144
25;2025-12-12;7;505
25;2025-12-12;8;801
25;2025-12-12;9;415
25;2025-12-12;10;323
25;2025-12-12;11;405
25;2025-12-12;12;401
25;2025-12-12;13;501
25;2025-12-12;14;474
25;2025-12-12;15;564
25;2025-12-12;16;713
25;2025-12-12;17;726
25;2025-12-12;18;634
25;2025-12-12;19;437
25;2025-12-12;20;281
25;2025-12-12;21;193
25;2025-12-12;22;125
25;2025-12-12;23;4
25;2025-12-13;0;0
25;2025-12-13;1;0
25;2025-12-13;2;0
25;2025-12-13;3;0
25;2025-12-13;4;0
25;2025-12-13;5;0
25;2025-12-13;6;47
25;2025-12-13;7;124
25;2025-12-13;8;305
25;2025-12-13;9;281
25;2025-12-13;10;271
25;2025-12-13;11;398
25;2025-12-13;12;392
25;2025-12-13;13;517
25;2025-12-13;14;556
25;2025-12-13;15;638
25;2025-12-13;16;560
25;2025-12-13;17;476
25;2025-12-13;18;472
25;2025-12-13;19;422
25;2025-12-13;20;260
25;2025-12-13;21;193
25;2025-12-13;22;128
25;2025-12-13;23;45
25;2025-12-14;0;12
25;2025-12-14;1;0
25;2025-12-14;2;0
25;2025-12-14;3;0
25;2025-12-14;4;0
25;2025-12-14;5;2
25;2025-12-14;6;40
25;2025-12-14;7;87
25;2025-12-14;8;166
25;2025-12-14;9;188
25;2025-12-14;10;203
25;2025-12-14;11;263
25;2025-12-14;12;330
25;2025-12-14;13;435
25;2025-12-14;14;457
25;2025-12-14;15;567
25;2025-12-14;16;476
25;2025-12-14;17;436
25;2025-12-14;18;399
25;2025-12-14;19;328
25;2025-12-14;20;214
25;2025-12-14;21;168
25;2025-12-14;22;95
25;2025-12-14;23;36
25;2025-12-15;0;8
25;2025-12-15;1;0
25;2025-12-15;2;0
25;2025-12-15;3;0
25;2025-12-15;4;0
25;2025-12-15;5;1
25;2025-12-15;6;146
25;2025-12-15;7;526
25;2025-12-15;8;847
25;2025-12-15;9;449
25;2025-12-15;10;310
25;2025-12-15;11;367
25;2025-12-15;12;364
25;2025-12-15;13;478
25;2025-12-15;14;375
25;2025-12-15;15;471
25;2025-12-15;16;630
25;2025-12-15;17;690
25;2025-12-15;18;755
25;2025-12-15;19;450
25;2025-12-15;20;277
25;2025-12-15;21;183
25;2025-12-15;22;98
25;2025-12-15;23;5
25;2025-12-16;0;0
25;2025-12-16;1;0
25;2025-12-16;2;0
25;2025-12-16;3;0
25;2025-12-16;4;0
25;2025-12-16;5;2
25;2025-12-16;6;151
25;2025-12-16;7;510
25;2025-12-16;8;857
25;2025-12-16;9;464
25;2025-12-16;10;351
25;2025-12-16;11;395
25;2025-12-16;12;349
25;2025-12-16;13;442
25;2025-12-16;14;429
25;2025-12-16;15;489
25;2025-12-16;16;626
25;2025-12-16;17;676
25;2025-12-16;18;739
25;2025-12-16;19;459
25;2025-12-16;20;281
25;2025-12-16;21;179
25;2025-12-16;22;102
25;2025-12-16;23;5
25;2025-12-17;0;0
25;2025-12-17;1;0
25;2025-12-17;2;0
25;2025-12-17;3;0
25;2025-12-17;4;0
25;2025-12-17;5;2
25;2025-12-17;6;155
25;2025-12-17;7;507
25;2025-12-17;8;870
25;2025-12-17;9;444
25;2025-12-17;10;327
25;2025-12-17;11;389
25;2025-12-17;12;406
25;2025-12-17;13;509
25;2025-12-17;14;415
25;2025-12-17;15;504
25;2025-12-17;16;642
25;2025-12-17;17;698
25;2025-12-17;18;773
25;2025-12-17;19;467
25;2025-12-17;20;313
25;2025-12-17;21;193
25;2025-12-17;22;107
25;2025-12-17;23;4
25;2025-12-18;0;0
25;2025-12-18;1;0
25;2025-12-18;2;0
25;2025-12-18;3;0
25;2025-12-18;4;0
25;2025-12-18;5;3
25;2025-12-18;6;144
25;2025-12-18;7;512
25;2025-12-18;8;893
25;2025-12-18;9;442
25;2025-12-18;10;353
25;2025-12-18;11;389
25;2025-12-18;12;374
25;2025-12-18;13;483
25;2025-12-18;14;447
25;2025-12-18;15;539
25;2025-12-18;16;632
25;2025-12-18;17;722
25;2025-12-18;18;752
25;2025-12-18;19;483
25;2025-12-18;20;280
25;2025-12-18;21;187
25;2025-12-18;22;111
25;2025-12-18;23;5
25;2025-12-19;0;0
25;2025-12-19;1;0
25;2025-12-19;2;0
25;2025-12-19;3;0
25;2025-12-19;4;0
25;2025-12-19;5;1
25;2025-12-19;6;144
25;2025-12-19;7;505
25;2025-12-19;8;801
25;2025-12-19;9;415
25;2025-12-19;10;323
25;2025-12-19;11;405
25;2025-12-19;12;401
25;2025-12-19;13;501
25;2025-12-19;14;474
25;2025-12-19;15;564
25;2025-12-19;16;713
25;2025-12-19;17;726
25;2025-12-19;18;634
25;2025-12-19;19;437
25;2025-12-19;20;281
25;2025-12-19;21;193
25;2025-12-19;22;125
25;2025-12-19;23;4
25;2025-12-20;0;0
25;2025-12-20;1;0
25;2025-12-20;2;0
25;2025-12-20;3;0
25;2025-12-20;4;0
25;2025-12-20;5;0
25;2025-12-20;6;47
25;2025-12-20;7;124
25;2025-12-20;8;305
25;2025-12-20;9;281
25;2025-12-20;10;271
25;2025-12-20;11;398
25;2025-12-20;12;392
25;2025-12-20;13;517
25;2025-12-20;14;556
25;2025-12-20;15;638
25;2025-12-20;16;560
25;2025-12-20;17;476
25;2025-12-20;18;472
25;2025-12-20;19;422
25;2025-12-20;20;260
25;2025-12-20;21;193
25;2025-12-20;22;128
25;2025-12-20;23;45
25;2025-12-21;0;12
25;2025-12-21;1;0
25;2025-12-21;2;0
25;2025-12-21;3;0
25;2025-12-21;4;0
25;2025-12-21;5;2
25;2025-12-21;6;40
25;2025-12-21;7;87
25;2025-12-21;8;166
25;2025-12-21;9;188
25;2025-12-21;10;203
25;2025-12-21;11;263
25;2025-12-21;12;330
25;2025-12-21;13;435
25;2025-12-21;14;457
25;2025-12-21;15;567
25;2025-12-21;16;476
25;2025-12-21;17;436
25;2025-12-21;18;399
25;2025-12-21;19;328
25;2025-12-21;20;214
25;2025-12-21;21;168
25;2025-12-21;22;95
25;2025-12-21;23;36
25;2025-12-22;0;8
25;2025-12-22;1;0
25;2025-12-22;2;0
25;2025-12-22;3;0
25;2025-12-22;4;0
25;2025-12-22;5;1
25;2025-12-22;6;146
25;2025-12-22;7;526
25;2025-12-22;8;847
25;2025-12-22;9;449
25;2025-12-22;10;310
25;2025-12-22;11;367
25;2025-12-22;12;364
25;2025-12-22;13;478
25;2025-12-22;14;375
25;2025-12-22;15;471
25;2025-12-22;16;630
25;2025-12-22;17;690
25;2025-12-22;18;755
25;2025-12-22;19;450
25;2025-12-22;20;277
25;2025-12-22;21;183
25;2025-12-22;22;98
25;2025-12-22;23;5
25;2025-12-23;0;0
25;2025-12-23;1;0
25;2025-12-23;2;0
25;2025-12-23;3;0
25;2025-12-23;4;0
25;2025-12-23;5;2
25;2025-12-23;6;151
25;2025-12-23;7;510
25;2025-12-23;8;857
25;2025-12-23;9;464
25;2025-12-23;10;351
25;2025-12-23;11;395
25;2025-12-23;12;349
25;2025-12-23;13;442
25;2025-12-23;14;429
25;2025-12-23;15;489
25;2025-12-23;16;626
25;2025-12-23;17;676
25;2025-12-23;18;739
25;2025-12-23;19;459
25;2025-12-23;20;281
25;2025-12-23;21;179
25;2025-12-23;22;102
25;2025-12-23;23;5
25;2025-12-24;0;0
25;2025-12-24;1;0
25;2025-12-24;2;0
25;2025-12-24;3;0
25;2025-12-24;4;0
25;2025-12-24;5;2
25;2025-12-24;6;155
25;2025-12-24;7;507
25;2025-12-24;8;870
25;2025-12-24;9;444
25;2025-12-24;10;327
25;2025-12-24;11;389
25;2025-12-24;12;406
25;2025-12-24;13;509
25;2025-12-24;14;415
25;2025-12-24;15;504
25;2025-12-24;16;642
25;2025-12-24;17;698
25;2025-12-24;18;773
25;2025-12-24;19;467
25;2025-12-24;20;313
25;2025-12-24;21;193
25;2025-12-24;22;107
25;2025-12-24;23;4
25;2025-12-25;0;0
25;2025-12-25;1;0
25;2025-12-25;2;0
25;2025-12-25;3;0
25;2025-12-25;4;0
25;2025-12-25;5;3
25;2025-12-25;6;144
25;2025-12-25;7;512
25;2025-12-25;8;893
25;2025-12-25;9;442
25;2025-12-25;10;353
25;2025-12-25;11;389
25;2025-12-25;12;374
25;2025-12-25;13;483
25;2025-12-25;14;447
25;2025-12-25;15;539
25;2025-12-25;16;632
25;2025-12-25;17;722
25;2025-12-25;18;752
25;2025-12-25;19;483
25;2025-12-25;20;280
25;2025-12-25;21;187
25;2025-12-25;22;111
25;2025-12-25;23;5
25;2025-12-26;0;0
25;2025-12-26;1;0
25;2025-12-26;2;0
25;2025-12-26;3;0
25;2025-12-26;4;0
25;2025-12-26;5;1
25;2025-12-26;6;144
25;2025-12-26;7;505
25;2025-12-26;8;801
25;2025-12-26;9;415
25;2025-12-26;10;323
25;2025-12-26;11;405
25;2025-12-26;12;401
25;2025-12-26;13;501
25;2025-12-26;14;474
25;2025-12-26;15;564
25;2025-12-26;16;713
25;2025-12-26;17;726
25;2025-12-26;18;634
25;2025-12-26;19;437
25;2025-12-26;20;281
25;2025-12-26;21;193
25;2025-12-26;22;125
25;2025-12-26;23;4
25;2025-12-27;0;0
25;2025-12-27;1;0
25;2025-12-27;2;0
25;2025-12-27;3;0
25;2025-12-27;4;0
25;2025-12-27;5;0
25;2025-12-27;6;47
25;2025-12-27;7;124
25;2025-12-27;8;305
25;2025-12-27;9;281
25;2025-12-27;10;271
25;2025-12-27;11;398
25;2025-12-27;12;392
25;2025-12-27;13;517
25;2025-12-27;14;556
25;2025-12-27;15;638
25;2025-12-27;16;560
25;2025-12-27;17;476
25;2025-12-27;18;472
25;2025-12-27;19;422
25;2025-12-27;20;260
25;2025-12-27;21;193
25;2025-12-27;22;128
25;2025-12-27;23;45
25;2025-12-28;0;12
25;2025-12-28;1;0
25;2025-12-28;2;0
25;2025-12-28;3;0
25;2025-12-28;4;0
25;2025-12-28;5;2
25;2025-12-28;6;40
25;2025-12-28;7;87
25;2025-12-28;8;166
25;2025-12-28;9;188
25;2025-12-28;10;203
25;2025-12-28;11;263
25;2025-12-28;12;330
25;2025-12-28;13;435
25;2025-12-28;14;457
25;2025-12-28;15;567
25;2025-12-28;16;476
25;2025-12-28;17;436
25;2025-12-28;18;399
25;2025-12-28;19;328
25;2025-12-28;20;214
25;2025-12-28;21;168
25;2025-12-28;22;95
25;2025-12-28;23;36
25;2025-12-29;0;8
25;2025-12-29;1;0
25;2025-12-29;2;0
25;2025-12-29;3;0
25;2025-12-29;4;0
25;2025-12-29;5;1
25;2025-12-29;6;146
25;2025-12-29;7;526
25;2025-12-29;8;847
25;2025-12-29;9;449
25;2025-12-29;10;310
25;2025-12-29;11;367
25;2025-12-29;12;364
25;2025-12-29;13;478
25;2025-12-29;14;375
25;2025-12-29;15;471
25;2025-12-29;16;630
25;2025-12-29;17;690
25;2025-12-29;18;755
25;2025-12-29;19;450
25;2025-12-29;20;277
25;2025-12-29;21;183
25;2025-12-29;22;98
25;2025-12-29;23;5
25;2025-12-30;0;0
25;2025-12-30;1;0
25;2025-12-30;2;0
25;2025-12-30;3;0
25;2025-12-30;4;0
25;2025-12-30;5;2
25;2025-12-30;6;151
25;2025-12-30;7;510
25;2025-12-30;8;857
25;2025-12-30;9;464
25;2025-12-30;10;351
25;2025-12-30;11;395
25;2025-12-30;12;349
25;2025-12-30;13;442
25;2025-12-30;14;429
25;2025-12-30;15;489
25;2025-12-30;16;626
25;2025-12-30;17;676
25;2025-12-30;18;739
25;2025-12-30;19;459
25;2025-12-30;20;281
25;2025-12-30;21;179
25;2025-12-30;22;102
25;2025-12-30;23;5
25;2025-12-31;0;0
25;2025-12-31;1;0
25;2025-12-31;2;0
25;2025-12-31;3;0
25;2025-12-31;4;0
25;2025-12-31;5;0
25;2025-12-31;6;26
25;2025-12-31;7;72
25;2025-12-31;8;136
25;2025-12-31;9;139
25;2025-12-31;10;160
25;2025-12-31;11;221
25;2025-12-31;12;273
25;2025-12-31;13;357
25;2025-12-31;14;393
25;2025-12-31;15;483
25;2025-12-31;16;411
25;2025-12-31;17;368
25;2025-12-31;18;348
25;2025-12-31;19;310
25;2025-12-31;20;203
25;2025-12-31;21;174
25;2025-12-31;22;106
25;2025-12-31;23;38
26;2025-11-01;0;37
26;2025-11-01;1;4
26;2025-11-01;2;0
26;2025-11-01;3;0
26;2025-11-01;4;3
26;2025-11-01;5;89
26;2025-11-01;6;499
26;2025-11-01;7;1078
26;2025-11-01;8;2134
26;2025-11-01;9;1442
26;2025-11-01;10;1278
26;2025-11-01;11;1133
26;2025-11-01;12;1241
26;2025-11-01;13;1350
26;2025-11-01;14;1381
26;2025-11-01;15;1617
26;2025-11-01;16;1870
26;2025-11-01;17;1740
26;2025-11-01;18;1443
26;2025-11-01;19;1099
26;2025-11-01;20;750
26;2025-11-01;21;450
26;2025-11-01;22;239
26;2025-11-01;23;172
26;2025-11-02;0;38
26;2025-11-02;1;6
26;2025-11-02;2;0
26;2025-11-02;3;0
26;2025-11-02;4;4
26;2025-11-02;5;34
26;2025-11-02;6;156
26;2025-11-02;7;245
26;2025-11-02;8;342
26;2025-11-02;9;468
26;2025-11-02;10;523
26;2025-11-02;11;710
26;2025-11-02;12;760
26;2025-11-02;13;798
26;2025-11-02;14;771
26;2025-11-02;15;710
26;2025-11-02;16;694
26;2025-11-02;17;687
26;2025-11-02;18;651
26;2025-11-02;19;544
26;2025-11-02;20;405
26;2025-11-02;21;280
26;2025-11-02;22;193
26;2025-11-02;23;101
26;2025-11-03;0;29
26;2025-11-03;1;0
26;2025-11-03;2;0
26;2025-11-03;3;0
26;2025-11-03;4;0
26;2025-11-03;5;27
26;2025-11-03;6;139
26;2025-11-03;7;224
26;2025-11-03;8;283
26;2025-11-03;9;428
26;2025-11-03;10;482
26;2025-11-03;11;626
26;2025-11-03;12;676
26;2025-11-03;13;693
26;2025-11-03;14;686
26;2025-11-03;15;618
26;2025-11-03;16;613
26;2025-11-03;17;592
26;2025-11-03;18;563
26;2025-11-03;19;513
26;2025-11-03;20;376
26;2025-11-03;21;258
26;2025-11-03;22;178
26;2025-11-03;23;88
26;2025-11-04;0;29
26;2025-11-04;1;0
26;2025-11-04;2;0
26;2025-11-04;3;0
26;2025-11-04;4;0
26;2025-11-04;5;27
26;2025-11-04;6;139
26;2025-11-04;7;224
26;2025-11-04;8;283
26;2025-11-04;9;428
26;2025-11-04;10;482
26;2025-11-04;11;626
26;2025-11-04;12;676
26;2025-11-04;13;693
26;2025-11-04;14;686
26;2025-11-04;15;618
26;2025-11-04;16;613
26;2025-11-04;17;592
26;2025-11-04;18;563
26;2025-11-04;19;513
26;2025-11-04;20;376
26;2025-11-04;21;258
26;2025-11-04;22;178
26;2025-11-04;23;88
26;2025-11-05;0;28
26;2025-11-05;1;1
26;2025-11-05;2;0
26;2025-11-05;3;0
26;2025-11-05;4;1
26;2025-11-05;5;85
26;2025-11-05;6;512
26;2025-11-05;7;1085
26;2025-11-05;8;2209
26;2025-11-05;9;1471
26;2025-11-05;10;1214
26;2025-11-05;11;1092
26;2025-11-05;12;1132
26;2025-11-05;13;1153
26;2025-11-05;14;1275
26;2025-11-05;15;1330
26;2025-11-05;16;1475
26;2025-11-05;17;1617
26;2025-11-05;18;1805
26;2025-11-05;19;1193
26;2025-11-05;20;774
26;2025-11-05;21;489
26;2025-11-05;22;231
26;2025-11-05;23;120
26;2025-11-06;0;34
26;2025-11-06;1;1
26;2025-11-06;2;0
26;2025-11-06;3;0
26;2025-11-06;4;1
26;2025-11-06;5;84
26;2025-11-06;6;486
26;2025-11-06;7;1071
26;2025-11-06;8;2162
26;2025-11-06;9;1479
26;2025-11-06;10;1182
26;2025-11-06;11;1139
26;2025-11-06;12;1107
26;2025-11-06;13;1143
26;2025-11-06;14;1207
26;2025-11-06;15;1319
26;2025-11-06;16;1481
26;2025-11-06;17;1690
26;2025-11-06;18;1893
26;2025-11-06;19;1251
26;2025-11-06;20;766
26;2025-11-06;21;464
26;2025-11-06;22;232
26;2025-11-06;23;126
26;2025-11-07;0;33
26;2025-11-07;1;2
26;2025-11-07;2;0
26;2025-11-07;3;0
26;2025-11-07;4;1
26;2025-11-07;5;82
26;2025-11-07;6;498
26;2025-11-07;7;1046
26;2025-11-07;8;2055
26;2025-11-07;9;1369
26;2025-11-07;10;1197
26;2025-11-07;11;1064
26;2025-11-07;12;1112
26;2025-11-07;13;1173
26;2025-11-07;14;1228
26;2025-11-07;15;1378
26;2025-11-07;16;1612
26;2025-11-07;17;1667
26;2025-11-07;18;1424
26;2025-11-07;19;1085
26;2025-11-07;20;742
26;2025-11-07;21;443
26;2025-11-07;22;218
26;2025-11-07;23;154
26;2025-11-08;0;43
26;2025-11-08;1;2
26;2025-11-08;2;0
26;2025-11-08;3;0
26;2025-11-08;4;2
26;2025-11-08;5;44
26;2025-11-08;6;247
26;2025-11-08;7;363
26;2025-11-08;8;596
26;2025-11-08;9;684
26;2025-11-08;10;825
26;2025-11-08;11;987
26;2025-11-08;12;1042
26;2025-11-08;13;1014
26;2025-11-08;14;1067
26;2025-11-08;15;953
26;2025-11-08;16;999
26;2025-11-08;17;911
26;2025-11-08;18;860
26;2025-11-08;19;794
26;2025-11-08;20;515
26;2025-11-08;21;351
26;2025-11-08;22;212
26;2025-11-08;23;142
26;2025-11-09;0;46
26;2025-11-09;1;5
26;2025-11-09;2;0
26;2025-11-09;3;0
26;2025-11-09;4;2
26;2025-11-09;5;26
26;2025-11-09;6;157
26;2025-11-09;7;252
26;2025-11-09;8;359
26;2025-11-09;9;497
26;2025-11-09;10;560
26;2025-11-09;11;749
26;2025-11-09;12;796
26;2025-11-09;13;843
26;2025-11-09;14;808
26;2025-11-09;15;755
26;2025-11-09;16;733
26;2025-11-09;17;731
26;2025-11-09;18;683
26;2025-11-09;19;560
26;2025-11-09;20;406
26;2025-11-09;21;282
26;2025-11-09;22;188
26;2025-11-09;23;102
26;2025-11-10;0;26
26;2025-11-10;1;2
26;2025-11-10;2;0
26;2025-11-10;3;0
26;2025-11-10;4;2
26;2025-11-10;5;85
26;2025-11-10;6;496
26;2025-11-10;7;1084
26;2025-11-10;8;2069
26;2025-11-10;9;1432
26;2025-11-10;10;1177
26;2025-11-10;11;1043
26;2025-11-10;12;1066
26;2025-11-10;13;1132
26;2025-11-10;14;1183
26;2025-11-10;15;1284
26;2025-11-10;16;1459
26;2025-11-10;17;1650
26;2025-11-10;18;1885
26;2025-11-10;19;1232
26;2025-11-10;20;756
26;2025-11-10;21;442
26;2025-11-10;22;201
26;2025-11-10;23;94
26;2025-11-11;0;27
26;2025-11-11;1;1
26;2025-11-11;2;0
26;2025-11-11;3;0
26;2025-11-11;4;1
26;2025-11-11;5;81
26;2025-11-11;6;507
26;2025-11-11;7;1092
26;2025-11-11;8;2236
26;2025-11-11;9;1452
26;2025-11-11;10;1192
26;2025-11-11;11;1061
26;2025-11-11;12;1136
26;2025-11-11;13;1148
26;2025-11-11;14;1181
26;2025-11-11;15;1282
26;2025-11-11;16;1494
26;2025-11-11;17;1725
26;2025-11-11;18;1860
26;2025-11-11;19;1312
26;2025-11-11;20;784
26;2025-11-11;21;452
26;2025-11-11;22;224
26;2025-11-11;23;107
26;2025-11-12;0;28
26;2025-11-12;1;1
26;2025-11-12;2;0
26;2025-11-12;3;0
26;2025-11-12;4;1
26;2025-11-12;5;85
26;2025-11-12;6;512
26;2025-11-12;7;1085
26;2025-11-12;8;2209
26;2025-11-12;9;1471
26;2025-11-12;10;1214
26;2025-11-12;11;1092
26;2025-11-12;12;1132
26;2025-11-12;13;1153
26;2025-11-12;14;1275
26;2025-11-12;15;1330
26;2025-11-12;16;1475
26;2025-11-12;17;1617
26;2025-11-12;18;1805
26;2025-11-12;19;1193
26;2025-11-12;20;774
26;2025-11-12;21;489
26;2025-11-12;22;231
26;2025-11-12;23;120
26;2025-11-13;0;34
26;2025-11-13;1;1
26;2025-11-13;2;0
26;2025-11-13;3;0
26;2025-11-13;4;1
26;2025-11-13;5;84
26;2025-11-13;6;486
26;2025-11-13;7;1071
26;2025-11-13;8;2162
26;2025-11-13;9;1479
26;2025-11-13;10;1182
26;2025-11-13;11;1139
26;2025-11-13;12;1107
26;2025-11-13;13;1143
26;2025-11-13;14;1207
26;2025-11-13;15;1319
26;2025-11-13;16;1481
26;2025-11-13;17;1690
26;2025-11-13;18;1893
26;2025-11-13;19;1251
26;2025-11-13;20;766
26;2025-11-13;21;464
26;2025-11-13;22;232
26;2025-11-13;23;126
26;2025-11-14;0;33
26;2025-11-14;1;2
26;2025-11-14;2;0
26;2025-11-14;3;0
26;2025-11-14;4;1
26;2025-11-14;5;82
26;2025-11-14;6;498
26;2025-11-14;7;1046
26;2025-11-14;8;2055
26;2025-11-14;9;1369
26;2025-11-14;10;1197
26;2025-11-14;11;1064
26;2025-11-14;12;1112
26;2025-11-14;13;1173
26;2025-11-14;14;1228
26;2025-11-14;15;1378
26;2025-11-14;16;1612
26;2025-11-14;17;1667
26;2025-11-14;18;1424
26;2025-11-14;19;1085
26;2025-11-14;20;742
26;2025-11-14;21;443
26;2025-11-14;22;218
26;2025-11-14;23;154
26;2025-11-15;0;43
26;2025-11-15;1;2
26;2025-11-15;2;0
26;2025-11-15;3;0
26;2025-11-15;4;2
26;2025-11-15;5;44
26;2025-11-15;6;247
26;2025-11-15;7;363
26;2025-11-15;8;596
26;2025-11-15;9;684
26;2025-11-15;10;825
26;2025-11-15;11;987
26;2025-11-15;12;1042
26;2025-11-15;13;1014
26;2025-11-15;14;1067
26;2025-11-15;15;953
26;2025-11-15;16;999
26;2025-11-15;17;911
26;2025-11-15;18;860
26;2025-11-15;19;794
26;2025-11-15;20;515
26;2025-11-15;21;351
26;2025-11-15;22;212
26;2025-11-15;23;142
26;2025-11-16;0;46
26;2025-11-16;1;5
26;2025-11-16;2;0
26;2025-11-16;3;0
26;2025-11-16;4;2
26;2025-11-16;5;26
26;2025-11-16;6;157
26;2025-11-16;7;252
26;2025-11-16;8;359
26;2025-11-16;9;497
26;2025-11-16;10;560
26;2025-11-16;11;749
26;2025-11-16;12;796
26;2025-11-16;13;843
26;2025-11-16;14;808
26;2025-11-16;15;755
26;2025-11-16;16;733
26;2025-11-16;17;731
26;2025-11-16;18;683
26;2025-11-16;19;560
26;2025-11-16;20;406
26;2025-11-16;21;282
26;2025-11-16;22;188
26;2025-11-16;23;102
26;2025-11-17;0;26
26;2025-11-17;1;2
26;2025-11-17;2;0
26;2025-11-17;3;0
26;2025-11-17;4;2
26;2025-11-17;5;85
26;2025-11-17;6;496
26;2025-11-17;7;1084
26;2025-11-17;8;2069
26;2025-11-17;9;1432
26;2025-11-17;10;1177
26;2025-11-17;11;1043
26;2025-11-17;12;1066
26;2025-11-17;13;1132
26;2025-11-17;14;1183
26;2025-11-17;15;1284
26;2025-11-17;16;1459
26;2025-11-17;17;1650
26;2025-11-17;18;1885
26;2025-11-17;19;1232
26;2025-11-17;20;756
26;2025-11-17;21;442
26;2025-11-17;22;201
26;2025-11-17;23;94
26;2025-11-18;0;27
26;2025-11-18;1;1
26;2025-11-18;2;0
26;2025-11-18;3;0
26;2025-11-18;4;1
26;2025-11-18;5;81
26;2025-11-18;6;507
26;2025-11-18;7;1092
26;2025-11-18;8;2236
26;2025-11-18;9;1452
26;2025-11-18;10;1192
26;2025-11-18;11;1061
26;2025-11-18;12;1136
26;2025-11-18;13;1148
26;2025-11-18;14;1181
26;2025-11-18;15;1282
26;2025-11-18;16;1494
26;2025-11-18;17;1725
26;2025-11-18;18;1860
26;2025-11-18;19;1312
26;2025-11-18;20;784
26;2025-11-18;21;452
26;2025-11-18;22;224
26;2025-11-18;23;107
26;2025-11-19;0;28
26;2025-11-19;1;1
26;2025-11-19;2;0
26;2025-11-19;3;0
26;2025-11-19;4;1
26;2025-11-19;5;85
26;2025-11-19;6;512
26;2025-11-19;7;1085
26;2025-11-19;8;2209
26;2025-11-19;9;1471
26;2025-11-19;10;1214
26;2025-11-19;11;1092
26;2025-11-19;12;1132
26;2025-11-19;13;1153
26;2025-11-19;14;1275
26;2025-11-19;15;1330
26;2025-11-19;16;1475
26;2025-11-19;17;1617
26;2025-11-19;18;1805
26;2025-11-19;19;1193
26;2025-11-19;20;774
26;2025-11-19;21;489
26;2025-11-19;22;231
26;2025-11-19;23;120
26;2025-11-20;0;34
26;2025-11-20;1;1
26;2025-11-20;2;0
26;2025-11-20;3;0
26;2025-11-20;4;1
26;2025-11-20;5;84
26;2025-11-20;6;486
26;2025-11-20;7;1071
26;2025-11-20;8;2162
26;2025-11-20;9;1479
26;2025-11-20;10;1182
26;2025-11-20;11;1139
26;2025-11-20;12;1107
26;2025-11-20;13;1143
26;2025-11-20;14;1207
26;2025-11-20;15;1319
26;2025-11-20;16;1481
26;2025-11-20;17;1690
26;2025-11-20;18;1893
26;2025-11-20;19;1251
26;2025-11-20;20;766
26;2025-11-20;21;464
26;2025-11-20;22;232
26;2025-11-20;23;126
26;2025-11-21;0;33
26;2025-11-21;1;2
26;2025-11-21;2;0
26;2025-11-21;3;0
26;2025-11-21;4;1
26;2025-11-21;5;82
26;2025-11-21;6;498
26;2025-11-21;7;1046
26;2025-11-21;8;2055
26;2025-11-21;9;1369
26;2025-11-21;10;1197
26;2025-11-21;11;1064
26;2025-11-21;12;1112
26;2025-11-21;13;1173
26;2025-11-21;14;1228
26;2025-11-21;15;1378
26;2025-11-21;16;1612
26;2025-11-21;17;1667
26;2025-11-21;18;1424
26;2025-11-21;19;1085
26;2025-11-21;20;742
26;2025-11-21;21;443
26;2025-11-21;22;218
26;2025-11-21;23;154
26;2025-11-22;0;43
26;2025-11-22;1;2
26;2025-11-22;2;0
26;2025-11-22;3;0
26;2025-11-22;4;2
26;2025-11-22;5;44
26;2025-11-22;6;247
26;2025-11-22;7;363
26;2025-11-22;8;596
26;2025-11-22;9;684
26;2025-11-22;10;825
26;2025-11-22;11;987
26;2025-11-22;12;1042
26;2025-11-22;13;1014
26;2025-11-22;14;1067
26;2025-11-22;15;953
26;2025-11-22;16;999
26;2025-11-22;17;911
26;2025-11-22;18;860
26;2025-11-22;19;794
26;2025-11-22;20;515
26;2025-11-22;21;351
26;2025-11-22;22;212
26;2025-11-22;23;142
26;2025-11-23;0;46
26;2025-11-23;1;5
26;2025-11-23;2;0
26;2025-11-23;3;0
26;2025-11-23;4;2
26;2025-11-23;5;26
26;2025-11-23;6;157
26;2025-11-23;7;252
26;2025-11-23;8;359
26;2025-11-23;9;497
26;2025-11-23;10;560
26;2025-11-23;11;749
26;2025-11-23;12;796
26;2025-11-23;13;843
26;2025-11-23;14;808
26;2025-11-23;15;755
26;2025-11-23;16;733
26;2025-11-23;17;731
26;2025-11-23;18;683
26;2025-11-23;19;560
26;2025-11-23;20;406
26;2025-11-23;21;282
26;2025-11-23;22;188
26;2025-11-23;23;102
26;2025-11-24;0;26
26;2025-11-24;1;2
26;2025-11-24;2;0
26;2025-11-24;3;0
26;2025-11-24;4;2
26;2025-11-24;5;85
26;2025-11-24;6;496
26;2025-11-24;7;1084
26;2025-11-24;8;2069
26;2025-11-24;9;1432
26;2025-11-24;10;1177
26;2025-11-24;11;1043
26;2025-11-24;12;1066
26;2025-11-24;13;1132
26;2025-11-24;14;1183
26;2025-11-24;15;1284
26;2025-11-24;16;1459
26;2025-11-24;17;1650
26;2025-11-24;18;1885
26;2025-11-24;19;1232
26;2025-11-24;20;756
26;2025-11-24;21;442
26;2025-11-24;22;201
26;2025-11-24;23;94
26;2025-11-25;0;27
26;2025-11-25;1;1
26;2025-11-25;2;0
26;2025-11-25;3;0
26;2025-11-25;4;1
26;2025-11-25;5;81
26;2025-11-25;6;507
26;2025-11-25;7;1092
26;2025-11-25;8;2236
26;2025-11-25;9;1452
26;2025-11-25;10;1192
26;2025-11-25;11;1061
26;2025-11-25;12;1136
26;2025-11-25;13;1148
26;2025-11-25;14;1181
26;2025-11-25;15;1282
26;2025-11-25;16;1494
26;2025-11-25;17;1725
26;2025-11-25;18;1860
26;2025-11-25;19;1312
26;2025-11-25;20;784
26;2025-11-25;21;452
26;2025-11-25;22;224
26;2025-11-25;23;107
26;2025-11-26;0;28
26;2025-11-26;1;1
26;2025-11-26;2;0
26;2025-11-26;3;0
26;2025-11-26;4;1
26;2025-11-26;5;85
26;2025-11-26;6;512
26;2025-11-26;7;1085
26;2025-11-26;8;2209
26;2025-11-26;9;1471
26;2025-11-26;10;1214
26;2025-11-26;11;1092
26;2025-11-26;12;1132
26;2025-11-26;13;1153
26;2025-11-26;14;1275
26;2025-11-26;15;1330
26;2025-11-26;16;1475
26;2025-11-26;17;1617
26;2025-11-26;18;1805
26;2025-11-26;19;1193
26;2025-11-26;20;774
26;2025-11-26;21;489
26;2025-11-26;22;231
26;2025-11-26;23;120
26;2025-11-27;0;34
26;2025-11-27;1;1
26;2025-11-27;2;0
26;2025-11-27;3;0
26;2025-11-27;4;1
26;2025-11-27;5;84
26;2025-11-27;6;486
26;2025-11-27;7;1071
26;2025-11-27;8;2162
26;2025-11-27;9;1479
26;2025-11-27;10;1182
26;2025-11-27;11;1139
26;2025-11-27;12;1107
26;2025-11-27;13;1143
26;2025-11-27;14;1207
26;2025-11-27;15;1319
26;2025-11-27;16;1481
26;2025-11-27;17;1690
26;2025-11-27;18;1893
26;2025-11-27;19;1251
26;2025-11-27;20;766
26;2025-11-27;21;464
26;2025-11-27;22;232
26;2025-11-27;23;126
26;2025-11-28;0;33
26;2025-11-28;1;2
26;2025-11-28;2;0
26;2025-11-28;3;0
26;2025-11-28;4;1
26;2025-11-28;5;82
26;2025-11-28;6;498
26;2025-11-28;7;1046
26;2025-11-28;8;2055
26;2025-11-28;9;1369
26;2025-11-28;10;1197
26;2025-11-28;11;1064
26;2025-11-28;12;1112
26;2025-11-28;13;1173
26;2025-11-28;14;1228
26;2025-11-28;15;1378
26;2025-11-28;16;1612
26;2025-11-28;17;1667
26;2025-11-28;18;1424
26;2025-11-28;19;1085
26;2025-11-28;20;742
26;2025-11-28;21;443
26;2025-11-28;22;218
26;2025-11-28;23;154
26;2025-11-29;0;43
26;2025-11-29;1;2
26;2025-11-29;2;0
26;2025-11-29;3;0
26;2025-11-29;4;2
26;2025-11-29;5;44
26;2025-11-29;6;247
26;2025-11-29;7;363
26;2025-11-29;8;596
26;2025-11-29;9;684
26;2025-11-29;10;825
26;2025-11-29;11;987
26;2025-11-29;12;1042
26;2025-11-29;13;1014
26;2025-11-29;14;1067
26;2025-11-29;15;953
26;2025-11-29;16;999
26;2025-11-29;17;911
26;2025-11-29;18;860
26;2025-11-29;19;794
26;2025-11-29;20;515
26;2025-11-29;21;351
26;2025-11-29;22;212
26;2025-11-29;23;142
26;2025-11-30;0;46
26;2025-11-30;1;5
26;2025-11-30;2;0
26;2025-11-30;3;0
26;2025-11-30;4;2
26;2025-11-30;5;26
26;2025-11-30;6;157
26;2025-11-30;7;252
26;2025-11-30;8;359
26;2025-11-30;9;497
26;2025-11-30;10;560
26;2025-11-30;11;749
26;2025-11-30;12;796
26;2025-11-30;13;843
26;2025-11-30;14;808
26;2025-11-30;15;755
26;2025-11-30;16;733
26;2025-11-30;17;731
26;2025-11-30;18;683
26;2025-11-30;19;560
26;2025-11-30;20;406
26;2025-11-30;21;282
26;2025-11-30;22;188
26;2025-11-30;23;102
26;2025-12-01;0;26
26;2025-12-01;1;2
26;2025-12-01;2;0
26;2025-12-01;3;0
26;2025-12-01;4;2
26;2025-12-01;5;85
26;2025-12-01;6;496
26;2025-12-01;7;1084
26;2025-12-01;8;2069
26;2025-12-01;9;1432
26;2025-12-01;10;1177
26;2025-12-01;11;1043
26;2025-12-01;12;1066
26;2025-12-01;13;1132
26;2025-12-01;14;1183
26;2025-12-01;15;1284
26;2025-12-01;16;1459
26;2025-12-01;17;1650
26;2025-12-01;18;1885
26;2025-12-01;19;1232
26;2025-12-01;20;756
26;2025-12-01;21;442
26;2025-12-01;22;201
26;2025-12-01;23;94
26;2025-12-02;0;27
26;2025-12-02;1;1
26;2025-12-02;2;0
26;2025-12-02;3;0
26;2025-12-02;4;1
26;2025-12-02;5;81
26;2025-12-02;6;507
26;2025-12-02;7;1092
26;2025-12-02;8;2236
26;2025-12-02;9;1452
26;2025-12-02;10;1192
26;2025-12-02;11;1061
26;2025-12-02;12;1136
26;2025-12-02;13;1148
26;2025-12-02;14;1181
26;2025-12-02;15;1282
26;2025-12-02;16;1494
26;2025-12-02;17;1725
26;2025-12-02;18;1860
26;2025-12-02;19;1312
26;2025-12-02;20;784
26;2025-12-02;21;452
26;2025-12-02;22;224
26;2025-12-02;23;107
26;2025-12-03;0;28
26;2025-12-03;1;1
26;2025-12-03;2;0
26;2025-12-03;3;0
26;2025-12-03;4;1
26;2025-12-03;5;85
26;2025-12-03;6;512
26;2025-12-03;7;1085
26;2025-12-03;8;2209
26;2025-12-03;9;1471
26;2025-12-03;10;1214
26;2025-12-03;11;1092
26;2025-12-03;12;1132
26;2025-12-03;13;1153
26;2025-12-03;14;1275
26;2025-12-03;15;1330
26;2025-12-03;16;1475
26;2025-12-03;17;1617
26;2025-12-03;18;1805
26;2025-12-03;19;1193
26;2025-12-03;20;774
26;2025-12-03;21;489
26;2025-12-03;22;231
26;2025-12-03;23;120
26;2025-12-04;0;34
26;2025-12-04;1;1
26;2025-12-04;2;0
26;2025-12-04;3;0
26;2025-12-04;4;1
26;2025-12-04;5;84
26;2025-12-04;6;486
26;2025-12-04;7;1071
26;2025-12-04;8;2162
26;2025-12-04;9;1479
26;2025-12-04;10;1182
26;2025-12-04;11;1139
26;2025-12-04;12;1107
26;2025-12-04;13;1143
26;2025-12-04;14;1207
26;2025-12-04;15;1319
26;2025-12-04;16;1481
26;2025-12-04;17;1690
26;2025-12-04;18;1893
26;2025-12-04;19;1251
26;2025-12-04;20;766
26;2025-12-04;21;464
26;2025-12-04;22;232
26;2025-12-04;23;126
26;2025-12-05;0;33
26;2025-12-05;1;2
26;2025-12-05;2;0
26;2025-12-05;3;0
26;2025-12-05;4;1
26;2025-12-05;5;82
26;2025-12-05;6;498
26;2025-12-05;7;1046
26;2025-12-05;8;2055
26;2025-12-05;9;1369
26;2025-12-05;10;1197
26;2025-12-05;11;1064
26;2025-12-05;12;1112
26;2025-12-05;13;1173
26;2025-12-05;14;1228
26;2025-12-05;15;1378
26;2025-12-05;16;1612
26;2025-12-05;17;1667
26;2025-12-05;18;1424
26;2025-12-05;19;1085
26;2025-12-05;20;742
26;2025-12-05;21;443
26;2025-12-05;22;218
26;2025-12-05;23;154
26;2025-12-06;0;43
26;2025-12-06;1;2
26;2025-12-06;2;0
26;2025-12-06;3;0
26;2025-12-06;4;2
26;2025-12-06;5;44
26;2025-12-06;6;247
26;2025-12-06;7;363
26;2025-12-06;8;596
26;2025-12-06;9;684
26;2025-12-06;10;825
26;2025-12-06;11;987
26;2025-12-06;12;1042
26;2025-12-06;13;1014
26;2025-12-06;14;1067
26;2025-12-06;15;953
26;2025-12-06;16;999
26;2025-12-06;17;911
26;2025-12-06;18;860
26;2025-12-06;19;794
26;2025-12-06;20;515
26;2025-12-06;21;351
26;2025-12-06;22;212
26;2025-12-06;23;142
26;2025-12-07;0;46
26;2025-12-07;1;5
26;2025-12-07;2;0
26;2025-12-07;3;0
26;2025-12-07;4;2
26;2025-12-07;5;26
26;2025-12-07;6;157
26;2025-12-07;7;252
26;2025-12-07;8;359
26;2025-12-07;9;497
26;2025-12-07;10;560
26;2025-12-07;11;749
26;2025-12-07;12;796
26;2025-12-07;13;843
26;2025-12-07;14;808
26;2025-12-07;15;755
26;2025-12-07;16;733
26;2025-12-07;17;731
26;2025-12-07;18;683
26;2025-12-07;19;560
26;2025-12-07;20;406
26;2025-12-07;21;282
26;2025-12-07;22;188
26;2025-12-07;23;102
26;2025-12-08;0;26
26;2025-12-08;1;2
26;2025-12-08;2;0
26;2025-12-08;3;0
26;2025-12-08;4;2
26;2025-12-08;5;85
26;2025-12-08;6;496
26;2025-12-08;7;1084
26;2025-12-08;8;2069
26;2025-12-08;9;1432
26;2025-12-08;10;1177
26;2025-12-08;11;1043
26;2025-12-08;12;1066
26;2025-12-08;13;1132
26;2025-12-08;14;1183
26;2025-12-08;15;1284
26;2025-12-08;16;1459
26;2025-12-08;17;1650
26;2025-12-08;18;1885
26;2025-12-08;19;1232
26;2025-12-08;20;756
26;2025-12-08;21;442
26;2025-12-08;22;201
26;2025-12-08;23;94
26;2025-12-09;0;27
26;2025-12-09;1;1
26;2025-12-09;2;0
26;2025-12-09;3;0
26;2025-12-09;4;1
26;2025-12-09;5;81
26;2025-12-09;6;507
26;2025-12-09;7;1092
26;2025-12-09;8;2236
26;2025-12-09;9;1452
26;2025-12-09;10;1192
26;2025-12-09;11;1061
26;2025-12-09;12;1136
26;2025-12-09;13;1148
26;2025-12-09;14;1181
26;2025-12-09;15;1282
26;2025-12-09;16;1494
26;2025-12-09;17;1725
26;2025-12-09;18;1860
26;2025-12-09;19;1312
26;2025-12-09;20;784
26;2025-12-09;21;452
26;2025-12-09;22;224
26;2025-12-09;23;107
26;2025-12-10;0;28
26;2025-12-10;1;1
26;2025-12-10;2;0
26;2025-12-10;3;0
26;2025-12-10;4;1
26;2025-12-10;5;85
26;2025-12-10;6;512
26;2025-12-10;7;1085
26;2025-12-10;8;2209
26;2025-12-10;9;1471
26;2025-12-10;10;1214
26;2025-12-10;11;1092
26;2025-12-10;12;1132
26;2025-12-10;13;1153
26;2025-12-10;14;1275
26;2025-12-10;15;1330
26;2025-12-10;16;1475
26;2025-12-10;17;1617
26;2025-12-10;18;1805
26;2025-12-10;19;1193
26;2025-12-10;20;774
26;2025-12-10;21;489
26;2025-12-10;22;231
26;2025-12-10;23;120
26;2025-12-11;0;34
26;2025-12-11;1;1
26;2025-12-11;2;0
26;2025-12-11;3;0
26;2025-12-11;4;1
26;2025-12-11;5;84
26;2025-12-11;6;486
26;2025-12-11;7;1071
26;2025-12-11;8;2162
26;2025-12-11;9;1479
26;2025-12-11;10;1182
26;2025-12-11;11;1139
26;2025-12-11;12;1107
26;2025-12-11;13;1143
26;2025-12-11;14;1207
26;2025-12-11;15;1319
26;2025-12-11;16;1481
26;2025-12-11;17;1690
26;2025-12-11;18;1893
26;2025-12-11;19;1251
26;2025-12-11;20;766
26;2025-12-11;21;464
26;2025-12-11;22;232
26;2025-12-11;23;126
26;2025-12-12;0;33
26;2025-12-12;1;2
26;2025-12-12;2;0
26;2025-12-12;3;0
26;2025-12-12;4;1
26;2025-12-12;5;82
26;2025-12-12;6;498
26;2025-12-12;7;1046
26;2025-12-12;8;2055
26;2025-12-12;9;1369
26;2025-12-12;10;1197
26;2025-12-12;11;1064
26;2025-12-12;12;1112
26;2025-12-12;13;1173
26;2025-12-12;14;1228
26;2025-12-12;15;1378
26;2025-12-12;16;1612
26;2025-12-12;17;1667
26;2025-12-12;18;1424
26;2025-12-12;19;1085
26;2025-12-12;20;742
26;2025-12-12;21;443
26;2025-12-12;22;218
26;2025-12-12;23;154
26;2025-12-13;0;43
26;2025-12-13;1;2
26;2025-12-13;2;0
26;2025-12-13;3;0
26;2025-12-13;4;2
26;2025-12-13;5;44
26;2025-12-13;6;247
26;2025-12-13;7;363
26;2025-12-13;8;596
26;2025-12-13;9;684
26;2025-12-13;10;825
26;2025-12-13;11;987
26;2025-12-13;12;1042
26;2025-12-13;13;1014
26;2025-12-13;14;1067
26;2025-12-13;15;953
26;2025-12-13;16;999
26;2025-12-13;17;911
26;2025-12-13;18;860
26;2025-12-13;19;794
26;2025-12-13;20;515
26;2025-12-13;21;351
26;2025-12-13;22;212
26;2025-12-13;23;142
26;2025-12-14;0;46
26;2025-12-14;1;5
26;2025-12-14;2;0
26;2025-12-14;3;0
26;2025-12-14;4;2
26;2025-12-14;5;26
26;2025-12-14;6;157
26;2025-12-14;7;252
26;2025-12-14;8;359
26;2025-12-14;9;497
26;2025-12-14;10;560
26;2025-12-14;11;749
26;2025-12-14;12;796
26;2025-12-14;13;843
26;2025-12-14;14;808
26;2025-12-14;15;755
26;2025-12-14;16;733
26;2025-12-14;17;731
26;2025-12-14;18;683
26;2025-12-14;19;560
26;2025-12-14;20;406
26;2025-12-14;21;282
26;2025-12-14;22;188
26;2025-12-14;23;102
26;2025-12-15;0;26
26;2025-12-15;1;2
26;2025-12-15;2;0
26;2025-12-15;3;0
26;2025-12-15;4;2
26;2025-12-15;5;85
26;2025-12-15;6;496
26;2025-12-15;7;1084
26;2025-12-15;8;2069
26;2025-12-15;9;1432
26;2025-12-15;10;1177
26;2025-12-15;11;1043
26;2025-12-15;12;1066
26;2025-12-15;13;1132
26;2025-12-15;14;1183
26;2025-12-15;15;1284
26;2025-12-15;16;1459
26;2025-12-15;17;1650
26;2025-12-15;18;1885
26;2025-12-15;19;1232
26;2025-12-15;20;756
26;2025-12-15;21;442
26;2025-12-15;22;201
26;2025-12-15;23;94
26;2025-12-16;0;27
26;2025-12-16;1;1
26;2025-12-16;2;0
26;2025-12-16;3;0
26;2025-12-16;4;1
26;2025-12-16;5;81
26;2025-12-16;6;507
26;2025-12-16;7;1092
26;2025-12-16;8;2236
26;2025-12-16;9;1452
26;2025-12-16;10;1192
26;2025-12-16;11;1061
26;2025-12-16;12;1136
26;2025-12-16;13;1148
26;2025-12-16;14;1181
26;2025-12-16;15;1282
26;2025-12-16;16;1494
26;2025-12-16;17;1725
26;2025-12-16;18;1860
26;2025-12-16;19;1312
26;2025-12-16;20;784
26;2025-12-16;21;452
26;2025-12-16;22;224
26;2025-12-16;23;107
26;2025-12-17;0;28
26;2025-12-17;1;1
26;2025-12-17;2;0
26;2025-12-17;3;0
26;2025-12-17;4;1
26;2025-12-17;5;85
26;2025-12-17;6;512
26;2025-12-17;7;1085
26;2025-12-17;8;2209
26;2025-12-17;9;1471
26;2025-12-17;10;1214
26;2025-12-17;11;1092
26;2025-12-17;12;1132
26;2025-12-17;13;1153
26;2025-12-17;14;1275
26;2025-12-17;15;1330
26;2025-12-17;16;1475
26;2025-12-17;17;1617
26;2025-12-17;18;1805
26;2025-12-17;19;1193
26;2025-12-17;20;774
26;2025-12-17;21;489
26;2025-12-17;22;231
26;2025-12-17;23;120
26;2025-12-18;0;34
26;2025-12-18;1;1
26;2025-12-18;2;0
26;2025-12-18;3;0
26;2025-12-18;4;1
26;2025-12-18;5;84
26;2025-12-18;6;486
26;2025-12-18;7;1071
26;2025-12-18;8;2162
26;2025-12-18;9;1479
26;2025-12-18;10;1182
26;2025-12-18;11;1139
26;2025-12-18;12;1107
26;2025-12-18;13;1143
26;2025-12-18;14;1207
26;2025-12-18;15;1319
26;2025-12-18;16;1481
26;2025-12-18;17;1690
26;2025-12-18;18;1893
26;2025-12-18;19;1251
26;2025-12-18;20;766
26;2025-12-18;21;464
26;2025-12-18;22;232
26;2025-12-18;23;126
26;2025-12-19;0;33
26;2025-12-19;1;2
26;2025-12-19;2;0
26;2025-12-19;3;0
26;2025-12-19;4;1
26;2025-12-19;5;82
26;2025-12-19;6;498
26;2025-12-19;7;1046
26;2025-12-19;8;2055
26;2025-12-19;9;1369
26;2025-12-19;10;1197
26;2025-12-19;11;1064
26;2025-12-19;12;1112
26;2025-12-19;13;1173
26;2025-12-19;14;1228
26;2025-12-19;15;1378
26;2025-12-19;16;1612
26;2025-12-19;17;1667
26;2025-12-19;18;1424
26;2025-12-19;19;1085
26;2025-12-19;20;742
26;2025-12-19;21;443
26;2025-12-19;22;218
26;2025-12-19;23;154
26;2025-12-20;0;43
26;2025-12-20;1;2
26;2025-12-20;2;0
26;2025-12-20;3;0
26;2025-12-20;4;2
26;2025-12-20;5;44
26;2025-12-20;6;247
26;2025-12-20;7;363
26;2025-12-20;8;596
26;2025-12-20;9;684
26;2025-12-20;10;825
26;2025-12-20;11;987
26;2025-12-20;12;1042
26;2025-12-20;13;1014
26;2025-12-20;14;1067
26;2025-12-20;15;953
26;2025-12-20;16;999
26;2025-12-20;17;911
26;2025-12-20;18;860
26;2025-12-20;19;794
26;2025-12-20;20;515
26;2025-12-20;21;351
26;2025-12-20;22;212
26;2025-12-20;23;142
26;2025-12-21;0;46
26;2025-12-21;1;5
26;2025-12-21;2;0
26;2025-12-21;3;0
26;2025-12-21;4;2
26;2025-12-21;5;26
26;2025-12-21;6;157
26;2025-12-21;7;252
26;2025-12-21;8;359
26;2025-12-21;9;497
26;2025-12-21;10;560
26;2025-12-21;11;749
26;2025-12-21;12;796
26;2025-12-21;13;843
26;2025-12-21;14;808
26;2025-12-21;15;755
26;2025-12-21;16;733
26;2025-12-21;17;731
26;2025-12-21;18;683
26;2025-12-21;19;560
26;2025-12-21;20;406
26;2025-12-21;21;282
26;2025-12-21;22;188
26;2025-12-21;23;102
26;2025-12-22;0;26
26;2025-12-22;1;2
26;2025-12-22;2;0
26;2025-12-22;3;0
26;2025-12-22;4;2
26;2025-12-22;5;85
26;2025-12-22;6;496
26;2025-12-22;7;1084
26;2025-12-22;8;2069
26;2025-12-22;9;1432
26;2025-12-22;10;1177
26;2025-12-22;11;1043
26;2025-12-22;12;1066
26;2025-12-22;13;1132
26;2025-12-22;14;1183
26;2025-12-22;15;1284
26;2025-12-22;16;1459
26;2025-12-22;17;1650
26;2025-12-22;18;1885
26;2025-12-22;19;1232
26;2025-12-22;20;756
26;2025-12-22;21;442
26;2025-12-22;22;201
26;2025-12-22;23;94
26;2025-12-23;0;27
26;2025-12-23;1;1
26;2025-12-23;2;0
26;2025-12-23;3;0
26;2025-12-23;4;1
26;2025-12-23;5;81
26;2025-12-23;6;507
26;2025-12-23;7;1092
26;2025-12-23;8;2236
26;2025-12-23;9;1452
26;2025-12-23;10;1192
26;2025-12-23;11;1061
26;2025-12-23;12;1136
26;2025-12-23;13;1148
26;2025-12-23;14;1181
26;2025-12-23;15;1282
26;2025-12-23;16;1494
26;2025-12-23;17;1725
26;2025-12-23;18;1860
26;2025-12-23;19;1312
26;2025-12-23;20;784
26;2025-12-23;21;452
26;2025-12-23;22;224
26;2025-12-23;23;107
26;2025-12-24;0;28
26;2025-12-24;1;1
26;2025-12-24;2;0
26;2025-12-24;3;0
26;2025-12-24;4;1
26;2025-12-24;5;85
26;2025-12-24;6;512
26;2025-12-24;7;1085
26;2025-12-24;8;2209
26;2025-12-24;9;1471
26;2025-12-24;10;1214
26;2025-12-24;11;1092
26;2025-12-24;12;1132
26;2025-12-24;13;1153
26;2025-12-24;14;1275
26;2025-12-24;15;1330
26;2025-12-24;16;1475
26;2025-12-24;17;1617
26;2025-12-24;18;1805
26;2025-12-24;19;1193
26;2025-12-24;20;774
26;2025-12-24;21;489
26;2025-12-24;22;231
26;2025-12-24;23;120
26;2025-12-25;0;34
26;2025-12-25;1;1
26;2025-12-25;2;0
26;2025-12-25;3;0
26;2025-12-25;4;1
26;2025-12-25;5;84
26;2025-12-25;6;486
26;2025-12-25;7;1071
26;2025-12-25;8;2162
26;2025-12-25;9;1479
26;2025-12-25;10;1182
26;2025-12-25;11;1139
26;2025-12-25;12;1107
26;2025-12-25;13;1143
26;2025-12-25;14;1207
26;2025-12-25;15;1319
26;2025-12-25;16;1481
26;2025-12-25;17;1690
26;2025-12-25;18;1893
26;2025-12-25;19;1251
26;2025-12-25;20;766
26;2025-12-25;21;464
26;2025-12-25;22;232
26;2025-12-25;23;126
26;2025-12-26;0;33
26;2025-12-26;1;2
26;2025-12-26;2;0
26;2025-12-26;3;0
26;2025-12-26;4;1
26;2025-12-26;5;82
26;2025-12-26;6;498
26;2025-12-26;7;1046
26;2025-12-26;8;2055
26;2025-12-26;9;1369
26;2025-12-26;10;1197
26;2025-12-26;11;1064
26;2025-12-26;12;1112
26;2025-12-26;13;1173
26;2025-12-26;14;1228
26;2025-12-26;15;1378
26;2025-12-26;16;1612
26;2025-12-26;17;1667
26;2025-12-26;18;1424
26;2025-12-26;19;1085
26;2025-12-26;20;742
26;2025-12-26;21;443
26;2025-12-26;22;218
26;2025-12-26;23;154
26;2025-12-27;0;43
26;2025-12-27;1;2
26;2025-12-27;2;0
26;2025-12-27;3;0
26;2025-12-27;4;2
26;2025-12-27;5;44
26;2025-12-27;6;247
26;2025-12-27;7;363
26;2025-12-27;8;596
26;2025-12-27;9;684
26;2025-12-27;10;825
26;2025-12-27;11;987
26;2025-12-27;12;1042
26;2025-12-27;13;1014
26;2025-12-27;14;1067
26;2025-12-27;15;953
26;2025-12-27;16;999
26;2025-12-27;17;911
26;2025-12-27;18;860
26;2025-12-27;19;794
26;2025-12-27;20;515
26;2025-12-27;21;351
26;2025-12-27;22;212
26;2025-12-27;23;142
26;2025-12-28;0;46
26;2025-12-28;1;5
26;2025-12-28;2;0
26;2025-12-28;3;0
26;2025-12-28;4;2
26;2025-12-28;5;26
26;2025-12-28;6;157
26;2025-12-28;7;252
26;2025-12-28;8;359
26;2025-12-28;9;497
26;2025-12-28;10;560
26;2025-12-28;11;749
26;2025-12-28;12;796
26;2025-12-28;13;843
26;2025-12-28;14;808
26;2025-12-28;15;755
26;2025-12-28;16;733
26;2025-12-28;17;731
26;2025-12-28;18;683
26;2025-12-28;19;560
26;2025-12-28;20;406
26;2025-12-28;21;282
26;2025-12-28;22;188
26;2025-12-28;23;102
26;2025-12-29;0;26
26;2025-12-29;1;2
26;2025-12-29;2;0
26;2025-12-29;3;0
26;2025-12-29;4;2
26;2025-12-29;5;85
26;2025-12-29;6;496
26;2025-12-29;7;1084
26;2025-12-29;8;2069
26;2025-12-29;9;1432
26;2025-12-29;10;1177
26;2025-12-29;11;1043
26;2025-12-29;12;1066
26;2025-12-29;13;1132
26;2025-12-29;14;1183
26;2025-12-29;15;1284
26;2025-12-29;16;1459
26;2025-12-29;17;1650
26;2025-12-29;18;1885
26;2025-12-29;19;1232
26;2025-12-29;20;756
26;2025-12-29;21;442
26;2025-12-29;22;201
26;2025-12-29;23;94
26;2025-12-30;0;27
26;2025-12-30;1;1
26;2025-12-30;2;0
26;2025-12-30;3;0
26;2025-12-30;4;1
26;2025-12-30;5;81
26;2025-12-30;6;507
26;2025-12-30;7;1092
26;2025-12-30;8;2236
26;2025-12-30;9;1452
26;2025-12-30;10;1192
26;2025-12-30;11;1061
26;2025-12-30;12;1136
26;2025-12-30;13;1148
26;2025-12-30;14;1181
26;2025-12-30;15;1282
26;2025-12-30;16;1494
26;2025-12-30;17;1725
26;2025-12-30;18;1860
26;2025-12-30;19;1312
26;2025-12-30;20;784
26;2025-12-30;21;452
26;2025-12-30;22;224
26;2025-12-30;23;107
26;2025-12-31;0;29
26;2025-12-31;1;0
26;2025-12-31;2;0
26;2025-12-31;3;0
26;2025-12-31;4;0
26;2025-12-31;5;27
26;2025-12-31;6;139
26;2025-12-31;7;224
26;2025-12-31;8;283
26;2025-12-31;9;428
26;2025-12-31;10;482
26;2025-12-31;11;626
26;2025-12-31;12;676
26;2025-12-31;13;693
26;2025-12-31;14;686
26;2025-12-31;15;618
26;2025-12-31;16;613
26;2025-12-31;17;592
26;2025-12-31;18;563
26;2025-12-31;19;513
26;2025-12-31;20;376
26;2025-12-31;21;258
26;2025-12-31;22;178
26;2025-12-31;23;88
28;2025-11-01;0;0
28;2025-11-01;1;0
28;2025-11-01;2;0
28;2025-11-01;3;0
28;2025-11-01;4;3
28;2025-11-01;5;79
28;2025-11-01;6;260
28;2025-11-01;7;767
28;2025-11-01;8;1171
28;2025-11-01;9;827
28;2025-11-01;10;619
28;2025-11-01;11;540
28;2025-11-01;12;736
28;2025-11-01;13;751
28;2025-11-01;14;751
28;2025-11-01;15;774
28;2025-11-01;16;1028
28;2025-11-01;17;991
28;2025-11-01;18;752
28;2025-11-01;19;555
28;2025-11-01;20;452
28;2025-11-01;21;314
28;2025-11-01;22;156
28;2025-11-01;23;31
28;2025-11-02;0;0
28;2025-11-02;1;0
28;2025-11-02;2;0
28;2025-11-02;3;0
28;2025-11-02;4;0
28;2025-11-02;5;27
28;2025-11-02;6;72
28;2025-11-02;7;139
28;2025-11-02;8;221
28;2025-11-02;9;286
28;2025-11-02;10;325
28;2025-11-02;11;349
28;2025-11-02;12;405
28;2025-11-02;13;450
28;2025-11-02;14;446
28;2025-11-02;15;451
28;2025-11-02;16;423
28;2025-11-02;17;424
28;2025-11-02;18;385
28;2025-11-02;19;337
28;2025-11-02;20;283
28;2025-11-02;21;230
28;2025-11-02;22;112
28;2025-11-02;23;16
28;2025-11-03;0;0
28;2025-11-03;1;0
28;2025-11-03;2;0
28;2025-11-03;3;0
28;2025-11-03;4;0
28;2025-11-03;5;18
28;2025-11-03;6;54
28;2025-11-03;7;120
28;2025-11-03;8;182
28;2025-11-03;9;248
28;2025-11-03;10;284
28;2025-11-03;11;309
28;2025-11-03;12;361
28;2025-11-03;13;406
28;2025-11-03;14;400
28;2025-11-03;15;402
28;2025-11-03;16;374
28;2025-11-03;17;379
28;2025-11-03;18;346
28;2025-11-03;19;305
28;2025-11-03;20;253
28;2025-11-03;21;208
28;2025-11-03;22;95
28;2025-11-03;23;8
28;2025-11-04;0;0
28;2025-11-04;1;0
28;2025-11-04;2;0
28;2025-11-04;3;0
28;2025-11-04;4;0
28;2025-11-04;5;18
28;2025-11-04;6;54
28;2025-11-04;7;120
28;2025-11-04;8;182
28;2025-11-04;9;248
28;2025-11-04;10;284
28;2025-11-04;11;309
28;2025-11-04;12;361
28;2025-11-04;13;406
28;2025-11-04;14;400
28;2025-11-04;15;402
28;2025-11-04;16;374
28;2025-11-04;17;379
28;2025-11-04;18;346
28;2025-11-04;19;305
28;2025-11-04;20;253
28;2025-11-04;21;208
28;2025-11-04;22;95
28;2025-11-04;23;8
28;2025-11-05;0;0
28;2025-11-05;1;0
28;2025-11-05;2;0
28;2025-11-05;3;0
28;2025-11-05;4;2
28;2025-11-05;5;81
28;2025-11-05;6;274
28;2025-11-05;7;771
28;2025-11-05;8;1204
28;2025-11-05;9;817
28;2025-11-05;10;629
28;2025-11-05;11;580
28;2025-11-05;12;673
28;2025-11-05;13;713
28;2025-11-05;14;666
28;2025-11-05;15;693
28;2025-11-05;16;855
28;2025-11-05;17;995
28;2025-11-05;18;941
28;2025-11-05;19;723
28;2025-11-05;20;488
28;2025-11-05;21;307
28;2025-11-05;22;139
28;2025-11-05;23;16
28;2025-11-06;0;0
28;2025-11-06;1;0
28;2025-11-06;2;0
28;2025-11-06;3;0
28;2025-11-06;4;1
28;2025-11-06;5;74
28;2025-11-06;6;269
28;2025-11-06;7;834
28;2025-11-06;8;1254
28;2025-11-06;9;885
28;2025-11-06;10;637
28;2025-11-06;11;544
28;2025-11-06;12;698
28;2025-11-06;13;716
28;2025-11-06;14;661
28;2025-11-06;15;701
28;2025-11-06;16;842
28;2025-11-06;17;979
28;2025-11-06;18;1000
28;2025-11-06;19;732
28;2025-11-06;20;529
28;2025-11-06;21;318
28;2025-11-06;22;138
28;2025-11-06;23;15
28;2025-11-07;0;0
28;2025-11-07;1;0
28;2025-11-07;2;0
28;2025-11-07;3;0
28;2025-11-07;4;2
28;2025-11-07;5;74
28;2025-11-07;6;252
28;2025-11-07;7;772
28;2025-11-07;8;1113
28;2025-11-07;9;810
28;2025-11-07;10;611
28;2025-11-07;11;533
28;2025-11-07;12;675
28;2025-11-07;13;693
28;2025-11-07;14;682
28;2025-11-07;15;713
28;2025-11-07;16;955
28;2025-11-07;17;966
28;2025-11-07;18;813
28;2025-11-07;19;613
28;2025-11-07;20;447
28;2025-11-07;21;306
28;2025-11-07;22;137
28;2025-11-07;23;18
28;2025-11-08;0;0
28;2025-11-08;1;0
28;2025-11-08;2;0
28;2025-11-08;3;0
28;2025-11-08;4;1
28;2025-11-08;5;34
28;2025-11-08;6;95
28;2025-11-08;7;213
28;2025-11-08;8;380
28;2025-11-08;9;445
28;2025-11-08;10;464
28;2025-11-08;11;482
28;2025-11-08;12;558
28;2025-11-08;13;562
28;2025-11-08;14;574
28;2025-11-08;15;566
28;2025-11-08;16;524
28;2025-11-08;17;535
28;2025-11-08;18;472
28;2025-11-08;19;388
28;2025-11-08;20;293
28;2025-11-08;21;252
28;2025-11-08;22;123
28;2025-11-08;23;15
28;2025-11-09;0;0
28;2025-11-09;1;0
28;2025-11-09;2;0
28;2025-11-09;3;0
28;2025-11-09;4;0
28;2025-11-09;5;29
28;2025-11-09;6;76
28;2025-11-09;7;147
28;2025-11-09;8;238
28;2025-11-09;9;306
28;2025-11-09;10;350
28;2025-11-09;11;375
28;2025-11-09;12;431
28;2025-11-09;13;488
28;2025-11-09;14;480
28;2025-11-09;15;489
28;2025-11-09;16;453
28;2025-11-09;17;453
28;2025-11-09;18;402
28;2025-11-09;19;344
28;2025-11-09;20;280
28;2025-11-09;21;228
28;2025-11-09;22;109
28;2025-11-09;23;13
28;2025-11-10;0;0
28;2025-11-10;1;0
28;2025-11-10;2;0
28;2025-11-10;3;0
28;2025-11-10;4;2
28;2025-11-10;5;77
28;2025-11-10;6;266
28;2025-11-10;7;774
28;2025-11-10;8;1180
28;2025-11-10;9;843
28;2025-11-10;10;600
28;2025-11-10;11;522
28;2025-11-10;12;639
28;2025-11-10;13;653
28;2025-11-10;14;607
28;2025-11-10;15;643
28;2025-11-10;16;869
28;2025-11-10;17;924
28;2025-11-10;18;937
28;2025-11-10;19;706
28;2025-11-10;20;467
28;2025-11-10;21;293
28;2025-11-10;22;117
28;2025-11-10;23;11
28;2025-11-11;0;0
28;2025-11-11;1;0
28;2025-11-11;2;0
28;2025-11-11;3;0
28;2025-11-11;4;2
28;2025-11-11;5;72
28;2025-11-11;6;253
28;2025-11-11;7;787
28;2025-11-11;8;1220
28;2025-11-11;9;862
28;2025-11-11;10;662
28;2025-11-11;11;554
28;2025-11-11;12;654
28;2025-11-11;13;724
28;2025-11-11;14;646
28;2025-11-11;15;672
28;2025-11-11;16;822
28;2025-11-11;17;945
28;2025-11-11;18;924
28;2025-11-11;19;724
28;2025-11-11;20;517
28;2025-11-11;21;303
28;2025-11-11;22;118
28;2025-11-11;23;17
28;2025-11-12;0;0
28;2025-11-12;1;0
28;2025-11-12;2;0
28;2025-11-12;3;0
28;2025-11-12;4;2
28;2025-11-12;5;81
28;2025-11-12;6;274
28;2025-11-12;7;771
28;2025-11-12;8;1204
28;2025-11-12;9;817
28;2025-11-12;10;629
28;2025-11-12;11;580
28;2025-11-12;12;673
28;2025-11-12;13;713
28;2025-11-12;14;666
28;2025-11-12;15;693
28;2025-11-12;16;855
28;2025-11-12;17;995
28;2025-11-12;18;941
28;2025-11-12;19;723
28;2025-11-12;20;488
28;2025-11-12;21;307
28;2025-11-12;22;139
28;2025-11-12;23;16
28;2025-11-13;0;0
28;2025-11-13;1;0
28;2025-11-13;2;0
28;2025-11-13;3;0
28;2025-11-13;4;1
28;2025-11-13;5;74
28;2025-11-13;6;269
28;2025-11-13;7;834
28;2025-11-13;8;1254
28;2025-11-13;9;885
28;2025-11-13;10;637
28;2025-11-13;11;544
28;2025-11-13;12;698
28;2025-11-13;13;716
28;2025-11-13;14;661
28;2025-11-13;15;701
28;2025-11-13;16;842
28;2025-11-13;17;979
28;2025-11-13;18;1000
28;2025-11-13;19;732
28;2025-11-13;20;529
28;2025-11-13;21;318
28;2025-11-13;22;138
28;2025-11-13;23;15
28;2025-11-14;0;0
28;2025-11-14;1;0
28;2025-11-14;2;0
28;2025-11-14;3;0
28;2025-11-14;4;2
28;2025-11-14;5;74
28;2025-11-14;6;252
28;2025-11-14;7;772
28;2025-11-14;8;1113
28;2025-11-14;9;810
28;2025-11-14;10;611
28;2025-11-14;11;533
28;2025-11-14;12;675
28;2025-11-14;13;693
28;2025-11-14;14;682
28;2025-11-14;15;713
28;2025-11-14;16;955
28;2025-11-14;17;966
28;2025-11-14;18;813
28;2025-11-14;19;613
28;2025-11-14;20;447
28;2025-11-14;21;306
28;2025-11-14;22;137
28;2025-11-14;23;18
28;2025-11-15;0;0
28;2025-11-15;1;0
28;2025-11-15;2;0
28;2025-11-15;3;0
28;2025-11-15;4;1
28;2025-11-15;5;34
28;2025-11-15;6;95
28;2025-11-15;7;213
28;2025-11-15;8;380
28;2025-11-15;9;445
28;2025-11-15;10;464
28;2025-11-15;11;482
28;2025-11-15;12;558
28;2025-11-15;13;562
28;2025-11-15;14;574
28;2025-11-15;15;566
28;2025-11-15;16;524
28;2025-11-15;17;535
28;2025-11-15;18;472
28;2025-11-15;19;388
28;2025-11-15;20;293
28;2025-11-15;21;252
28;2025-11-15;22;123
28;2025-11-15;23;15
28;2025-11-16;0;0
28;2025-11-16;1;0
28;2025-11-16;2;0
28;2025-11-16;3;0
28;2025-11-16;4;0
28;2025-11-16;5;29
28;2025-11-16;6;76
28;2025-11-16;7;147
28;2025-11-16;8;238
28;2025-11-16;9;306
28;2025-11-16;10;350
28;2025-11-16;11;375
28;2025-11-16;12;431
28;2025-11-16;13;488
28;2025-11-16;14;480
28;2025-11-16;15;489
28;2025-11-16;16;453
28;2025-11-16;17;453
28;2025-11-16;18;402
28;2025-11-16;19;344
28;2025-11-16;20;280
28;2025-11-16;21;228
28;2025-11-16;22;109
28;2025-11-16;23;13
28;2025-11-17;0;0
28;2025-11-17;1;0
28;2025-11-17;2;0
28;2025-11-17;3;0
28;2025-11-17;4;2
28;2025-11-17;5;77
28;2025-11-17;6;266
28;2025-11-17;7;774
28;2025-11-17;8;1180
28;2025-11-17;9;843
28;2025-11-17;10;600
28;2025-11-17;11;522
28;2025-11-17;12;639
28;2025-11-17;13;653
28;2025-11-17;14;607
28;2025-11-17;15;643
28;2025-11-17;16;869
28;2025-11-17;17;924
28;2025-11-17;18;937
28;2025-11-17;19;706
28;2025-11-17;20;467
28;2025-11-17;21;293
28;2025-11-17;22;117
28;2025-11-17;23;11
28;2025-11-18;0;0
28;2025-11-18;1;0
28;2025-11-18;2;0
28;2025-11-18;3;0
28;2025-11-18;4;2
28;2025-11-18;5;72
28;2025-11-18;6;253
28;2025-11-18;7;787
28;2025-11-18;8;1220
28;2025-11-18;9;862
28;2025-11-18;10;662
28;2025-11-18;11;554
28;2025-11-18;12;654
28;2025-11-18;13;724
28;2025-11-18;14;646
28;2025-11-18;15;672
28;2025-11-18;16;822
28;2025-11-18;17;945
28;2025-11-18;18;924
28;2025-11-18;19;724
28;2025-11-18;20;517
28;2025-11-18;21;303
28;2025-11-18;22;118
28;2025-11-18;23;17
28;2025-11-19;0;0
28;2025-11-19;1;0
28;2025-11-19;2;0
28;2025-11-19;3;0
28;2025-11-19;4;2
28;2025-11-19;5;81
28;2025-11-19;6;274
28;2025-11-19;7;771
28;2025-11-19;8;1204
28;2025-11-19;9;817
28;2025-11-19;10;629
28;2025-11-19;11;580
28;2025-11-19;12;673
28;2025-11-19;13;713
28;2025-11-19;14;666
28;2025-11-19;15;693
28;2025-11-19;16;855
28;2025-11-19;17;995
28;2025-11-19;18;941
28;2025-11-19;19;723
28;2025-11-19;20;488
28;2025-11-19;21;307
28;2025-11-19;22;139
28;2025-11-19;23;16
28;2025-11-20;0;0
28;2025-11-20;1;0
28;2025-11-20;2;0
28;2025-11-20;3;0
28;2025-11-20;4;1
28;2025-11-20;5;74
28;2025-11-20;6;269
28;2025-11-20;7;834
28;2025-11-20;8;1254
28;2025-11-20;9;885
28;2025-11-20;10;637
28;2025-11-20;11;544
28;2025-11-20;12;698
28;2025-11-20;13;716
28;2025-11-20;14;661
28;2025-11-20;15;701
28;2025-11-20;16;842
28;2025-11-20;17;979
28;2025-11-20;18;1000
28;2025-11-20;19;732
28;2025-11-20;20;529
28;2025-11-20;21;318
28;2025-11-20;22;138
28;2025-11-20;23;15
28;2025-11-21;0;0
28;2025-11-21;1;0
28;2025-11-21;2;0
28;2025-11-21;3;0
28;2025-11-21;4;2
28;2025-11-21;5;74
28;2025-11-21;6;252
28;2025-11-21;7;772
28;2025-11-21;8;1113
28;2025-11-21;9;810
28;2025-11-21;10;611
28;2025-11-21;11;533
28;2025-11-21;12;675
28;2025-11-21;13;693
28;2025-11-21;14;682
28;2025-11-21;15;713
28;2025-11-21;16;955
28;2025-11-21;17;966
28;2025-11-21;18;813
28;2025-11-21;19;613
28;2025-11-21;20;447
28;2025-11-21;21;306
28;2025-11-21;22;137
28;2025-11-21;23;18
28;2025-11-22;0;0
28;2025-11-22;1;0
28;2025-11-22;2;0
28;2025-11-22;3;0
28;2025-11-22;4;1
28;2025-11-22;5;34
28;2025-11-22;6;95
28;2025-11-22;7;213
28;2025-11-22;8;380
28;2025-11-22;9;445
28;2025-11-22;10;464
28;2025-11-22;11;482
28;2025-11-22;12;558
28;2025-11-22;13;562
28;2025-11-22;14;574
28;2025-11-22;15;566
28;2025-11-22;16;524
28;2025-11-22;17;535
28;2025-11-22;18;472
28;2025-11-22;19;388
28;2025-11-22;20;293
28;2025-11-22;21;252
28;2025-11-22;22;123
28;2025-11-22;23;15
28;2025-11-23;0;0
28;2025-11-23;1;0
28;2025-11-23;2;0
28;2025-11-23;3;0
28;2025-11-23;4;0
28;2025-11-23;5;29
28;2025-11-23;6;76
28;2025-11-23;7;147
28;2025-11-23;8;238
28;2025-11-23;9;306
28;2025-11-23;10;350
28;2025-11-23;11;375
28;2025-11-23;12;431
28;2025-11-23;13;488
28;2025-11-23;14;480
28;2025-11-23;15;489
28;2025-11-23;16;453
28;2025-11-23;17;453
28;2025-11-23;18;402
28;2025-11-23;19;344
28;2025-11-23;20;280
28;2025-11-23;21;228
28;2025-11-23;22;109
28;2025-11-23;23;13
28;2025-11-24;0;0
28;2025-11-24;1;0
28;2025-11-24;2;0
28;2025-11-24;3;0
28;2025-11-24;4;2
28;2025-11-24;5;77
28;2025-11-24;6;266
28;2025-11-24;7;774
28;2025-11-24;8;1180
28;2025-11-24;9;843
28;2025-11-24;10;600
28;2025-11-24;11;522
28;2025-11-24;12;639
28;2025-11-24;13;653
28;2025-11-24;14;607
28;2025-11-24;15;643
28;2025-11-24;16;869
28;2025-11-24;17;924
28;2025-11-24;18;937
28;2025-11-24;19;706
28;2025-11-24;20;467
28;2025-11-24;21;293
28;2025-11-24;22;117
28;2025-11-24;23;11
28;2025-11-25;0;0
28;2025-11-25;1;0
28;2025-11-25;2;0
28;2025-11-25;3;0
28;2025-11-25;4;2
28;2025-11-25;5;72
28;2025-11-25;6;253
28;2025-11-25;7;787
28;2025-11-25;8;1220
28;2025-11-25;9;862
28;2025-11-25;10;662
28;2025-11-25;11;554
28;2025-11-25;12;654
28;2025-11-25;13;724
28;2025-11-25;14;646
28;2025-11-25;15;672
28;2025-11-25;16;822
28;2025-11-25;17;945
28;2025-11-25;18;924
28;2025-11-25;19;724
28;2025-11-25;20;517
28;2025-11-25;21;303
28;2025-11-25;22;118
28;2025-11-25;23;17
28;2025-11-26;0;0
28;2025-11-26;1;0
28;2025-11-26;2;0
28;2025-11-26;3;0
28;2025-11-26;4;2
28;2025-11-26;5;81
28;2025-11-26;6;274
28;2025-11-26;7;771
28;2025-11-26;8;1204
28;2025-11-26;9;817
28;2025-11-26;10;629
28;2025-11-26;11;580
28;2025-11-26;12;673
28;2025-11-26;13;713
28;2025-11-26;14;666
28;2025-11-26;15;693
28;2025-11-26;16;855
28;2025-11-26;17;995
28;2025-11-26;18;941
28;2025-11-26;19;723
28;2025-11-26;20;488
28;2025-11-26;21;307
28;2025-11-26;22;139
28;2025-11-26;23;16
28;2025-11-27;0;0
28;2025-11-27;1;0
28;2025-11-27;2;0
28;2025-11-27;3;0
28;2025-11-27;4;1
28;2025-11-27;5;74
28;2025-11-27;6;269
28;2025-11-27;7;834
28;2025-11-27;8;1254
28;2025-11-27;9;885
28;2025-11-27;10;637
28;2025-11-27;11;544
28;2025-11-27;12;698
28;2025-11-27;13;716
28;2025-11-27;14;661
28;2025-11-27;15;701
28;2025-11-27;16;842
28;2025-11-27;17;979
28;2025-11-27;18;1000
28;2025-11-27;19;732
28;2025-11-27;20;529
28;2025-11-27;21;318
28;2025-11-27;22;138
28;2025-11-27;23;15
28;2025-11-28;0;0
28;2025-11-28;1;0
28;2025-11-28;2;0
28;2025-11-28;3;0
28;2025-11-28;4;2
28;2025-11-28;5;74
28;2025-11-28;6;252
28;2025-11-28;7;772
28;2025-11-28;8;1113
28;2025-11-28;9;810
28;2025-11-28;10;611
28;2025-11-28;11;533
28;2025-11-28;12;675
28;2025-11-28;13;693
28;2025-11-28;14;682
28;2025-11-28;15;713
28;2025-11-28;16;955
28;2025-11-28;17;966
28;2025-11-28;18;813
28;2025-11-28;19;613
28;2025-11-28;20;447
28;2025-11-28;21;306
28;2025-11-28;22;137
28;2025-11-28;23;18
28;2025-11-29;0;0
28;2025-11-29;1;0
28;2025-11-29;2;0
28;2025-11-29;3;0
28;2025-11-29;4;1
28;2025-11-29;5;34
28;2025-11-29;6;95
28;2025-11-29;7;213
28;2025-11-29;8;380
28;2025-11-29;9;445
28;2025-11-29;10;464
28;2025-11-29;11;482
28;2025-11-29;12;558
28;2025-11-29;13;562
28;2025-11-29;14;574
28;2025-11-29;15;566
28;2025-11-29;16;524
28;2025-11-29;17;535
28;2025-11-29;18;472
28;2025-11-29;19;388
28;2025-11-29;20;293
28;2025-11-29;21;252
28;2025-11-29;22;123
28;2025-11-29;23;15
28;2025-11-30;0;0
28;2025-11-30;1;0
28;2025-11-30;2;0
28;2025-11-30;3;0
28;2025-11-30;4;0
28;2025-11-30;5;29
28;2025-11-30;6;76
28;2025-11-30;7;147
28;2025-11-30;8;238
28;2025-11-30;9;306
28;2025-11-30;10;350
28;2025-11-30;11;375
28;2025-11-30;12;431
28;2025-11-30;13;488
28;2025-11-30;14;480
28;2025-11-30;15;489
28;2025-11-30;16;453
28;2025-11-30;17;453
28;2025-11-30;18;402
28;2025-11-30;19;344
28;2025-11-30;20;280
28;2025-11-30;21;228
28;2025-11-30;22;109
28;2025-11-30;23;13
28;2025-12-01;0;0
28;2025-12-01;1;0
28;2025-12-01;2;0
28;2025-12-01;3;0
28;2025-12-01;4;2
28;2025-12-01;5;77
28;2025-12-01;6;266
28;2025-12-01;7;774
28;2025-12-01;8;1180
28;2025-12-01;9;843
28;2025-12-01;10;600
28;2025-12-01;11;522
28;2025-12-01;12;639
28;2025-12-01;13;653
28;2025-12-01;14;607
28;2025-12-01;15;643
28;2025-12-01;16;869
28;2025-12-01;17;924
28;2025-12-01;18;937
28;2025-12-01;19;706
28;2025-12-01;20;467
28;2025-12-01;21;293
28;2025-12-01;22;117
28;2025-12-01;23;11
28;2025-12-02;0;0
28;2025-12-02;1;0
28;2025-12-02;2;0
28;2025-12-02;3;0
28;2025-12-02;4;2
28;2025-12-02;5;72
28;2025-12-02;6;253
28;2025-12-02;7;787
28;2025-12-02;8;1220
28;2025-12-02;9;862
28;2025-12-02;10;662
28;2025-12-02;11;554
28;2025-12-02;12;654
28;2025-12-02;13;724
28;2025-12-02;14;646
28;2025-12-02;15;672
28;2025-12-02;16;822
28;2025-12-02;17;945
28;2025-12-02;18;924
28;2025-12-02;19;724
28;2025-12-02;20;517
28;2025-12-02;21;303
28;2025-12-02;22;118
28;2025-12-02;23;17
28;2025-12-03;0;0
28;2025-12-03;1;0
28;2025-12-03;2;0
28;2025-12-03;3;0
28;2025-12-03;4;2
28;2025-12-03;5;81
28;2025-12-03;6;274
28;2025-12-03;7;771
28;2025-12-03;8;1204
28;2025-12-03;9;817
28;2025-12-03;10;629
28;2025-12-03;11;580
28;2025-12-03;12;673
28;2025-12-03;13;713
28;2025-12-03;14;666
28;2025-12-03;15;693
28;2025-12-03;16;855
28;2025-12-03;17;995
28;2025-12-03;18;941
28;2025-12-03;19;723
28;2025-12-03;20;488
28;2025-12-03;21;307
28;2025-12-03;22;139
28;2025-12-03;23;16
28;2025-12-04;0;0
28;2025-12-04;1;0
28;2025-12-04;2;0
28;2025-12-04;3;0
28;2025-12-04;4;1
28;2025-12-04;5;74
28;2025-12-04;6;269
28;2025-12-04;7;834
28;2025-12-04;8;1254
28;2025-12-04;9;885
28;2025-12-04;10;637
28;2025-12-04;11;544
28;2025-12-04;12;698
28;2025-12-04;13;716
28;2025-12-04;14;661
28;2025-12-04;15;701
28;2025-12-04;16;842
28;2025-12-04;17;979
28;2025-12-04;18;1000
28;2025-12-04;19;732
28;2025-12-04;20;529
28;2025-12-04;21;318
28;2025-12-04;22;138
28;2025-12-04;23;15
28;2025-12-05;0;0
28;2025-12-05;1;0
28;2025-12-05;2;0
28;2025-12-05;3;0
28;2025-12-05;4;2
28;2025-12-05;5;74
28;2025-12-05;6;252
28;2025-12-05;7;772
28;2025-12-05;8;1113
28;2025-12-05;9;810
28;2025-12-05;10;611
28;2025-12-05;11;533
28;2025-12-05;12;675
28;2025-12-05;13;693
28;2025-12-05;14;682
28;2025-12-05;15;713
28;2025-12-05;16;955
28;2025-12-05;17;966
28;2025-12-05;18;813
28;2025-12-05;19;613
28;2025-12-05;20;447
28;2025-12-05;21;306
28;2025-12-05;22;137
28;2025-12-05;23;18
28;2025-12-06;0;0
28;2025-12-06;1;0
28;2025-12-06;2;0
28;2025-12-06;3;0
28;2025-12-06;4;1
28;2025-12-06;5;34
28;2025-12-06;6;95
28;2025-12-06;7;213
28;2025-12-06;8;380
28;2025-12-06;9;445
28;2025-12-06;10;464
28;2025-12-06;11;482
28;2025-12-06;12;558
28;2025-12-06;13;562
28;2025-12-06;14;574
28;2025-12-06;15;566
28;2025-12-06;16;524
28;2025-12-06;17;535
28;2025-12-06;18;472
28;2025-12-06;19;388
28;2025-12-06;20;293
28;2025-12-06;21;252
28;2025-12-06;22;123
28;2025-12-06;23;15
28;2025-12-07;0;0
28;2025-12-07;1;0
28;2025-12-07;2;0
28;2025-12-07;3;0
28;2025-12-07;4;0
28;2025-12-07;5;29
28;2025-12-07;6;76
28;2025-12-07;7;147
28;2025-12-07;8;238
28;2025-12-07;9;306
28;2025-12-07;10;350
28;2025-12-07;11;375
28;2025-12-07;12;431
28;2025-12-07;13;488
28;2025-12-07;14;480
28;2025-12-07;15;489
28;2025-12-07;16;453
28;2025-12-07;17;453
28;2025-12-07;18;402
28;2025-12-07;19;344
28;2025-12-07;20;280
28;2025-12-07;21;228
28;2025-12-07;22;109
28;2025-12-07;23;13
28;2025-12-08;0;0
28;2025-12-08;1;0
28;2025-12-08;2;0
28;2025-12-08;3;0
28;2025-12-08;4;2
28;2025-12-08;5;77
28;2025-12-08;6;266
28;2025-12-08;7;774
28;2025-12-08;8;1180
28;2025-12-08;9;843
28;2025-12-08;10;600
28;2025-12-08;11;522
28;2025-12-08;12;639
28;2025-12-08;13;653
28;2025-12-08;14;607
28;2025-12-08;15;643
28;2025-12-08;16;869
28;2025-12-08;17;924
28;2025-12-08;18;937
28;2025-12-08;19;706
28;2025-12-08;20;467
28;2025-12-08;21;293
28;2025-12-08;22;117
28;2025-12-08;23;11
28;2025-12-09;0;0
28;2025-12-09;1;0
28;2025-12-09;2;0
28;2025-12-09;3;0
28;2025-12-09;4;2
28;2025-12-09;5;72
28;2025-12-09;6;253
28;2025-12-09;7;787
28;2025-12-09;8;1220
28;2025-12-09;9;862
28;2025-12-09;10;662
28;2025-12-09;11;554
28;2025-12-09;12;654
28;2025-12-09;13;724
28;2025-12-09;14;646
28;2025-12-09;15;672
28;2025-12-09;16;822
28;2025-12-09;17;945
28;2025-12-09;18;924
28;2025-12-09;19;724
28;2025-12-09;20;517
28;2025-12-09;21;303
28;2025-12-09;22;118
28;2025-12-09;23;17
28;2025-12-10;0;0
28;2025-12-10;1;0
28;2025-12-10;2;0
28;2025-12-10;3;0
28;2025-12-10;4;2
28;2025-12-10;5;81
28;2025-12-10;6;274
28;2025-12-10;7;771
28;2025-12-10;8;1204
28;2025-12-10;9;817
28;2025-12-10;10;629
28;2025-12-10;11;580
28;2025-12-10;12;673
28;2025-12-10;13;713
28;2025-12-10;14;666
28;2025-12-10;15;693
28;2025-12-10;16;855
28;2025-12-10;17;995
28;2025-12-10;18;941
28;2025-12-10;19;723
28;2025-12-10;20;488
28;2025-12-10;21;307
28;2025-12-10;22;139
28;2025-12-10;23;16
28;2025-12-11;0;0
28;2025-12-11;1;0
28;2025-12-11;2;0
28;2025-12-11;3;0
28;2025-12-11;4;1
28;2025-12-11;5;74
28;2025-12-11;6;269
28;2025-12-11;7;834
28;2025-12-11;8;1254
28;2025-12-11;9;885
28;2025-12-11;10;637
28;2025-12-11;11;544
28;2025-12-11;12;698
28;2025-12-11;13;716
28;2025-12-11;14;661
28;2025-12-11;15;701
28;2025-12-11;16;842
28;2025-12-11;17;979
28;2025-12-11;18;1000
28;2025-12-11;19;732
28;2025-12-11;20;529
28;2025-12-11;21;318
28;2025-12-11;22;138
28;2025-12-11;23;15
28;2025-12-12;0;0
28;2025-12-12;1;0
28;2025-12-12;2;0
28;2025-12-12;3;0
28;2025-12-12;4;2
28;2025-12-12;5;74
28;2025-12-12;6;252
28;2025-12-12;7;772
28;2025-12-12;8;1113
28;2025-12-12;9;810
28;2025-12-12;10;611
28;2025-12-12;11;533
28;2025-12-12;12;675
28;2025-12-12;13;693
28;2025-12-12;14;682
28;2025-12-12;15;713
28;2025-12-12;16;955
28;2025-12-12;17;966
28;2025-12-12;18;813
28;2025-12-12;19;613
28;2025-12-12;20;447
28;2025-12-12;21;306
28;2025-12-12;22;137
28;2025-12-12;23;18
28;2025-12-13;0;0
28;2025-12-13;1;0
28;2025-12-13;2;0
28;2025-12-13;3;0
28;2025-12-13;4;1
28;2025-12-13;5;34
28;2025-12-13;6;95
28;2025-12-13;7;213
28;2025-12-13;8;380
28;2025-12-13;9;445
28;2025-12-13;10;464
28;2025-12-13;11;482
28;2025-12-13;12;558
28;2025-12-13;13;562
28;2025-12-13;14;574
28;2025-12-13;15;566
28;2025-12-13;16;524
28;2025-12-13;17;535
28;2025-12-13;18;472
28;2025-12-13;19;388
28;2025-12-13;20;293
28;2025-12-13;21;252
28;2025-12-13;22;123
28;2025-12-13;23;15
28;2025-12-14;0;0
28;2025-12-14;1;0
28;2025-12-14;2;0
28;2025-12-14;3;0
28;2025-12-14;4;0
28;2025-12-14;5;29
28;2025-12-14;6;76
28;2025-12-14;7;147
28;2025-12-14;8;238
28;2025-12-14;9;306
28;2025-12-14;10;350
28;2025-12-14;11;375
28;2025-12-14;12;431
28;2025-12-14;13;488
28;2025-12-14;14;480
28;2025-12-14;15;489
28;2025-12-14;16;453
28;2025-12-14;17;453
28;2025-12-14;18;402
28;2025-12-14;19;344
28;2025-12-14;20;280
28;2025-12-14;21;228
28;2025-12-14;22;109
28;2025-12-14;23;13
28;2025-12-15;0;0
28;2025-12-15;1;0
28;2025-12-15;2;0
28;2025-12-15;3;0
28;2025-12-15;4;2
28;2025-12-15;5;77
28;2025-12-15;6;266
28;2025-12-15;7;774
28;2025-12-15;8;1180
28;2025-12-15;9;843
28;2025-12-15;10;600
28;2025-12-15;11;522
28;2025-12-15;12;639
28;2025-12-15;13;653
28;2025-12-15;14;607
28;2025-12-15;15;643
28;2025-12-15;16;869
28;2025-12-15;17;924
28;2025-12-15;18;937
28;2025-12-15;19;706
28;2025-12-15;20;467
28;2025-12-15;21;293
28;2025-12-15;22;117
28;2025-12-15;23;11
28;2025-12-16;0;0
28;2025-12-16;1;0
28;2025-12-16;2;0
28;2025-12-16;3;0
28;2025-12-16;4;2
28;2025-12-16;5;72
28;2025-12-16;6;253
28;2025-12-16;7;787
28;2025-12-16;8;1220
28;2025-12-16;9;862
28;2025-12-16;10;662
28;2025-12-16;11;554
28;2025-12-16;12;654
28;2025-12-16;13;724
28;2025-12-16;14;646
28;2025-12-16;15;672
28;2025-12-16;16;822
28;2025-12-16;17;945
28;2025-12-16;18;924
28;2025-12-16;19;724
28;2025-12-16;20;517
28;2025-12-16;21;303
28;2025-12-16;22;118
28;2025-12-16;23;17
28;2025-12-17;0;0
28;2025-12-17;1;0
28;2025-12-17;2;0
28;2025-12-17;3;0
28;2025-12-17;4;2
28;2025-12-17;5;81
28;2025-12-17;6;274
28;2025-12-17;7;771
28;2025-12-17;8;1204
28;2025-12-17;9;817
28;2025-12-17;10;629
28;2025-12-17;11;580
28;2025-12-17;12;673
28;2025-12-17;13;713
28;2025-12-17;14;666
28;2025-12-17;15;693
28;2025-12-17;16;855
28;2025-12-17;17;995
28;2025-12-17;18;941
28;2025-12-17;19;723
28;2025-12-17;20;488
28;2025-12-17;21;307
28;2025-12-17;22;139
28;2025-12-17;23;16
28;2025-12-18;0;0
28;2025-12-18;1;0
28;2025-12-18;2;0
28;2025-12-18;3;0
28;2025-12-18;4;1
28;2025-12-18;5;74
28;2025-12-18;6;269
28;2025-12-18;7;834
28;2025-12-18;8;1254
28;2025-12-18;9;885
28;2025-12-18;10;637
28;2025-12-18;11;544
28;2025-12-18;12;698
28;2025-12-18;13;716
28;2025-12-18;14;661
28;2025-12-18;15;701
28;2025-12-18;16;842
28;2025-12-18;17;979
28;2025-12-18;18;1000
28;2025-12-18;19;732
28;2025-12-18;20;529
28;2025-12-18;21;318
28;2025-12-18;22;138
28;2025-12-18;23;15
28;2025-12-19;0;0
28;2025-12-19;1;0
28;2025-12-19;2;0
28;2025-12-19;3;0
28;2025-12-19;4;2
28;2025-12-19;5;74
28;2025-12-19;6;252
28;2025-12-19;7;772
28;2025-12-19;8;1113
28;2025-12-19;9;810
28;2025-12-19;10;611
28;2025-12-19;11;533
28;2025-12-19;12;675
28;2025-12-19;13;693
28;2025-12-19;14;682
28;2025-12-19;15;713
28;2025-12-19;16;955
28;2025-12-19;17;966
28;2025-12-19;18;813
28;2025-12-19;19;613
28;2025-12-19;20;447
28;2025-12-19;21;306
28;2025-12-19;22;137
28;2025-12-19;23;18
28;2025-12-20;0;0
28;2025-12-20;1;0
28;2025-12-20;2;0
28;2025-12-20;3;0
28;2025-12-20;4;1
28;2025-12-20;5;34
28;2025-12-20;6;95
28;2025-12-20;7;213
28;2025-12-20;8;380
28;2025-12-20;9;445
28;2025-12-20;10;464
28;2025-12-20;11;482
28;2025-12-20;12;558
28;2025-12-20;13;562
28;2025-12-20;14;574
28;2025-12-20;15;566
28;2025-12-20;16;524
28;2025-12-20;17;535
28;2025-12-20;18;472
28;2025-12-20;19;388
28;2025-12-20;20;293
28;2025-12-20;21;252
28;2025-12-20;22;123
28;2025-12-20;23;15
28;2025-12-21;0;0
28;2025-12-21;1;0
28;2025-12-21;2;0
28;2025-12-21;3;0
28;2025-12-21;4;0
28;2025-12-21;5;29
28;2025-12-21;6;76
28;2025-12-21;7;147
28;2025-12-21;8;238
28;2025-12-21;9;306
28;2025-12-21;10;350
28;2025-12-21;11;375
28;2025-12-21;12;431
28;2025-12-21;13;488
28;2025-12-21;14;480
28;2025-12-21;15;489
28;2025-12-21;16;453
28;2025-12-21;17;453
28;2025-12-21;18;402
28;2025-12-21;19;344
28;2025-12-21;20;280
28;2025-12-21;21;228
28;2025-12-21;22;109
28;2025-12-21;23;13
28;2025-12-22;0;0
28;2025-12-22;1;0
28;2025-12-22;2;0
28;2025-12-22;3;0
28;2025-12-22;4;2
28;2025-12-22;5;77
28;2025-12-22;6;266
28;2025-12-22;7;774
28;2025-12-22;8;1180
28;2025-12-22;9;843
28;2025-12-22;10;600
28;2025-12-22;11;522
28;2025-12-22;12;639
28;2025-12-22;13;653
28;2025-12-22;14;607
28;2025-12-22;15;643
28;2025-12-22;16;869
28;2025-12-22;17;924
28;2025-12-22;18;937
28;2025-12-22;19;706
28;2025-12-22;20;467
28;2025-12-22;21;293
28;2025-12-22;22;117
28;2025-12-22;23;11
28;2025-12-23;0;0
28;2025-12-23;1;0
28;2025-12-23;2;0
28;2025-12-23;3;0
28;2025-12-23;4;2
28;2025-12-23;5;72
28;2025-12-23;6;253
28;2025-12-23;7;787
28;2025-12-23;8;1220
28;2025-12-23;9;862
28;2025-12-23;10;662
28;2025-12-23;11;554
28;2025-12-23;12;654
28;2025-12-23;13;724
28;2025-12-23;14;646
28;2025-12-23;15;672
28;2025-12-23;16;822
28;2025-12-23;17;945
28;2025-12-23;18;924
28;2025-12-23;19;724
28;2025-12-23;20;517
28;2025-12-23;21;303
28;2025-12-23;22;118
28;2025-12-23;23;17
28;2025-12-24;0;0
28;2025-12-24;1;0
28;2025-12-24;2;0
28;2025-12-24;3;0
28;2025-12-24;4;2
28;2025-12-24;5;81
28;2025-12-24;6;274
28;2025-12-24;7;771
28;2025-12-24;8;1204
28;2025-12-24;9;817
28;2025-12-24;10;629
28;2025-12-24;11;580
28;2025-12-24;12;673
28;2025-12-24;13;713
28;2025-12-24;14;666
28;2025-12-24;15;693
28;2025-12-24;16;855
28;2025-12-24;17;995
28;2025-12-24;18;941
28;2025-12-24;19;723
28;2025-12-24;20;488
28;2025-12-24;21;307
28;2025-12-24;22;139
28;2025-12-24;23;16
28;2025-12-25;0;0
28;2025-12-25;1;0
28;2025-12-25;2;0
28;2025-12-25;3;0
28;2025-12-25;4;1
28;2025-12-25;5;74
28;2025-12-25;6;269
28;2025-12-25;7;834
28;2025-12-25;8;1254
28;2025-12-25;9;885
28;2025-12-25;10;637
28;2025-12-25;11;544
28;2025-12-25;12;698
28;2025-12-25;13;716
28;2025-12-25;14;661
28;2025-12-25;15;701
28;2025-12-25;16;842
28;2025-12-25;17;979
28;2025-12-25;18;1000
28;2025-12-25;19;732
28;2025-12-25;20;529
28;2025-12-25;21;318
28;2025-12-25;22;138
28;2025-12-25;23;15
28;2025-12-26;0;0
28;2025-12-26;1;0
28;2025-12-26;2;0
28;2025-12-26;3;0
28;2025-12-26;4;2
28;2025-12-26;5;74
28;2025-12-26;6;252
28;2025-12-26;7;772
28;2025-12-26;8;1113
28;2025-12-26;9;810
28;2025-12-26;10;611
28;2025-12-26;11;533
28;2025-12-26;12;675
28;2025-12-26;13;693
28;2025-12-26;14;682
28;2025-12-26;15;713
28;2025-12-26;16;955
28;2025-12-26;17;966
28;2025-12-26;18;813
28;2025-12-26;19;613
28;2025-12-26;20;447
28;2025-12-26;21;306
28;2025-12-26;22;137
28;2025-12-26;23;18
28;2025-12-27;0;0
28;2025-12-27;1;0
28;2025-12-27;2;0
28;2025-12-27;3;0
28;2025-12-27;4;1
28;2025-12-27;5;34
28;2025-12-27;6;95
28;2025-12-27;7;213
28;2025-12-27;8;380
28;2025-12-27;9;445
28;2025-12-27;10;464
28;2025-12-27;11;482
28;2025-12-27;12;558
28;2025-12-27;13;562
28;2025-12-27;14;574
28;2025-12-27;15;566
28;2025-12-27;16;524
28;2025-12-27;17;535
28;2025-12-27;18;472
28;2025-12-27;19;388
28;2025-12-27;20;293
28;2025-12-27;21;252
28;2025-12-27;22;123
28;2025-12-27;23;15
28;2025-12-28;0;0
28;2025-12-28;1;0
28;2025-12-28;2;0
28;2025-12-28;3;0
28;2025-12-28;4;0
28;2025-12-28;5;29
28;2025-12-28;6;76
28;2025-12-28;7;147
28;2025-12-28;8;238
28;2025-12-28;9;306
28;2025-12-28;10;350
28;2025-12-28;11;375
28;2025-12-28;12;431
28;2025-12-28;13;488
28;2025-12-28;14;480
28;2025-12-28;15;489
28;2025-12-28;16;453
28;2025-12-28;17;453
28;2025-12-28;18;402
28;2025-12-28;19;344
28;2025-12-28;20;280
28;2025-12-28;21;228
28;2025-12-28;22;109
28;2025-12-28;23;13
28;2025-12-29;0;0
28;2025-12-29;1;0
28;2025-12-29;2;0
28;2025-12-29;3;0
28;2025-12-29;4;2
28;2025-12-29;5;77
28;2025-12-29;6;266
28;2025-12-29;7;774
28;2025-12-29;8;1180
28;2025-12-29;9;843
28;2025-12-29;10;600
28;2025-12-29;11;522
28;2025-12-29;12;639
28;2025-12-29;13;653
28;2025-12-29;14;607
28;2025-12-29;15;643
28;2025-12-29;16;869
28;2025-12-29;17;924
28;2025-12-29;18;937
28;2025-12-29;19;706
28;2025-12-29;20;467
28;2025-12-29;21;293
28;2025-12-29;22;117
28;2025-12-29;23;11
28;2025-12-30;0;0
28;2025-12-30;1;0
28;2025-12-30;2;0
28;2025-12-30;3;0
28;2025-12-30;4;2
28;2025-12-30;5;72
28;2025-12-30;6;253
28;2025-12-30;7;787
28;2025-12-30;8;1220
28;2025-12-30;9;862
28;2025-12-30;10;662
28;2025-12-30;11;554
28;2025-12-30;12;654
28;2025-12-30;13;724
28;2025-12-30;14;646
28;2025-12-30;15;672
28;2025-12-30;16;822
28;2025-12-30;17;945
28;2025-12-30;18;924
28;2025-12-30;19;724
28;2025-12-30;20;517
28;2025-12-30;21;303
28;2025-12-30;22;118
28;2025-12-30;23;17
28;2025-12-31;0;0
28;2025-12-31;1;0
28;2025-12-31;2;0
28;2025-12-31;3;0
28;2025-12-31;4;0
28;2025-12-31;5;18
28;2025-12-31;6;54
28;2025-12-31;7;120
28;2025-12-31;8;182
28;2025-12-31;9;248
28;2025-12-31;10;284
28;2025-12-31;11;309
28;2025-12-31;12;361
28;2025-12-31;13;406
28;2025-12-31;14;400
28;2025-12-31;15;402
28;2025-12-31;16;374
28;2025-12-31;17;379
28;2025-12-31;18;346
28;2025-12-31;19;305
28;2025-12-31;20;253
28;2025-12-31;21;208
28;2025-12-31;22;95
28;2025-12-31;23;8
50;2025-11-01;0;45
50;2025-11-01;1;5
50;2025-11-01;2;0
50;2025-11-01;3;0
50;2025-11-01;4;1
50;2025-11-01;5;70
50;2025-11-01;6;550
50;2025-11-01;7;1777
50;2025-11-01;8;2757
50;2025-11-01;9;2168
50;2025-11-01;10;1634
50;2025-11-01;11;1722
50;2025-11-01;12;1652
50;2025-11-01;13;1646
50;2025-11-01;14;1572
50;2025-11-01;15;2043
50;2025-11-01;16;2265
50;2025-11-01;17;2257
50;2025-11-01;18;1829
50;2025-11-01;19;1227
50;2025-11-01;20;817
50;2025-11-01;21;549
50;2025-11-01;22;321
50;2025-11-01;23;190
50;2025-11-02;0;0
50;2025-11-02;1;0
50;2025-11-02;2;0
50;2025-11-02;3;0
50;2025-11-02;4;0
50;2025-11-02;5;0
50;2025-11-02;6;0
50;2025-11-02;7;0
50;2025-11-02;8;0
50;2025-11-02;9;0
50;2025-11-02;10;0
50;2025-11-02;11;0
50;2025-11-02;12;0
50;2025-11-02;13;0
50;2025-11-02;14;0
50;2025-11-02;15;0
50;2025-11-02;16;0
50;2025-11-02;17;0
50;2025-11-02;18;0
50;2025-11-02;19;0
50;2025-11-02;20;0
50;2025-11-02;21;0
50;2025-11-02;22;0
50;2025-11-02;23;0
50;2025-11-03;0;0
50;2025-11-03;1;0
50;2025-11-03;2;0
50;2025-11-03;3;0
50;2025-11-03;4;0
50;2025-11-03;5;0
50;2025-11-03;6;0
50;2025-11-03;7;0
50;2025-11-03;8;0
50;2025-11-03;9;0
50;2025-11-03;10;0
50;2025-11-03;11;0
50;2025-11-03;12;0
50;2025-11-03;13;0
50;2025-11-03;14;0
50;2025-11-03;15;0
50;2025-11-03;16;0
50;2025-11-03;17;0
50;2025-11-03;18;0
50;2025-11-03;19;0
50;2025-11-03;20;0
50;2025-11-03;21;0
50;2025-11-03;22;0
50;2025-11-03;23;0
50;2025-11-04;0;0
50;2025-11-04;1;0
50;2025-11-04;2;0
50;2025-11-04;3;0
50;2025-11-04;4;0
50;2025-11-04;5;0
50;2025-11-04;6;0
50;2025-11-04;7;0
50;2025-11-04;8;0
50;2025-11-04;9;0
50;2025-11-04;10;0
50;2025-11-04;11;0
50;2025-11-04;12;0
50;2025-11-04;13;0
50;2025-11-04;14;0
50;2025-11-04;15;0
50;2025-11-04;16;0
50;2025-11-04;17;0
50;2025-11-04;18;0
50;2025-11-04;19;0
50;2025-11-04;20;0
50;2025-11-04;21;0
50;2025-11-04;22;0
50;2025-11-04;23;0
50;2025-11-05;0;35
50;2025-11-05;1;4
50;2025-11-05;2;0
50;2025-11-05;3;0
50;2025-11-05;4;3
50;2025-11-05;5;70
50;2025-11-05;6;553
50;2025-11-05;7;1759
50;2025-11-05;8;2744
50;2025-11-05;9;2109
50;2025-11-05;10;1655
50;2025-11-05;11;1554
50;2025-11-05;12;1472
50;2025-11-05;13;1499
50;2025-11-05;14;1422
50;2025-11-05;15;1691
50;2025-11-05;16;1708
50;2025-11-05;17;2442
50;2025-11-05;18;2515
50;2025-11-05;19;1498
50;2025-11-05;20;867
50;2025-11-05;21;619
50;2025-11-05;22;286
50;2025-11-05;23;137
50;2025-11-06;0;39
50;2025-11-06;1;3
50;2025-11-06;2;0
50;2025-11-06;3;0
50;2025-11-06;4;2
50;2025-11-06;5;69
50;2025-11-06;6;553
50;2025-11-06;7;1769
50;2025-11-06;8;2680
50;2025-11-06;9;2132
50;2025-11-06;10;1675
50;2025-11-06;11;1523
50;2025-11-06;12;1488
50;2025-11-06;13;1469
50;2025-11-06;14;1396
50;2025-11-06;15;1585
50;2025-11-06;16;1823
50;2025-11-06;17;2343
50;2025-11-06;18;2510
50;2025-11-06;19;1483
50;2025-11-06;20;938
50;2025-11-06;21;668
50;2025-11-06;22;290
50;2025-11-06;23;152
50;2025-11-07;0;42
50;2025-11-07;1;3
50;2025-11-07;2;0
50;2025-11-07;3;0
50;2025-11-07;4;2
50;2025-11-07;5;66
50;2025-11-07;6;553
50;2025-11-07;7;1727
50;2025-11-07;8;2669
50;2025-11-07;9;2053
50;2025-11-07;10;1550
50;2025-11-07;11;1626
50;2025-11-07;12;1523
50;2025-11-07;13;1472
50;2025-11-07;14;1412
50;2025-11-07;15;1744
50;2025-11-07;16;2043
50;2025-11-07;17;2179
50;2025-11-07;18;1804
50;2025-11-07;19;1224
50;2025-11-07;20;814
50;2025-11-07;21;557
50;2025-11-07;22;303
50;2025-11-07;23;172
50;2025-11-08;0;0
50;2025-11-08;1;0
50;2025-11-08;2;0
50;2025-11-08;3;0
50;2025-11-08;4;0
50;2025-11-08;5;0
50;2025-11-08;6;0
50;2025-11-08;7;0
50;2025-11-08;8;0
50;2025-11-08;9;0
50;2025-11-08;10;0
50;2025-11-08;11;0
50;2025-11-08;12;0
50;2025-11-08;13;0
50;2025-11-08;14;0
50;2025-11-08;15;0
50;2025-11-08;16;0
50;2025-11-08;17;0
50;2025-11-08;18;0
50;2025-11-08;19;0
50;2025-11-08;20;0
50;2025-11-08;21;0
50;2025-11-08;22;0
50;2025-11-08;23;0
50;2025-11-09;0;0
50;2025-11-09;1;0
50;2025-11-09;2;0
50;2025-11-09;3;0
50;2025-11-09;4;0
50;2025-11-09;5;0
50;2025-11-09;6;0
50;2025-11-09;7;0
50;2025-11-09;8;0
50;2025-11-09;9;0
50;2025-11-09;10;0
50;2025-11-09;11;0
50;2025-11-09;12;0
50;2025-11-09;13;0
50;2025-11-09;14;0
50;2025-11-09;15;0
50;2025-11-09;16;0
50;2025-11-09;17;0
50;2025-11-09;18;0
50;2025-11-09;19;0
50;2025-11-09;20;0
50;2025-11-09;21;0
50;2025-11-09;22;0
50;2025-11-09;23;0
50;2025-11-10;0;30
50;2025-11-10;1;4
50;2025-11-10;2;0
50;2025-11-10;3;0
50;2025-11-10;4;3
50;2025-11-10;5;68
50;2025-11-10;6;527
50;2025-11-10;7;1780
50;2025-11-10;8;2761
50;2025-11-10;9;2125
50;2025-11-10;10;1631
50;2025-11-10;11;1534
50;2025-11-10;12;1378
50;2025-11-10;13;1408
50;2025-11-10;14;1351
50;2025-11-10;15;1580
50;2025-11-10;16;1641
50;2025-11-10;17;2366
50;2025-11-10;18;2508
50;2025-11-10;19;1467
50;2025-11-10;20;890
50;2025-11-10;21;600
50;2025-11-10;22;258
50;2025-11-10;23;118
50;2025-11-11;0;35
50;2025-11-11;1;3
50;2025-11-11;2;0
50;2025-11-11;3;0
50;2025-11-11;4;2
50;2025-11-11;5;67
50;2025-11-11;6;572
50;2025-11-11;7;1804
50;2025-11-11;8;2845
50;2025-11-11;9;2215
50;2025-11-11;10;1669
50;2025-11-11;11;1572
50;2025-11-11;12;1511
50;2025-11-11;13;1490
50;2025-11-11;14;1412
50;2025-11-11;15;1635
50;2025-11-11;16;1683
50;2025-11-11;17;2380
50;2025-11-11;18;2634
50;2025-11-11;19;1507
50;2025-11-11;20;947
50;2025-11-11;21;625
50;2025-11-11;22;281
50;2025-11-11;23;126
50;2025-11-12;0;35
50;2025-11-12;1;4
50;2025-11-12;2;0
50;2025-11-12;3;0
50;2025-11-12;4;3
50;2025-11-12;5;70
50;2025-11-12;6;553
50;2025-11-12;7;1759
50;2025-11-12;8;2744
50;2025-11-12;9;2109
50;2025-11-12;10;1655
50;2025-11-12;11;1554
50;2025-11-12;12;1472
50;2025-11-12;13;1499
50;2025-11-12;14;1422
50;2025-11-12;15;1691
50;2025-11-12;16;1708
50;2025-11-12;17;2442
50;2025-11-12;18;2515
50;2025-11-12;19;1498
50;2025-11-12;20;867
50;2025-11-12;21;619
50;2025-11-12;22;286
50;2025-11-12;23;137
50;2025-11-13;0;39
50;2025-11-13;1;3
50;2025-11-13;2;0
50;2025-11-13;3;0
50;2025-11-13;4;2
50;2025-11-13;5;69
50;2025-11-13;6;553
50;2025-11-13;7;1769
50;2025-11-13;8;2680
50;2025-11-13;9;2132
50;2025-11-13;10;1675
50;2025-11-13;11;1523
50;2025-11-13;12;1488
50;2025-11-13;13;1469
50;2025-11-13;14;1396
50;2025-11-13;15;1585
50;2025-11-13;16;1823
50;2025-11-13;17;2343
50;2025-11-13;18;2510
50;2025-11-13;19;1483
50;2025-11-13;20;938
50;2025-11-13;21;668
50;2025-11-13;22;290
50;2025-11-13;23;152
50;2025-11-14;0;42
50;2025-11-14;1;3
50;2025-11-14;2;0
50;2025-11-14;3;0
50;2025-11-14;4;2
50;2025-11-14;5;66
50;2025-11-14;6;553
50;2025-11-14;7;1727
50;2025-11-14;8;2669
50;2025-11-14;9;2053
50;2025-11-14;10;1550
50;2025-11-14;11;1626
50;2025-11-14;12;1523
50;2025-11-14;13;1472
50;2025-11-14;14;1412
50;2025-11-14;15;1744
50;2025-11-14;16;2043
50;2025-11-14;17;2179
50;2025-11-14;18;1804
50;2025-11-14;19;1224
50;2025-11-14;20;814
50;2025-11-14;21;557
50;2025-11-14;22;303
50;2025-11-14;23;172
50;2025-11-15;0;0
50;2025-11-15;1;0
50;2025-11-15;2;0
50;2025-11-15;3;0
50;2025-11-15;4;0
50;2025-11-15;5;0
50;2025-11-15;6;0
50;2025-11-15;7;0
50;2025-11-15;8;0
50;2025-11-15;9;0
50;2025-11-15;10;0
50;2025-11-15;11;0
50;2025-11-15;12;0
50;2025-11-15;13;0
50;2025-11-15;14;0
50;2025-11-15;15;0
50;2025-11-15;16;0
50;2025-11-15;17;0
50;2025-11-15;18;0
50;2025-11-15;19;0
50;2025-11-15;20;0
50;2025-11-15;21;0
50;2025-11-15;22;0
50;2025-11-15;23;0
50;2025-11-16;0;0
50;2025-11-16;1;0
50;2025-11-16;2;0
50;2025-11-16;3;0
50;2025-11-16;4;0
50;2025-11-16;5;0
50;2025-11-16;6;0
50;2025-11-16;7;0
50;2025-11-16;8;0
50;2025-11-16;9;0
50;2025-11-16;10;0
50;2025-11-16;11;0
50;2025-11-16;12;0
50;2025-11-16;13;0
50;2025-11-16;14;0
50;2025-11-16;15;0
50;2025-11-16;16;0
50;2025-11-16;17;0
50;2025-11-16;18;0
50;2025-11-16;19;0
50;2025-11-16;20;0
50;2025-11-16;21;0
50;2025-11-16;22;0
50;2025-11-16;23;0
50;2025-11-17;0;30
50;2025-11-17;1;4
50;2025-11-17;2;0
50;2025-11-17;3;0
50;2025-11-17;4;3
50;2025-11-17;5;68
50;2025-11-17;6;527
50;2025-11-17;7;1780
50;2025-11-17;8;2761
50;2025-11-17;9;2125
50;2025-11-17;10;1631
50;2025-11-17;11;1534
50;2025-11-17;12;1378
50;2025-11-17;13;1408
50;2025-11-17;14;1351
50;2025-11-17;15;1580
50;2025-11-17;16;1641
50;2025-11-17;17;2366
50;2025-11-17;18;2508
50;2025-11-17;19;1467
50;2025-11-17;20;890
50;2025-11-17;21;600
50;2025-11-17;22;258
50;2025-11-17;23;118
50;2025-11-18;0;35
50;2025-11-18;1;3
50;2025-11-18;2;0
50;2025-11-18;3;0
50;2025-11-18;4;2
50;2025-11-18;5;67
50;2025-11-18;6;572
50;2025-11-18;7;1804
50;2025-11-18;8;2845
50;2025-11-18;9;2215
50;2025-11-18;10;1669
50;2025-11-18;11;1572
50;2025-11-18;12;1511
50;2025-11-18;13;1490
50;2025-11-18;14;1412
50;2025-11-18;15;1635
50;2025-11-18;16;1683
50;2025-11-18;17;2380
50;2025-11-18;18;2634
50;2025-11-18;19;1507
50;2025-11-18;20;947
50;2025-11-18;21;625
50;2025-11-18;22;281
50;2025-11-18;23;126
50;2025-11-19;0;35
50;2025-11-19;1;4
50;2025-11-19;2;0
50;2025-11-19;3;0
50;2025-11-19;4;3
50;2025-11-19;5;70
50;2025-11-19;6;553
50;2025-11-19;7;1759
50;2025-11-19;8;2744
50;2025-11-19;9;2109
50;2025-11-19;10;1655
50;2025-11-19;11;1554
50;2025-11-19;12;1472
50;2025-11-19;13;1499
50;2025-11-19;14;1422
50;2025-11-19;15;1691
50;2025-11-19;16;1708
50;2025-11-19;17;2442
50;2025-11-19;18;2515
50;2025-11-19;19;1498
50;2025-11-19;20;867
50;2025-11-19;21;619
50;2025-11-19;22;286
50;2025-11-19;23;137
50;2025-11-20;0;39
50;2025-11-20;1;3
50;2025-11-20;2;0
50;2025-11-20;3;0
50;2025-11-20;4;2
50;2025-11-20;5;69
50;2025-11-20;6;553
50;2025-11-20;7;1769
50;2025-11-20;8;2680
50;2025-11-20;9;2132
50;2025-11-20;10;1675
50;2025-11-20;11;1523
50;2025-11-20;12;1488
50;2025-11-20;13;1469
50;2025-11-20;14;1396
50;2025-11-20;15;1585
50;2025-11-20;16;1823
50;2025-11-20;17;2343
50;2025-11-20;18;2510
50;2025-11-20;19;1483
50;2025-11-20;20;938
50;2025-11-20;21;668
50;2025-11-20;22;290
50;2025-11-20;23;152
50;2025-11-21;0;42
50;2025-11-21;1;3
50;2025-11-21;2;0
50;2025-11-21;3;0
50;2025-11-21;4;2
50;2025-11-21;5;66
50;2025-11-21;6;553
50;2025-11-21;7;1727
50;2025-11-21;8;2669
50;2025-11-21;9;2053
50;2025-11-21;10;1550
50;2025-11-21;11;1626
50;2025-11-21;12;1523
50;2025-11-21;13;1472
50;2025-11-21;14;1412
50;2025-11-21;15;1744
50;2025-11-21;16;2043
50;2025-11-21;17;2179
50;2025-11-21;18;1804
50;2025-11-21;19;1224
50;2025-11-21;20;814
50;2025-11-21;21;557
50;2025-11-21;22;303
50;2025-11-21;23;172
50;2025-11-22;0;0
50;2025-11-22;1;0
50;2025-11-22;2;0
50;2025-11-22;3;0
50;2025-11-22;4;0
50;2025-11-22;5;0
50;2025-11-22;6;0
50;2025-11-22;7;0
50;2025-11-22;8;0
50;2025-11-22;9;0
50;2025-11-22;10;0
50;2025-11-22;11;0
50;2025-11-22;12;0
50;2025-11-22;13;0
50;2025-11-22;14;0
50;2025-11-22;15;0
50;2025-11-22;16;0
50;2025-11-22;17;0
50;2025-11-22;18;0
50;2025-11-22;19;0
50;2025-11-22;20;0
50;2025-11-22;21;0
50;2025-11-22;22;0
50;2025-11-22;23;0
50;2025-11-23;0;0
50;2025-11-23;1;0
50;2025-11-23;2;0
50;2025-11-23;3;0
50;2025-11-23;4;0
50;2025-11-23;5;0
50;2025-11-23;6;0
50;2025-11-23;7;0
50;2025-11-23;8;0
50;2025-11-23;9;0
50;2025-11-23;10;0
50;2025-11-23;11;0
50;2025-11-23;12;0
50;2025-11-23;13;0
50;2025-11-23;14;0
50;2025-11-23;15;0
50;2025-11-23;16;0
50;2025-11-23;17;0
50;2025-11-23;18;0
50;2025-11-23;19;0
50;2025-11-23;20;0
50;2025-11-23;21;0
50;2025-11-23;22;0
50;2025-11-23;23;0
50;2025-11-24;0;30
50;2025-11-24;1;4
50;2025-11-24;2;0
50;2025-11-24;3;0
50;2025-11-24;4;3
50;2025-11-24;5;68
50;2025-11-24;6;527
50;2025-11-24;7;1780
50;2025-11-24;8;2761
50;2025-11-24;9;2125
50;2025-11-24;10;1631
50;2025-11-24;11;1534
50;2025-11-24;12;1378
50;2025-11-24;13;1408
50;2025-11-24;14;1351
50;2025-11-24;15;1580
50;2025-11-24;16;1641
50;2025-11-24;17;2366
50;2025-11-24;18;2508
50;2025-11-24;19;1467
50;2025-11-24;20;890
50;2025-11-24;21;600
50;2025-11-24;22;258
50;2025-11-24;23;118
50;2025-11-25;0;35
50;2025-11-25;1;3
50;2025-11-25;2;0
50;2025-11-25;3;0
50;2025-11-25;4;2
50;2025-11-25;5;67
50;2025-11-25;6;572
50;2025-11-25;7;1804
50;2025-11-25;8;2845
50;2025-11-25;9;2215
50;2025-11-25;10;1669
50;2025-11-25;11;1572
50;2025-11-25;12;1511
50;2025-11-25;13;1490
50;2025-11-25;14;1412
50;2025-11-25;15;1635
50;2025-11-25;16;1683
50;2025-11-25;17;2380
50;2025-11-25;18;2634
50;2025-11-25;19;1507
50;2025-11-25;20;947
50;2025-11-25;21;625
50;2025-11-25;22;281
50;2025-11-25;23;126
50;2025-11-26;0;35
50;2025-11-26;1;4
50;2025-11-26;2;0
50;2025-11-26;3;0
50;2025-11-26;4;3
50;2025-11-26;5;70
50;2025-11-26;6;553
50;2025-11-26;7;1759
50;2025-11-26;8;2744
50;2025-11-26;9;2109
50;2025-11-26;10;1655
50;2025-11-26;11;1554
50;2025-11-26;12;1472
50;2025-11-26;13;1499
50;2025-11-26;14;1422
50;2025-11-26;15;1691
50;2025-11-26;16;1708
50;2025-11-26;17;2442
50;2025-11-26;18;2515
50;2025-11-26;19;1498
50;2025-11-26;20;867
50;2025-11-26;21;619
50;2025-11-26;22;286
50;2025-11-26;23;137
50;2025-11-27;0;39
50;2025-11-27;1;3
50;2025-11-27;2;0
50;2025-11-27;3;0
50;2025-11-27;4;2
50;2025-11-27;5;69
50;2025-11-27;6;553
50;2025-11-27;7;1769
50;2025-11-27;8;2680
50;2025-11-27;9;2132
50;2025-11-27;10;1675
50;2025-11-27;11;1523
50;2025-11-27;12;1488
50;2025-11-27;13;1469
50;2025-11-27;14;1396
50;2025-11-27;15;1585
50;2025-11-27;16;1823
50;2025-11-27;17;2343
50;2025-11-27;18;2510
50;2025-11-27;19;1483
50;2025-11-27;20;938
50;2025-11-27;21;668
50;2025-11-27;22;290
50;2025-11-27;23;152
50;2025-11-28;0;42
50;2025-11-28;1;3
50;2025-11-28;2;0
50;2025-11-28;3;0
50;2025-11-28;4;2
50;2025-11-28;5;66
50;2025-11-28;6;553
50;2025-11-28;7;1727
50;2025-11-28;8;2669
50;2025-11-28;9;2053
50;2025-11-28;10;1550
50;2025-11-28;11;1626
50;2025-11-28;12;1523
50;2025-11-28;13;1472
50;2025-11-28;14;1412
50;2025-11-28;15;1744
50;2025-11-28;16;2043
50;2025-11-28;17;2179
50;2025-11-28;18;1804
50;2025-11-28;19;1224
50;2025-11-28;20;814
50;2025-11-28;21;557
50;2025-11-28;22;303
50;2025-11-28;23;172
50;2025-11-29;0;0
50;2025-11-29;1;0
50;2025-11-29;2;0
50;2025-11-29;3;0
50;2025-11-29;4;0
50;2025-11-29;5;0
50;2025-11-29;6;0
50;2025-11-29;7;0
50;2025-11-29;8;0
50;2025-11-29;9;0
50;2025-11-29;10;0
50;2025-11-29;11;0
50;2025-11-29;12;0
50;2025-11-29;13;0
50;2025-11-29;14;0
50;2025-11-29;15;0
50;2025-11-29;16;0
50;2025-11-29;17;0
50;2025-11-29;18;0
50;2025-11-29;19;0
50;2025-11-29;20;0
50;2025-11-29;21;0
50;2025-11-29;22;0
50;2025-11-29;23;0
50;2025-11-30;0;0
50;2025-11-30;1;0
50;2025-11-30;2;0
50;2025-11-30;3;0
50;2025-11-30;4;0
50;2025-11-30;5;0
50;2025-11-30;6;0
50;2025-11-30;7;0
50;2025-11-30;8;0
50;2025-11-30;9;0
50;2025-11-30;10;0
50;2025-11-30;11;0
50;2025-11-30;12;0
50;2025-11-30;13;0
50;2025-11-30;14;0
50;2025-11-30;15;0
50;2025-11-30;16;0
50;2025-11-30;17;0
50;2025-11-30;18;0
50;2025-11-30;19;0
50;2025-11-30;20;0
50;2025-11-30;21;0
50;2025-11-30;22;0
50;2025-11-30;23;0
50;2025-12-01;0;30
50;2025-12-01;1;4
50;2025-12-01;2;0
50;2025-12-01;3;0
50;2025-12-01;4;3
50;2025-12-01;5;68
50;2025-12-01;6;527
50;2025-12-01;7;1780
50;2025-12-01;8;2761
50;2025-12-01;9;2125
50;2025-12-01;10;1631
50;2025-12-01;11;1534
50;2025-12-01;12;1378
50;2025-12-01;13;1408
50;2025-12-01;14;1351
50;2025-12-01;15;1580
50;2025-12-01;16;1641
50;2025-12-01;17;2366
50;2025-12-01;18;2508
50;2025-12-01;19;1467
50;2025-12-01;20;890
50;2025-12-01;21;600
50;2025-12-01;22;258
50;2025-12-01;23;118
50;2025-12-02;0;35
50;2025-12-02;1;3
50;2025-12-02;2;0
50;2025-12-02;3;0
50;2025-12-02;4;2
50;2025-12-02;5;67
50;2025-12-02;6;572
50;2025-12-02;7;1804
50;2025-12-02;8;2845
50;2025-12-02;9;2215
50;2025-12-02;10;1669
50;2025-12-02;11;1572
50;2025-12-02;12;1511
50;2025-12-02;13;1490
50;2025-12-02;14;1412
50;2025-12-02;15;1635
50;2025-12-02;16;1683
50;2025-12-02;17;2380
50;2025-12-02;18;2634
50;2025-12-02;19;1507
50;2025-12-02;20;947
50;2025-12-02;21;625
50;2025-12-02;22;281
50;2025-12-02;23;126
50;2025-12-03;0;35
50;2025-12-03;1;4
50;2025-12-03;2;0
50;2025-12-03;3;0
50;2025-12-03;4;3
50;2025-12-03;5;70
50;2025-12-03;6;553
50;2025-12-03;7;1759
50;2025-12-03;8;2744
50;2025-12-03;9;2109
50;2025-12-03;10;1655
50;2025-12-03;11;1554
50;2025-12-03;12;1472
50;2025-12-03;13;1499
50;2025-12-03;14;1422
50;2025-12-03;15;1691
50;2025-12-03;16;1708
50;2025-12-03;17;2442
50;2025-12-03;18;2515
50;2025-12-03;19;1498
50;2025-12-03;20;867
50;2025-12-03;21;619
50;2025-12-03;22;286
50;2025-12-03;23;137
50;2025-12-04;0;39
50;2025-12-04;1;3
50;2025-12-04;2;0
50;2025-12-04;3;0
50;2025-12-04;4;2
50;2025-12-04;5;69
50;2025-12-04;6;553
50;2025-12-04;7;1769
50;2025-12-04;8;2680
50;2025-12-04;9;2132
50;2025-12-04;10;1675
50;2025-12-04;11;1523
50;2025-12-04;12;1488
50;2025-12-04;13;1469
50;2025-12-04;14;1396
50;2025-12-04;15;1585
50;2025-12-04;16;1823
50;2025-12-04;17;2343
50;2025-12-04;18;2510
50;2025-12-04;19;1483
50;2025-12-04;20;938
50;2025-12-04;21;668
50;2025-12-04;22;290
50;2025-12-04;23;152
50;2025-12-05;0;42
50;2025-12-05;1;3
50;2025-12-05;2;0
50;2025-12-05;3;0
50;2025-12-05;4;2
50;2025-12-05;5;66
50;2025-12-05;6;553
50;2025-12-05;7;1727
50;2025-12-05;8;2669
50;2025-12-05;9;2053
50;2025-12-05;10;1550
50;2025-12-05;11;1626
50;2025-12-05;12;1523
50;2025-12-05;13;1472
50;2025-12-05;14;1412
50;2025-12-05;15;1744
50;2025-12-05;16;2043
50;2025-12-05;17;2179
50;2025-12-05;18;1804
50;2025-12-05;19;1224
50;2025-12-05;20;814
50;2025-12-05;21;557
50;2025-12-05;22;303
50;2025-12-05;23;172
50;2025-12-06;0;0
50;2025-12-06;1;0
50;2025-12-06;2;0
50;2025-12-06;3;0
50;2025-12-06;4;0
50;2025-12-06;5;0
50;2025-12-06;6;0
50;2025-12-06;7;0
50;2025-12-06;8;0
50;2025-12-06;9;0
50;2025-12-06;10;0
50;2025-12-06;11;0
50;2025-12-06;12;0
50;2025-12-06;13;0
50;2025-12-06;14;0
50;2025-12-06;15;0
50;2025-12-06;16;0
50;2025-12-06;17;0
50;2025-12-06;18;0
50;2025-12-06;19;0
50;2025-12-06;20;0
50;2025-12-06;21;0
50;2025-12-06;22;0
50;2025-12-06;23;0
50;2025-12-07;0;0
50;2025-12-07;1;0
50;2025-12-07;2;0
50;2025-12-07;3;0
50;2025-12-07;4;0
50;2025-12-07;5;0
50;2025-12-07;6;0
50;2025-12-07;7;0
50;2025-12-07;8;0
50;2025-12-07;9;0
50;2025-12-07;10;0
50;2025-12-07;11;0
50;2025-12-07;12;0
50;2025-12-07;13;0
50;2025-12-07;14;0
50;2025-12-07;15;0
50;2025-12-07;16;0
50;2025-12-07;17;0
50;2025-12-07;18;0
50;2025-12-07;19;0
50;2025-12-07;20;0
50;2025-12-07;21;0
50;2025-12-07;22;0
50;2025-12-07;23;0
50;2025-12-08;0;30
50;2025-12-08;1;4
50;2025-12-08;2;0
50;2025-12-08;3;0
50;2025-12-08;4;3
50;2025-12-08;5;68
50;2025-12-08;6;527
50;2025-12-08;7;1780
50;2025-12-08;8;2761
50;2025-12-08;9;2125
50;2025-12-08;10;1631
50;2025-12-08;11;1534
50;2025-12-08;12;1378
50;2025-12-08;13;1408
50;2025-12-08;14;1351
50;2025-12-08;15;1580
50;2025-12-08;16;1641
50;2025-12-08;17;2366
50;2025-12-08;18;2508
50;2025-12-08;19;1467
50;2025-12-08;20;890
50;2025-12-08;21;600
50;2025-12-08;22;258
50;2025-12-08;23;118
50;2025-12-09;0;35
50;2025-12-09;1;3
50;2025-12-09;2;0
50;2025-12-09;3;0
50;2025-12-09;4;2
50;2025-12-09;5;67
50;2025-12-09;6;572
50;2025-12-09;7;1804
50;2025-12-09;8;2845
50;2025-12-09;9;2215
50;2025-12-09;10;1669
50;2025-12-09;11;1572
50;2025-12-09;12;1511
50;2025-12-09;13;1490
50;2025-12-09;14;1412
50;2025-12-09;15;1635
50;2025-12-09;16;1683
50;2025-12-09;17;2380
50;2025-12-09;18;2634
50;2025-12-09;19;1507
50;2025-12-09;20;947
50;2025-12-09;21;625
50;2025-12-09;22;281
50;2025-12-09;23;126
50;2025-12-10;0;35
50;2025-12-10;1;4
50;2025-12-10;2;0
50;2025-12-10;3;0
50;2025-12-10;4;3
50;2025-12-10;5;70
50;2025-12-10;6;553
50;2025-12-10;7;1759
50;2025-12-10;8;2744
50;2025-12-10;9;2109
50;2025-12-10;10;1655
50;2025-12-10;11;1554
50;2025-12-10;12;1472
50;2025-12-10;13;1499
50;2025-12-10;14;1422
50;2025-12-10;15;1691
50;2025-12-10;16;1708
50;2025-12-10;17;2442
50;2025-12-10;18;2515
50;2025-12-10;19;1498
50;2025-12-10;20;867
50;2025-12-10;21;619
50;2025-12-10;22;286
50;2025-12-10;23;137
50;2025-12-11;0;39
50;2025-12-11;1;3
50;2025-12-11;2;0
50;2025-12-11;3;0
50;2025-12-11;4;2
50;2025-12-11;5;69
50;2025-12-11;6;553
50;2025-12-11;7;1769
50;2025-12-11;8;2680
50;2025-12-11;9;2132
50;2025-12-11;10;1675
50;2025-12-11;11;1523
50;2025-12-11;12;1488
50;2025-12-11;13;1469
50;2025-12-11;14;1396
50;2025-12-11;15;1585
50;2025-12-11;16;1823
50;2025-12-11;17;2343
50;2025-12-11;18;2510
50;2025-12-11;19;1483
50;2025-12-11;20;938
50;2025-12-11;21;668
50;2025-12-11;22;290
50;2025-12-11;23;152
50;2025-12-12;0;42
50;2025-12-12;1;3
50;2025-12-12;2;0
50;2025-12-12;3;0
50;2025-12-12;4;2
50;2025-12-12;5;66
50;2025-12-12;6;553
50;2025-12-12;7;1727
50;2025-12-12;8;2669
50;2025-12-12;9;2053
50;2025-12-12;10;1550
50;2025-12-12;11;1626
50;2025-12-12;12;1523
50;2025-12-12;13;1472
50;2025-12-12;14;1412
50;2025-12-12;15;1744
50;2025-12-12;16;2043
50;2025-12-12;17;2179
50;2025-12-12;18;1804
50;2025-12-12;19;1224
50;2025-12-12;20;814
50;2025-12-12;21;557
50;2025-12-12;22;303
50;2025-12-12;23;172
50;2025-12-13;0;0
50;2025-12-13;1;0
50;2025-12-13;2;0
50;2025-12-13;3;0
50;2025-12-13;4;0
50;2025-12-13;5;0
50;2025-12-13;6;0
50;2025-12-13;7;0
50;2025-12-13;8;0
50;2025-12-13;9;0
50;2025-12-13;10;0
50;2025-12-13;11;0
50;2025-12-13;12;0
50;2025-12-13;13;0
50;2025-12-13;14;0
50;2025-12-13;15;0
50;2025-12-13;16;0
50;2025-12-13;17;0
50;2025-12-13;18;0
50;2025-12-13;19;0
50;2025-12-13;20;0
50;2025-12-13;21;0
50;2025-12-13;22;0
50;2025-12-13;23;0
50;2025-12-14;0;0
50;2025-12-14;1;0
50;2025-12-14;2;0
50;2025-12-14;3;0
50;2025-12-14;4;0
50;2025-12-14;5;0
50;2025-12-14;6;0
50;2025-12-14;7;0
50;2025-12-14;8;0
50;2025-12-14;9;0
50;2025-12-14;10;0
50;2025-12-14;11;0
50;2025-12-14;12;0
50;2025-12-14;13;0
50;2025-12-14;14;0
50;2025-12-14;15;0
50;2025-12-14;16;0
50;2025-12-14;17;0
50;2025-12-14;18;0
50;2025-12-14;19;0
50;2025-12-14;20;0
50;2025-12-14;21;0
50;2025-12-14;22;0
50;2025-12-14;23;0
50;2025-12-15;0;30
50;2025-12-15;1;4
50;2025-12-15;2;0
50;2025-12-15;3;0
50;2025-12-15;4;3
50;2025-12-15;5;68
50;2025-12-15;6;527
50;2025-12-15;7;1780
50;2025-12-15;8;2761
50;2025-12-15;9;2125
50;2025-12-15;10;1631
50;2025-12-15;11;1534
50;2025-12-15;12;1378
50;2025-12-15;13;1408
50;2025-12-15;14;1351
50;2025-12-15;15;1580
50;2025-12-15;16;1641
50;2025-12-15;17;2366
50;2025-12-15;18;2508
50;2025-12-15;19;1467
50;2025-12-15;20;890
50;2025-12-15;21;600
50;2025-12-15;22;258
50;2025-12-15;23;118
50;2025-12-16;0;35
50;2025-12-16;1;3
50;2025-12-16;2;0
50;2025-12-16;3;0
50;2025-12-16;4;2
50;2025-12-16;5;67
50;2025-12-16;6;572
50;2025-12-16;7;1804
50;2025-12-16;8;2845
50;2025-12-16;9;2215
50;2025-12-16;10;1669
50;2025-12-16;11;1572
50;2025-12-16;12;1511
50;2025-12-16;13;1490
50;2025-12-16;14;1412
50;2025-12-16;15;1635
50;2025-12-16;16;1683
50;2025-12-16;17;2380
50;2025-12-16;18;2634
50;2025-12-16;19;1507
50;2025-12-16;20;947
50;2025-12-16;21;625
50;2025-12-16;22;281
50;2025-12-16;23;126
50;2025-12-17;0;35
50;2025-12-17;1;4
50;2025-12-17;2;0
50;2025-12-17;3;0
50;2025-12-17;4;3
50;2025-12-17;5;70
50;2025-12-17;6;553
50;2025-12-17;7;1759
50;2025-12-17;8;2744
50;2025-12-17;9;2109
50;2025-12-17;10;1655
50;2025-12-17;11;1554
50;2025-12-17;12;1472
50;2025-12-17;13;1499
50;2025-12-17;14;1422
50;2025-12-17;15;1691
50;2025-12-17;16;1708
50;2025-12-17;17;2442
50;2025-12-17;18;2515
50;2025-12-17;19;1498
50;2025-12-17;20;867
50;2025-12-17;21;619
50;2025-12-17;22;286
50;2025-12-17;23;137
50;2025-12-18;0;39
50;2025-12-18;1;3
50;2025-12-18;2;0
50;2025-12-18;3;0
50;2025-12-18;4;2
50;2025-12-18;5;69
50;2025-12-18;6;553
50;2025-12-18;7;1769
50;2025-12-18;8;2680
50;2025-12-18;9;2132
50;2025-12-18;10;1675
50;2025-12-18;11;1523
50;2025-12-18;12;1488
50;2025-12-18;13;1469
50;2025-12-18;14;1396
50;2025-12-18;15;1585
50;2025-12-18;16;1823
50;2025-12-18;17;2343
50;2025-12-18;18;2510
50;2025-12-18;19;1483
50;2025-12-18;20;938
50;2025-12-18;21;668
50;2025-12-18;22;290
50;2025-12-18;23;152
50;2025-12-19;0;42
50;2025-12-19;1;3
50;2025-12-19;2;0
50;2025-12-19;3;0
50;2025-12-19;4;2
50;2025-12-19;5;66
50;2025-12-19;6;553
50;2025-12-19;7;1727
50;2025-12-19;8;2669
50;2025-12-19;9;2053
50;2025-12-19;10;1550
50;2025-12-19;11;1626
50;2025-12-19;12;1523
50;2025-12-19;13;1472
50;2025-12-19;14;1412
50;2025-12-19;15;1744
50;2025-12-19;16;2043
50;2025-12-19;17;2179
50;2025-12-19;18;1804
50;2025-12-19;19;1224
50;2025-12-19;20;814
50;2025-12-19;21;557
50;2025-12-19;22;303
50;2025-12-19;23;172
50;2025-12-20;0;0
50;2025-12-20;1;0
50;2025-12-20;2;0
50;2025-12-20;3;0
50;2025-12-20;4;0
50;2025-12-20;5;0
50;2025-12-20;6;0
50;2025-12-20;7;0
50;2025-12-20;8;0
50;2025-12-20;9;0
50;2025-12-20;10;0
50;2025-12-20;11;0
50;2025-12-20;12;0
50;2025-12-20;13;0
50;2025-12-20;14;0
50;2025-12-20;15;0
50;2025-12-20;16;0
50;2025-12-20;17;0
50;2025-12-20;18;0
50;2025-12-20;19;0
50;2025-12-20;20;0
50;2025-12-20;21;0
50;2025-12-20;22;0
50;2025-12-20;23;0
50;2025-12-21;0;0
50;2025-12-21;1;0
50;2025-12-21;2;0
50;2025-12-21;3;0
50;2025-12-21;4;0
50;2025-12-21;5;0
50;2025-12-21;6;0
50;2025-12-21;7;0
50;2025-12-21;8;0
50;2025-12-21;9;0
50;2025-12-21;10;0
50;2025-12-21;11;0
50;2025-12-21;12;0
50;2025-12-21;13;0
50;2025-12-21;14;0
50;2025-12-21;15;0
50;2025-12-21;16;0
50;2025-12-21;17;0
50;2025-12-21;18;0
50;2025-12-21;19;0
50;2025-12-21;20;0
50;2025-12-21;21;0
50;2025-12-21;22;0
50;2025-12-21;23;0
50;2025-12-22;0;30
50;2025-12-22;1;4
50;2025-12-22;2;0
50;2025-12-22;3;0
50;2025-12-22;4;3
50;2025-12-22;5;68
50;2025-12-22;6;527
50;2025-12-22;7;1780
50;2025-12-22;8;2761
50;2025-12-22;9;2125
50;2025-12-22;10;1631
50;2025-12-22;11;1534
50;2025-12-22;12;1378
50;2025-12-22;13;1408
50;2025-12-22;14;1351
50;2025-12-22;15;1580
50;2025-12-22;16;1641
50;2025-12-22;17;2366
50;2025-12-22;18;2508
50;2025-12-22;19;1467
50;2025-12-22;20;890
50;2025-12-22;21;600
50;2025-12-22;22;258
50;2025-12-22;23;118
50;2025-12-23;0;35
50;2025-12-23;1;3
50;2025-12-23;2;0
50;2025-12-23;3;0
50;2025-12-23;4;2
50;2025-12-23;5;67
50;2025-12-23;6;572
50;2025-12-23;7;1804
50;2025-12-23;8;2845
50;2025-12-23;9;2215
50;2025-12-23;10;1669
50;2025-12-23;11;1572
50;2025-12-23;12;1511
50;2025-12-23;13;1490
50;2025-12-23;14;1412
50;2025-12-23;15;1635
50;2025-12-23;16;1683
50;2025-12-23;17;2380
50;2025-12-23;18;2634
50;2025-12-23;19;1507
50;2025-12-23;20;947
50;2025-12-23;21;625
50;2025-12-23;22;281
50;2025-12-23;23;126
50;2025-12-24;0;35
50;2025-12-24;1;4
50;2025-12-24;2;0
50;2025-12-24;3;0
50;2025-12-24;4;3
50;2025-12-24;5;70
50;2025-12-24;6;553
50;2025-12-24;7;1759
50;2025-12-24;8;2744
50;2025-12-24;9;2109
50;2025-12-24;10;1655
50;2025-12-24;11;1554
50;2025-12-24;12;1472
50;2025-12-24;13;1499
50;2025-12-24;14;1422
50;2025-12-24;15;1691
50;2025-12-24;16;1708
50;2025-12-24;17;2442
50;2025-12-24;18;2515
50;2025-12-24;19;1498
50;2025-12-24;20;867
50;2025-12-24;21;619
50;2025-12-24;22;286
50;2025-12-24;23;137
50;2025-12-25;0;39
50;2025-12-25;1;3
50;2025-12-25;2;0
50;2025-12-25;3;0
50;2025-12-25;4;2
50;2025-12-25;5;69
50;2025-12-25;6;553
50;2025-12-25;7;1769
50;2025-12-25;8;2680
50;2025-12-25;9;2132
50;2025-12-25;10;1675
50;2025-12-25;11;1523
50;2025-12-25;12;1488
50;2025-12-25;13;1469
50;2025-12-25;14;1396
50;2025-12-25;15;1585
50;2025-12-25;16;1823
50;2025-12-25;17;2343
50;2025-12-25;18;2510
50;2025-12-25;19;1483
50;2025-12-25;20;938
50;2025-12-25;21;668
50;2025-12-25;22;290
50;2025-12-25;23;152
50;2025-12-26;0;42
50;2025-12-26;1;3
50;2025-12-26;2;0
50;2025-12-26;3;0
50;2025-12-26;4;2
50;2025-12-26;5;66
50;2025-12-26;6;553
50;2025-12-26;7;1727
50;2025-12-26;8;2669
50;2025-12-26;9;2053
50;2025-12-26;10;1550
50;2025-12-26;11;1626
50;2025-12-26;12;1523
50;2025-12-26;13;1472
50;2025-12-26;14;1412
50;2025-12-26;15;1744
50;2025-12-26;16;2043
50;2025-12-26;17;2179
50;2025-12-26;18;1804
50;2025-12-26;19;1224
50;2025-12-26;20;814
50;2025-12-26;21;557
50;2025-12-26;22;303
50;2025-12-26;23;172
50;2025-12-27;0;0
50;2025-12-27;1;0
50;2025-12-27;2;0
50;2025-12-27;3;0
50;2025-12-27;4;0
50;2025-12-27;5;0
50;2025-12-27;6;0
50;2025-12-27;7;0
50;2025-12-27;8;0
50;2025-12-27;9;0
50;2025-12-27;10;0
50;2025-12-27;11;0
50;2025-12-27;12;0
50;2025-12-27;13;0
50;2025-12-27;14;0
50;2025-12-27;15;0
50;2025-12-27;16;0
50;2025-12-27;17;0
50;2025-12-27;18;0
50;2025-12-27;19;0
50;2025-12-27;20;0
50;2025-12-27;21;0
50;2025-12-27;22;0
50;2025-12-27;23;0
50;2025-12-28;0;0
50;2025-12-28;1;0
50;2025-12-28;2;0
50;2025-12-28;3;0
50;2025-12-28;4;0
50;2025-12-28;5;0
50;2025-12-28;6;0
50;2025-12-28;7;0
50;2025-12-28;8;0
50;2025-12-28;9;0
50;2025-12-28;10;0
50;2025-12-28;11;0
50;2025-12-28;12;0
50;2025-12-28;13;0
50;2025-12-28;14;0
50;2025-12-28;15;0
50;2025-12-28;16;0
50;2025-12-28;17;0
50;2025-12-28;18;0
50;2025-12-28;19;0
50;2025-12-28;20;0
50;2025-12-28;21;0
50;2025-12-28;22;0
50;2025-12-28;23;0
50;2025-12-29;0;30
50;2025-12-29;1;4
50;2025-12-29;2;0
50;2025-12-29;3;0
50;2025-12-29;4;3
50;2025-12-29;5;68
50;2025-12-29;6;527
50;2025-12-29;7;1780
50;2025-12-29;8;2761
50;2025-12-29;9;2125
50;2025-12-29;10;1631
50;2025-12-29;11;1534
50;2025-12-29;12;1378
50;2025-12-29;13;1408
50;2025-12-29;14;1351
50;2025-12-29;15;1580
50;2025-12-29;16;1641
50;2025-12-29;17;2366
50;2025-12-29;18;2508
50;2025-12-29;19;1467
50;2025-12-29;20;890
50;2025-12-29;21;600
50;2025-12-29;22;258
50;2025-12-29;23;118
50;2025-12-30;0;35
50;2025-12-30;1;3
50;2025-12-30;2;0
50;2025-12-30;3;0
50;2025-12-30;4;2
50;2025-12-30;5;67
50;2025-12-30;6;572
50;2025-12-30;7;1804
50;2025-12-30;8;2845
50;2025-12-30;9;2215
50;2025-12-30;10;1669
50;2025-12-30;11;1572
50;2025-12-30;12;1511
50;2025-12-30;13;1490
50;2025-12-30;14;1412
50;2025-12-30;15;1635
50;2025-12-30;16;1683
50;2025-12-30;17;2380
50;2025-12-30;18;2634
50;2025-12-30;19;1507
50;2025-12-30;20;947
50;2025-12-30;21;625
50;2025-12-30;22;281
50;2025-12-30;23;126
50;2025-12-31;0;0
50;2025-12-31;1;0
50;2025-12-31;2;0
50;2025-12-31;3;0
50;2025-12-31;4;0
50;2025-12-31;5;0
50;2025-12-31;6;0
50;2025-12-31;7;0
50;2025-12-31;8;0
50;2025-12-31;9;0
50;2025-12-31;10;0
50;2025-12-31;11;0
50;2025-12-31;12;0
50;2025-12-31;13;0
50;2025-12-31;14;0
50;2025-12-31;15;0
50;2025-12-31;16;0
50;2025-12-31;17;0
50;2025-12-31;18;0
50;2025-12-31;19;0
50;2025-12-31;20;0
50;2025-12-31;21;0
50;2025-12-31;22;0
50;2025-12-31;23;0
