route;date;hour;prediction
1;2025-11-01;0;6
1;2025-11-01;1;0
1;2025-11-01;2;0
1;2025-11-01;3;0
1;2025-11-01;4;7
1;2025-11-01;5;140
1;2025-11-01;6;552
1;2025-11-01;7;1580
1;2025-11-01;8;1887
1;2025-11-01;9;1482
1;2025-11-01;10;1333
1;2025-11-01;11;1439
1;2025-11-01;12;1428
1;2025-11-01;13;1491
1;2025-11-01;14;1415
1;2025-11-01;15;1579
1;2025-11-01;16;1648
1;2025-11-01;17;1786
1;2025-11-01;18;1601
1;2025-11-01;19;1245
1;2025-11-01;20;839
1;2025-11-01;21;524
1;2025-11-01;22;271
1;2025-11-01;23;56
1;2025-11-02;0;0
1;2025-11-02;1;0
1;2025-11-02;2;0
1;2025-11-02;3;0
1;2025-11-02;4;0
1;2025-11-02;5;25
1;2025-11-02;6;129
1;2025-11-02;7;249
1;2025-11-02;8;353
1;2025-11-02;9;573
1;2025-11-02;10;682
1;2025-11-02;11;632
1;2025-11-02;12;787
1;2025-11-02;13;831
1;2025-11-02;14;744
1;2025-11-02;15;689
1;2025-11-02;16;633
1;2025-11-02;17;585
1;2025-11-02;18;531
1;2025-11-02;19;464
1;2025-11-02;20;338
1;2025-11-02;21;256
1;2025-11-02;22;117
1;2025-11-02;23;33
1;2025-11-03;0;0
1;2025-11-03;1;0
1;2025-11-03;2;0
1;2025-11-03;3;0
1;2025-11-03;4;0
1;2025-11-03;5;21
1;2025-11-03;6;122
1;2025-11-03;7;241
1;2025-11-03;8;344
1;2025-11-03;9;559
1;2025-11-03;10;666
1;2025-11-03;11;616
1;2025-11-03;12;771
1;2025-11-03;13;815
1;2025-11-03;14;728
1;2025-11-03;15;674
1;2025-11-03;16;621
1;2025-11-03;17;575
1;2025-11-03;18;521
1;2025-11-03;19;455
1;2025-11-03;20;330
1;2025-11-03;21;248
1;2025-11-03;22;111
1;2025-11-03;23;31
1;2025-11-04;0;0
1;2025-11-04;1;0
1;2025-11-04;2;0
1;2025-11-04;3;0
1;2025-11-04;4;0
1;2025-11-04;5;21
1;2025-11-04;6;122
1;2025-11-04;7;241
1;2025-11-04;8;344
1;2025-11-04;9;559
1;2025-11-04;10;666
1;2025-11-04;11;616
1;2025-11-04;12;771
1;2025-11-04;13;815
1;2025-11-04;14;728
1;2025-11-04;15;674
1;2025-11-04;16;621
1;2025-11-04;17;575
1;2025-11-04;18;521
1;2025-11-04;19;455
1;2025-11-04;20;330
1;2025-11-04;21;248
1;2025-11-04;22;111
1;2025-11-04;23;31
1;2025-11-05;0;4
1;2025-11-05;1;0
1;2025-11-05;2;0
1;2025-11-05;3;0
1;2025-11-05;4;7
1;2025-11-05;5;140
1;2025-11-05;6;576
1;2025-11-05;7;1575
1;2025-11-05;8;1952
1;2025-11-05;9;1506
1;2025-11-05;10;1328
1;2025-11-05;11;1365
1;2025-11-05;12;1403
1;2025-11-05;13;1453
1;2025-11-05;14;1392
1;2025-11-05;15;1576
1;2025-11-05;16;1508
1;2025-11-05;17;1826
1;2025-11-05;18;1827
1;2025-11-05;19;1449
1;2025-11-05;20;901
1;2025-11-05;21;492
1;2025-11-05;22;268
1;2025-11-05;23;49
1;2025-11-06;0;5
1;2025-11-06;1;0
1;2025-11-06;2;0
1;2025-11-06;3;0
1;2025-11-06;4;7
1;2025-11-06;5;127
1;2025-11-06;6;544
1;2025-11-06;7;1556
1;2025-11-06;8;1994
1;2025-11-06;9;1527
1;2025-11-06;10;1351
1;2025-11-06;11;1414
1;2025-11-06;12;1434
1;2025-11-06;13;1462
1;2025-11-06;14;1419
1;2025-11-06;15;1576
1;2025-11-06;16;1569
1;2025-11-06;17;1825
1;2025-11-06;18;1827
1;2025-11-06;19;1412
1;2025-11-06;20;904
1;2025-11-06;21;522
1;2025-11-06;22;253
1;2025-11-06;23;57
1;2025-11-07;0;6
1;2025-11-07;1;0
1;2025-11-07;2;0
1;2025-11-07;3;0
1;2025-11-07;4;6
1;2025-11-07;5;137
1;2025-11-07;6;547
1;2025-11-07;7;1568
1;2025-11-07;8;1875
1;2025-11-07;9;1470
1;2025-11-07;10;1321
1;2025-11-07;11;1426
1;2025-11-07;12;1415
1;2025-11-07;13;1478
1;2025-11-07;14;1402
1;2025-11-07;15;1566
1;2025-11-07;16;1635
1;2025-11-07;17;1774
1;2025-11-07;18;1589
1;2025-11-07;19;1233
1;2025-11-07;20;830
1;2025-11-07;21;518
1;2025-11-07;22;266
1;2025-11-07;23;55
1;2025-11-08;0;6
1;2025-11-08;1;0
1;2025-11-08;2;0
1;2025-11-08;3;0
1;2025-11-08;4;0
1;2025-11-08;5;29
1;2025-11-08;6;170
1;2025-11-08;7;343
1;2025-11-08;8;474
1;2025-11-08;9;721
1;2025-11-08;10;831
1;2025-11-08;11;767
1;2025-11-08;12;981
1;2025-11-08;13;1035
1;2025-11-08;14;952
1;2025-11-08;15;842
1;2025-11-08;16;765
1;2025-11-08;17;693
1;2025-11-08;18;633
1;2025-11-08;19;574
1;2025-11-08;20;435
1;2025-11-08;21;295
1;2025-11-08;22;138
1;2025-11-08;23;32
1;2025-11-09;0;0
1;2025-11-09;1;0
1;2025-11-09;2;0
1;2025-11-09;3;0
1;2025-11-09;4;0
1;2025-11-09;5;25
1;2025-11-09;6;129
1;2025-11-09;7;249
1;2025-11-09;8;353
1;2025-11-09;9;573
1;2025-11-09;10;682
1;2025-11-09;11;632
1;2025-11-09;12;787
1;2025-11-09;13;831
1;2025-11-09;14;744
1;2025-11-09;15;690
1;2025-11-09;16;633
1;2025-11-09;17;586
1;2025-11-09;18;531
1;2025-11-09;19;464
1;2025-11-09;20;338
1;2025-11-09;21;256
1;2025-11-09;22;117
1;2025-11-09;23;32
1;2025-11-10;0;0
1;2025-11-10;1;0
1;2025-11-10;2;0
1;2025-11-10;3;0
1;2025-11-10;4;7
1;2025-11-10;5;133
1;2025-11-10;6;565
1;2025-11-10;7;1530
1;2025-11-10;8;1922
1;2025-11-10;9;1420
1;2025-11-10;10;1252
1;2025-11-10;11;1293
1;2025-11-10;12;1368
1;2025-11-10;13;1360
1;2025-11-10;14;1312
1;2025-11-10;15;1494
1;2025-11-10;16;1533
1;2025-11-10;17;1807
1;2025-11-10;18;1918
1;2025-11-10;19;1472
1;2025-11-10;20;886
1;2025-11-10;21;479
1;2025-11-10;22;221
1;2025-11-10;23;44
1;2025-11-11;0;3
1;2025-11-11;1;0
1;2025-11-11;2;0
1;2025-11-11;3;0
1;2025-11-11;4;6
1;2025-11-11;5;140
1;2025-11-11;6;580
1;2025-11-11;7;1624
1;2025-11-11;8;1971
1;2025-11-11;9;1526
1;2025-11-11;10;1370
1;2025-11-11;11;1378
1;2025-11-11;12;1404
1;2025-11-11;13;1445
1;2025-11-11;14;1370
1;2025-11-11;15;1481
1;2025-11-11;16;1531
1;2025-11-11;17;1796
1;2025-11-11;18;1828
1;2025-11-11;19;1449
1;2025-11-11;20;936
1;2025-11-11;21;497
1;2025-11-11;22;245
1;2025-11-11;23;46
1;2025-11-12;0;4
1;2025-11-12;1;0
1;2025-11-12;2;0
1;2025-11-12;3;0
1;2025-11-12;4;7
1;2025-11-12;5;140
1;2025-11-12;6;576
1;2025-11-12;7;1575
1;2025-11-12;8;1952
1;2025-11-12;9;1506
1;2025-11-12;10;1328
1;2025-11-12;11;1365
1;2025-11-12;12;1403
1;2025-11-12;13;1453
1;2025-11-12;14;1392
1;2025-11-12;15;1576
1;2025-11-12;16;1508
1;2025-11-12;17;1826
1;2025-11-12;18;1827
1;2025-11-12;19;1449
1;2025-11-12;20;901
1;2025-11-12;21;492
1;2025-11-12;22;268
1;2025-11-12;23;49
1;2025-11-13;0;5
1;2025-11-13;1;0
1;2025-11-13;2;0
1;2025-11-13;3;0
1;2025-11-13;4;7
1;2025-11-13;5;127
1;2025-11-13;6;544
1;2025-11-13;7;1556
1;2025-11-13;8;1994
1;2025-11-13;9;1527
1;2025-11-13;10;1351
1;2025-11-13;11;1414
1;2025-11-13;12;1434
1;2025-11-13;13;1462
1;2025-11-13;14;1419
1;2025-11-13;15;1576
1;2025-11-13;16;1569
1;2025-11-13;17;1825
1;2025-11-13;18;1827
1;2025-11-13;19;1412
1;2025-11-13;20;904
1;2025-11-13;21;522
1;2025-11-13;22;253
1;2025-11-13;23;57
1;2025-11-14;0;6
1;2025-11-14;1;0
1;2025-11-14;2;0
1;2025-11-14;3;0
1;2025-11-14;4;6
1;2025-11-14;5;137
1;2025-11-14;6;547
1;2025-11-14;7;1568
1;2025-11-14;8;1875
1;2025-11-14;9;1470
1;2025-11-14;10;1321
1;2025-11-14;11;1426
1;2025-11-14;12;1415
1;2025-11-14;13;1478
1;2025-11-14;14;1402
1;2025-11-14;15;1566
1;2025-11-14;16;1635
1;2025-11-14;17;1774
1;2025-11-14;18;1589
1;2025-11-14;19;1233
1;2025-11-14;20;830
1;2025-11-14;21;518
1;2025-11-14;22;266
1;2025-11-14;23;55
1;2025-11-15;0;6
1;2025-11-15;1;0
1;2025-11-15;2;0
1;2025-11-15;3;0
1;2025-11-15;4;0
1;2025-11-15;5;29
1;2025-11-15;6;170
1;2025-11-15;7;343
1;2025-11-15;8;474
1;2025-11-15;9;721
1;2025-11-15;10;831
1;2025-11-15;11;767
1;2025-11-15;12;981
1;2025-11-15;13;1035
1;2025-11-15;14;952
1;2025-11-15;15;842
1;2025-11-15;16;765
1;2025-11-15;17;693
1;2025-11-15;18;633
1;2025-11-15;19;574
1;2025-11-15;20;435
1;2025-11-15;21;295
1;2025-11-15;22;138
1;2025-11-15;23;32
1;2025-11-16;0;0
1;2025-11-16;1;0
1;2025-11-16;2;0
1;2025-11-16;3;0
1;2025-11-16;4;0
1;2025-11-16;5;25
1;2025-11-16;6;129
1;2025-11-16;7;249
1;2025-11-16;8;353
1;2025-11-16;9;573
1;2025-11-16;10;682
1;2025-11-16;11;632
1;2025-11-16;12;787
1;2025-11-16;13;831
1;2025-11-16;14;744
1;2025-11-16;15;690
1;2025-11-16;16;633
1;2025-11-16;17;586
1;2025-11-16;18;531
1;2025-11-16;19;464
1;2025-11-16;20;338
1;2025-11-16;21;256
1;2025-11-16;22;117
1;2025-11-16;23;32
1;2025-11-17;0;0
1;2025-11-17;1;0
1;2025-11-17;2;0
1;2025-11-17;3;0
1;2025-11-17;4;7
1;2025-11-17;5;133
1;2025-11-17;6;565
1;2025-11-17;7;1530
1;2025-11-17;8;1922
1;2025-11-17;9;1420
1;2025-11-17;10;1252
1;2025-11-17;11;1293
1;2025-11-17;12;1368
1;2025-11-17;13;1360
1;2025-11-17;14;1312
1;2025-11-17;15;1494
1;2025-11-17;16;1533
1;2025-11-17;17;1807
1;2025-11-17;18;1918
1;2025-11-17;19;1472
1;2025-11-17;20;886
1;2025-11-17;21;479
1;2025-11-17;22;221
1;2025-11-17;23;44
1;2025-11-18;0;3
1;2025-11-18;1;0
1;2025-11-18;2;0
1;2025-11-18;3;0
1;2025-11-18;4;6
1;2025-11-18;5;140
1;2025-11-18;6;580
1;2025-11-18;7;1624
1;2025-11-18;8;1971
1;2025-11-18;9;1526
1;2025-11-18;10;1370
1;2025-11-18;11;1378
1;2025-11-18;12;1404
1;2025-11-18;13;1445
1;2025-11-18;14;1370
1;2025-11-18;15;1481
1;2025-11-18;16;1531
1;2025-11-18;17;1796
1;2025-11-18;18;1828
1;2025-11-18;19;1449
1;2025-11-18;20;936
1;2025-11-18;21;497
1;2025-11-18;22;245
1;2025-11-18;23;46
1;2025-11-19;0;4
1;2025-11-19;1;0
1;2025-11-19;2;0
1;2025-11-19;3;0
1;2025-11-19;4;7
1;2025-11-19;5;140
1;2025-11-19;6;576
1;2025-11-19;7;1575
1;2025-11-19;8;1952
1;2025-11-19;9;1506
1;2025-11-19;10;1328
1;2025-11-19;11;1365
1;2025-11-19;12;1403
1;2025-11-19;13;1453
1;2025-11-19;14;1392
1;2025-11-19;15;1576
1;2025-11-19;16;1508
1;2025-11-19;17;1826
1;2025-11-19;18;1827
1;2025-11-19;19;1449
1;2025-11-19;20;901
1;2025-11-19;21;492
1;2025-11-19;22;268
1;2025-11-19;23;49
1;2025-11-20;0;5
1;2025-11-20;1;0
1;2025-11-20;2;0
1;2025-11-20;3;0
1;2025-11-20;4;7
1;2025-11-20;5;127
1;2025-11-20;6;544
1;2025-11-20;7;1556
1;2025-11-20;8;1994
1;2025-11-20;9;1527
1;2025-11-20;10;1351
1;2025-11-20;11;1414
1;2025-11-20;12;1434
1;2025-11-20;13;1462
1;2025-11-20;14;1419
1;2025-11-20;15;1576
1;2025-11-20;16;1569
1;2025-11-20;17;1825
1;2025-11-20;18;1827
1;2025-11-20;19;1412
1;2025-11-20;20;904
1;2025-11-20;21;522
1;2025-11-20;22;253
1;2025-11-20;23;57
1;2025-11-21;0;6
1;2025-11-21;1;0
1;2025-11-21;2;0
1;2025-11-21;3;0
1;2025-11-21;4;6
1;2025-11-21;5;137
1;2025-11-21;6;547
1;2025-11-21;7;1568
1;2025-11-21;8;1875
1;2025-11-21;9;1470
1;2025-11-21;10;1321
1;2025-11-21;11;1426
1;2025-11-21;12;1415
1;2025-11-21;13;1478
1;2025-11-21;14;1402
1;2025-11-21;15;1566
1;2025-11-21;16;1635
1;2025-11-21;17;1774
1;2025-11-21;18;1589
1;2025-11-21;19;1233
1;2025-11-21;20;830
1;2025-11-21;21;518
1;2025-11-21;22;266
1;2025-11-21;23;55
1;2025-11-22;0;6
1;2025-11-22;1;0
1;2025-11-22;2;0
1;2025-11-22;3;0
1;2025-11-22;4;0
1;2025-11-22;5;29
1;2025-11-22;6;170
1;2025-11-22;7;343
1;2025-11-22;8;474
1;2025-11-22;9;721
1;2025-11-22;10;831
1;2025-11-22;11;767
1;2025-11-22;12;981
1;2025-11-22;13;1035
1;2025-11-22;14;952
1;2025-11-22;15;842
1;2025-11-22;16;765
1;2025-11-22;17;693
1;2025-11-22;18;633
1;2025-11-22;19;574
1;2025-11-22;20;435
1;2025-11-22;21;295
1;2025-11-22;22;138
1;2025-11-22;23;32
1;2025-11-23;0;0
1;2025-11-23;1;0
1;2025-11-23;2;0
1;2025-11-23;3;0
1;2025-11-23;4;0
1;2025-11-23;5;25
1;2025-11-23;6;129
1;2025-11-23;7;249
1;2025-11-23;8;353
1;2025-11-23;9;573
1;2025-11-23;10;682
1;2025-11-23;11;632
1;2025-11-23;12;787
1;2025-11-23;13;831
1;2025-11-23;14;744
1;2025-11-23;15;690
1;2025-11-23;16;633
1;2025-11-23;17;586
1;2025-11-23;18;531
1;2025-11-23;19;464
1;2025-11-23;20;338
1;2025-11-23;21;256
1;2025-11-23;22;117
1;2025-11-23;23;32
1;2025-11-24;0;0
1;2025-11-24;1;0
1;2025-11-24;2;0
1;2025-11-24;3;0
1;2025-11-24;4;7
1;2025-11-24;5;133
1;2025-11-24;6;565
1;2025-11-24;7;1530
1;2025-11-24;8;1922
1;2025-11-24;9;1420
1;2025-11-24;10;1252
1;2025-11-24;11;1293
1;2025-11-24;12;1368
1;2025-11-24;13;1360
1;2025-11-24;14;1312
1;2025-11-24;15;1494
1;2025-11-24;16;1533
1;2025-11-24;17;1807
1;2025-11-24;18;1918
1;2025-11-24;19;1472
1;2025-11-24;20;886
1;2025-11-24;21;479
1;2025-11-24;22;221
1;2025-11-24;23;44
1;2025-11-25;0;3
1;2025-11-25;1;0
1;2025-11-25;2;0
1;2025-11-25;3;0
1;2025-11-25;4;6
1;2025-11-25;5;140
1;2025-11-25;6;580
1;2025-11-25;7;1624
1;2025-11-25;8;1971
1;2025-11-25;9;1526
1;2025-11-25;10;1370
1;2025-11-25;11;1378
1;2025-11-25;12;1404
1;2025-11-25;13;1445
1;2025-11-25;14;1370
1;2025-11-25;15;1481
1;2025-11-25;16;1531
1;2025-11-25;17;1796
1;2025-11-25;18;1828
1;2025-11-25;19;1449
1;2025-11-25;20;936
1;2025-11-25;21;497
1;2025-11-25;22;245
1;2025-11-25;23;46
1;2025-11-26;0;4
1;2025-11-26;1;0
1;2025-11-26;2;0
1;2025-11-26;3;0
1;2025-11-26;4;7
1;2025-11-26;5;140
1;2025-11-26;6;576
1;2025-11-26;7;1575
1;2025-11-26;8;1952
1;2025-11-26;9;1506
1;2025-11-26;10;1328
1;2025-11-26;11;1365
1;2025-11-26;12;1403
1;2025-11-26;13;1453
1;2025-11-26;14;1392
1;2025-11-26;15;1576
1;2025-11-26;16;1508
1;2025-11-26;17;1826
1;2025-11-26;18;1827
1;2025-11-26;19;1449
1;2025-11-26;20;901
1;2025-11-26;21;492
1;2025-11-26;22;268
1;2025-11-26;23;49
1;2025-11-27;0;5
1;2025-11-27;1;0
1;2025-11-27;2;0
1;2025-11-27;3;0
1;2025-11-27;4;7
1;2025-11-27;5;127
1;2025-11-27;6;544
1;2025-11-27;7;1556
1;2025-11-27;8;1994
1;2025-11-27;9;1527
1;2025-11-27;10;1351
1;2025-11-27;11;1414
1;2025-11-27;12;1434
1;2025-11-27;13;1462
1;2025-11-27;14;1419
1;2025-11-27;15;1576
1;2025-11-27;16;1569
1;2025-11-27;17;1825
1;2025-11-27;18;1827
1;2025-11-27;19;1412
1;2025-11-27;20;904
1;2025-11-27;21;522
1;2025-11-27;22;253
1;2025-11-27;23;57
1;2025-11-28;0;6
1;2025-11-28;1;0
1;2025-11-28;2;0
1;2025-11-28;3;0
1;2025-11-28;4;6
1;2025-11-28;5;137
1;2025-11-28;6;547
1;2025-11-28;7;1568
1;2025-11-28;8;1875
1;2025-11-28;9;1470
1;2025-11-28;10;1321
1;2025-11-28;11;1426
1;2025-11-28;12;1415
1;2025-11-28;13;1478
1;2025-11-28;14;1402
1;2025-11-28;15;1566
1;2025-11-28;16;1635
1;2025-11-28;17;1774
1;2025-11-28;18;1589
1;2025-11-28;19;1233
1;2025-11-28;20;830
1;2025-11-28;21;518
1;2025-11-28;22;266
1;2025-11-28;23;55
1;2025-11-29;0;6
1;2025-11-29;1;0
1;2025-11-29;2;0
1;2025-11-29;3;0
1;2025-11-29;4;0
1;2025-11-29;5;29
1;2025-11-29;6;170
1;2025-11-29;7;343
1;2025-11-29;8;474
1;2025-11-29;9;721
1;2025-11-29;10;831
1;2025-11-29;11;767
1;2025-11-29;12;981
1;2025-11-29;13;1035
1;2025-11-29;14;952
1;2025-11-29;15;842
1;2025-11-29;16;765
1;2025-11-29;17;693
1;2025-11-29;18;633
1;2025-11-29;19;574
1;2025-11-29;20;435
1;2025-11-29;21;295
1;2025-11-29;22;138
1;2025-11-29;23;32
1;2025-11-30;0;0
1;2025-11-30;1;0
1;2025-11-30;2;0
1;2025-11-30;3;0
1;2025-11-30;4;0
1;2025-11-30;5;25
1;2025-11-30;6;129
1;2025-11-30;7;249
1;2025-11-30;8;353
1;2025-11-30;9;573
1;2025-11-30;10;682
1;2025-11-30;11;632
1;2025-11-30;12;787
1;2025-11-30;13;831
1;2025-11-30;14;744
1;2025-11-30;15;690
1;2025-11-30;16;633
1;2025-11-30;17;586
1;2025-11-30;18;531
1;2025-11-30;19;464
1;2025-11-30;20;338
1;2025-11-30;21;256
1;2025-11-30;22;117
1;2025-11-30;23;32
1;2025-12-01;0;0
1;2025-12-01;1;0
1;2025-12-01;2;0
1;2025-12-01;3;0
1;2025-12-01;4;7
1;2025-12-01;5;133
1;2025-12-01;6;565
1;2025-12-01;7;1530
1;2025-12-01;8;1922
1;2025-12-01;9;1420
1;2025-12-01;10;1252
1;2025-12-01;11;1293
1;2025-12-01;12;1368
1;2025-12-01;13;1360
1;2025-12-01;14;1312
1;2025-12-01;15;1494
1;2025-12-01;16;1533
1;2025-12-01;17;1807
1;2025-12-01;18;1918
1;2025-12-01;19;1472
1;2025-12-01;20;886
1;2025-12-01;21;479
1;2025-12-01;22;221
1;2025-12-01;23;44
1;2025-12-02;0;3
1;2025-12-02;1;0
1;2025-12-02;2;0
1;2025-12-02;3;0
1;2025-12-02;4;6
1;2025-12-02;5;140
1;2025-12-02;6;580
1;2025-12-02;7;1624
1;2025-12-02;8;1971
1;2025-12-02;9;1526
1;2025-12-02;10;1370
1;2025-12-02;11;1378
1;2025-12-02;12;1404
1;2025-12-02;13;1445
1;2025-12-02;14;1370
1;2025-12-02;15;1481
1;2025-12-02;16;1531
1;2025-12-02;17;1796
1;2025-12-02;18;1828
1;2025-12-02;19;1449
1;2025-12-02;20;936
1;2025-12-02;21;497
1;2025-12-02;22;245
1;2025-12-02;23;46
1;2025-12-03;0;4
1;2025-12-03;1;0
1;2025-12-03;2;0
1;2025-12-03;3;0
1;2025-12-03;4;7
1;2025-12-03;5;140
1;2025-12-03;6;576
1;2025-12-03;7;1575
1;2025-12-03;8;1952
1;2025-12-03;9;1506
1;2025-12-03;10;1328
1;2025-12-03;11;1365
1;2025-12-03;12;1403
1;2025-12-03;13;1453
1;2025-12-03;14;1392
1;2025-12-03;15;1576
1;2025-12-03;16;1508
1;2025-12-03;17;1826
1;2025-12-03;18;1827
1;2025-12-03;19;1449
1;2025-12-03;20;901
1;2025-12-03;21;492
1;2025-12-03;22;268
1;2025-12-03;23;49
1;2025-12-04;0;5
1;2025-12-04;1;0
1;2025-12-04;2;0
1;2025-12-04;3;0
1;2025-12-04;4;7
1;2025-12-04;5;127
1;2025-12-04;6;544
1;2025-12-04;7;1556
1;2025-12-04;8;1994
1;2025-12-04;9;1527
1;2025-12-04;10;1351
1;2025-12-04;11;1414
1;2025-12-04;12;1434
1;2025-12-04;13;1462
1;2025-12-04;14;1419
1;2025-12-04;15;1576
1;2025-12-04;16;1569
1;2025-12-04;17;1825
1;2025-12-04;18;1827
1;2025-12-04;19;1412
1;2025-12-04;20;904
1;2025-12-04;21;522
1;2025-12-04;22;253
1;2025-12-04;23;57
1;2025-12-05;0;6
1;2025-12-05;1;0
1;2025-12-05;2;0
1;2025-12-05;3;0
1;2025-12-05;4;6
1;2025-12-05;5;137
1;2025-12-05;6;547
1;2025-12-05;7;1568
1;2025-12-05;8;1875
1;2025-12-05;9;1470
1;2025-12-05;10;1321
1;2025-12-05;11;1426
1;2025-12-05;12;1415
1;2025-12-05;13;1478
1;2025-12-05;14;1402
1;2025-12-05;15;1566
1;2025-12-05;16;1635
1;2025-12-05;17;1774
1;2025-12-05;18;1589
1;2025-12-05;19;1233
1;2025-12-05;20;830
1;2025-12-05;21;518
1;2025-12-05;22;266
1;2025-12-05;23;55
1;2025-12-06;0;6
1;2025-12-06;1;0
1;2025-12-06;2;0
1;2025-12-06;3;0
1;2025-12-06;4;0
1;2025-12-06;5;29
1;2025-12-06;6;170
1;2025-12-06;7;343
1;2025-12-06;8;474
1;2025-12-06;9;721
1;2025-12-06;10;831
1;2025-12-06;11;767
1;2025-12-06;12;981
1;2025-12-06;13;1035
1;2025-12-06;14;952
1;2025-12-06;15;842
1;2025-12-06;16;765
1;2025-12-06;17;693
1;2025-12-06;18;633
1;2025-12-06;19;574
1;2025-12-06;20;435
1;2025-12-06;21;295
1;2025-12-06;22;138
1;2025-12-06;23;32
1;2025-12-07;0;0
1;2025-12-07;1;0
1;2025-12-07;2;0
1;2025-12-07;3;0
1;2025-12-07;4;0
1;2025-12-07;5;25
1;2025-12-07;6;129
1;2025-12-07;7;249
1;2025-12-07;8;353
1;2025-12-07;9;573
1;2025-12-07;10;682
1;2025-12-07;11;632
1;2025-12-07;12;787
1;2025-12-07;13;831
1;2025-12-07;14;744
1;2025-12-07;15;690
1;2025-12-07;16;633
1;2025-12-07;17;586
1;2025-12-07;18;531
1;2025-12-07;19;464
1;2025-12-07;20;338
1;2025-12-07;21;256
1;2025-12-07;22;117
1;2025-12-07;23;32
1;2025-12-08;0;0
1;2025-12-08;1;0
1;2025-12-08;2;0
1;2025-12-08;3;0
1;2025-12-08;4;7
1;2025-12-08;5;133
1;2025-12-08;6;565
1;2025-12-08;7;1530
1;2025-12-08;8;1922
1;2025-12-08;9;1420
1;2025-12-08;10;1252
1;2025-12-08;11;1293
1;2025-12-08;12;1368
1;2025-12-08;13;1360
1;2025-12-08;14;1312
1;2025-12-08;15;1494
1;2025-12-08;16;1533
1;2025-12-08;17;1807
1;2025-12-08;18;1918
1;2025-12-08;19;1472
1;2025-12-08;20;886
1;2025-12-08;21;479
1;2025-12-08;22;221
1;2025-12-08;23;44
1;2025-12-09;0;3
1;2025-12-09;1;0
1;2025-12-09;2;0
1;2025-12-09;3;0
1;2025-12-09;4;6
1;2025-12-09;5;140
1;2025-12-09;6;580
1;2025-12-09;7;1624
1;2025-12-09;8;1971
1;2025-12-09;9;1526
1;2025-12-09;10;1370
1;2025-12-09;11;1378
1;2025-12-09;12;1404
1;2025-12-09;13;1445
1;2025-12-09;14;1370
1;2025-12-09;15;1481
1;2025-12-09;16;1531
1;2025-12-09;17;1796
1;2025-12-09;18;1828
1;2025-12-09;19;1449
1;2025-12-09;20;936
1;2025-12-09;21;497
1;2025-12-09;22;245
1;2025-12-09;23;46
1;2025-12-10;0;4
1;2025-12-10;1;0
1;2025-12-10;2;0
1;2025-12-10;3;0
1;2025-12-10;4;7
1;2025-12-10;5;140
1;2025-12-10;6;576
1;2025-12-10;7;1575
1;2025-12-10;8;1952
1;2025-12-10;9;1506
1;2025-12-10;10;1328
1;2025-12-10;11;1365
1;2025-12-10;12;1403
1;2025-12-10;13;1453
1;2025-12-10;14;1392
1;2025-12-10;15;1576
1;2025-12-10;16;1508
1;2025-12-10;17;1826
1;2025-12-10;18;1827
1;2025-12-10;19;1449
1;2025-12-10;20;901
1;2025-12-10;21;492
1;2025-12-10;22;268
1;2025-12-10;23;49
1;2025-12-11;0;5
1;2025-12-11;1;0
1;2025-12-11;2;0
1;2025-12-11;3;0
1;2025-12-11;4;7
1;2025-12-11;5;127
1;2025-12-11;6;544
1;2025-12-11;7;1556
1;2025-12-11;8;1994
1;2025-12-11;9;1527
1;2025-12-11;10;1351
1;2025-12-11;11;1414
1;2025-12-11;12;1434
1;2025-12-11;13;1462
1;2025-12-11;14;1419
1;2025-12-11;15;1576
1;2025-12-11;16;1569
1;2025-12-11;17;1825
1;2025-12-11;18;1827
1;2025-12-11;19;1412
1;2025-12-11;20;904
1;2025-12-11;21;522
1;2025-12-11;22;253
1;2025-12-11;23;57
1;2025-12-12;0;6
1;2025-12-12;1;0
1;2025-12-12;2;0
1;2025-12-12;3;0
1;2025-12-12;4;6
1;2025-12-12;5;137
1;2025-12-12;6;547
1;2025-12-12;7;1568
1;2025-12-12;8;1875
1;2025-12-12;9;1470
1;2025-12-12;10;1321
1;2025-12-12;11;1426
1;2025-12-12;12;1415
1;2025-12-12;13;1478
1;2025-12-12;14;1402
1;2025-12-12;15;1566
1;2025-12-12;16;1635
1;2025-12-12;17;1774
1;2025-12-12;18;1589
1;2025-12-12;19;1233
1;2025-12-12;20;830
1;2025-12-12;21;518
1;2025-12-12;22;266
1;2025-12-12;23;55
1;2025-12-13;0;6
1;2025-12-13;1;0
1;2025-12-13;2;0
1;2025-12-13;3;0
1;2025-12-13;4;0
1;2025-12-13;5;29
1;2025-12-13;6;170
1;2025-12-13;7;343
1;2025-12-13;8;474
1;2025-12-13;9;721
1;2025-12-13;10;831
1;2025-12-13;11;767
1;2025-12-13;12;981
1;2025-12-13;13;1035
1;2025-12-13;14;952
1;2025-12-13;15;842
1;2025-12-13;16;765
1;2025-12-13;17;693
1;2025-12-13;18;633
1;2025-12-13;19;574
1;2025-12-13;20;435
1;2025-12-13;21;295
1;2025-12-13;22;138
1;2025-12-13;23;32
1;2025-12-14;0;0
1;2025-12-14;1;0
1;2025-12-14;2;0
1;2025-12-14;3;0
1;2025-12-14;4;0
1;2025-12-14;5;25
1;2025-12-14;6;129
1;2025-12-14;7;249
1;2025-12-14;8;353
1;2025-12-14;9;573
1;2025-12-14;10;682
1;2025-12-14;11;632
1;2025-12-14;12;787
1;2025-12-14;13;831
1;2025-12-14;14;744
1;2025-12-14;15;690
1;2025-12-14;16;633
1;2025-12-14;17;586
1;2025-12-14;18;531
1;2025-12-14;19;464
1;2025-12-14;20;338
1;2025-12-14;21;256
1;2025-12-14;22;117
1;2025-12-14;23;32
1;2025-12-15;0;0
1;2025-12-15;1;0
1;2025-12-15;2;0
1;2025-12-15;3;0
1;2025-12-15;4;7
1;2025-12-15;5;133
1;2025-12-15;6;565
1;2025-12-15;7;1530
1;2025-12-15;8;1922
1;2025-12-15;9;1420
1;2025-12-15;10;1252
1;2025-12-15;11;1293
1;2025-12-15;12;1368
1;2025-12-15;13;1360
1;2025-12-15;14;1312
1;2025-12-15;15;1494
1;2025-12-15;16;1533
1;2025-12-15;17;1807
1;2025-12-15;18;1918
1;2025-12-15;19;1472
1;2025-12-15;20;886
1;2025-12-15;21;479
1;2025-12-15;22;221
1;2025-12-15;23;44
1;2025-12-16;0;3
1;2025-12-16;1;0
1;2025-12-16;2;0
1;2025-12-16;3;0
1;2025-12-16;4;6
1;2025-12-16;5;140
1;2025-12-16;6;580
1;2025-12-16;7;1624
1;2025-12-16;8;1971
1;2025-12-16;9;1526
1;2025-12-16;10;1370
1;2025-12-16;11;1378
1;2025-12-16;12;1404
1;2025-12-16;13;1445
1;2025-12-16;14;1370
1;2025-12-16;15;1481
1;2025-12-16;16;1531
1;2025-12-16;17;1796
1;2025-12-16;18;1828
1;2025-12-16;19;1449
1;2025-12-16;20;936
1;2025-12-16;21;497
1;2025-12-16;22;245
1;2025-12-16;23;46
1;2025-12-17;0;4
1;2025-12-17;1;0
1;2025-12-17;2;0
1;2025-12-17;3;0
1;2025-12-17;4;7
1;2025-12-17;5;140
1;2025-12-17;6;576
1;2025-12-17;7;1575
1;2025-12-17;8;1952
1;2025-12-17;9;1506
1;2025-12-17;10;1328
1;2025-12-17;11;1365
1;2025-12-17;12;1403
1;2025-12-17;13;1453
1;2025-12-17;14;1392
1;2025-12-17;15;1576
1;2025-12-17;16;1508
1;2025-12-17;17;1826
1;2025-12-17;18;1827
1;2025-12-17;19;1449
1;2025-12-17;20;901
1;2025-12-17;21;492
1;2025-12-17;22;268
1;2025-12-17;23;49
1;2025-12-18;0;5
1;2025-12-18;1;0
1;2025-12-18;2;0
1;2025-12-18;3;0
1;2025-12-18;4;7
1;2025-12-18;5;127
1;2025-12-18;6;544
1;2025-12-18;7;1556
1;2025-12-18;8;1994
1;2025-12-18;9;1527
1;2025-12-18;10;1351
1;2025-12-18;11;1414
1;2025-12-18;12;1434
1;2025-12-18;13;1462
1;2025-12-18;14;1419
1;2025-12-18;15;1576
1;2025-12-18;16;1569
1;2025-12-18;17;1825
1;2025-12-18;18;1827
1;2025-12-18;19;1412
1;2025-12-18;20;904
1;2025-12-18;21;522
1;2025-12-18;22;253
1;2025-12-18;23;57
1;2025-12-19;0;6
1;2025-12-19;1;0
1;2025-12-19;2;0
1;2025-12-19;3;0
1;2025-12-19;4;6
1;2025-12-19;5;137
1;2025-12-19;6;547
1;2025-12-19;7;1568
1;2025-12-19;8;1875
1;2025-12-19;9;1470
1;2025-12-19;10;1321
1;2025-12-19;11;1426
1;2025-12-19;12;1415
1;2025-12-19;13;1478
1;2025-12-19;14;1402
1;2025-12-19;15;1566
1;2025-12-19;16;1635
1;2025-12-19;17;1774
1;2025-12-19;18;1589
1;2025-12-19;19;1233
1;2025-12-19;20;830
1;2025-12-19;21;518
1;2025-12-19;22;266
1;2025-12-19;23;55
1;2025-12-20;0;6
1;2025-12-20;1;0
1;2025-12-20;2;0
1;2025-12-20;3;0
1;2025-12-20;4;0
1;2025-12-20;5;29
1;2025-12-20;6;170
1;2025-12-20;7;343
1;2025-12-20;8;474
1;2025-12-20;9;721
1;2025-12-20;10;831
1;2025-12-20;11;767
1;2025-12-20;12;981
1;2025-12-20;13;1035
1;2025-12-20;14;952
1;2025-12-20;15;842
1;2025-12-20;16;765
1;2025-12-20;17;693
1;2025-12-20;18;633
1;2025-12-20;19;574
1;2025-12-20;20;435
1;2025-12-20;21;295
1;2025-12-20;22;138
1;2025-12-20;23;32
1;2025-12-21;0;0
1;2025-12-21;1;0
1;2025-12-21;2;0
1;2025-12-21;3;0
1;2025-12-21;4;0
1;2025-12-21;5;25
1;2025-12-21;6;129
1;2025-12-21;7;249
1;2025-12-21;8;353
1;2025-12-21;9;573
1;2025-12-21;10;682
1;2025-12-21;11;632
1;2025-12-21;12;787
1;2025-12-21;13;831
1;2025-12-21;14;744
1;2025-12-21;15;690
1;2025-12-21;16;633
1;2025-12-21;17;586
1;2025-12-21;18;531
1;2025-12-21;19;464
1;2025-12-21;20;338
1;2025-12-21;21;256
1;2025-12-21;22;117
1;2025-12-21;23;32
1;2025-12-22;0;0
1;2025-12-22;1;0
1;2025-12-22;2;0
1;2025-12-22;3;0
1;2025-12-22;4;7
1;2025-12-22;5;133
1;2025-12-22;6;565
1;2025-12-22;7;1530
1;2025-12-22;8;1922
1;2025-12-22;9;1420
1;2025-12-22;10;1252
1;2025-12-22;11;1293
1;2025-12-22;12;1368
1;2025-12-22;13;1360
1;2025-12-22;14;1312
1;2025-12-22;15;1494
1;2025-12-22;16;1533
1;2025-12-22;17;1807
1;2025-12-22;18;1918
1;2025-12-22;19;1472
1;2025-12-22;20;886
1;2025-12-22;21;479
1;2025-12-22;22;221
1;2025-12-22;23;44
1;2025-12-23;0;3
1;2025-12-23;1;0
1;2025-12-23;2;0
1;2025-12-23;3;0
1;2025-12-23;4;6
1;2025-12-23;5;140
1;2025-12-23;6;580
1;2025-12-23;7;1624
1;2025-12-23;8;1971
1;2025-12-23;9;1526
1;2025-12-23;10;1370
1;2025-12-23;11;1378
1;2025-12-23;12;1404
1;2025-12-23;13;1445
1;2025-12-23;14;1370
1;2025-12-23;15;1481
1;2025-12-23;16;1531
1;2025-12-23;17;1796
1;2025-12-23;18;1828
1;2025-12-23;19;1449
1;2025-12-23;20;936
1;2025-12-23;21;497
1;2025-12-23;22;245
1;2025-12-23;23;46
1;2025-12-24;0;4
1;2025-12-24;1;0
1;2025-12-24;2;0
1;2025-12-24;3;0
1;2025-12-24;4;7
1;2025-12-24;5;140
1;2025-12-24;6;576
1;2025-12-24;7;1575
1;2025-12-24;8;1952
1;2025-12-24;9;1506
1;2025-12-24;10;1328
1;2025-12-24;11;1365
1;2025-12-24;12;1403
1;2025-12-24;13;1453
1;2025-12-24;14;1392
1;2025-12-24;15;1576
1;2025-12-24;16;1508
1;2025-12-24;17;1826
1;2025-12-24;18;1827
1;2025-12-24;19;1449
1;2025-12-24;20;901
1;2025-12-24;21;492
1;2025-12-24;22;268
1;2025-12-24;23;49
1;2025-12-25;0;5
1;2025-12-25;1;0
1;2025-12-25;2;0
1;2025-12-25;3;0
1;2025-12-25;4;7
1;2025-12-25;5;127
1;2025-12-25;6;544
1;2025-12-25;7;1556
1;2025-12-25;8;1994
1;2025-12-25;9;1527
1;2025-12-25;10;1351
1;2025-12-25;11;1414
1;2025-12-25;12;1434
1;2025-12-25;13;1462
1;2025-12-25;14;1419
1;2025-12-25;15;1576
1;2025-12-25;16;1569
1;2025-12-25;17;1825
1;2025-12-25;18;1827
1;2025-12-25;19;1412
1;2025-12-25;20;904
1;2025-12-25;21;522
1;2025-12-25;22;253
1;2025-12-25;23;57
1;2025-12-26;0;6
1;2025-12-26;1;0
1;2025-12-26;2;0
1;2025-12-26;3;0
1;2025-12-26;4;6
1;2025-12-26;5;137
1;2025-12-26;6;547
1;2025-12-26;7;1568
1;2025-12-26;8;1875
1;2025-12-26;9;1470
1;2025-12-26;10;1321
1;2025-12-26;11;1426
1;2025-12-26;12;1415
1;2025-12-26;13;1478
1;2025-12-26;14;1402
1;2025-12-26;15;1566
1;2025-12-26;16;1635
1;2025-12-26;17;1774
1;2025-12-26;18;1589
1;2025-12-26;19;1233
1;2025-12-26;20;830
1;2025-12-26;21;518
1;2025-12-26;22;266
1;2025-12-26;23;55
1;2025-12-27;0;6
1;2025-12-27;1;0
1;2025-12-27;2;0
1;2025-12-27;3;0
1;2025-12-27;4;0
1;2025-12-27;5;29
1;2025-12-27;6;170
1;2025-12-27;7;343
1;2025-12-27;8;474
1;2025-12-27;9;721
1;2025-12-27;10;831
1;2025-12-27;11;767
1;2025-12-27;12;981
1;2025-12-27;13;1035
1;2025-12-27;14;952
1;2025-12-27;15;842
1;2025-12-27;16;765
1;2025-12-27;17;693
1;2025-12-27;18;633
1;2025-12-27;19;574
1;2025-12-27;20;435
1;2025-12-27;21;295
1;2025-12-27;22;138
1;2025-12-27;23;32
1;2025-12-28;0;0
1;2025-12-28;1;0
1;2025-12-28;2;0
1;2025-12-28;3;0
1;2025-12-28;4;0
1;2025-12-28;5;25
1;2025-12-28;6;129
1;2025-12-28;7;249
1;2025-12-28;8;353
1;2025-12-28;9;573
1;2025-12-28;10;682
1;2025-12-28;11;632
1;2025-12-28;12;787
1;2025-12-28;13;831
1;2025-12-28;14;744
1;2025-12-28;15;690
1;2025-12-28;16;633
1;2025-12-28;17;586
1;2025-12-28;18;531
1;2025-12-28;19;464
1;2025-12-28;20;338
1;2025-12-28;21;256
1;2025-12-28;22;117
1;2025-12-28;23;32
1;2025-12-29;0;0
1;2025-12-29;1;0
1;2025-12-29;2;0
1;2025-12-29;3;0
1;2025-12-29;4;7
1;2025-12-29;5;133
1;2025-12-29;6;565
1;2025-12-29;7;1530
1;2025-12-29;8;1922
1;2025-12-29;9;1420
1;2025-12-29;10;1252
1;2025-12-29;11;1293
1;2025-12-29;12;1368
1;2025-12-29;13;1360
1;2025-12-29;14;1312
1;2025-12-29;15;1494
1;2025-12-29;16;1533
1;2025-12-29;17;1807
1;2025-12-29;18;1918
1;2025-12-29;19;1472
1;2025-12-29;20;886
1;2025-12-29;21;479
1;2025-12-29;22;221
1;2025-12-29;23;44
1;2025-12-30;0;3
1;2025-12-30;1;0
1;2025-12-30;2;0
1;2025-12-30;3;0
1;2025-12-30;4;6
1;2025-12-30;5;140
1;2025-12-30;6;580
1;2025-12-30;7;1624
1;2025-12-30;8;1971
1;2025-12-30;9;1526
1;2025-12-30;10;1370
1;2025-12-30;11;1378
1;2025-12-30;12;1404
1;2025-12-30;13;1445
1;2025-12-30;14;1370
1;2025-12-30;15;1481
1;2025-12-30;16;1531
1;2025-12-30;17;1796
1;2025-12-30;18;1828
1;2025-12-30;19;1449
1;2025-12-30;20;936
1;2025-12-30;21;497
1;2025-12-30;22;245
1;2025-12-30;23;46
1;2025-12-31;0;0
1;2025-12-31;1;0
1;2025-12-31;2;0
1;2025-12-31;3;0
1;2025-12-31;4;0
1;2025-12-31;5;21
1;2025-12-31;6;122
1;2025-12-31;7;241
1;2025-12-31;8;344
1;2025-12-31;9;559
1;2025-12-31;10;666
1;2025-12-31;11;616
1;2025-12-31;12;771
1;2025-12-31;13;815
1;2025-12-31;14;728
1;2025-12-31;15;674
1;2025-12-31;16;621
1;2025-12-31;17;575
1;2025-12-31;18;521
1;2025-12-31;19;455
1;2025-12-31;20;330
1;2025-12-31;21;248
1;2025-12-31;22;111
1;2025-12-31;23;31
5;2025-11-01;0;0
5;2025-11-01;1;0
5;2025-11-01;2;0
5;2025-11-01;3;0
5;2025-11-01;4;0
5;2025-11-01;5;0
5;2025-11-01;6;0
5;2025-11-01;7;0
5;2025-11-01;8;0
5;2025-11-01;9;0
5;2025-11-01;10;0
5;2025-11-01;11;0
5;2025-11-01;12;0
5;2025-11-01;13;0
5;2025-11-01;14;0
5;2025-11-01;15;0
5;2025-11-01;16;0
5;2025-11-01;17;0
5;2025-11-01;18;0
5;2025-11-01;19;0
5;2025-11-01;20;0
5;2025-11-01;21;0
5;2025-11-01;22;0
5;2025-11-01;23;0
5;2025-11-02;0;0
5;2025-11-02;1;0
5;2025-11-02;2;0
5;2025-11-02;3;0
5;2025-11-02;4;0
5;2025-11-02;5;0
5;2025-11-02;6;0
5;2025-11-02;7;0
5;2025-11-02;8;0
5;2025-11-02;9;0
5;2025-11-02;10;0
5;2025-11-02;11;0
5;2025-11-02;12;0
5;2025-11-02;13;0
5;2025-11-02;14;0
5;2025-11-02;15;0
5;2025-11-02;16;0
5;2025-11-02;17;0
5;2025-11-02;18;0
5;2025-11-02;19;0
5;2025-11-02;20;0
5;2025-11-02;21;0
5;2025-11-02;22;0
5;2025-11-02;23;0
5;2025-11-03;0;0
5;2025-11-03;1;0
5;2025-11-03;2;0
5;2025-11-03;3;0
5;2025-11-03;4;0
5;2025-11-03;5;0
5;2025-11-03;6;0
5;2025-11-03;7;0
5;2025-11-03;8;0
5;2025-11-03;9;0
5;2025-11-03;10;0
5;2025-11-03;11;0
5;2025-11-03;12;0
5;2025-11-03;13;0
5;2025-11-03;14;0
5;2025-11-03;15;0
5;2025-11-03;16;0
5;2025-11-03;17;0
5;2025-11-03;18;0
5;2025-11-03;19;0
5;2025-11-03;20;0
5;2025-11-03;21;0
5;2025-11-03;22;0
5;2025-11-03;23;0
5;2025-11-04;0;0
5;2025-11-04;1;0
5;2025-11-04;2;0
5;2025-11-04;3;0
5;2025-11-04;4;0
5;2025-11-04;5;0
5;2025-11-04;6;0
5;2025-11-04;7;0
5;2025-11-04;8;0
5;2025-11-04;9;0
5;2025-11-04;10;0
5;2025-11-04;11;0
5;2025-11-04;12;0
5;2025-11-04;13;0
5;2025-11-04;14;0
5;2025-11-04;15;0
5;2025-11-04;16;0
5;2025-11-04;17;0
5;2025-11-04;18;0
5;2025-11-04;19;0
5;2025-11-04;20;0
5;2025-11-04;21;0
5;2025-11-04;22;0
5;2025-11-04;23;0
5;2025-11-05;0;0
5;2025-11-05;1;0
5;2025-11-05;2;0
5;2025-11-05;3;0
5;2025-11-05;4;0
5;2025-11-05;5;0
5;2025-11-05;6;0
5;2025-11-05;7;0
5;2025-11-05;8;0
5;2025-11-05;9;0
5;2025-11-05;10;0
5;2025-11-05;11;0
5;2025-11-05;12;0
5;2025-11-05;13;0
5;2025-11-05;14;0
5;2025-11-05;15;0
5;2025-11-05;16;0
5;2025-11-05;17;0
5;2025-11-05;18;0
5;2025-11-05;19;0
5;2025-11-05;20;0
5;2025-11-05;21;0
5;2025-11-05;22;0
5;2025-11-05;23;0
5;2025-11-06;0;0
5;2025-11-06;1;0
5;2025-11-06;2;0
5;2025-11-06;3;0
5;2025-11-06;4;0
5;2025-11-06;5;0
5;2025-11-06;6;0
5;2025-11-06;7;0
5;2025-11-06;8;0
5;2025-11-06;9;0
5;2025-11-06;10;0
5;2025-11-06;11;0
5;2025-11-06;12;0
5;2025-11-06;13;0
5;2025-11-06;14;0
5;2025-11-06;15;0
5;2025-11-06;16;0
5;2025-11-06;17;0
5;2025-11-06;18;0
5;2025-11-06;19;0
5;2025-11-06;20;0
5;2025-11-06;21;0
5;2025-11-06;22;0
5;2025-11-06;23;0
5;2025-11-07;0;0
5;2025-11-07;1;0
5;2025-11-07;2;0
5;2025-11-07;3;0
5;2025-11-07;4;0
5;2025-11-07;5;0
5;2025-11-07;6;0
5;2025-11-07;7;0
5;2025-11-07;8;0
5;2025-11-07;9;0
5;2025-11-07;10;0
5;2025-11-07;11;0
5;2025-11-07;12;0
5;2025-11-07;13;0
5;2025-11-07;14;0
5;2025-11-07;15;0
5;2025-11-07;16;0
5;2025-11-07;17;0
5;2025-11-07;18;0
5;2025-11-07;19;0
5;2025-11-07;20;0
5;2025-11-07;21;0
5;2025-11-07;22;0
5;2025-11-07;23;0
5;2025-11-08;0;0
5;2025-11-08;1;0
5;2025-11-08;2;0
5;2025-11-08;3;0
5;2025-11-08;4;0
5;2025-11-08;5;0
5;2025-11-08;6;0
5;2025-11-08;7;0
5;2025-11-08;8;0
5;2025-11-08;9;0
5;2025-11-08;10;0
5;2025-11-08;11;0
5;2025-11-08;12;0
5;2025-11-08;13;0
5;2025-11-08;14;0
5;2025-11-08;15;0
5;2025-11-08;16;0
5;2025-11-08;17;0
5;2025-11-08;18;0
5;2025-11-08;19;0
5;2025-11-08;20;0
5;2025-11-08;21;0
5;2025-11-08;22;0
5;2025-11-08;23;0
5;2025-11-09;0;0
5;2025-11-09;1;0
5;2025-11-09;2;0
5;2025-11-09;3;0
5;2025-11-09;4;0
5;2025-11-09;5;0
5;2025-11-09;6;0
5;2025-11-09;7;0
5;2025-11-09;8;0
5;2025-11-09;9;0
5;2025-11-09;10;0
5;2025-11-09;11;0
5;2025-11-09;12;0
5;2025-11-09;13;0
5;2025-11-09;14;0
5;2025-11-09;15;0
5;2025-11-09;16;0
5;2025-11-09;17;0
5;2025-11-09;18;0
5;2025-11-09;19;0
5;2025-11-09;20;0
5;2025-11-09;21;0
5;2025-11-09;22;0
5;2025-11-09;23;0
5;2025-11-10;0;0
5;2025-11-10;1;0
5;2025-11-10;2;0
5;2025-11-10;3;0
5;2025-11-10;4;0
5;2025-11-10;5;0
5;2025-11-10;6;0
5;2025-11-10;7;0
5;2025-11-10;8;0
5;2025-11-10;9;0
5;2025-11-10;10;0
5;2025-11-10;11;0
5;2025-11-10;12;0
5;2025-11-10;13;0
5;2025-11-10;14;0
5;2025-11-10;15;0
5;2025-11-10;16;0
5;2025-11-10;17;0
5;2025-11-10;18;0
5;2025-11-10;19;0
5;2025-11-10;20;0
5;2025-11-10;21;0
5;2025-11-10;22;0
5;2025-11-10;23;0
5;2025-11-11;0;0
5;2025-11-11;1;0
5;2025-11-11;2;0
5;2025-11-11;3;0
5;2025-11-11;4;0
5;2025-11-11;5;0
5;2025-11-11;6;0
5;2025-11-11;7;0
5;2025-11-11;8;0
5;2025-11-11;9;0
5;2025-11-11;10;0
5;2025-11-11;11;0
5;2025-11-11;12;0
5;2025-11-11;13;0
5;2025-11-11;14;0
5;2025-11-11;15;0
5;2025-11-11;16;0
5;2025-11-11;17;0
5;2025-11-11;18;0
5;2025-11-11;19;0
5;2025-11-11;20;0
5;2025-11-11;21;0
5;2025-11-11;22;0
5;2025-11-11;23;0
5;2025-11-12;0;0
5;2025-11-12;1;0
5;2025-11-12;2;0
5;2025-11-12;3;0
5;2025-11-12;4;0
5;2025-11-12;5;0
5;2025-11-12;6;0
5;2025-11-12;7;0
5;2025-11-12;8;0
5;2025-11-12;9;0
5;2025-11-12;10;0
5;2025-11-12;11;0
5;2025-11-12;12;0
5;2025-11-12;13;0
5;2025-11-12;14;0
5;2025-11-12;15;0
5;2025-11-12;16;0
5;2025-11-12;17;0
5;2025-11-12;18;0
5;2025-11-12;19;0
5;2025-11-12;20;0
5;2025-11-12;21;0
5;2025-11-12;22;0
5;2025-11-12;23;0
5;2025-11-13;0;0
5;2025-11-13;1;0
5;2025-11-13;2;0
5;2025-11-13;3;0
5;2025-11-13;4;0
5;2025-11-13;5;0
5;2025-11-13;6;0
5;2025-11-13;7;0
5;2025-11-13;8;0
5;2025-11-13;9;0
5;2025-11-13;10;0
5;2025-11-13;11;0
5;2025-11-13;12;0
5;2025-11-13;13;0
5;2025-11-13;14;0
5;2025-11-13;15;0
5;2025-11-13;16;0
5;2025-11-13;17;0
5;2025-11-13;18;0
5;2025-11-13;19;0
5;2025-11-13;20;0
5;2025-11-13;21;0
5;2025-11-13;22;0
5;2025-11-13;23;0
5;2025-11-14;0;0
5;2025-11-14;1;0
5;2025-11-14;2;0
5;2025-11-14;3;0
5;2025-11-14;4;0
5;2025-11-14;5;0
5;2025-11-14;6;0
5;2025-11-14;7;0
5;2025-11-14;8;0
5;2025-11-14;9;0
5;2025-11-14;10;0
5;2025-11-14;11;0
5;2025-11-14;12;0
5;2025-11-14;13;0
5;2025-11-14;14;0
5;2025-11-14;15;0
5;2025-11-14;16;0
5;2025-11-14;17;0
5;2025-11-14;18;0
5;2025-11-14;19;0
5;2025-11-14;20;0
5;2025-11-14;21;0
5;2025-11-14;22;0
5;2025-11-14;23;0
5;2025-11-15;0;0
5;2025-11-15;1;0
5;2025-11-15;2;0
5;2025-11-15;3;0
5;2025-11-15;4;0
5;2025-11-15;5;0
5;2025-11-15;6;0
5;2025-11-15;7;0
5;2025-11-15;8;0
5;2025-11-15;9;0
5;2025-11-15;10;0
5;2025-11-15;11;0
5;2025-11-15;12;0
5;2025-11-15;13;0
5;2025-11-15;14;0
5;2025-11-15;15;0
5;2025-11-15;16;0
5;2025-11-15;17;0
5;2025-11-15;18;0
5;2025-11-15;19;0
5;2025-11-15;20;0
5;2025-11-15;21;0
5;2025-11-15;22;0
5;2025-11-15;23;0
5;2025-11-16;0;0
5;2025-11-16;1;0
5;2025-11-16;2;0
5;2025-11-16;3;0
5;2025-11-16;4;0
5;2025-11-16;5;0
5;2025-11-16;6;0
5;2025-11-16;7;0
5;2025-11-16;8;0
5;2025-11-16;9;0
5;2025-11-16;10;0
5;2025-11-16;11;0
5;2025-11-16;12;0
5;2025-11-16;13;0
5;2025-11-16;14;0
5;2025-11-16;15;0
5;2025-11-16;16;0
5;2025-11-16;17;0
5;2025-11-16;18;0
5;2025-11-16;19;0
5;2025-11-16;20;0
5;2025-11-16;21;0
5;2025-11-16;22;0
5;2025-11-16;23;0
5;2025-11-17;0;0
5;2025-11-17;1;0
5;2025-11-17;2;0
5;2025-11-17;3;0
5;2025-11-17;4;0
5;2025-11-17;5;0
5;2025-11-17;6;0
5;2025-11-17;7;0
5;2025-11-17;8;0
5;2025-11-17;9;0
5;2025-11-17;10;0
5;2025-11-17;11;0
5;2025-11-17;12;0
5;2025-11-17;13;0
5;2025-11-17;14;0
5;2025-11-17;15;0
5;2025-11-17;16;0
5;2025-11-17;17;0
5;2025-11-17;18;0
5;2025-11-17;19;0
5;2025-11-17;20;0
5;2025-11-17;21;0
5;2025-11-17;22;0
5;2025-11-17;23;0
5;2025-11-18;0;0
5;2025-11-18;1;0
5;2025-11-18;2;0
5;2025-11-18;3;0
5;2025-11-18;4;0
5;2025-11-18;5;0
5;2025-11-18;6;0
5;2025-11-18;7;0
5;2025-11-18;8;0
5;2025-11-18;9;0
5;2025-11-18;10;0
5;2025-11-18;11;0
5;2025-11-18;12;0
5;2025-11-18;13;0
5;2025-11-18;14;0
5;2025-11-18;15;0
5;2025-11-18;16;0
5;2025-11-18;17;0
5;2025-11-18;18;0
5;2025-11-18;19;0
5;2025-11-18;20;0
5;2025-11-18;21;0
5;2025-11-18;22;0
5;2025-11-18;23;0
5;2025-11-19;0;0
5;2025-11-19;1;0
5;2025-11-19;2;0
5;2025-11-19;3;0
5;2025-11-19;4;0
5;2025-11-19;5;0
5;2025-11-19;6;0
5;2025-11-19;7;0
5;2025-11-19;8;0
5;2025-11-19;9;0
5;2025-11-19;10;0
5;2025-11-19;11;0
5;2025-11-19;12;0
5;2025-11-19;13;0
5;2025-11-19;14;0
5;2025-11-19;15;0
5;2025-11-19;16;0
5;2025-11-19;17;0
5;2025-11-19;18;0
5;2025-11-19;19;0
5;2025-11-19;20;0
5;2025-11-19;21;0
5;2025-11-19;22;0
5;2025-11-19;23;0
5;2025-11-20;0;0
5;2025-11-20;1;0
5;2025-11-20;2;0
5;2025-11-20;3;0
5;2025-11-20;4;0
5;2025-11-20;5;0
5;2025-11-20;6;0
5;2025-11-20;7;0
5;2025-11-20;8;0
5;2025-11-20;9;0
5;2025-11-20;10;0
5;2025-11-20;11;0
5;2025-11-20;12;0
5;2025-11-20;13;0
5;2025-11-20;14;0
5;2025-11-20;15;0
5;2025-11-20;16;0
5;2025-11-20;17;0
5;2025-11-20;18;0
5;2025-11-20;19;0
5;2025-11-20;20;0
5;2025-11-20;21;0
5;2025-11-20;22;0
5;2025-11-20;23;0
5;2025-11-21;0;0
5;2025-11-21;1;0
5;2025-11-21;2;0
5;2025-11-21;3;0
5;2025-11-21;4;0
5;2025-11-21;5;0
5;2025-11-21;6;0
5;2025-11-21;7;0
5;2025-11-21;8;0
5;2025-11-21;9;0
5;2025-11-21;10;0
5;2025-11-21;11;0
5;2025-11-21;12;0
5;2025-11-21;13;0
5;2025-11-21;14;0
5;2025-11-21;15;0
5;2025-11-21;16;0
5;2025-11-21;17;0
5;2025-11-21;18;0
5;2025-11-21;19;0
5;2025-11-21;20;0
5;2025-11-21;21;0
5;2025-11-21;22;0
5;2025-11-21;23;0
5;2025-11-22;0;0
5;2025-11-22;1;0
5;2025-11-22;2;0
5;2025-11-22;3;0
5;2025-11-22;4;0
5;2025-11-22;5;0
5;2025-11-22;6;0
5;2025-11-22;7;0
5;2025-11-22;8;0
5;2025-11-22;9;0
5;2025-11-22;10;0
5;2025-11-22;11;0
5;2025-11-22;12;0
5;2025-11-22;13;0
5;2025-11-22;14;0
5;2025-11-22;15;0
5;2025-11-22;16;0
5;2025-11-22;17;0
5;2025-11-22;18;0
5;2025-11-22;19;0
5;2025-11-22;20;0
5;2025-11-22;21;0
5;2025-11-22;22;0
5;2025-11-22;23;0
5;2025-11-23;0;0
5;2025-11-23;1;0
5;2025-11-23;2;0
5;2025-11-23;3;0
5;2025-11-23;4;0
5;2025-11-23;5;0
5;2025-11-23;6;0
5;2025-11-23;7;0
5;2025-11-23;8;0
5;2025-11-23;9;0
5;2025-11-23;10;0
5;2025-11-23;11;0
5;2025-11-23;12;0
5;2025-11-23;13;0
5;2025-11-23;14;0
5;2025-11-23;15;0
5;2025-11-23;16;0
5;2025-11-23;17;0
5;2025-11-23;18;0
5;2025-11-23;19;0
5;2025-11-23;20;0
5;2025-11-23;21;0
5;2025-11-23;22;0
5;2025-11-23;23;0
5;2025-11-24;0;0
5;2025-11-24;1;0
5;2025-11-24;2;0
5;2025-11-24;3;0
5;2025-11-24;4;0
5;2025-11-24;5;0
5;2025-11-24;6;0
5;2025-11-24;7;0
5;2025-11-24;8;0
5;2025-11-24;9;0
5;2025-11-24;10;0
5;2025-11-24;11;0
5;2025-11-24;12;0
5;2025-11-24;13;0
5;2025-11-24;14;0
5;2025-11-24;15;0
5;2025-11-24;16;0
5;2025-11-24;17;0
5;2025-11-24;18;0
5;2025-11-24;19;0
5;2025-11-24;20;0
5;2025-11-24;21;0
5;2025-11-24;22;0
5;2025-11-24;23;0
5;2025-11-25;0;0
5;2025-11-25;1;0
5;2025-11-25;2;0
5;2025-11-25;3;0
5;2025-11-25;4;0
5;2025-11-25;5;0
5;2025-11-25;6;0
5;2025-11-25;7;0
5;2025-11-25;8;0
5;2025-11-25;9;0
5;2025-11-25;10;0
5;2025-11-25;11;0
5;2025-11-25;12;0
5;2025-11-25;13;0
5;2025-11-25;14;0
5;2025-11-25;15;0
5;2025-11-25;16;0
5;2025-11-25;17;0
5;2025-11-25;18;0
5;2025-11-25;19;0
5;2025-11-25;20;0
5;2025-11-25;21;0
5;2025-11-25;22;0
5;2025-11-25;23;0
5;2025-11-26;0;0
5;2025-11-26;1;0
5;2025-11-26;2;0
5;2025-11-26;3;0
5;2025-11-26;4;0
5;2025-11-26;5;0
5;2025-11-26;6;0
5;2025-11-26;7;0
5;2025-11-26;8;0
5;2025-11-26;9;0
5;2025-11-26;10;0
5;2025-11-26;11;0
5;2025-11-26;12;0
5;2025-11-26;13;0
5;2025-11-26;14;0
5;2025-11-26;15;0
5;2025-11-26;16;0
5;2025-11-26;17;0
5;2025-11-26;18;0
5;2025-11-26;19;0
5;2025-11-26;20;0
5;2025-11-26;21;0
5;2025-11-26;22;0
5;2025-11-26;23;0
5;2025-11-27;0;0
5;2025-11-27;1;0
5;2025-11-27;2;0
5;2025-11-27;3;0
5;2025-11-27;4;0
5;2025-11-27;5;0
5;2025-11-27;6;0
5;2025-11-27;7;0
5;2025-11-27;8;0
5;2025-11-27;9;0
5;2025-11-27;10;0
5;2025-11-27;11;0
5;2025-11-27;12;0
5;2025-11-27;13;0
5;2025-11-27;14;0
5;2025-11-27;15;0
5;2025-11-27;16;0
5;2025-11-27;17;0
5;2025-11-27;18;0
5;2025-11-27;19;0
5;2025-11-27;20;0
5;2025-11-27;21;0
5;2025-11-27;22;0
5;2025-11-27;23;0
5;2025-11-28;0;0
5;2025-11-28;1;0
5;2025-11-28;2;0
5;2025-11-28;3;0
5;2025-11-28;4;0
5;2025-11-28;5;0
5;2025-11-28;6;0
5;2025-11-28;7;0
5;2025-11-28;8;0
5;2025-11-28;9;0
5;2025-11-28;10;0
5;2025-11-28;11;0
5;2025-11-28;12;0
5;2025-11-28;13;0
5;2025-11-28;14;0
5;2025-11-28;15;0
5;2025-11-28;16;0
5;2025-11-28;17;0
5;2025-11-28;18;0
5;2025-11-28;19;0
5;2025-11-28;20;0
5;2025-11-28;21;0
5;2025-11-28;22;0
5;2025-11-28;23;0
5;2025-11-29;0;0
5;2025-11-29;1;0
5;2025-11-29;2;0
5;2025-11-29;3;0
5;2025-11-29;4;0
5;2025-11-29;5;0
5;2025-11-29;6;0
5;2025-11-29;7;0
5;2025-11-29;8;0
5;2025-11-29;9;0
5;2025-11-29;10;0
5;2025-11-29;11;0
5;2025-11-29;12;0
5;2025-11-29;13;0
5;2025-11-29;14;0
5;2025-11-29;15;0
5;2025-11-29;16;0
5;2025-11-29;17;0
5;2025-11-29;18;0
5;2025-11-29;19;0
5;2025-11-29;20;0
5;2025-11-29;21;0
5;2025-11-29;22;0
5;2025-11-29;23;0
5;2025-11-30;0;0
5;2025-11-30;1;0
5;2025-11-30;2;0
5;2025-11-30;3;0
5;2025-11-30;4;0
5;2025-11-30;5;0
5;2025-11-30;6;0
5;2025-11-30;7;0
5;2025-11-30;8;0
5;2025-11-30;9;0
5;2025-11-30;10;0
5;2025-11-30;11;0
5;2025-11-30;12;0
5;2025-11-30;13;0
5;2025-11-30;14;0
5;2025-11-30;15;0
5;2025-11-30;16;0
5;2025-11-30;17;0
5;2025-11-30;18;0
5;2025-11-30;19;0
5;2025-11-30;20;0
5;2025-11-30;21;0
5;2025-11-30;22;0
5;2025-11-30;23;0
5;2025-12-01;0;0
5;2025-12-01;1;0
5;2025-12-01;2;0
5;2025-12-01;3;0
5;2025-12-01;4;0
5;2025-12-01;5;0
5;2025-12-01;6;0
5;2025-12-01;7;0
5;2025-12-01;8;0
5;2025-12-01;9;0
5;2025-12-01;10;0
5;2025-12-01;11;0
5;2025-12-01;12;0
5;2025-12-01;13;0
5;2025-12-01;14;0
5;2025-12-01;15;0
5;2025-12-01;16;0
5;2025-12-01;17;0
5;2025-12-01;18;0
5;2025-12-01;19;0
5;2025-12-01;20;0
5;2025-12-01;21;0
5;2025-12-01;22;0
5;2025-12-01;23;0
5;2025-12-02;0;0
5;2025-12-02;1;0
5;2025-12-02;2;0
5;2025-12-02;3;0
5;2025-12-02;4;0
5;2025-12-02;5;0
5;2025-12-02;6;0
5;2025-12-02;7;0
5;2025-12-02;8;0
5;2025-12-02;9;0
5;2025-12-02;10;0
5;2025-12-02;11;0
5;2025-12-02;12;0
5;2025-12-02;13;0
5;2025-12-02;14;0
5;2025-12-02;15;0
5;2025-12-02;16;0
5;2025-12-02;17;0
5;2025-12-02;18;0
5;2025-12-02;19;0
5;2025-12-02;20;0
5;2025-12-02;21;0
5;2025-12-02;22;0
5;2025-12-02;23;0
5;2025-12-03;0;0
5;2025-12-03;1;0
5;2025-12-03;2;0
5;2025-12-03;3;0
5;2025-12-03;4;0
5;2025-12-03;5;0
5;2025-12-03;6;0
5;2025-12-03;7;0
5;2025-12-03;8;0
5;2025-12-03;9;0
5;2025-12-03;10;0
5;2025-12-03;11;0
5;2025-12-03;12;0
5;2025-12-03;13;0
5;2025-12-03;14;0
5;2025-12-03;15;0
5;2025-12-03;16;0
5;2025-12-03;17;0
5;2025-12-03;18;0
5;2025-12-03;19;0
5;2025-12-03;20;0
5;2025-12-03;21;0
5;2025-12-03;22;0
5;2025-12-03;23;0
5;2025-12-04;0;0
5;2025-12-04;1;0
5;2025-12-04;2;0
5;2025-12-04;3;0
5;2025-12-04;4;0
5;2025-12-04;5;0
5;2025-12-04;6;0
5;2025-12-04;7;0
5;2025-12-04;8;0
5;2025-12-04;9;0
5;2025-12-04;10;0
5;2025-12-04;11;0
5;2025-12-04;12;0
5;2025-12-04;13;0
5;2025-12-04;14;0
5;2025-12-04;15;0
5;2025-12-04;16;0
5;2025-12-04;17;0
5;2025-12-04;18;0
5;2025-12-04;19;0
5;2025-12-04;20;0
5;2025-12-04;21;0
5;2025-12-04;22;0
5;2025-12-04;23;0
5;2025-12-05;0;0
5;2025-12-05;1;0
5;2025-12-05;2;0
5;2025-12-05;3;0
5;2025-12-05;4;0
5;2025-12-05;5;0
5;2025-12-05;6;0
5;2025-12-05;7;0
5;2025-12-05;8;0
5;2025-12-05;9;0
5;2025-12-05;10;0
5;2025-12-05;11;0
5;2025-12-05;12;0
5;2025-12-05;13;0
5;2025-12-05;14;0
5;2025-12-05;15;0
5;2025-12-05;16;0
5;2025-12-05;17;0
5;2025-12-05;18;0
5;2025-12-05;19;0
5;2025-12-05;20;0
5;2025-12-05;21;0
5;2025-12-05;22;0
5;2025-12-05;23;0
5;2025-12-06;0;0
5;2025-12-06;1;0
5;2025-12-06;2;0
5;2025-12-06;3;0
5;2025-12-06;4;0
5;2025-12-06;5;0
5;2025-12-06;6;0
5;2025-12-06;7;0
5;2025-12-06;8;0
5;2025-12-06;9;0
5;2025-12-06;10;0
5;2025-12-06;11;0
5;2025-12-06;12;0
5;2025-12-06;13;0
5;2025-12-06;14;0
5;2025-12-06;15;0
5;2025-12-06;16;0
5;2025-12-06;17;0
5;2025-12-06;18;0
5;2025-12-06;19;0
5;2025-12-06;20;0
5;2025-12-06;21;0
5;2025-12-06;22;0
5;2025-12-06;23;0
5;2025-12-07;0;0
5;2025-12-07;1;0
5;2025-12-07;2;0
5;2025-12-07;3;0
5;2025-12-07;4;0
5;2025-12-07;5;0
5;2025-12-07;6;0
5;2025-12-07;7;0
5;2025-12-07;8;0
5;2025-12-07;9;0
5;2025-12-07;10;0
5;2025-12-07;11;0
5;2025-12-07;12;0
5;2025-12-07;13;0
5;2025-12-07;14;0
5;2025-12-07;15;0
5;2025-12-07;16;0
5;2025-12-07;17;0
5;2025-12-07;18;0
5;2025-12-07;19;0
5;2025-12-07;20;0
5;2025-12-07;21;0
5;2025-12-07;22;0
5;2025-12-07;23;0
5;2025-12-08;0;0
5;2025-12-08;1;0
5;2025-12-08;2;0
5;2025-12-08;3;0
5;2025-12-08;4;0
5;2025-12-08;5;0
5;2025-12-08;6;0
5;2025-12-08;7;0
5;2025-12-08;8;0
5;2025-12-08;9;0
5;2025-12-08;10;0
5;2025-12-08;11;0
5;2025-12-08;12;0
5;2025-12-08;13;0
5;2025-12-08;14;0
5;2025-12-08;15;0
5;2025-12-08;16;0
5;2025-12-08;17;0
5;2025-12-08;18;0
5;2025-12-08;19;0
5;2025-12-08;20;0
5;2025-12-08;21;0
5;2025-12-08;22;0
5;2025-12-08;23;0
5;2025-12-09;0;0
5;2025-12-09;1;0
5;2025-12-09;2;0
5;2025-12-09;3;0
5;2025-12-09;4;0
5;2025-12-09;5;0
5;2025-12-09;6;0
5;2025-12-09;7;0
5;2025-12-09;8;0
5;2025-12-09;9;0
5;2025-12-09;10;0
5;2025-12-09;11;0
5;2025-12-09;12;0
5;2025-12-09;13;0
5;2025-12-09;14;0
5;2025-12-09;15;0
5;2025-12-09;16;0
5;2025-12-09;17;0
5;2025-12-09;18;0
5;2025-12-09;19;0
5;2025-12-09;20;0
5;2025-12-09;21;0
5;2025-12-09;22;0
5;2025-12-09;23;0
5;2025-12-10;0;0
5;2025-12-10;1;0
5;2025-12-10;2;0
5;2025-12-10;3;0
5;2025-12-10;4;0
5;2025-12-10;5;0
5;2025-12-10;6;0
5;2025-12-10;7;0
5;2025-12-10;8;0
5;2025-12-10;9;0
5;2025-12-10;10;0
5;2025-12-10;11;0
5;2025-12-10;12;0
5;2025-12-10;13;0
5;2025-12-10;14;0
5;2025-12-10;15;0
5;2025-12-10;16;0
5;2025-12-10;17;0
5;2025-12-10;18;0
5;2025-12-10;19;0
5;2025-12-10;20;0
5;2025-12-10;21;0
5;2025-12-10;22;0
5;2025-12-10;23;0
5;2025-12-11;0;0
5;2025-12-11;1;0
5;2025-12-11;2;0
5;2025-12-11;3;0
5;2025-12-11;4;0
5;2025-12-11;5;0
5;2025-12-11;6;0
5;2025-12-11;7;0
5;2025-12-11;8;0
5;2025-12-11;9;0
5;2025-12-11;10;0
5;2025-12-11;11;0
5;2025-12-11;12;0
5;2025-12-11;13;0
5;2025-12-11;14;0
5;2025-12-11;15;0
5;2025-12-11;16;0
5;2025-12-11;17;0
5;2025-12-11;18;0
5;2025-12-11;19;0
5;2025-12-11;20;0
5;2025-12-11;21;0
5;2025-12-11;22;0
5;2025-12-11;23;0
5;2025-12-12;0;0
5;2025-12-12;1;0
5;2025-12-12;2;0
5;2025-12-12;3;0
5;2025-12-12;4;0
5;2025-12-12;5;0
5;2025-12-12;6;0
5;2025-12-12;7;0
5;2025-12-12;8;0
5;2025-12-12;9;0
5;2025-12-12;10;0
5;2025-12-12;11;0
5;2025-12-12;12;0
5;2025-12-12;13;0
5;2025-12-12;14;0
5;2025-12-12;15;0
5;2025-12-12;16;0
5;2025-12-12;17;0
5;2025-12-12;18;0
5;2025-12-12;19;0
5;2025-12-12;20;0
5;2025-12-12;21;0
5;2025-12-12;22;0
5;2025-12-12;23;0
5;2025-12-13;0;0
5;2025-12-13;1;0
5;2025-12-13;2;0
5;2025-12-13;3;0
5;2025-12-13;4;0
5;2025-12-13;5;0
5;2025-12-13;6;0
5;2025-12-13;7;0
5;2025-12-13;8;0
5;2025-12-13;9;0
5;2025-12-13;10;0
5;2025-12-13;11;0
5;2025-12-13;12;0
5;2025-12-13;13;0
5;2025-12-13;14;0
5;2025-12-13;15;0
5;2025-12-13;16;0
5;2025-12-13;17;0
5;2025-12-13;18;0
5;2025-12-13;19;0
5;2025-12-13;20;0
5;2025-12-13;21;0
5;2025-12-13;22;0
5;2025-12-13;23;0
5;2025-12-14;0;0
5;2025-12-14;1;0
5;2025-12-14;2;0
5;2025-12-14;3;0
5;2025-12-14;4;0
5;2025-12-14;5;0
5;2025-12-14;6;0
5;2025-12-14;7;0
5;2025-12-14;8;0
5;2025-12-14;9;0
5;2025-12-14;10;0
5;2025-12-14;11;0
5;2025-12-14;12;0
5;2025-12-14;13;0
5;2025-12-14;14;0
5;2025-12-14;15;0
5;2025-12-14;16;0
5;2025-12-14;17;0
5;2025-12-14;18;0
5;2025-12-14;19;0
5;2025-12-14;20;0
5;2025-12-14;21;0
5;2025-12-14;22;0
5;2025-12-14;23;0
5;2025-12-15;0;0
5;2025-12-15;1;0
5;2025-12-15;2;0
5;2025-12-15;3;0
5;2025-12-15;4;0
5;2025-12-15;5;0
5;2025-12-15;6;0
5;2025-12-15;7;0
5;2025-12-15;8;0
5;2025-12-15;9;0
5;2025-12-15;10;0
5;2025-12-15;11;0
5;2025-12-15;12;0
5;2025-12-15;13;0
5;2025-12-15;14;0
5;2025-12-15;15;0
5;2025-12-15;16;0
5;2025-12-15;17;0
5;2025-12-15;18;0
5;2025-12-15;19;0
5;2025-12-15;20;0
5;2025-12-15;21;0
5;2025-12-15;22;0
5;2025-12-15;23;0
5;2025-12-16;0;0
5;2025-12-16;1;0
5;2025-12-16;2;0
5;2025-12-16;3;0
5;2025-12-16;4;0
5;2025-12-16;5;0
5;2025-12-16;6;0
5;2025-12-16;7;0
5;2025-12-16;8;0
5;2025-12-16;9;0
5;2025-12-16;10;0
5;2025-12-16;11;0
5;2025-12-16;12;0
5;2025-12-16;13;0
5;2025-12-16;14;0
5;2025-12-16;15;0
5;2025-12-16;16;0
5;2025-12-16;17;0
5;2025-12-16;18;0
5;2025-12-16;19;0
5;2025-12-16;20;0
5;2025-12-16;21;0
5;2025-12-16;22;0
5;2025-12-16;23;0
5;2025-12-17;0;0
5;2025-12-17;1;0
5;2025-12-17;2;0
5;2025-12-17;3;0
5;2025-12-17;4;0
5;2025-12-17;5;0
5;2025-12-17;6;0
5;2025-12-17;7;0
5;2025-12-17;8;0
5;2025-12-17;9;0
5;2025-12-17;10;0
5;2025-12-17;11;0
5;2025-12-17;12;0
5;2025-12-17;13;0
5;2025-12-17;14;0
5;2025-12-17;15;0
5;2025-12-17;16;0
5;2025-12-17;17;0
5;2025-12-17;18;0
5;2025-12-17;19;0
5;2025-12-17;20;0
5;2025-12-17;21;0
5;2025-12-17;22;0
5;2025-12-17;23;0
5;2025-12-18;0;0
5;2025-12-18;1;0
5;2025-12-18;2;0
5;2025-12-18;3;0
5;2025-12-18;4;0
5;2025-12-18;5;0
5;2025-12-18;6;0
5;2025-12-18;7;0
5;2025-12-18;8;0
5;2025-12-18;9;0
5;2025-12-18;10;0
5;2025-12-18;11;0
5;2025-12-18;12;0
5;2025-12-18;13;0
5;2025-12-18;14;0
5;2025-12-18;15;0
5;2025-12-18;16;0
5;2025-12-18;17;0
5;2025-12-18;18;0
5;2025-12-18;19;0
5;2025-12-18;20;0
5;2025-12-18;21;0
5;2025-12-18;22;0
5;2025-12-18;23;0
5;2025-12-19;0;0
5;2025-12-19;1;0
5;2025-12-19;2;0
5;2025-12-19;3;0
5;2025-12-19;4;0
5;2025-12-19;5;0
5;2025-12-19;6;0
5;2025-12-19;7;0
5;2025-12-19;8;0
5;2025-12-19;9;0
5;2025-12-19;10;0
5;2025-12-19;11;0
5;2025-12-19;12;0
5;2025-12-19;13;0
5;2025-12-19;14;0
5;2025-12-19;15;0
5;2025-12-19;16;0
5;2025-12-19;17;0
5;2025-12-19;18;0
5;2025-12-19;19;0
5;2025-12-19;20;0
5;2025-12-19;21;0
5;2025-12-19;22;0
5;2025-12-19;23;0
5;2025-12-20;0;0
5;2025-12-20;1;0
5;2025-12-20;2;0
5;2025-12-20;3;0
5;2025-12-20;4;0
5;2025-12-20;5;0
5;2025-12-20;6;0
5;2025-12-20;7;0
5;2025-12-20;8;0
5;2025-12-20;9;0
5;2025-12-20;10;0
5;2025-12-20;11;0
5;2025-12-20;12;0
5;2025-12-20;13;0
5;2025-12-20;14;0
5;2025-12-20;15;0
5;2025-12-20;16;0
5;2025-12-20;17;0
5;2025-12-20;18;0
5;2025-12-20;19;0
5;2025-12-20;20;0
5;2025-12-20;21;0
5;2025-12-20;22;0
5;2025-12-20;23;0
5;2025-12-21;0;0
5;2025-12-21;1;0
5;2025-12-21;2;0
5;2025-12-21;3;0
5;2025-12-21;4;0
5;2025-12-21;5;0
5;2025-12-21;6;0
5;2025-12-21;7;0
5;2025-12-21;8;0
5;2025-12-21;9;0
5;2025-12-21;10;0
5;2025-12-21;11;0
5;2025-12-21;12;0
5;2025-12-21;13;0
5;2025-12-21;14;0
5;2025-12-21;15;0
5;2025-12-21;16;0
5;2025-12-21;17;0
5;2025-12-21;18;0
5;2025-12-21;19;0
5;2025-12-21;20;0
5;2025-12-21;21;0
5;2025-12-21;22;0
5;2025-12-21;23;0
5;2025-12-22;0;0
5;2025-12-22;1;0
5;2025-12-22;2;0
5;2025-12-22;3;0
5;2025-12-22;4;0
5;2025-12-22;5;0
5;2025-12-22;6;0
5;2025-12-22;7;0
5;2025-12-22;8;0
5;2025-12-22;9;0
5;2025-12-22;10;0
5;2025-12-22;11;0
5;2025-12-22;12;0
5;2025-12-22;13;0
5;2025-12-22;14;0
5;2025-12-22;15;0
5;2025-12-22;16;0
5;2025-12-22;17;0
5;2025-12-22;18;0
5;2025-12-22;19;0
5;2025-12-22;20;0
5;2025-12-22;21;0
5;2025-12-22;22;0
5;2025-12-22;23;0
5;2025-12-23;0;0
5;2025-12-23;1;0
5;2025-12-23;2;0
5;2025-12-23;3;0
5;2025-12-23;4;0
5;2025-12-23;5;0
5;2025-12-23;6;0
5;2025-12-23;7;0
5;2025-12-23;8;0
5;2025-12-23;9;0
5;2025-12-23;10;0
5;2025-12-23;11;0
5;2025-12-23;12;0
5;2025-12-23;13;0
5;2025-12-23;14;0
5;2025-12-23;15;0
5;2025-12-23;16;0
5;2025-12-23;17;0
5;2025-12-23;18;0
5;2025-12-23;19;0
5;2025-12-23;20;0
5;2025-12-23;21;0
5;2025-12-23;22;0
5;2025-12-23;23;0
5;2025-12-24;0;0
5;2025-12-24;1;0
5;2025-12-24;2;0
5;2025-12-24;3;0
5;2025-12-24;4;0
5;2025-12-24;5;0
5;2025-12-24;6;0
5;2025-12-24;7;0
5;2025-12-24;8;0
5;2025-12-24;9;0
5;2025-12-24;10;0
5;2025-12-24;11;0
5;2025-12-24;12;0
5;2025-12-24;13;0
5;2025-12-24;14;0
5;2025-12-24;15;0
5;2025-12-24;16;0
5;2025-12-24;17;0
5;2025-12-24;18;0
5;2025-12-24;19;0
5;2025-12-24;20;0
5;2025-12-24;21;0
5;2025-12-24;22;0
5;2025-12-24;23;0
5;2025-12-25;0;0
5;2025-12-25;1;0
5;2025-12-25;2;0
5;2025-12-25;3;0
5;2025-12-25;4;0
5;2025-12-25;5;0
5;2025-12-25;6;0
5;2025-12-25;7;0
5;2025-12-25;8;0
5;2025-12-25;9;0
5;2025-12-25;10;0
5;2025-12-25;11;0
5;2025-12-25;12;0
5;2025-12-25;13;0
5;2025-12-25;14;0
5;2025-12-25;15;0
5;2025-12-25;16;0
5;2025-12-25;17;0
5;2025-12-25;18;0
5;2025-12-25;19;0
5;2025-12-25;20;0
5;2025-12-25;21;0
5;2025-12-25;22;0
5;2025-12-25;23;0
5;2025-12-26;0;0
5;2025-12-26;1;0
5;2025-12-26;2;0
5;2025-12-26;3;0
5;2025-12-26;4;0
5;2025-12-26;5;0
5;2025-12-26;6;0
5;2025-12-26;7;0
5;2025-12-26;8;0
5;2025-12-26;9;0
5;2025-12-26;10;0
5;2025-12-26;11;0
5;2025-12-26;12;0
5;2025-12-26;13;0
5;2025-12-26;14;0
5;2025-12-26;15;0
5;2025-12-26;16;0
5;2025-12-26;17;0
5;2025-12-26;18;0
5;2025-12-26;19;0
5;2025-12-26;20;0
5;2025-12-26;21;0
5;2025-12-26;22;0
5;2025-12-26;23;0
5;2025-12-27;0;0
5;2025-12-27;1;0
5;2025-12-27;2;0
5;2025-12-27;3;0
5;2025-12-27;4;0
5;2025-12-27;5;0
5;2025-12-27;6;0
5;2025-12-27;7;0
5;2025-12-27;8;0
5;2025-12-27;9;0
5;2025-12-27;10;0
5;2025-12-27;11;0
5;2025-12-27;12;0
5;2025-12-27;13;0
5;2025-12-27;14;0
5;2025-12-27;15;0
5;2025-12-27;16;0
5;2025-12-27;17;0
5;2025-12-27;18;0
5;2025-12-27;19;0
5;2025-12-27;20;0
5;2025-12-27;21;0
5;2025-12-27;22;0
5;2025-12-27;23;0
5;2025-12-28;0;0
5;2025-12-28;1;0
5;2025-12-28;2;0
5;2025-12-28;3;0
5;2025-12-28;4;0
5;2025-12-28;5;0
5;2025-12-28;6;0
5;2025-12-28;7;0
5;2025-12-28;8;0
5;2025-12-28;9;0
5;2025-12-28;10;0
5;2025-12-28;11;0
5;2025-12-28;12;0
5;2025-12-28;13;0
5;2025-12-28;14;0
5;2025-12-28;15;0
5;2025-12-28;16;0
5;2025-12-28;17;0
5;2025-12-28;18;0
5;2025-12-28;19;0
5;2025-12-28;20;0
5;2025-12-28;21;0
5;2025-12-28;22;0
5;2025-12-28;23;0
5;2025-12-29;0;0
5;2025-12-29;1;0
5;2025-12-29;2;0
5;2025-12-29;3;0
5;2025-12-29;4;0
5;2025-12-29;5;0
5;2025-12-29;6;0
5;2025-12-29;7;0
5;2025-12-29;8;0
5;2025-12-29;9;0
5;2025-12-29;10;0
5;2025-12-29;11;0
5;2025-12-29;12;0
5;2025-12-29;13;0
5;2025-12-29;14;0
5;2025-12-29;15;0
5;2025-12-29;16;0
5;2025-12-29;17;0
5;2025-12-29;18;0
5;2025-12-29;19;0
5;2025-12-29;20;0
5;2025-12-29;21;0
5;2025-12-29;22;0
5;2025-12-29;23;0
5;2025-12-30;0;0
5;2025-12-30;1;0
5;2025-12-30;2;0
5;2025-12-30;3;0
5;2025-12-30;4;0
5;2025-12-30;5;0
5;2025-12-30;6;0
5;2025-12-30;7;0
5;2025-12-30;8;0
5;2025-12-30;9;0
5;2025-12-30;10;0
5;2025-12-30;11;0
5;2025-12-30;12;0
5;2025-12-30;13;0
5;2025-12-30;14;0
5;2025-12-30;15;0
5;2025-12-30;16;0
5;2025-12-30;17;0
5;2025-12-30;18;0
5;2025-12-30;19;0
5;2025-12-30;20;0
5;2025-12-30;21;0
5;2025-12-30;22;0
5;2025-12-30;23;0
5;2025-12-31;0;0
5;2025-12-31;1;0
5;2025-12-31;2;0
5;2025-12-31;3;0
5;2025-12-31;4;0
5;2025-12-31;5;0
5;2025-12-31;6;0
5;2025-12-31;7;0
5;2025-12-31;8;0
5;2025-12-31;9;0
5;2025-12-31;10;0
5;2025-12-31;11;0
5;2025-12-31;12;0
5;2025-12-31;13;0
5;2025-12-31;14;0
5;2025-12-31;15;0
5;2025-12-31;16;0
5;2025-12-31;17;0
5;2025-12-31;18;0
5;2025-12-31;19;0
5;2025-12-31;20;0
5;2025-12-31;21;0
5;2025-12-31;22;0
5;2025-12-31;23;0
7;2025-11-01;0;74
7;2025-11-01;1;17
7;2025-11-01;2;0
7;2025-11-01;3;0
7;2025-11-01;4;2
7;2025-11-01;5;213
7;2025-11-01;6;708
7;2025-11-01;7;1687
7;2025-11-01;8;2544
7;2025-11-01;9;1967
7;2025-11-01;10;1716
7;2025-11-01;11;1619
7;2025-11-01;12;1679
7;2025-11-01;13;1771
7;2025-11-01;14;1861
7;2025-11-01;15;1982
7;2025-11-01;16;2254
7;2025-11-01;17;2463
7;2025-11-01;18;2275
7;2025-11-01;19;1690
7;2025-11-01;20;1129
7;2025-11-01;21;668
7;2025-11-01;22;399
7;2025-11-01;23;243
7;2025-11-02;0;68
7;2025-11-02;1;18
7;2025-11-02;2;0
7;2025-11-02;3;0
7;2025-11-02;4;0
7;2025-11-02;5;30
7;2025-11-02;6;141
7;2025-11-02;7;203
7;2025-11-02;8;337
7;2025-11-02;9;406
7;2025-11-02;10;468
7;2025-11-02;11;568
7;2025-11-02;12;635
7;2025-11-02;13;669
7;2025-11-02;14;720
7;2025-11-02;15;664
7;2025-11-02;16;600
7;2025-11-02;17;595
7;2025-11-02;18;539
7;2025-11-02;19;483
7;2025-11-02;20;408
7;2025-11-02;21;321
7;2025-11-02;22;197
7;2025-11-02;23;114
7;2025-11-03;0;68
7;2025-11-03;1;18
7;2025-11-03;2;0
7;2025-11-03;3;0
7;2025-11-03;4;0
7;2025-11-03;5;30
7;2025-11-03;6;141
7;2025-11-03;7;203
7;2025-11-03;8;337
7;2025-11-03;9;406
7;2025-11-03;10;468
7;2025-11-03;11;568
7;2025-11-03;12;635
7;2025-11-03;13;669
7;2025-11-03;14;720
7;2025-11-03;15;664
7;2025-11-03;16;600
7;2025-11-03;17;595
7;2025-11-03;18;539
7;2025-11-03;19;483
7;2025-11-03;20;408
7;2025-11-03;21;321
7;2025-11-03;22;197
7;2025-11-03;23;114
7;2025-11-04;0;68
7;2025-11-04;1;18
7;2025-11-04;2;0
7;2025-11-04;3;0
7;2025-11-04;4;0
7;2025-11-04;5;30
7;2025-11-04;6;141
7;2025-11-04;7;203
7;2025-11-04;8;337
7;2025-11-04;9;406
7;2025-11-04;10;468
7;2025-11-04;11;568
7;2025-11-04;12;635
7;2025-11-04;13;669
7;2025-11-04;14;720
7;2025-11-04;15;664
7;2025-11-04;16;600
7;2025-11-04;17;595
7;2025-11-04;18;539
7;2025-11-04;19;483
7;2025-11-04;20;408
7;2025-11-04;21;321
7;2025-11-04;22;197
7;2025-11-04;23;114
7;2025-11-05;0;58
7;2025-11-05;1;8
7;2025-11-05;2;0
7;2025-11-05;3;0
7;2025-11-05;4;1
7;2025-11-05;5;208
7;2025-11-05;6;775
7;2025-11-05;7;1758
7;2025-11-05;8;2725
7;2025-11-05;9;2114
7;2025-11-05;10;1797
7;2025-11-05;11;1554
7;2025-11-05;12;1652
7;2025-11-05;13;1625
7;2025-11-05;14;1800
7;2025-11-05;15;1912
7;2025-11-05;16;1954
7;2025-11-05;17;2537
7;2025-11-05;18;2703
7;2025-11-05;19;1874
7;2025-11-05;20;1179
7;2025-11-05;21;677
7;2025-11-05;22;367
7;2025-11-05;23;213
7;2025-11-06;0;65
7;2025-11-06;1;12
7;2025-11-06;2;0
7;2025-11-06;3;0
7;2025-11-06;4;1
7;2025-11-06;5;204
7;2025-11-06;6;789
7;2025-11-06;7;1744
7;2025-11-06;8;2647
7;2025-11-06;9;1940
7;2025-11-06;10;1660
7;2025-11-06;11;1533
7;2025-11-06;12;1629
7;2025-11-06;13;1580
7;2025-11-06;14;1761
7;2025-11-06;15;1819
7;2025-11-06;16;1921
7;2025-11-06;17;2467
7;2025-11-06;18;2909
7;2025-11-06;19;1860
7;2025-11-06;20;1130
7;2025-11-06;21;717
7;2025-11-06;22;333
7;2025-11-06;23;212
7;2025-11-07;0;65
7;2025-11-07;1;12
7;2025-11-07;2;0
7;2025-11-07;3;0
7;2025-11-07;4;0
7;2025-11-07;5;204
7;2025-11-07;6;699
7;2025-11-07;7;1678
7;2025-11-07;8;2534
7;2025-11-07;9;1958
7;2025-11-07;10;1707
7;2025-11-07;11;1609
7;2025-11-07;12;1669
7;2025-11-07;13;1761
7;2025-11-07;14;1851
7;2025-11-07;15;1972
7;2025-11-07;16;2245
7;2025-11-07;17;2454
7;2025-11-07;18;2266
7;2025-11-07;19;1680
7;2025-11-07;20;1120
7;2025-11-07;21;658
7;2025-11-07;22;389
7;2025-11-07;23;234
7;2025-11-08;0;72
7;2025-11-08;1;20
7;2025-11-08;2;0
7;2025-11-08;3;0
7;2025-11-08;4;0
7;2025-11-08;5;44
7;2025-11-08;6;189
7;2025-11-08;7;309
7;2025-11-08;8;462
7;2025-11-08;9;564
7;2025-11-08;10;596
7;2025-11-08;11;696
7;2025-11-08;12;770
7;2025-11-08;13;789
7;2025-11-08;14;838
7;2025-11-08;15;769
7;2025-11-08;16;736
7;2025-11-08;17;695
7;2025-11-08;18;657
7;2025-11-08;19;641
7;2025-11-08;20;500
7;2025-11-08;21;371
7;2025-11-08;22;214
7;2025-11-08;23;147
7;2025-11-09;0;68
7;2025-11-09;1;18
7;2025-11-09;2;0
7;2025-11-09;3;0
7;2025-11-09;4;0
7;2025-11-09;5;30
7;2025-11-09;6;141
7;2025-11-09;7;203
7;2025-11-09;8;337
7;2025-11-09;9;406
7;2025-11-09;10;468
7;2025-11-09;11;568
7;2025-11-09;12;635
7;2025-11-09;13;669
7;2025-11-09;14;720
7;2025-11-09;15;664
7;2025-11-09;16;600
7;2025-11-09;17;595
7;2025-11-09;18;539
7;2025-11-09;19;483
7;2025-11-09;20;408
7;2025-11-09;21;320
7;2025-11-09;22;197
7;2025-11-09;23;114
7;2025-11-10;0;68
7;2025-11-10;1;12
7;2025-11-10;2;0
7;2025-11-10;3;0
7;2025-11-10;4;0
7;2025-11-10;5;205
7;2025-11-10;6;769
7;2025-11-10;7;1707
7;2025-11-10;8;2614
7;2025-11-10;9;1920
7;2025-11-10;10;1570
7;2025-11-10;11;1373
7;2025-11-10;12;1551
7;2025-11-10;13;1575
7;2025-11-10;14;1616
7;2025-11-10;15;1764
7;2025-11-10;16;1879
7;2025-11-10;17;2336
7;2025-11-10;18;2652
7;2025-11-10;19;1817
7;2025-11-10;20;1103
7;2025-11-10;21;605
7;2025-11-10;22;301
7;2025-11-10;23;163
7;2025-11-11;0;52
7;2025-11-11;1;11
7;2025-11-11;2;0
7;2025-11-11;3;0
7;2025-11-11;4;1
7;2025-11-11;5;215
7;2025-11-11;6;764
7;2025-11-11;7;1772
7;2025-11-11;8;2657
7;2025-11-11;9;1958
7;2025-11-11;10;1703
7;2025-11-11;11;1592
7;2025-11-11;12;1729
7;2025-11-11;13;1659
7;2025-11-11;14;1705
7;2025-11-11;15;1828
7;2025-11-11;16;1969
7;2025-11-11;17;2434
7;2025-11-11;18;2712
7;2025-11-11;19;1887
7;2025-11-11;20;1171
7;2025-11-11;21;708
7;2025-11-11;22;343
7;2025-11-11;23;184
7;2025-11-12;0;58
7;2025-11-12;1;8
7;2025-11-12;2;0
7;2025-11-12;3;0
7;2025-11-12;4;1
7;2025-11-12;5;208
7;2025-11-12;6;775
7;2025-11-12;7;1758
7;2025-11-12;8;2725
7;2025-11-12;9;2114
7;2025-11-12;10;1797
7;2025-11-12;11;1554
7;2025-11-12;12;1652
7;2025-11-12;13;1625
7;2025-11-12;14;1800
7;2025-11-12;15;1912
7;2025-11-12;16;1954
7;2025-11-12;17;2537
7;2025-11-12;18;2703
7;2025-11-12;19;1874
7;2025-11-12;20;1179
7;2025-11-12;21;677
7;2025-11-12;22;367
7;2025-11-12;23;213
7;2025-11-13;0;65
7;2025-11-13;1;12
7;2025-11-13;2;0
7;2025-11-13;3;0
7;2025-11-13;4;1
7;2025-11-13;5;204
7;2025-11-13;6;789
7;2025-11-13;7;1744
7;2025-11-13;8;2647
7;2025-11-13;9;1940
7;2025-11-13;10;1660
7;2025-11-13;11;1533
7;2025-11-13;12;1629
7;2025-11-13;13;1580
7;2025-11-13;14;1761
7;2025-11-13;15;1819
7;2025-11-13;16;1921
7;2025-11-13;17;2467
7;2025-11-13;18;2909
7;2025-11-13;19;1860
7;2025-11-13;20;1130
7;2025-11-13;21;717
7;2025-11-13;22;333
7;2025-11-13;23;212
7;2025-11-14;0;65
7;2025-11-14;1;12
7;2025-11-14;2;0
7;2025-11-14;3;0
7;2025-11-14;4;0
7;2025-11-14;5;204
7;2025-11-14;6;699
7;2025-11-14;7;1678
7;2025-11-14;8;2534
7;2025-11-14;9;1958
7;2025-11-14;10;1707
7;2025-11-14;11;1609
7;2025-11-14;12;1669
7;2025-11-14;13;1761
7;2025-11-14;14;1851
7;2025-11-14;15;1972
7;2025-11-14;16;2245
7;2025-11-14;17;2454
7;2025-11-14;18;2266
7;2025-11-14;19;1680
7;2025-11-14;20;1120
7;2025-11-14;21;658
7;2025-11-14;22;389
7;2025-11-14;23;234
7;2025-11-15;0;72
7;2025-11-15;1;20
7;2025-11-15;2;0
7;2025-11-15;3;0
7;2025-11-15;4;0
7;2025-11-15;5;44
7;2025-11-15;6;189
7;2025-11-15;7;309
7;2025-11-15;8;462
7;2025-11-15;9;564
7;2025-11-15;10;596
7;2025-11-15;11;696
7;2025-11-15;12;770
7;2025-11-15;13;789
7;2025-11-15;14;838
7;2025-11-15;15;769
7;2025-11-15;16;736
7;2025-11-15;17;695
7;2025-11-15;18;657
7;2025-11-15;19;641
7;2025-11-15;20;500
7;2025-11-15;21;371
7;2025-11-15;22;214
7;2025-11-15;23;147
7;2025-11-16;0;68
7;2025-11-16;1;18
7;2025-11-16;2;0
7;2025-11-16;3;0
7;2025-11-16;4;0
7;2025-11-16;5;30
7;2025-11-16;6;141
7;2025-11-16;7;203
7;2025-11-16;8;337
7;2025-11-16;9;406
7;2025-11-16;10;468
7;2025-11-16;11;568
7;2025-11-16;12;635
7;2025-11-16;13;669
7;2025-11-16;14;720
7;2025-11-16;15;664
7;2025-11-16;16;600
7;2025-11-16;17;595
7;2025-11-16;18;539
7;2025-11-16;19;483
7;2025-11-16;20;408
7;2025-11-16;21;320
7;2025-11-16;22;197
7;2025-11-16;23;114
7;2025-11-17;0;68
7;2025-11-17;1;12
7;2025-11-17;2;0
7;2025-11-17;3;0
7;2025-11-17;4;0
7;2025-11-17;5;205
7;2025-11-17;6;769
7;2025-11-17;7;1707
7;2025-11-17;8;2614
7;2025-11-17;9;1920
7;2025-11-17;10;1570
7;2025-11-17;11;1373
7;2025-11-17;12;1551
7;2025-11-17;13;1575
7;2025-11-17;14;1616
7;2025-11-17;15;1764
7;2025-11-17;16;1879
7;2025-11-17;17;2336
7;2025-11-17;18;2652
7;2025-11-17;19;1817
7;2025-11-17;20;1103
7;2025-11-17;21;605
7;2025-11-17;22;301
7;2025-11-17;23;163
7;2025-11-18;0;52
7;2025-11-18;1;11
7;2025-11-18;2;0
7;2025-11-18;3;0
7;2025-11-18;4;1
7;2025-11-18;5;215
7;2025-11-18;6;764
7;2025-11-18;7;1772
7;2025-11-18;8;2657
7;2025-11-18;9;1958
7;2025-11-18;10;1703
7;2025-11-18;11;1592
7;2025-11-18;12;1729
7;2025-11-18;13;1659
7;2025-11-18;14;1705
7;2025-11-18;15;1828
7;2025-11-18;16;1969
7;2025-11-18;17;2434
7;2025-11-18;18;2712
7;2025-11-18;19;1887
7;2025-11-18;20;1171
7;2025-11-18;21;708
7;2025-11-18;22;343
7;2025-11-18;23;184
7;2025-11-19;0;58
7;2025-11-19;1;8
7;2025-11-19;2;0
7;2025-11-19;3;0
7;2025-11-19;4;1
7;2025-11-19;5;208
7;2025-11-19;6;775
7;2025-11-19;7;1758
7;2025-11-19;8;2725
7;2025-11-19;9;2114
7;2025-11-19;10;1797
7;2025-11-19;11;1554
7;2025-11-19;12;1652
7;2025-11-19;13;1625
7;2025-11-19;14;1800
7;2025-11-19;15;1912
7;2025-11-19;16;1954
7;2025-11-19;17;2537
7;2025-11-19;18;2703
7;2025-11-19;19;1874
7;2025-11-19;20;1179
7;2025-11-19;21;677
7;2025-11-19;22;367
7;2025-11-19;23;213
7;2025-11-20;0;65
7;2025-11-20;1;12
7;2025-11-20;2;0
7;2025-11-20;3;0
7;2025-11-20;4;1
7;2025-11-20;5;204
7;2025-11-20;6;789
7;2025-11-20;7;1744
7;2025-11-20;8;2647
7;2025-11-20;9;1940
7;2025-11-20;10;1660
7;2025-11-20;11;1533
7;2025-11-20;12;1629
7;2025-11-20;13;1580
7;2025-11-20;14;1761
7;2025-11-20;15;1819
7;2025-11-20;16;1921
7;2025-11-20;17;2467
7;2025-11-20;18;2909
7;2025-11-20;19;1860
7;2025-11-20;20;1130
7;2025-11-20;21;717
7;2025-11-20;22;333
7;2025-11-20;23;212
7;2025-11-21;0;65
7;2025-11-21;1;12
7;2025-11-21;2;0
7;2025-11-21;3;0
7;2025-11-21;4;0
7;2025-11-21;5;204
7;2025-11-21;6;699
7;2025-11-21;7;1678
7;2025-11-21;8;2534
7;2025-11-21;9;1958
7;2025-11-21;10;1707
7;2025-11-21;11;1609
7;2025-11-21;12;1669
7;2025-11-21;13;1761
7;2025-11-21;14;1851
7;2025-11-21;15;1972
7;2025-11-21;16;2245
7;2025-11-21;17;2454
7;2025-11-21;18;2266
7;2025-11-21;19;1680
7;2025-11-21;20;1120
7;2025-11-21;21;658
7;2025-11-21;22;389
7;2025-11-21;23;234
7;2025-11-22;0;72
7;2025-11-22;1;20
7;2025-11-22;2;0
7;2025-11-22;3;0
7;2025-11-22;4;0
7;2025-11-22;5;44
7;2025-11-22;6;189
7;2025-11-22;7;309
7;2025-11-22;8;462
7;2025-11-22;9;564
7;2025-11-22;10;596
7;2025-11-22;11;696
7;2025-11-22;12;770
7;2025-11-22;13;789
7;2025-11-22;14;838
7;2025-11-22;15;769
7;2025-11-22;16;736
7;2025-11-22;17;695
7;2025-11-22;18;657
7;2025-11-22;19;641
7;2025-11-22;20;500
7;2025-11-22;21;371
7;2025-11-22;22;214
7;2025-11-22;23;147
7;2025-11-23;0;68
7;2025-11-23;1;18
7;2025-11-23;2;0
7;2025-11-23;3;0
7;2025-11-23;4;0
7;2025-11-23;5;30
7;2025-11-23;6;141
7;2025-11-23;7;203
7;2025-11-23;8;337
7;2025-11-23;9;406
7;2025-11-23;10;468
7;2025-11-23;11;568
7;2025-11-23;12;635
7;2025-11-23;13;669
7;2025-11-23;14;720
7;2025-11-23;15;664
7;2025-11-23;16;600
7;2025-11-23;17;595
7;2025-11-23;18;539
7;2025-11-23;19;483
7;2025-11-23;20;408
7;2025-11-23;21;320
7;2025-11-23;22;197
7;2025-11-23;23;114
7;2025-11-24;0;68
7;2025-11-24;1;12
7;2025-11-24;2;0
7;2025-11-24;3;0
7;2025-11-24;4;0
7;2025-11-24;5;205
7;2025-11-24;6;769
7;2025-11-24;7;1707
7;2025-11-24;8;2614
7;2025-11-24;9;1920
7;2025-11-24;10;1570
7;2025-11-24;11;1373
7;2025-11-24;12;1551
7;2025-11-24;13;1575
7;2025-11-24;14;1616
7;2025-11-24;15;1764
7;2025-11-24;16;1879
7;2025-11-24;17;2336
7;2025-11-24;18;2652
7;2025-11-24;19;1817
7;2025-11-24;20;1103
7;2025-11-24;21;605
7;2025-11-24;22;301
7;2025-11-24;23;163
7;2025-11-25;0;52
7;2025-11-25;1;11
7;2025-11-25;2;0
7;2025-11-25;3;0
7;2025-11-25;4;1
7;2025-11-25;5;215
7;2025-11-25;6;764
7;2025-11-25;7;1772
7;2025-11-25;8;2657
7;2025-11-25;9;1958
7;2025-11-25;10;1703
7;2025-11-25;11;1592
7;2025-11-25;12;1729
7;2025-11-25;13;1659
7;2025-11-25;14;1705
7;2025-11-25;15;1828
7;2025-11-25;16;1969
7;2025-11-25;17;2434
7;2025-11-25;18;2712
7;2025-11-25;19;1887
7;2025-11-25;20;1171
7;2025-11-25;21;708
7;2025-11-25;22;343
7;2025-11-25;23;184
7;2025-11-26;0;58
7;2025-11-26;1;8
7;2025-11-26;2;0
7;2025-11-26;3;0
7;2025-11-26;4;1
7;2025-11-26;5;208
7;2025-11-26;6;775
7;2025-11-26;7;1758
7;2025-11-26;8;2725
7;2025-11-26;9;2114
7;2025-11-26;10;1797
7;2025-11-26;11;1554
7;2025-11-26;12;1652
7;2025-11-26;13;1625
7;2025-11-26;14;1800
7;2025-11-26;15;1912
7;2025-11-26;16;1954
7;2025-11-26;17;2537
7;2025-11-26;18;2703
7;2025-11-26;19;1874
7;2025-11-26;20;1179
7;2025-11-26;21;677
7;2025-11-26;22;367
7;2025-11-26;23;213
7;2025-11-27;0;65
7;2025-11-27;1;12
7;2025-11-27;2;0
7;2025-11-27;3;0
7;2025-11-27;4;1
7;2025-11-27;5;204
7;2025-11-27;6;789
7;2025-11-27;7;1744
7;2025-11-27;8;2647
7;2025-11-27;9;1940
7;2025-11-27;10;1660
7;2025-11-27;11;1533
7;2025-11-27;12;1629
7;2025-11-27;13;1580
7;2025-11-27;14;1761
7;2025-11-27;15;1819
7;2025-11-27;16;1921
7;2025-11-27;17;2467
7;2025-11-27;18;2909
7;2025-11-27;19;1860
7;2025-11-27;20;1130
7;2025-11-27;21;717
7;2025-11-27;22;333
7;2025-11-27;23;212
7;2025-11-28;0;65
7;2025-11-28;1;12
7;2025-11-28;2;0
7;2025-11-28;3;0
7;2025-11-28;4;0
7;2025-11-28;5;204
7;2025-11-28;6;699
7;2025-11-28;7;1678
7;2025-11-28;8;2534
7;2025-11-28;9;1958
7;2025-11-28;10;1707
7;2025-11-28;11;1609
7;2025-11-28;12;1669
7;2025-11-28;13;1761
7;2025-11-28;14;1851
7;2025-11-28;15;1972
7;2025-11-28;16;2245
7;2025-11-28;17;2454
7;2025-11-28;18;2266
7;2025-11-28;19;1680
7;2025-11-28;20;1120
7;2025-11-28;21;658
7;2025-11-28;22;389
7;2025-11-28;23;234
7;2025-11-29;0;72
7;2025-11-29;1;20
7;2025-11-29;2;0
7;2025-11-29;3;0
7;2025-11-29;4;0
7;2025-11-29;5;44
7;2025-11-29;6;189
7;2025-11-29;7;309
7;2025-11-29;8;462
7;2025-11-29;9;564
7;2025-11-29;10;596
7;2025-11-29;11;696
7;2025-11-29;12;770
7;2025-11-29;13;789
7;2025-11-29;14;838
7;2025-11-29;15;769
7;2025-11-29;16;736
7;2025-11-29;17;695
7;2025-11-29;18;657
7;2025-11-29;19;641
7;2025-11-29;20;500
7;2025-11-29;21;371
7;2025-11-29;22;214
7;2025-11-29;23;147
7;2025-11-30;0;68
7;2025-11-30;1;18
7;2025-11-30;2;0
7;2025-11-30;3;0
7;2025-11-30;4;0
7;2025-11-30;5;30
7;2025-11-30;6;141
7;2025-11-30;7;203
7;2025-11-30;8;337
7;2025-11-30;9;406
7;2025-11-30;10;468
7;2025-11-30;11;568
7;2025-11-30;12;635
7;2025-11-30;13;669
7;2025-11-30;14;720
7;2025-11-30;15;664
7;2025-11-30;16;600
7;2025-11-30;17;595
7;2025-11-30;18;539
7;2025-11-30;19;483
7;2025-11-30;20;408
7;2025-11-30;21;320
7;2025-11-30;22;197
7;2025-11-30;23;114
7;2025-12-01;0;68
7;2025-12-01;1;12
7;2025-12-01;2;0
7;2025-12-01;3;0
7;2025-12-01;4;0
7;2025-12-01;5;205
7;2025-12-01;6;769
7;2025-12-01;7;1707
7;2025-12-01;8;2614
7;2025-12-01;9;1920
7;2025-12-01;10;1570
7;2025-12-01;11;1373
7;2025-12-01;12;1551
7;2025-12-01;13;1575
7;2025-12-01;14;1616
7;2025-12-01;15;1764
7;2025-12-01;16;1879
7;2025-12-01;17;2336
7;2025-12-01;18;2652
7;2025-12-01;19;1817
7;2025-12-01;20;1103
7;2025-12-01;21;605
7;2025-12-01;22;301
7;2025-12-01;23;163
7;2025-12-02;0;52
7;2025-12-02;1;11
7;2025-12-02;2;0
7;2025-12-02;3;0
7;2025-12-02;4;1
7;2025-12-02;5;215
7;2025-12-02;6;764
7;2025-12-02;7;1772
7;2025-12-02;8;2657
7;2025-12-02;9;1958
7;2025-12-02;10;1703
7;2025-12-02;11;1592
7;2025-12-02;12;1729
7;2025-12-02;13;1659
7;2025-12-02;14;1705
7;2025-12-02;15;1828
7;2025-12-02;16;1969
7;2025-12-02;17;2434
7;2025-12-02;18;2712
7;2025-12-02;19;1887
7;2025-12-02;20;1171
7;2025-12-02;21;708
7;2025-12-02;22;343
7;2025-12-02;23;184
7;2025-12-03;0;58
7;2025-12-03;1;8
7;2025-12-03;2;0
7;2025-12-03;3;0
7;2025-12-03;4;1
7;2025-12-03;5;208
7;2025-12-03;6;775
7;2025-12-03;7;1758
7;2025-12-03;8;2725
7;2025-12-03;9;2114
7;2025-12-03;10;1797
7;2025-12-03;11;1554
7;2025-12-03;12;1652
7;2025-12-03;13;1625
7;2025-12-03;14;1800
7;2025-12-03;15;1912
7;2025-12-03;16;1954
7;2025-12-03;17;2537
7;2025-12-03;18;2703
7;2025-12-03;19;1874
7;2025-12-03;20;1179
7;2025-12-03;21;677
7;2025-12-03;22;367
7;2025-12-03;23;213
7;2025-12-04;0;65
7;2025-12-04;1;12
7;2025-12-04;2;0
7;2025-12-04;3;0
7;2025-12-04;4;1
7;2025-12-04;5;204
7;2025-12-04;6;789
7;2025-12-04;7;1744
7;2025-12-04;8;2647
7;2025-12-04;9;1940
7;2025-12-04;10;1660
7;2025-12-04;11;1533
7;2025-12-04;12;1629
7;2025-12-04;13;1580
7;2025-12-04;14;1761
7;2025-12-04;15;1819
7;2025-12-04;16;1921
7;2025-12-04;17;2467
7;2025-12-04;18;2909
7;2025-12-04;19;1860
7;2025-12-04;20;1130
7;2025-12-04;21;717
7;2025-12-04;22;333
7;2025-12-04;23;212
7;2025-12-05;0;65
7;2025-12-05;1;12
7;2025-12-05;2;0
7;2025-12-05;3;0
7;2025-12-05;4;0
7;2025-12-05;5;204
7;2025-12-05;6;699
7;2025-12-05;7;1678
7;2025-12-05;8;2534
7;2025-12-05;9;1958
7;2025-12-05;10;1707
7;2025-12-05;11;1609
7;2025-12-05;12;1669
7;2025-12-05;13;1761
7;2025-12-05;14;1851
7;2025-12-05;15;1972
7;2025-12-05;16;2245
7;2025-12-05;17;2454
7;2025-12-05;18;2266
7;2025-12-05;19;1680
7;2025-12-05;20;1120
7;2025-12-05;21;658
7;2025-12-05;22;389
7;2025-12-05;23;234
7;2025-12-06;0;72
7;2025-12-06;1;20
7;2025-12-06;2;0
7;2025-12-06;3;0
7;2025-12-06;4;0
7;2025-12-06;5;44
7;2025-12-06;6;189
7;2025-12-06;7;309
7;2025-12-06;8;462
7;2025-12-06;9;564
7;2025-12-06;10;596
7;2025-12-06;11;696
7;2025-12-06;12;770
7;2025-12-06;13;789
7;2025-12-06;14;838
7;2025-12-06;15;769
7;2025-12-06;16;736
7;2025-12-06;17;695
7;2025-12-06;18;657
7;2025-12-06;19;641
7;2025-12-06;20;500
7;2025-12-06;21;371
7;2025-12-06;22;214
7;2025-12-06;23;147
7;2025-12-07;0;68
7;2025-12-07;1;18
7;2025-12-07;2;0
7;2025-12-07;3;0
7;2025-12-07;4;0
7;2025-12-07;5;30
7;2025-12-07;6;141
7;2025-12-07;7;203
7;2025-12-07;8;337
7;2025-12-07;9;406
7;2025-12-07;10;468
7;2025-12-07;11;568
7;2025-12-07;12;635
7;2025-12-07;13;669
7;2025-12-07;14;720
7;2025-12-07;15;664
7;2025-12-07;16;600
7;2025-12-07;17;595
7;2025-12-07;18;539
7;2025-12-07;19;483
7;2025-12-07;20;408
7;2025-12-07;21;320
7;2025-12-07;22;197
7;2025-12-07;23;114
7;2025-12-08;0;68
7;2025-12-08;1;12
7;2025-12-08;2;0
7;2025-12-08;3;0
7;2025-12-08;4;0
7;2025-12-08;5;205
7;2025-12-08;6;769
7;2025-12-08;7;1707
7;2025-12-08;8;2614
7;2025-12-08;9;1920
7;2025-12-08;10;1570
7;2025-12-08;11;1373
7;2025-12-08;12;1551
7;2025-12-08;13;1575
7;2025-12-08;14;1616
7;2025-12-08;15;1764
7;2025-12-08;16;1879
7;2025-12-08;17;2336
7;2025-12-08;18;2652
7;2025-12-08;19;1817
7;2025-12-08;20;1103
7;2025-12-08;21;605
7;2025-12-08;22;301
7;2025-12-08;23;163
7;2025-12-09;0;52
7;2025-12-09;1;11
7;2025-12-09;2;0
7;2025-12-09;3;0
7;2025-12-09;4;1
7;2025-12-09;5;215
7;2025-12-09;6;764
7;2025-12-09;7;1772
7;2025-12-09;8;2657
7;2025-12-09;9;1958
7;2025-12-09;10;1703
7;2025-12-09;11;1592
7;2025-12-09;12;1729
7;2025-12-09;13;1659
7;2025-12-09;14;1705
7;2025-12-09;15;1828
7;2025-12-09;16;1969
7;2025-12-09;17;2434
7;2025-12-09;18;2712
7;2025-12-09;19;1887
7;2025-12-09;20;1171
7;2025-12-09;21;708
7;2025-12-09;22;343
7;2025-12-09;23;184
7;2025-12-10;0;58
7;2025-12-10;1;8
7;2025-12-10;2;0
7;2025-12-10;3;0
7;2025-12-10;4;1
7;2025-12-10;5;208
7;2025-12-10;6;775
7;2025-12-10;7;1758
7;2025-12-10;8;2725
7;2025-12-10;9;2114
7;2025-12-10;10;1797
7;2025-12-10;11;1554
7;2025-12-10;12;1652
7;2025-12-10;13;1625
7;2025-12-10;14;1800
7;2025-12-10;15;1912
7;2025-12-10;16;1954
7;2025-12-10;17;2537
7;2025-12-10;18;2703
7;2025-12-10;19;1874
7;2025-12-10;20;1179
7;2025-12-10;21;677
7;2025-12-10;22;367
7;2025-12-10;23;213
7;2025-12-11;0;65
7;2025-12-11;1;12
7;2025-12-11;2;0
7;2025-12-11;3;0
7;2025-12-11;4;1
7;2025-12-11;5;204
7;2025-12-11;6;789
7;2025-12-11;7;1744
7;2025-12-11;8;2647
7;2025-12-11;9;1940
7;2025-12-11;10;1660
7;2025-12-11;11;1533
7;2025-12-11;12;1629
7;2025-12-11;13;1580
7;2025-12-11;14;1761
7;2025-12-11;15;1819
7;2025-12-11;16;1921
7;2025-12-11;17;2467
7;2025-12-11;18;2909
7;2025-12-11;19;1860
7;2025-12-11;20;1130
7;2025-12-11;21;717
7;2025-12-11;22;333
7;2025-12-11;23;212
7;2025-12-12;0;65
7;2025-12-12;1;12
7;2025-12-12;2;0
7;2025-12-12;3;0
7;2025-12-12;4;0
7;2025-12-12;5;204
7;2025-12-12;6;699
7;2025-12-12;7;1678
7;2025-12-12;8;2534
7;2025-12-12;9;1958
7;2025-12-12;10;1707
7;2025-12-12;11;1609
7;2025-12-12;12;1669
7;2025-12-12;13;1761
7;2025-12-12;14;1851
7;2025-12-12;15;1972
7;2025-12-12;16;2245
7;2025-12-12;17;2454
7;2025-12-12;18;2266
7;2025-12-12;19;1680
7;2025-12-12;20;1120
7;2025-12-12;21;658
7;2025-12-12;22;389
7;2025-12-12;23;234
7;2025-12-13;0;72
7;2025-12-13;1;20
7;2025-12-13;2;0
7;2025-12-13;3;0
7;2025-12-13;4;0
7;2025-12-13;5;44
7;2025-12-13;6;189
7;2025-12-13;7;309
7;2025-12-13;8;462
7;2025-12-13;9;564
7;2025-12-13;10;596
7;2025-12-13;11;696
7;2025-12-13;12;770
7;2025-12-13;13;789
7;2025-12-13;14;838
7;2025-12-13;15;769
7;2025-12-13;16;736
7;2025-12-13;17;695
7;2025-12-13;18;657
7;2025-12-13;19;641
7;2025-12-13;20;500
7;2025-12-13;21;371
7;2025-12-13;22;214
7;2025-12-13;23;147
7;2025-12-14;0;68
7;2025-12-14;1;18
7;2025-12-14;2;0
7;2025-12-14;3;0
7;2025-12-14;4;0
7;2025-12-14;5;30
7;2025-12-14;6;141
7;2025-12-14;7;203
7;2025-12-14;8;337
7;2025-12-14;9;406
7;2025-12-14;10;468
7;2025-12-14;11;568
7;2025-12-14;12;635
7;2025-12-14;13;669
7;2025-12-14;14;720
7;2025-12-14;15;664
7;2025-12-14;16;600
7;2025-12-14;17;595
7;2025-12-14;18;539
7;2025-12-14;19;483
7;2025-12-14;20;408
7;2025-12-14;21;320
7;2025-12-14;22;197
7;2025-12-14;23;114
7;2025-12-15;0;68
7;2025-12-15;1;12
7;2025-12-15;2;0
7;2025-12-15;3;0
7;2025-12-15;4;0
7;2025-12-15;5;205
7;2025-12-15;6;769
7;2025-12-15;7;1707
7;2025-12-15;8;2614
7;2025-12-15;9;1920
7;2025-12-15;10;1570
7;2025-12-15;11;1373
7;2025-12-15;12;1551
7;2025-12-15;13;1575
7;2025-12-15;14;1616
7;2025-12-15;15;1764
7;2025-12-15;16;1879
7;2025-12-15;17;2336
7;2025-12-15;18;2652
7;2025-12-15;19;1817
7;2025-12-15;20;1103
7;2025-12-15;21;605
7;2025-12-15;22;301
7;2025-12-15;23;163
7;2025-12-16;0;52
7;2025-12-16;1;11
7;2025-12-16;2;0
7;2025-12-16;3;0
7;2025-12-16;4;1
7;2025-12-16;5;215
7;2025-12-16;6;764
7;2025-12-16;7;1772
7;2025-12-16;8;2657
7;2025-12-16;9;1958
7;2025-12-16;10;1703
7;2025-12-16;11;1592
7;2025-12-16;12;1729
7;2025-12-16;13;1659
7;2025-12-16;14;1705
7;2025-12-16;15;1828
7;2025-12-16;16;1969
7;2025-12-16;17;2434
7;2025-12-16;18;2712
7;2025-12-16;19;1887
7;2025-12-16;20;1171
7;2025-12-16;21;708
7;2025-12-16;22;343
7;2025-12-16;23;184
7;2025-12-17;0;58
7;2025-12-17;1;8
7;2025-12-17;2;0
7;2025-12-17;3;0
7;2025-12-17;4;1
7;2025-12-17;5;208
7;2025-12-17;6;775
7;2025-12-17;7;1758
7;2025-12-17;8;2725
7;2025-12-17;9;2114
7;2025-12-17;10;1797
7;2025-12-17;11;1554
7;2025-12-17;12;1652
7;2025-12-17;13;1625
7;2025-12-17;14;1800
7;2025-12-17;15;1912
7;2025-12-17;16;1954
7;2025-12-17;17;2537
7;2025-12-17;18;2703
7;2025-12-17;19;1874
7;2025-12-17;20;1179
7;2025-12-17;21;677
7;2025-12-17;22;367
7;2025-12-17;23;213
7;2025-12-18;0;65
7;2025-12-18;1;12
7;2025-12-18;2;0
7;2025-12-18;3;0
7;2025-12-18;4;1
7;2025-12-18;5;204
7;2025-12-18;6;789
7;2025-12-18;7;1744
7;2025-12-18;8;2647
7;2025-12-18;9;1940
7;2025-12-18;10;1660
7;2025-12-18;11;1533
7;2025-12-18;12;1629
7;2025-12-18;13;1580
7;2025-12-18;14;1761
7;2025-12-18;15;1819
7;2025-12-18;16;1921
7;2025-12-18;17;2467
7;2025-12-18;18;2909
7;2025-12-18;19;1860
7;2025-12-18;20;1130
7;2025-12-18;21;717
7;2025-12-18;22;333
7;2025-12-18;23;212
7;2025-12-19;0;65
7;2025-12-19;1;12
7;2025-12-19;2;0
7;2025-12-19;3;0
7;2025-12-19;4;0
7;2025-12-19;5;204
7;2025-12-19;6;699
7;2025-12-19;7;1678
7;2025-12-19;8;2534
7;2025-12-19;9;1958
7;2025-12-19;10;1707
7;2025-12-19;11;1609
7;2025-12-19;12;1669
7;2025-12-19;13;1761
7;2025-12-19;14;1851
7;2025-12-19;15;1972
7;2025-12-19;16;2245
7;2025-12-19;17;2454
7;2025-12-19;18;2266
7;2025-12-19;19;1680
7;2025-12-19;20;1120
7;2025-12-19;21;658
7;2025-12-19;22;389
7;2025-12-19;23;234
7;2025-12-20;0;72
7;2025-12-20;1;20
7;2025-12-20;2;0
7;2025-12-20;3;0
7;2025-12-20;4;0
7;2025-12-20;5;44
7;2025-12-20;6;189
7;2025-12-20;7;309
7;2025-12-20;8;462
7;2025-12-20;9;564
7;2025-12-20;10;596
7;2025-12-20;11;696
7;2025-12-20;12;770
7;2025-12-20;13;789
7;2025-12-20;14;838
7;2025-12-20;15;769
7;2025-12-20;16;736
7;2025-12-20;17;695
7;2025-12-20;18;657
7;2025-12-20;19;641
7;2025-12-20;20;500
7;2025-12-20;21;371
7;2025-12-20;22;214
7;2025-12-20;23;147
7;2025-12-21;0;68
7;2025-12-21;1;18
7;2025-12-21;2;0
7;2025-12-21;3;0
7;2025-12-21;4;0
7;2025-12-21;5;30
7;2025-12-21;6;141
7;2025-12-21;7;203
7;2025-12-21;8;337
7;2025-12-21;9;406
7;2025-12-21;10;468
7;2025-12-21;11;568
7;2025-12-21;12;635
7;2025-12-21;13;669
7;2025-12-21;14;720
7;2025-12-21;15;664
7;2025-12-21;16;600
7;2025-12-21;17;595
7;2025-12-21;18;539
7;2025-12-21;19;483
7;2025-12-21;20;408
7;2025-12-21;21;320
7;2025-12-21;22;197
7;2025-12-21;23;114
7;2025-12-22;0;68
7;2025-12-22;1;12
7;2025-12-22;2;0
7;2025-12-22;3;0
7;2025-12-22;4;0
7;2025-12-22;5;205
7;2025-12-22;6;769
7;2025-12-22;7;1707
7;2025-12-22;8;2614
7;2025-12-22;9;1920
7;2025-12-22;10;1570
7;2025-12-22;11;1373
7;2025-12-22;12;1551
7;2025-12-22;13;1575
7;2025-12-22;14;1616
7;2025-12-22;15;1764
7;2025-12-22;16;1879
7;2025-12-22;17;2336
7;2025-12-22;18;2652
7;2025-12-22;19;1817
7;2025-12-22;20;1103
7;2025-12-22;21;605
7;2025-12-22;22;301
7;2025-12-22;23;163
7;2025-12-23;0;52
7;2025-12-23;1;11
7;2025-12-23;2;0
7;2025-12-23;3;0
7;2025-12-23;4;1
7;2025-12-23;5;215
7;2025-12-23;6;764
7;2025-12-23;7;1772
7;2025-12-23;8;2657
7;2025-12-23;9;1958
7;2025-12-23;10;1703
7;2025-12-23;11;1592
7;2025-12-23;12;1729
7;2025-12-23;13;1659
7;2025-12-23;14;1705
7;2025-12-23;15;1828
7;2025-12-23;16;1969
7;2025-12-23;17;2434
7;2025-12-23;18;2712
7;2025-12-23;19;1887
7;2025-12-23;20;1171
7;2025-12-23;21;708
7;2025-12-23;22;343
7;2025-12-23;23;184
7;2025-12-24;0;58
7;2025-12-24;1;8
7;2025-12-24;2;0
7;2025-12-24;3;0
7;2025-12-24;4;1
7;2025-12-24;5;208
7;2025-12-24;6;775
7;2025-12-24;7;1758
7;2025-12-24;8;2725
7;2025-12-24;9;2114
7;2025-12-24;10;1797
7;2025-12-24;11;1554
7;2025-12-24;12;1652
7;2025-12-24;13;1625
7;2025-12-24;14;1800
7;2025-12-24;15;1912
7;2025-12-24;16;1954
7;2025-12-24;17;2537
7;2025-12-24;18;2703
7;2025-12-24;19;1874
7;2025-12-24;20;1179
7;2025-12-24;21;677
7;2025-12-24;22;367
7;2025-12-24;23;213
7;2025-12-25;0;65
7;2025-12-25;1;12
7;2025-12-25;2;0
7;2025-12-25;3;0
7;2025-12-25;4;1
7;2025-12-25;5;204
7;2025-12-25;6;789
7;2025-12-25;7;1744
7;2025-12-25;8;2647
7;2025-12-25;9;1940
7;2025-12-25;10;1660
7;2025-12-25;11;1533
7;2025-12-25;12;1629
7;2025-12-25;13;1580
7;2025-12-25;14;1761
7;2025-12-25;15;1819
7;2025-12-25;16;1921
7;2025-12-25;17;2467
7;2025-12-25;18;2909
7;2025-12-25;19;1860
7;2025-12-25;20;1130
7;2025-12-25;21;717
7;2025-12-25;22;333
7;2025-12-25;23;212
7;2025-12-26;0;65
7;2025-12-26;1;12
7;2025-12-26;2;0
7;2025-12-26;3;0
7;2025-12-26;4;0
7;2025-12-26;5;204
7;2025-12-26;6;699
7;2025-12-26;7;1678
7;2025-12-26;8;2534
7;2025-12-26;9;1958
7;2025-12-26;10;1707
7;2025-12-26;11;1609
7;2025-12-26;12;1669
7;2025-12-26;13;1761
7;2025-12-26;14;1851
7;2025-12-26;15;1972
7;2025-12-26;16;2245
7;2025-12-26;17;2454
7;2025-12-26;18;2266
7;2025-12-26;19;1680
7;2025-12-26;20;1120
7;2025-12-26;21;658
7;2025-12-26;22;389
7;2025-12-26;23;234
7;2025-12-27;0;72
7;2025-12-27;1;20
7;2025-12-27;2;0
7;2025-12-27;3;0
7;2025-12-27;4;0
7;2025-12-27;5;44
7;2025-12-27;6;189
7;2025-12-27;7;309
7;2025-12-27;8;462
7;2025-12-27;9;564
7;2025-12-27;10;596
7;2025-12-27;11;696
7;2025-12-27;12;770
7;2025-12-27;13;789
7;2025-12-27;14;838
7;2025-12-27;15;769
7;2025-12-27;16;736
7;2025-12-27;17;695
7;2025-12-27;18;657
7;2025-12-27;19;641
7;2025-12-27;20;500
7;2025-12-27;21;371
7;2025-12-27;22;214
7;2025-12-27;23;147
7;2025-12-28;0;68
7;2025-12-28;1;18
7;2025-12-28;2;0
7;2025-12-28;3;0
7;2025-12-28;4;0
7;2025-12-28;5;30
7;2025-12-28;6;141
7;2025-12-28;7;203
7;2025-12-28;8;337
7;2025-12-28;9;406
7;2025-12-28;10;468
7;2025-12-28;11;568
7;2025-12-28;12;635
7;2025-12-28;13;669
7;2025-12-28;14;720
7;2025-12-28;15;664
7;2025-12-28;16;600
7;2025-12-28;17;595
7;2025-12-28;18;539
7;2025-12-28;19;483
7;2025-12-28;20;408
7;2025-12-28;21;320
7;2025-12-28;22;197
7;2025-12-28;23;114
7;2025-12-29;0;68
7;2025-12-29;1;12
7;2025-12-29;2;0
7;2025-12-29;3;0
7;2025-12-29;4;0
7;2025-12-29;5;205
7;2025-12-29;6;769
7;2025-12-29;7;1707
7;2025-12-29;8;2614
7;2025-12-29;9;1920
7;2025-12-29;10;1570
7;2025-12-29;11;1373
7;2025-12-29;12;1551
7;2025-12-29;13;1575
7;2025-12-29;14;1616
7;2025-12-29;15;1764
7;2025-12-29;16;1879
7;2025-12-29;17;2336
7;2025-12-29;18;2652
7;2025-12-29;19;1817
7;2025-12-29;20;1103
7;2025-12-29;21;605
7;2025-12-29;22;301
7;2025-12-29;23;163
7;2025-12-30;0;52
7;2025-12-30;1;11
7;2025-12-30;2;0
7;2025-12-30;3;0
7;2025-12-30;4;1
7;2025-12-30;5;215
7;2025-12-30;6;764
7;2025-12-30;7;1772
7;2025-12-30;8;2657
7;2025-12-30;9;1958
7;2025-12-30;10;1703
7;2025-12-30;11;1592
7;2025-12-30;12;1729
7;2025-12-30;13;1659
7;2025-12-30;14;1705
7;2025-12-30;15;1828
7;2025-12-30;16;1969
7;2025-12-30;17;2434
7;2025-12-30;18;2712
7;2025-12-30;19;1887
7;2025-12-30;20;1171
7;2025-12-30;21;708
7;2025-12-30;22;343
7;2025-12-30;23;184
7;2025-12-31;0;68
7;2025-12-31;1;18
7;2025-12-31;2;0
7;2025-12-31;3;0
7;2025-12-31;4;0
7;2025-12-31;5;30
7;2025-12-31;6;141
7;2025-12-31;7;203
7;2025-12-31;8;337
7;2025-12-31;9;406
7;2025-12-31;10;468
7;2025-12-31;11;568
7;2025-12-31;12;635
7;2025-12-31;13;669
7;2025-12-31;14;720
7;2025-12-31;15;664
7;2025-12-31;16;600
7;2025-12-31;17;595
7;2025-12-31;18;539
7;2025-12-31;19;483
7;2025-12-31;20;408
7;2025-12-31;21;321
7;2025-12-31;22;197
7;2025-12-31;23;114
11;2025-11-01;0;76
11;2025-11-01;1;1
11;2025-11-01;2;0
11;2025-11-01;3;0
11;2025-11-01;4;1
11;2025-11-01;5;309
11;2025-11-01;6;1402
11;2025-11-01;7;2416
11;2025-11-01;8;3248
11;2025-11-01;9;2478
11;2025-11-01;10;2023
11;2025-11-01;11;1997
11;2025-11-01;12;2010
11;2025-11-01;13;2076
11;2025-11-01;14;2183
11;2025-11-01;15;2406
11;2025-11-01;16;2659
11;2025-11-01;17;3118
11;2025-11-01;18;2707
11;2025-11-01;19;2197
11;2025-11-01;20;1507
11;2025-11-01;21;928
11;2025-11-01;22;503
11;2025-11-01;23;303
11;2025-11-02;0;98
11;2025-11-02;1;9
11;2025-11-02;2;0
11;2025-11-02;3;0
11;2025-11-02;4;3
11;2025-11-02;5;137
11;2025-11-02;6;496
11;2025-11-02;7;516
11;2025-11-02;8;644
11;2025-11-02;9;872
11;2025-11-02;10;956
11;2025-11-02;11;1370
11;2025-11-02;12;1532
11;2025-11-02;13;1474
11;2025-11-02;14;1535
11;2025-11-02;15;1608
11;2025-11-02;16;1516
11;2025-11-02;17;1533
11;2025-11-02;18;1288
11;2025-11-02;19;1119
11;2025-11-02;20;876
11;2025-11-02;21;661
11;2025-11-02;22;365
11;2025-11-02;23;254
11;2025-11-03;0;90
11;2025-11-03;1;5
11;2025-11-03;2;0
11;2025-11-03;3;0
11;2025-11-03;4;3
11;2025-11-03;5;134
11;2025-11-03;6;477
11;2025-11-03;7;505
11;2025-11-03;8;621
11;2025-11-03;9;850
11;2025-11-03;10;933
11;2025-11-03;11;1347
11;2025-11-03;12;1507
11;2025-11-03;13;1449
11;2025-11-03;14;1510
11;2025-11-03;15;1582
11;2025-11-03;16;1491
11;2025-11-03;17;1508
11;2025-11-03;18;1266
11;2025-11-03;19;1110
11;2025-11-03;20;867
11;2025-11-03;21;652
11;2025-11-03;22;357
11;2025-11-03;23;247
11;2025-11-04;0;90
11;2025-11-04;1;5
11;2025-11-04;2;0
11;2025-11-04;3;0
11;2025-11-04;4;3
11;2025-11-04;5;134
11;2025-11-04;6;477
11;2025-11-04;7;505
11;2025-11-04;8;621
11;2025-11-04;9;850
11;2025-11-04;10;933
11;2025-11-04;11;1347
11;2025-11-04;12;1507
11;2025-11-04;13;1449
11;2025-11-04;14;1510
11;2025-11-04;15;1582
11;2025-11-04;16;1491
11;2025-11-04;17;1508
11;2025-11-04;18;1266
11;2025-11-04;19;1110
11;2025-11-04;20;867
11;2025-11-04;21;652
11;2025-11-04;22;357
11;2025-11-04;23;247
11;2025-11-05;0;64
11;2025-11-05;1;1
11;2025-11-05;2;0
11;2025-11-05;3;0
11;2025-11-05;4;4
11;2025-11-05;5;308
11;2025-11-05;6;1355
11;2025-11-05;7;2539
11;2025-11-05;8;3344
11;2025-11-05;9;2497
11;2025-11-05;10;1929
11;2025-11-05;11;1962
11;2025-11-05;12;1992
11;2025-11-05;13;2123
11;2025-11-05;14;2072
11;2025-11-05;15;2126
11;2025-11-05;16;2262
11;2025-11-05;17;2939
11;2025-11-05;18;3213
11;2025-11-05;19;2485
11;2025-11-05;20;1638
11;2025-11-05;21;963
11;2025-11-05;22;438
11;2025-11-05;23;248
11;2025-11-06;0;66
11;2025-11-06;1;1
11;2025-11-06;2;0
11;2025-11-06;3;0
11;2025-11-06;4;4
11;2025-11-06;5;318
11;2025-11-06;6;1389
11;2025-11-06;7;2500
11;2025-11-06;8;3302
11;2025-11-06;9;2623
11;2025-11-06;10;2073
11;2025-11-06;11;1936
11;2025-11-06;12;2022
11;2025-11-06;13;2127
11;2025-11-06;14;2036
11;2025-11-06;15;2193
11;2025-11-06;16;2496
11;2025-11-06;17;2953
11;2025-11-06;18;3304
11;2025-11-06;19;2432
11;2025-11-06;20;1578
11;2025-11-06;21;994
11;2025-11-06;22;475
11;2025-11-06;23;243
11;2025-11-07;0;77
11;2025-11-07;1;1
11;2025-11-07;2;0
11;2025-11-07;3;0
11;2025-11-07;4;4
11;2025-11-07;5;309
11;2025-11-07;6;1398
11;2025-11-07;7;2409
11;2025-11-07;8;3241
11;2025-11-07;9;2471
11;2025-11-07;10;2016
11;2025-11-07;11;1990
11;2025-11-07;12;2004
11;2025-11-07;13;2069
11;2025-11-07;14;2176
11;2025-11-07;15;2399
11;2025-11-07;16;2652
11;2025-11-07;17;3112
11;2025-11-07;18;2700
11;2025-11-07;19;2191
11;2025-11-07;20;1502
11;2025-11-07;21;924
11;2025-11-07;22;499
11;2025-11-07;23;300
11;2025-11-08;0;100
11;2025-11-08;1;2
11;2025-11-08;2;0
11;2025-11-08;3;0
11;2025-11-08;4;3
11;2025-11-08;5;197
11;2025-11-08;6;810
11;2025-11-08;7;723
11;2025-11-08;8;1035
11;2025-11-08;9;1166
11;2025-11-08;10;1297
11;2025-11-08;11;1665
11;2025-11-08;12;1891
11;2025-11-08;13;1804
11;2025-11-08;14;1879
11;2025-11-08;15;1788
11;2025-11-08;16;1823
11;2025-11-08;17;1858
11;2025-11-08;18;1657
11;2025-11-08;19;1488
11;2025-11-08;20;1142
11;2025-11-08;21;796
11;2025-11-08;22;447
11;2025-11-08;23;307
11;2025-11-09;0;98
11;2025-11-09;1;10
11;2025-11-09;2;0
11;2025-11-09;3;0
11;2025-11-09;4;2
11;2025-11-09;5;134
11;2025-11-09;6;493
11;2025-11-09;7;513
11;2025-11-09;8;642
11;2025-11-09;9;870
11;2025-11-09;10;954
11;2025-11-09;11;1368
11;2025-11-09;12;1530
11;2025-11-09;13;1472
11;2025-11-09;14;1533
11;2025-11-09;15;1605
11;2025-11-09;16;1514
11;2025-11-09;17;1531
11;2025-11-09;18;1286
11;2025-11-09;19;1114
11;2025-11-09;20;871
11;2025-11-09;21;656
11;2025-11-09;22;361
11;2025-11-09;23;250
11;2025-11-10;0;76
11;2025-11-10;1;3
11;2025-11-10;2;0
11;2025-11-10;3;0
11;2025-11-10;4;4
11;2025-11-10;5;312
11;2025-11-10;6;1405
11;2025-11-10;7;2464
11;2025-11-10;8;3259
11;2025-11-10;9;2489
11;2025-11-10;10;1887
11;2025-11-10;11;1915
11;2025-11-10;12;1798
11;2025-11-10;13;1982
11;2025-11-10;14;1977
11;2025-11-10;15;2081
11;2025-11-10;16;2347
11;2025-11-10;17;2921
11;2025-11-10;18;3238
11;2025-11-10;19;2466
11;2025-11-10;20;1576
11;2025-11-10;21;872
11;2025-11-10;22;438
11;2025-11-10;23;206
11;2025-11-11;0;64
11;2025-11-11;1;2
11;2025-11-11;2;0
11;2025-11-11;3;0
11;2025-11-11;4;4
11;2025-11-11;5;299
11;2025-11-11;6;1432
11;2025-11-11;7;2521
11;2025-11-11;8;3345
11;2025-11-11;9;2575
11;2025-11-11;10;1947
11;2025-11-11;11;1903
11;2025-11-11;12;1884
11;2025-11-11;13;2101
11;2025-11-11;14;2097
11;2025-11-11;15;2179
11;2025-11-11;16;2380
11;2025-11-11;17;2980
11;2025-11-11;18;3240
11;2025-11-11;19;2403
11;2025-11-11;20;1549
11;2025-11-11;21;915
11;2025-11-11;22;456
11;2025-11-11;23;212
11;2025-11-12;0;64
11;2025-11-12;1;1
11;2025-11-12;2;0
11;2025-11-12;3;0
11;2025-11-12;4;4
11;2025-11-12;5;308
11;2025-11-12;6;1355
11;2025-11-12;7;2539
11;2025-11-12;8;3344
11;2025-11-12;9;2497
11;2025-11-12;10;1929
11;2025-11-12;11;1962
11;2025-11-12;12;1992
11;2025-11-12;13;2123
11;2025-11-12;14;2072
11;2025-11-12;15;2126
11;2025-11-12;16;2262
11;2025-11-12;17;2939
11;2025-11-12;18;3213
11;2025-11-12;19;2485
11;2025-11-12;20;1638
11;2025-11-12;21;963
11;2025-11-12;22;438
11;2025-11-12;23;248
11;2025-11-13;0;66
11;2025-11-13;1;1
11;2025-11-13;2;0
11;2025-11-13;3;0
11;2025-11-13;4;4
11;2025-11-13;5;318
11;2025-11-13;6;1389
11;2025-11-13;7;2500
11;2025-11-13;8;3302
11;2025-11-13;9;2623
11;2025-11-13;10;2073
11;2025-11-13;11;1936
11;2025-11-13;12;2022
11;2025-11-13;13;2127
11;2025-11-13;14;2036
11;2025-11-13;15;2193
11;2025-11-13;16;2496
11;2025-11-13;17;2953
11;2025-11-13;18;3304
11;2025-11-13;19;2432
11;2025-11-13;20;1578
11;2025-11-13;21;994
11;2025-11-13;22;475
11;2025-11-13;23;243
11;2025-11-14;0;77
11;2025-11-14;1;1
11;2025-11-14;2;0
11;2025-11-14;3;0
11;2025-11-14;4;4
11;2025-11-14;5;309
11;2025-11-14;6;1398
11;2025-11-14;7;2409
11;2025-11-14;8;3241
11;2025-11-14;9;2471
11;2025-11-14;10;2016
11;2025-11-14;11;1990
11;2025-11-14;12;2004
11;2025-11-14;13;2069
11;2025-11-14;14;2176
11;2025-11-14;15;2399
11;2025-11-14;16;2652
11;2025-11-14;17;3112
11;2025-11-14;18;2700
11;2025-11-14;19;2191
11;2025-11-14;20;1502
11;2025-11-14;21;924
11;2025-11-14;22;499
11;2025-11-14;23;300
11;2025-11-15;0;100
11;2025-11-15;1;2
11;2025-11-15;2;0
11;2025-11-15;3;0
11;2025-11-15;4;3
11;2025-11-15;5;197
11;2025-11-15;6;810
11;2025-11-15;7;723
11;2025-11-15;8;1035
11;2025-11-15;9;1166
11;2025-11-15;10;1297
11;2025-11-15;11;1665
11;2025-11-15;12;1891
11;2025-11-15;13;1804
11;2025-11-15;14;1879
11;2025-11-15;15;1788
11;2025-11-15;16;1823
11;2025-11-15;17;1858
11;2025-11-15;18;1657
11;2025-11-15;19;1488
11;2025-11-15;20;1142
11;2025-11-15;21;796
11;2025-11-15;22;447
11;2025-11-15;23;307
11;2025-11-16;0;98
11;2025-11-16;1;10
11;2025-11-16;2;0
11;2025-11-16;3;0
11;2025-11-16;4;2
11;2025-11-16;5;134
11;2025-11-16;6;493
11;2025-11-16;7;513
11;2025-11-16;8;642
11;2025-11-16;9;870
11;2025-11-16;10;954
11;2025-11-16;11;1368
11;2025-11-16;12;1530
11;2025-11-16;13;1472
11;2025-11-16;14;1533
11;2025-11-16;15;1605
11;2025-11-16;16;1514
11;2025-11-16;17;1531
11;2025-11-16;18;1286
11;2025-11-16;19;1114
11;2025-11-16;20;871
11;2025-11-16;21;656
11;2025-11-16;22;361
11;2025-11-16;23;250
11;2025-11-17;0;76
11;2025-11-17;1;3
11;2025-11-17;2;0
11;2025-11-17;3;0
11;2025-11-17;4;4
11;2025-11-17;5;312
11;2025-11-17;6;1405
11;2025-11-17;7;2464
11;2025-11-17;8;3259
11;2025-11-17;9;2489
11;2025-11-17;10;1887
11;2025-11-17;11;1915
11;2025-11-17;12;1798
11;2025-11-17;13;1982
11;2025-11-17;14;1977
11;2025-11-17;15;2081
11;2025-11-17;16;2347
11;2025-11-17;17;2921
11;2025-11-17;18;3238
11;2025-11-17;19;2466
11;2025-11-17;20;1576
11;2025-11-17;21;872
11;2025-11-17;22;438
11;2025-11-17;23;206
11;2025-11-18;0;64
11;2025-11-18;1;2
11;2025-11-18;2;0
11;2025-11-18;3;0
11;2025-11-18;4;4
11;2025-11-18;5;299
11;2025-11-18;6;1432
11;2025-11-18;7;2521
11;2025-11-18;8;3345
11;2025-11-18;9;2575
11;2025-11-18;10;1947
11;2025-11-18;11;1903
11;2025-11-18;12;1884
11;2025-11-18;13;2101
11;2025-11-18;14;2097
11;2025-11-18;15;2179
11;2025-11-18;16;2380
11;2025-11-18;17;2980
11;2025-11-18;18;3240
11;2025-11-18;19;2403
11;2025-11-18;20;1549
11;2025-11-18;21;915
11;2025-11-18;22;456
11;2025-11-18;23;212
11;2025-11-19;0;64
11;2025-11-19;1;1
11;2025-11-19;2;0
11;2025-11-19;3;0
11;2025-11-19;4;4
11;2025-11-19;5;308
11;2025-11-19;6;1355
11;2025-11-19;7;2539
11;2025-11-19;8;3344
11;2025-11-19;9;2497
11;2025-11-19;10;1929
11;2025-11-19;11;1962
11;2025-11-19;12;1992
11;2025-11-19;13;2123
11;2025-11-19;14;2072
11;2025-11-19;15;2126
11;2025-11-19;16;2262
11;2025-11-19;17;2939
11;2025-11-19;18;3213
11;2025-11-19;19;2485
11;2025-11-19;20;1638
11;2025-11-19;21;963
11;2025-11-19;22;438
11;2025-11-19;23;248
11;2025-11-20;0;66
11;2025-11-20;1;1
11;2025-11-20;2;0
11;2025-11-20;3;0
11;2025-11-20;4;4
11;2025-11-20;5;318
11;2025-11-20;6;1389
11;2025-11-20;7;2500
11;2025-11-20;8;3302
11;2025-11-20;9;2623
11;2025-11-20;10;2073
11;2025-11-20;11;1936
11;2025-11-20;12;2022
11;2025-11-20;13;2127
11;2025-11-20;14;2036
11;2025-11-20;15;2193
11;2025-11-20;16;2496
11;2025-11-20;17;2953
11;2025-11-20;18;3304
11;2025-11-20;19;2432
11;2025-11-20;20;1578
11;2025-11-20;21;994
11;2025-11-20;22;475
11;2025-11-20;23;243
11;2025-11-21;0;77
11;2025-11-21;1;1
11;2025-11-21;2;0
11;2025-11-21;3;0
11;2025-11-21;4;4
11;2025-11-21;5;309
11;2025-11-21;6;1398
11;2025-11-21;7;2409
11;2025-11-21;8;3241
11;2025-11-21;9;2471
11;2025-11-21;10;2016
11;2025-11-21;11;1990
11;2025-11-21;12;2004
11;2025-11-21;13;2069
11;2025-11-21;14;2176
11;2025-11-21;15;2399
11;2025-11-21;16;2652
11;2025-11-21;17;3112
11;2025-11-21;18;2700
11;2025-11-21;19;2191
11;2025-11-21;20;1502
11;2025-11-21;21;924
11;2025-11-21;22;499
11;2025-11-21;23;300
11;2025-11-22;0;100
11;2025-11-22;1;2
11;2025-11-22;2;0
11;2025-11-22;3;0
11;2025-11-22;4;3
11;2025-11-22;5;197
11;2025-11-22;6;810
11;2025-11-22;7;723
11;2025-11-22;8;1035
11;2025-11-22;9;1166
11;2025-11-22;10;1297
11;2025-11-22;11;1665
11;2025-11-22;12;1891
11;2025-11-22;13;1804
11;2025-11-22;14;1879
11;2025-11-22;15;1788
11;2025-11-22;16;1823
11;2025-11-22;17;1858
11;2025-11-22;18;1657
11;2025-11-22;19;1488
11;2025-11-22;20;1142
11;2025-11-22;21;796
11;2025-11-22;22;447
11;2025-11-22;23;307
11;2025-11-23;0;98
11;2025-11-23;1;10
11;2025-11-23;2;0
11;2025-11-23;3;0
11;2025-11-23;4;2
11;2025-11-23;5;134
11;2025-11-23;6;493
11;2025-11-23;7;513
11;2025-11-23;8;642
11;2025-11-23;9;870
11;2025-11-23;10;954
11;2025-11-23;11;1368
11;2025-11-23;12;1530
11;2025-11-23;13;1472
11;2025-11-23;14;1533
11;2025-11-23;15;1605
11;2025-11-23;16;1514
11;2025-11-23;17;1531
11;2025-11-23;18;1286
11;2025-11-23;19;1114
11;2025-11-23;20;871
11;2025-11-23;21;656
11;2025-11-23;22;361
11;2025-11-23;23;250
11;2025-11-24;0;76
11;2025-11-24;1;3
11;2025-11-24;2;0
11;2025-11-24;3;0
11;2025-11-24;4;4
11;2025-11-24;5;312
11;2025-11-24;6;1405
11;2025-11-24;7;2464
11;2025-11-24;8;3259
11;2025-11-24;9;2489
11;2025-11-24;10;1887
11;2025-11-24;11;1915
11;2025-11-24;12;1798
11;2025-11-24;13;1982
11;2025-11-24;14;1977
11;2025-11-24;15;2081
11;2025-11-24;16;2347
11;2025-11-24;17;2921
11;2025-11-24;18;3238
11;2025-11-24;19;2466
11;2025-11-24;20;1576
11;2025-11-24;21;872
11;2025-11-24;22;438
11;2025-11-24;23;206
11;2025-11-25;0;64
11;2025-11-25;1;2
11;2025-11-25;2;0
11;2025-11-25;3;0
11;2025-11-25;4;4
11;2025-11-25;5;299
11;2025-11-25;6;1432
11;2025-11-25;7;2521
11;2025-11-25;8;3345
11;2025-11-25;9;2575
11;2025-11-25;10;1947
11;2025-11-25;11;1903
11;2025-11-25;12;1884
11;2025-11-25;13;2101
11;2025-11-25;14;2097
11;2025-11-25;15;2179
11;2025-11-25;16;2380
11;2025-11-25;17;2980
11;2025-11-25;18;3240
11;2025-11-25;19;2403
11;2025-11-25;20;1549
11;2025-11-25;21;915
11;2025-11-25;22;456
11;2025-11-25;23;212
11;2025-11-26;0;64
11;2025-11-26;1;1
11;2025-11-26;2;0
11;2025-11-26;3;0
11;2025-11-26;4;4
11;2025-11-26;5;308
11;2025-11-26;6;1355
11;2025-11-26;7;2539
11;2025-11-26;8;3344
11;2025-11-26;9;2497
11;2025-11-26;10;1929
11;2025-11-26;11;1962
11;2025-11-26;12;1992
11;2025-11-26;13;2123
11;2025-11-26;14;2072
11;2025-11-26;15;2126
11;2025-11-26;16;2262
11;2025-11-26;17;2939
11;2025-11-26;18;3213
11;2025-11-26;19;2485
11;2025-11-26;20;1638
11;2025-11-26;21;963
11;2025-11-26;22;438
11;2025-11-26;23;248
11;2025-11-27;0;66
11;2025-11-27;1;1
11;2025-11-27;2;0
11;2025-11-27;3;0
11;2025-11-27;4;4
11;2025-11-27;5;318
11;2025-11-27;6;1389
11;2025-11-27;7;2500
11;2025-11-27;8;3302
11;2025-11-27;9;2623
11;2025-11-27;10;2073
11;2025-11-27;11;1936
11;2025-11-27;12;2022
11;2025-11-27;13;2127
11;2025-11-27;14;2036
11;2025-11-27;15;2193
11;2025-11-27;16;2496
11;2025-11-27;17;2953
11;2025-11-27;18;3304
11;2025-11-27;19;2432
11;2025-11-27;20;1578
11;2025-11-27;21;994
11;2025-11-27;22;475
11;2025-11-27;23;243
11;2025-11-28;0;77
11;2025-11-28;1;1
11;2025-11-28;2;0
11;2025-11-28;3;0
11;2025-11-28;4;4
11;2025-11-28;5;309
11;2025-11-28;6;1398
11;2025-11-28;7;2409
11;2025-11-28;8;3241
11;2025-11-28;9;2471
11;2025-11-28;10;2016
11;2025-11-28;11;1990
11;2025-11-28;12;2004
11;2025-11-28;13;2069
11;2025-11-28;14;2176
11;2025-11-28;15;2399
11;2025-11-28;16;2652
11;2025-11-28;17;3112
11;2025-11-28;18;2700
11;2025-11-28;19;2191
11;2025-11-28;20;1502
11;2025-11-28;21;924
11;2025-11-28;22;499
11;2025-11-28;23;300
11;2025-11-29;0;100
11;2025-11-29;1;2
11;2025-11-29;2;0
11;2025-11-29;3;0
11;2025-11-29;4;3
11;2025-11-29;5;197
11;2025-11-29;6;810
11;2025-11-29;7;723
11;2025-11-29;8;1035
11;2025-11-29;9;1166
11;2025-11-29;10;1297
11;2025-11-29;11;1665
11;2025-11-29;12;1891
11;2025-11-29;13;1804
11;2025-11-29;14;1879
11;2025-11-29;15;1788
11;2025-11-29;16;1823
11;2025-11-29;17;1858
11;2025-11-29;18;1657
11;2025-11-29;19;1488
11;2025-11-29;20;1142
11;2025-11-29;21;796
11;2025-11-29;22;447
11;2025-11-29;23;307
11;2025-11-30;0;98
11;2025-11-30;1;10
11;2025-11-30;2;0
11;2025-11-30;3;0
11;2025-11-30;4;2
11;2025-11-30;5;134
11;2025-11-30;6;493
11;2025-11-30;7;513
11;2025-11-30;8;642
11;2025-11-30;9;870
11;2025-11-30;10;954
11;2025-11-30;11;1368
11;2025-11-30;12;1530
11;2025-11-30;13;1472
11;2025-11-30;14;1533
11;2025-11-30;15;1605
11;2025-11-30;16;1514
11;2025-11-30;17;1531
11;2025-11-30;18;1286
11;2025-11-30;19;1114
11;2025-11-30;20;871
11;2025-11-30;21;656
11;2025-11-30;22;361
11;2025-11-30;23;250
11;2025-12-01;0;76
11;2025-12-01;1;3
11;2025-12-01;2;0
11;2025-12-01;3;0
11;2025-12-01;4;4
11;2025-12-01;5;312
11;2025-12-01;6;1405
11;2025-12-01;7;2464
11;2025-12-01;8;3259
11;2025-12-01;9;2489
11;2025-12-01;10;1887
11;2025-12-01;11;1915
11;2025-12-01;12;1798
11;2025-12-01;13;1982
11;2025-12-01;14;1977
11;2025-12-01;15;2081
11;2025-12-01;16;2347
11;2025-12-01;17;2921
11;2025-12-01;18;3238
11;2025-12-01;19;2466
11;2025-12-01;20;1576
11;2025-12-01;21;872
11;2025-12-01;22;438
11;2025-12-01;23;206
11;2025-12-02;0;64
11;2025-12-02;1;2
11;2025-12-02;2;0
11;2025-12-02;3;0
11;2025-12-02;4;4
11;2025-12-02;5;299
11;2025-12-02;6;1432
11;2025-12-02;7;2521
11;2025-12-02;8;3345
11;2025-12-02;9;2575
11;2025-12-02;10;1947
11;2025-12-02;11;1903
11;2025-12-02;12;1884
11;2025-12-02;13;2101
11;2025-12-02;14;2097
11;2025-12-02;15;2179
11;2025-12-02;16;2380
11;2025-12-02;17;2980
11;2025-12-02;18;3240
11;2025-12-02;19;2403
11;2025-12-02;20;1549
11;2025-12-02;21;915
11;2025-12-02;22;456
11;2025-12-02;23;212
11;2025-12-03;0;64
11;2025-12-03;1;1
11;2025-12-03;2;0
11;2025-12-03;3;0
11;2025-12-03;4;4
11;2025-12-03;5;308
11;2025-12-03;6;1355
11;2025-12-03;7;2539
11;2025-12-03;8;3344
11;2025-12-03;9;2497
11;2025-12-03;10;1929
11;2025-12-03;11;1962
11;2025-12-03;12;1992
11;2025-12-03;13;2123
11;2025-12-03;14;2072
11;2025-12-03;15;2126
11;2025-12-03;16;2262
11;2025-12-03;17;2939
11;2025-12-03;18;3213
11;2025-12-03;19;2485
11;2025-12-03;20;1638
11;2025-12-03;21;963
11;2025-12-03;22;438
11;2025-12-03;23;248
11;2025-12-04;0;66
11;2025-12-04;1;1
11;2025-12-04;2;0
11;2025-12-04;3;0
11;2025-12-04;4;4
11;2025-12-04;5;318
11;2025-12-04;6;1389
11;2025-12-04;7;2500
11;2025-12-04;8;3302
11;2025-12-04;9;2623
11;2025-12-04;10;2073
11;2025-12-04;11;1936
11;2025-12-04;12;2022
11;2025-12-04;13;2127
11;2025-12-04;14;2036
11;2025-12-04;15;2193
11;2025-12-04;16;2496
11;2025-12-04;17;2953
11;2025-12-04;18;3304
11;2025-12-04;19;2432
11;2025-12-04;20;1578
11;2025-12-04;21;994
11;2025-12-04;22;475
11;2025-12-04;23;243
11;2025-12-05;0;77
11;2025-12-05;1;1
11;2025-12-05;2;0
11;2025-12-05;3;0
11;2025-12-05;4;4
11;2025-12-05;5;309
11;2025-12-05;6;1398
11;2025-12-05;7;2409
11;2025-12-05;8;3241
11;2025-12-05;9;2471
11;2025-12-05;10;2016
11;2025-12-05;11;1990
11;2025-12-05;12;2004
11;2025-12-05;13;2069
11;2025-12-05;14;2176
11;2025-12-05;15;2399
11;2025-12-05;16;2652
11;2025-12-05;17;3112
11;2025-12-05;18;2700
11;2025-12-05;19;2191
11;2025-12-05;20;1502
11;2025-12-05;21;924
11;2025-12-05;22;499
11;2025-12-05;23;300
11;2025-12-06;0;100
11;2025-12-06;1;2
11;2025-12-06;2;0
11;2025-12-06;3;0
11;2025-12-06;4;3
11;2025-12-06;5;197
11;2025-12-06;6;810
11;2025-12-06;7;723
11;2025-12-06;8;1035
11;2025-12-06;9;1166
11;2025-12-06;10;1297
11;2025-12-06;11;1665
11;2025-12-06;12;1891
11;2025-12-06;13;1804
11;2025-12-06;14;1879
11;2025-12-06;15;1788
11;2025-12-06;16;1823
11;2025-12-06;17;1858
11;2025-12-06;18;1657
11;2025-12-06;19;1488
11;2025-12-06;20;1142
11;2025-12-06;21;796
11;2025-12-06;22;447
11;2025-12-06;23;307
11;2025-12-07;0;98
11;2025-12-07;1;10
11;2025-12-07;2;0
11;2025-12-07;3;0
11;2025-12-07;4;2
11;2025-12-07;5;134
11;2025-12-07;6;493
11;2025-12-07;7;513
11;2025-12-07;8;642
11;2025-12-07;9;870
11;2025-12-07;10;954
11;2025-12-07;11;1368
11;2025-12-07;12;1530
11;2025-12-07;13;1472
11;2025-12-07;14;1533
11;2025-12-07;15;1605
11;2025-12-07;16;1514
11;2025-12-07;17;1531
11;2025-12-07;18;1286
11;2025-12-07;19;1114
11;2025-12-07;20;871
11;2025-12-07;21;656
11;2025-12-07;22;361
11;2025-12-07;23;250
11;2025-12-08;0;76
11;2025-12-08;1;3
11;2025-12-08;2;0
11;2025-12-08;3;0
11;2025-12-08;4;4
11;2025-12-08;5;312
11;2025-12-08;6;1405
11;2025-12-08;7;2464
11;2025-12-08;8;3259
11;2025-12-08;9;2489
11;2025-12-08;10;1887
11;2025-12-08;11;1915
11;2025-12-08;12;1798
11;2025-12-08;13;1982
11;2025-12-08;14;1977
11;2025-12-08;15;2081
11;2025-12-08;16;2347
11;2025-12-08;17;2921
11;2025-12-08;18;3238
11;2025-12-08;19;2466
11;2025-12-08;20;1576
11;2025-12-08;21;872
11;2025-12-08;22;438
11;2025-12-08;23;206
11;2025-12-09;0;64
11;2025-12-09;1;2
11;2025-12-09;2;0
11;2025-12-09;3;0
11;2025-12-09;4;4
11;2025-12-09;5;299
11;2025-12-09;6;1432
11;2025-12-09;7;2521
11;2025-12-09;8;3345
11;2025-12-09;9;2575
11;2025-12-09;10;1947
11;2025-12-09;11;1903
11;2025-12-09;12;1884
11;2025-12-09;13;2101
11;2025-12-09;14;2097
11;2025-12-09;15;2179
11;2025-12-09;16;2380
11;2025-12-09;17;2980
11;2025-12-09;18;3240
11;2025-12-09;19;2403
11;2025-12-09;20;1549
11;2025-12-09;21;915
11;2025-12-09;22;456
11;2025-12-09;23;212
11;2025-12-10;0;64
11;2025-12-10;1;1
11;2025-12-10;2;0
11;2025-12-10;3;0
11;2025-12-10;4;4
11;2025-12-10;5;308
11;2025-12-10;6;1355
11;2025-12-10;7;2539
11;2025-12-10;8;3344
11;2025-12-10;9;2497
11;2025-12-10;10;1929
11;2025-12-10;11;1962
11;2025-12-10;12;1992
11;2025-12-10;13;2123
11;2025-12-10;14;2072
11;2025-12-10;15;2126
11;2025-12-10;16;2262
11;2025-12-10;17;2939
11;2025-12-10;18;3213
11;2025-12-10;19;2485
11;2025-12-10;20;1638
11;2025-12-10;21;963
11;2025-12-10;22;438
11;2025-12-10;23;248
11;2025-12-11;0;66
11;2025-12-11;1;1
11;2025-12-11;2;0
11;2025-12-11;3;0
11;2025-12-11;4;4
11;2025-12-11;5;318
11;2025-12-11;6;1389
11;2025-12-11;7;2500
11;2025-12-11;8;3302
11;2025-12-11;9;2623
11;2025-12-11;10;2073
11;2025-12-11;11;1936
11;2025-12-11;12;2022
11;2025-12-11;13;2127
11;2025-12-11;14;2036
11;2025-12-11;15;2193
11;2025-12-11;16;2496
11;2025-12-11;17;2953
11;2025-12-11;18;3304
11;2025-12-11;19;2432
11;2025-12-11;20;1578
11;2025-12-11;21;994
11;2025-12-11;22;475
11;2025-12-11;23;243
11;2025-12-12;0;77
11;2025-12-12;1;1
11;2025-12-12;2;0
11;2025-12-12;3;0
11;2025-12-12;4;4
11;2025-12-12;5;309
11;2025-12-12;6;1398
11;2025-12-12;7;2409
11;2025-12-12;8;3241
11;2025-12-12;9;2471
11;2025-12-12;10;2016
11;2025-12-12;11;1990
11;2025-12-12;12;2004
11;2025-12-12;13;2069
11;2025-12-12;14;2176
11;2025-12-12;15;2399
11;2025-12-12;16;2652
11;2025-12-12;17;3112
11;2025-12-12;18;2700
11;2025-12-12;19;2191
11;2025-12-12;20;1502
11;2025-12-12;21;924
11;2025-12-12;22;499
11;2025-12-12;23;300
11;2025-12-13;0;100
11;2025-12-13;1;2
11;2025-12-13;2;0
11;2025-12-13;3;0
11;2025-12-13;4;3
11;2025-12-13;5;197
11;2025-12-13;6;810
11;2025-12-13;7;723
11;2025-12-13;8;1035
11;2025-12-13;9;1166
11;2025-12-13;10;1297
11;2025-12-13;11;1665
11;2025-12-13;12;1891
11;2025-12-13;13;1804
11;2025-12-13;14;1879
11;2025-12-13;15;1788
11;2025-12-13;16;1823
11;2025-12-13;17;1858
11;2025-12-13;18;1657
11;2025-12-13;19;1488
11;2025-12-13;20;1142
11;2025-12-13;21;796
11;2025-12-13;22;447
11;2025-12-13;23;307
11;2025-12-14;0;98
11;2025-12-14;1;10
11;2025-12-14;2;0
11;2025-12-14;3;0
11;2025-12-14;4;2
11;2025-12-14;5;134
11;2025-12-14;6;493
11;2025-12-14;7;513
11;2025-12-14;8;642
11;2025-12-14;9;870
11;2025-12-14;10;954
11;2025-12-14;11;1368
11;2025-12-14;12;1530
11;2025-12-14;13;1472
11;2025-12-14;14;1533
11;2025-12-14;15;1605
11;2025-12-14;16;1514
11;2025-12-14;17;1531
11;2025-12-14;18;1286
11;2025-12-14;19;1114
11;2025-12-14;20;871
11;2025-12-14;21;656
11;2025-12-14;22;361
11;2025-12-14;23;250
11;2025-12-15;0;76
11;2025-12-15;1;3
11;2025-12-15;2;0
11;2025-12-15;3;0
11;2025-12-15;4;4
11;2025-12-15;5;312
11;2025-12-15;6;1405
11;2025-12-15;7;2464
11;2025-12-15;8;3259
11;2025-12-15;9;2489
11;2025-12-15;10;1887
11;2025-12-15;11;1915
11;2025-12-15;12;1798
11;2025-12-15;13;1982
11;2025-12-15;14;1977
11;2025-12-15;15;2081
11;2025-12-15;16;2347
11;2025-12-15;17;2921
11;2025-12-15;18;3238
11;2025-12-15;19;2466
11;2025-12-15;20;1576
11;2025-12-15;21;872
11;2025-12-15;22;438
11;2025-12-15;23;206
11;2025-12-16;0;64
11;2025-12-16;1;2
11;2025-12-16;2;0
11;2025-12-16;3;0
11;2025-12-16;4;4
11;2025-12-16;5;299
11;2025-12-16;6;1432
11;2025-12-16;7;2521
11;2025-12-16;8;3345
11;2025-12-16;9;2575
11;2025-12-16;10;1947
11;2025-12-16;11;1903
11;2025-12-16;12;1884
11;2025-12-16;13;2101
11;2025-12-16;14;2097
11;2025-12-16;15;2179
11;2025-12-16;16;2380
11;2025-12-16;17;2980
11;2025-12-16;18;3240
11;2025-12-16;19;2403
11;2025-12-16;20;1549
11;2025-12-16;21;915
11;2025-12-16;22;456
11;2025-12-16;23;212
11;2025-12-17;0;64
11;2025-12-17;1;1
11;2025-12-17;2;0
11;2025-12-17;3;0
11;2025-12-17;4;4
11;2025-12-17;5;308
11;2025-12-17;6;1355
11;2025-12-17;7;2539
11;2025-12-17;8;3344
11;2025-12-17;9;2497
11;2025-12-17;10;1929
11;2025-12-17;11;1962
11;2025-12-17;12;1992
11;2025-12-17;13;2123
11;2025-12-17;14;2072
11;2025-12-17;15;2126
11;2025-12-17;16;2262
11;2025-12-17;17;2939
11;2025-12-17;18;3213
11;2025-12-17;19;2485
11;2025-12-17;20;1638
11;2025-12-17;21;963
11;2025-12-17;22;438
11;2025-12-17;23;248
11;2025-12-18;0;66
11;2025-12-18;1;1
11;2025-12-18;2;0
11;2025-12-18;3;0
11;2025-12-18;4;4
11;2025-12-18;5;318
11;2025-12-18;6;1389
11;2025-12-18;7;2500
11;2025-12-18;8;3302
11;2025-12-18;9;2623
11;2025-12-18;10;2073
11;2025-12-18;11;1936
11;2025-12-18;12;2022
11;2025-12-18;13;2127
11;2025-12-18;14;2036
11;2025-12-18;15;2193
11;2025-12-18;16;2496
11;2025-12-18;17;2953
11;2025-12-18;18;3304
11;2025-12-18;19;2432
11;2025-12-18;20;1578
11;2025-12-18;21;994
11;2025-12-18;22;475
11;2025-12-18;23;243
11;2025-12-19;0;77
11;2025-12-19;1;1
11;2025-12-19;2;0
11;2025-12-19;3;0
11;2025-12-19;4;4
11;2025-12-19;5;309
11;2025-12-19;6;1398
11;2025-12-19;7;2409
11;2025-12-19;8;3241
11;2025-12-19;9;2471
11;2025-12-19;10;2016
11;2025-12-19;11;1990
11;2025-12-19;12;2004
11;2025-12-19;13;2069
11;2025-12-19;14;2176
11;2025-12-19;15;2399
11;2025-12-19;16;2652
11;2025-12-19;17;3112
11;2025-12-19;18;2700
11;2025-12-19;19;2191
11;2025-12-19;20;1502
11;2025-12-19;21;924
11;2025-12-19;22;499
11;2025-12-19;23;300
11;2025-12-20;0;100
11;2025-12-20;1;2
11;2025-12-20;2;0
11;2025-12-20;3;0
11;2025-12-20;4;3
11;2025-12-20;5;197
11;2025-12-20;6;810
11;2025-12-20;7;723
11;2025-12-20;8;1035
11;2025-12-20;9;1166
11;2025-12-20;10;1297
11;2025-12-20;11;1665
11;2025-12-20;12;1891
11;2025-12-20;13;1804
11;2025-12-20;14;1879
11;2025-12-20;15;1788
11;2025-12-20;16;1823
11;2025-12-20;17;1858
11;2025-12-20;18;1657
11;2025-12-20;19;1488
11;2025-12-20;20;1142
11;2025-12-20;21;796
11;2025-12-20;22;447
11;2025-12-20;23;307
11;2025-12-21;0;98
11;2025-12-21;1;10
11;2025-12-21;2;0
11;2025-12-21;3;0
11;2025-12-21;4;2
11;2025-12-21;5;134
11;2025-12-21;6;493
11;2025-12-21;7;513
11;2025-12-21;8;642
11;2025-12-21;9;870
11;2025-12-21;10;954
11;2025-12-21;11;1368
11;2025-12-21;12;1530
11;2025-12-21;13;1472
11;2025-12-21;14;1533
11;2025-12-21;15;1605
11;2025-12-21;16;1514
11;2025-12-21;17;1531
11;2025-12-21;18;1286
11;2025-12-21;19;1114
11;2025-12-21;20;871
11;2025-12-21;21;656
11;2025-12-21;22;361
11;2025-12-21;23;250
11;2025-12-22;0;76
11;2025-12-22;1;3
11;2025-12-22;2;0
11;2025-12-22;3;0
11;2025-12-22;4;4
11;2025-12-22;5;312
11;2025-12-22;6;1405
11;2025-12-22;7;2464
11;2025-12-22;8;3259
11;2025-12-22;9;2489
11;2025-12-22;10;1887
11;2025-12-22;11;1915
11;2025-12-22;12;1798
11;2025-12-22;13;1982
11;2025-12-22;14;1977
11;2025-12-22;15;2081
11;2025-12-22;16;2347
11;2025-12-22;17;2921
11;2025-12-22;18;3238
11;2025-12-22;19;2466
11;2025-12-22;20;1576
11;2025-12-22;21;872
11;2025-12-22;22;438
11;2025-12-22;23;206
11;2025-12-23;0;64
11;2025-12-23;1;2
11;2025-12-23;2;0
11;2025-12-23;3;0
11;2025-12-23;4;4
11;2025-12-23;5;299
11;2025-12-23;6;1432
11;2025-12-23;7;2521
11;2025-12-23;8;3345
11;2025-12-23;9;2575
11;2025-12-23;10;1947
11;2025-12-23;11;1903
11;2025-12-23;12;1884
11;2025-12-23;13;2101
11;2025-12-23;14;2097
11;2025-12-23;15;2179
11;2025-12-23;16;2380
11;2025-12-23;17;2980
11;2025-12-23;18;3240
11;2025-12-23;19;2403
11;2025-12-23;20;1549
11;2025-12-23;21;915
11;2025-12-23;22;456
11;2025-12-23;23;212
11;2025-12-24;0;64
11;2025-12-24;1;1
11;2025-12-24;2;0
11;2025-12-24;3;0
11;2025-12-24;4;4
11;2025-12-24;5;308
11;2025-12-24;6;1355
11;2025-12-24;7;2539
11;2025-12-24;8;3344
11;2025-12-24;9;2497
11;2025-12-24;10;1929
11;2025-12-24;11;1962
11;2025-12-24;12;1992
11;2025-12-24;13;2123
11;2025-12-24;14;2072
11;2025-12-24;15;2126
11;2025-12-24;16;2262
11;2025-12-24;17;2939
11;2025-12-24;18;3213
11;2025-12-24;19;2485
11;2025-12-24;20;1638
11;2025-12-24;21;963
11;2025-12-24;22;438
11;2025-12-24;23;248
11;2025-12-25;0;66
11;2025-12-25;1;1
11;2025-12-25;2;0
11;2025-12-25;3;0
11;2025-12-25;4;4
11;2025-12-25;5;318
11;2025-12-25;6;1389
11;2025-12-25;7;2500
11;2025-12-25;8;3302
11;2025-12-25;9;2623
11;2025-12-25;10;2073
11;2025-12-25;11;1936
11;2025-12-25;12;2022
11;2025-12-25;13;2127
11;2025-12-25;14;2036
11;2025-12-25;15;2193
11;2025-12-25;16;2496
11;2025-12-25;17;2953
11;2025-12-25;18;3304
11;2025-12-25;19;2432
11;2025-12-25;20;1578
11;2025-12-25;21;994
11;2025-12-25;22;475
11;2025-12-25;23;243
11;2025-12-26;0;77
11;2025-12-26;1;1
11;2025-12-26;2;0
11;2025-12-26;3;0
11;2025-12-26;4;4
11;2025-12-26;5;309
11;2025-12-26;6;1398
11;2025-12-26;7;2409
11;2025-12-26;8;3241
11;2025-12-26;9;2471
11;2025-12-26;10;2016
11;2025-12-26;11;1990
11;2025-12-26;12;2004
11;2025-12-26;13;2069
11;2025-12-26;14;2176
11;2025-12-26;15;2399
11;2025-12-26;16;2652
11;2025-12-26;17;3112
11;2025-12-26;18;2700
11;2025-12-26;19;2191
11;2025-12-26;20;1502
11;2025-12-26;21;924
11;2025-12-26;22;499
11;2025-12-26;23;300
11;2025-12-27;0;100
11;2025-12-27;1;2
11;2025-12-27;2;0
11;2025-12-27;3;0
11;2025-12-27;4;3
11;2025-12-27;5;197
11;2025-12-27;6;810
11;2025-12-27;7;723
11;2025-12-27;8;1035
11;2025-12-27;9;1166
11;2025-12-27;10;1297
11;2025-12-27;11;1665
11;2025-12-27;12;1891
11;2025-12-27;13;1804
11;2025-12-27;14;1879
11;2025-12-27;15;1788
11;2025-12-27;16;1823
11;2025-12-27;17;1858
11;2025-12-27;18;1657
11;2025-12-27;19;1488
11;2025-12-27;20;1142
11;2025-12-27;21;796
11;2025-12-27;22;447
11;2025-12-27;23;307
11;2025-12-28;0;98
11;2025-12-28;1;10
11;2025-12-28;2;0
11;2025-12-28;3;0
11;2025-12-28;4;2
11;2025-12-28;5;134
11;2025-12-28;6;493
11;2025-12-28;7;513
11;2025-12-28;8;642
11;2025-12-28;9;870
11;2025-12-28;10;954
11;2025-12-28;11;1368
11;2025-12-28;12;1530
11;2025-12-28;13;1472
11;2025-12-28;14;1533
11;2025-12-28;15;1605
11;2025-12-28;16;1514
11;2025-12-28;17;1531
11;2025-12-28;18;1286
11;2025-12-28;19;1114
11;2025-12-28;20;871
11;2025-12-28;21;656
11;2025-12-28;22;361
11;2025-12-28;23;250
11;2025-12-29;0;76
11;2025-12-29;1;3
11;2025-12-29;2;0
11;2025-12-29;3;0
11;2025-12-29;4;4
11;2025-12-29;5;312
11;2025-12-29;6;1405
11;2025-12-29;7;2464
11;2025-12-29;8;3259
11;2025-12-29;9;2489
11;2025-12-29;10;1887
11;2025-12-29;11;1915
11;2025-12-29;12;1798
11;2025-12-29;13;1982
11;2025-12-29;14;1977
11;2025-12-29;15;2081
11;2025-12-29;16;2347
11;2025-12-29;17;2921
11;2025-12-29;18;3238
11;2025-12-29;19;2466
11;2025-12-29;20;1576
11;2025-12-29;21;872
11;2025-12-29;22;438
11;2025-12-29;23;206
11;2025-12-30;0;64
11;2025-12-30;1;2
11;2025-12-30;2;0
11;2025-12-30;3;0
11;2025-12-30;4;4
11;2025-12-30;5;299
11;2025-12-30;6;1432
11;2025-12-30;7;2521
11;2025-12-30;8;3345
11;2025-12-30;9;2575
11;2025-12-30;10;1947
11;2025-12-30;11;1903
11;2025-12-30;12;1884
11;2025-12-30;13;2101
11;2025-12-30;14;2097
11;2025-12-30;15;2179
11;2025-12-30;16;2380
11;2025-12-30;17;2980
11;2025-12-30;18;3240
11;2025-12-30;19;2403
11;2025-12-30;20;1549
11;2025-12-30;21;915
11;2025-12-30;22;456
11;2025-12-30;23;212
11;2025-12-31;0;90
11;2025-12-31;1;5
11;2025-12-31;2;0
11;2025-12-31;3;0
11;2025-12-31;4;3
11;2025-12-31;5;134
11;2025-12-31;6;477
11;2025-12-31;7;505
11;2025-12-31;8;621
11;2025-12-31;9;850
11;2025-12-31;10;933
11;2025-12-31;11;1347
11;2025-12-31;12;1507
11;2025-12-31;13;1449
11;2025-12-31;14;1510
11;2025-12-31;15;1582
11;2025-12-31;16;1491
11;2025-12-31;17;1508
11;2025-12-31;18;1266
11;2025-12-31;19;1110
11;2025-12-31;20;867
11;2025-12-31;21;652
11;2025-12-31;22;357
11;2025-12-31;23;247
12;2025-11-01;0;59
12;2025-11-01;1;2
12;2025-11-01;2;0
12;2025-11-01;3;0
12;2025-11-01;4;5
12;2025-11-01;5;324
12;2025-11-01;6;1452
12;2025-11-01;7;2830
12;2025-11-01;8;3717
12;2025-11-01;9;2484
12;2025-11-01;10;2036
12;2025-11-01;11;2141
12;2025-11-01;12;2160
12;2025-11-01;13;2145
12;2025-11-01;14;2217
12;2025-11-01;15;2546
12;2025-11-01;16;3262
12;2025-11-01;17;3161
12;2025-11-01;18;2765
12;2025-11-01;19;2408
12;2025-11-01;20;1582
12;2025-11-01;21;1034
12;2025-11-01;22;552
12;2025-11-01;23;312
12;2025-11-02;0;83
12;2025-11-02;1;7
12;2025-11-02;2;0
12;2025-11-02;3;0
12;2025-11-02;4;2
12;2025-11-02;5;148
12;2025-11-02;6;525
12;2025-11-02;7;639
12;2025-11-02;8;713
12;2025-11-02;9;928
12;2025-11-02;10;1092
12;2025-11-02;11;1262
12;2025-11-02;12;1305
12;2025-11-02;13;1553
12;2025-11-02;14;1450
12;2025-11-02;15;1330
12;2025-11-02;16;1415
12;2025-11-02;17;1404
12;2025-11-02;18;1254
12;2025-11-02;19;1033
12;2025-11-02;20;762
12;2025-11-02;21;599
12;2025-11-02;22;383
12;2025-11-02;23;207
12;2025-11-03;0;75
12;2025-11-03;1;5
12;2025-11-03;2;0
12;2025-11-03;3;0
12;2025-11-03;4;1
12;2025-11-03;5;139
12;2025-11-03;6;516
12;2025-11-03;7;627
12;2025-11-03;8;699
12;2025-11-03;9;913
12;2025-11-03;10;1075
12;2025-11-03;11;1244
12;2025-11-03;12;1287
12;2025-11-03;13;1536
12;2025-11-03;14;1431
12;2025-11-03;15;1311
12;2025-11-03;16;1396
12;2025-11-03;17;1386
12;2025-11-03;18;1237
12;2025-11-03;19;1021
12;2025-11-03;20;752
12;2025-11-03;21;589
12;2025-11-03;22;372
12;2025-11-03;23;197
12;2025-11-04;0;75
12;2025-11-04;1;5
12;2025-11-04;2;0
12;2025-11-04;3;0
12;2025-11-04;4;1
12;2025-11-04;5;139
12;2025-11-04;6;516
12;2025-11-04;7;627
12;2025-11-04;8;699
12;2025-11-04;9;913
12;2025-11-04;10;1075
12;2025-11-04;11;1244
12;2025-11-04;12;1287
12;2025-11-04;13;1536
12;2025-11-04;14;1431
12;2025-11-04;15;1311
12;2025-11-04;16;1396
12;2025-11-04;17;1386
12;2025-11-04;18;1237
12;2025-11-04;19;1021
12;2025-11-04;20;752
12;2025-11-04;21;589
12;2025-11-04;22;372
12;2025-11-04;23;197
12;2025-11-05;0;54
12;2025-11-05;1;2
12;2025-11-05;2;0
12;2025-11-05;3;0
12;2025-11-05;4;6
12;2025-11-05;5;343
12;2025-11-05;6;1534
12;2025-11-05;7;2825
12;2025-11-05;8;3685
12;2025-11-05;9;2712
12;2025-11-05;10;2176
12;2025-11-05;11;2168
12;2025-11-05;12;2182
12;2025-11-05;13;2164
12;2025-11-05;14;2144
12;2025-11-05;15;2399
12;2025-11-05;16;2873
12;2025-11-05;17;3189
12;2025-11-05;18;3328
12;2025-11-05;19;2634
12;2025-11-05;20;1576
12;2025-11-05;21;1017
12;2025-11-05;22;510
12;2025-11-05;23;264
12;2025-11-06;0;50
12;2025-11-06;1;2
12;2025-11-06;2;0
12;2025-11-06;3;0
12;2025-11-06;4;6
12;2025-11-06;5;330
12;2025-11-06;6;1429
12;2025-11-06;7;2886
12;2025-11-06;8;3791
12;2025-11-06;9;2572
12;2025-11-06;10;2148
12;2025-11-06;11;2198
12;2025-11-06;12;2224
12;2025-11-06;13;2152
12;2025-11-06;14;2154
12;2025-11-06;15;2405
12;2025-11-06;16;2882
12;2025-11-06;17;3271
12;2025-11-06;18;3412
12;2025-11-06;19;2707
12;2025-11-06;20;1680
12;2025-11-06;21;970
12;2025-11-06;22;506
12;2025-11-06;23;266
12;2025-11-07;0;56
12;2025-11-07;1;2
12;2025-11-07;2;0
12;2025-11-07;3;0
12;2025-11-07;4;5
12;2025-11-07;5;316
12;2025-11-07;6;1441
12;2025-11-07;7;2818
12;2025-11-07;8;3703
12;2025-11-07;9;2471
12;2025-11-07;10;2021
12;2025-11-07;11;2126
12;2025-11-07;12;2145
12;2025-11-07;13;2129
12;2025-11-07;14;2202
12;2025-11-07;15;2531
12;2025-11-07;16;3247
12;2025-11-07;17;3146
12;2025-11-07;18;2751
12;2025-11-07;19;2396
12;2025-11-07;20;1571
12;2025-11-07;21;1025
12;2025-11-07;22;542
12;2025-11-07;23;303
12;2025-11-08;0;83
12;2025-11-08;1;4
12;2025-11-08;2;0
12;2025-11-08;3;0
12;2025-11-08;4;2
12;2025-11-08;5;226
12;2025-11-08;6;837
12;2025-11-08;7;913
12;2025-11-08;8;1008
12;2025-11-08;9;1198
12;2025-11-08;10;1446
12;2025-11-08;11;1482
12;2025-11-08;12;1490
12;2025-11-08;13;1737
12;2025-11-08;14;1658
12;2025-11-08;15;1524
12;2025-11-08;16;1594
12;2025-11-08;17;1550
12;2025-11-08;18;1470
12;2025-11-08;19;1422
12;2025-11-08;20;979
12;2025-11-08;21;698
12;2025-11-08;22;412
12;2025-11-08;23;293
12;2025-11-09;0;83
12;2025-11-09;1;7
12;2025-11-09;2;0
12;2025-11-09;3;0
12;2025-11-09;4;2
12;2025-11-09;5;147
12;2025-11-09;6;524
12;2025-11-09;7;639
12;2025-11-09;8;713
12;2025-11-09;9;928
12;2025-11-09;10;1092
12;2025-11-09;11;1263
12;2025-11-09;12;1306
12;2025-11-09;13;1553
12;2025-11-09;14;1450
12;2025-11-09;15;1330
12;2025-11-09;16;1415
12;2025-11-09;17;1404
12;2025-11-09;18;1254
12;2025-11-09;19;1032
12;2025-11-09;20;762
12;2025-11-09;21;599
12;2025-11-09;22;382
12;2025-11-09;23;206
12;2025-11-10;0;58
12;2025-11-10;1;2
12;2025-11-10;2;0
12;2025-11-10;3;0
12;2025-11-10;4;5
12;2025-11-10;5;331
12;2025-11-10;6;1427
12;2025-11-10;7;2806
12;2025-11-10;8;3631
12;2025-11-10;9;2537
12;2025-11-10;10;2022
12;2025-11-10;11;1915
12;2025-11-10;12;2068
12;2025-11-10;13;2050
12;2025-11-10;14;2012
12;2025-11-10;15;2282
12;2025-11-10;16;2762
12;2025-11-10;17;3087
12;2025-11-10;18;3326
12;2025-11-10;19;2526
12;2025-11-10;20;1604
12;2025-11-10;21;947
12;2025-11-10;22;452
12;2025-11-10;23;230
12;2025-11-11;0;50
12;2025-11-11;1;1
12;2025-11-11;2;0
12;2025-11-11;3;0
12;2025-11-11;4;5
12;2025-11-11;5;334
12;2025-11-11;6;1470
12;2025-11-11;7;2885
12;2025-11-11;8;3857
12;2025-11-11;9;2628
12;2025-11-11;10;2198
12;2025-11-11;11;2164
12;2025-11-11;12;2126
12;2025-11-11;13;2165
12;2025-11-11;14;2153
12;2025-11-11;15;2314
12;2025-11-11;16;2885
12;2025-11-11;17;3221
12;2025-11-11;18;3359
12;2025-11-11;19;2673
12;2025-11-11;20;1603
12;2025-11-11;21;954
12;2025-11-11;22;500
12;2025-11-11;23;239
12;2025-11-12;0;54
12;2025-11-12;1;2
12;2025-11-12;2;0
12;2025-11-12;3;0
12;2025-11-12;4;6
12;2025-11-12;5;343
12;2025-11-12;6;1534
12;2025-11-12;7;2825
12;2025-11-12;8;3685
12;2025-11-12;9;2712
12;2025-11-12;10;2176
12;2025-11-12;11;2168
12;2025-11-12;12;2182
12;2025-11-12;13;2164
12;2025-11-12;14;2144
12;2025-11-12;15;2399
12;2025-11-12;16;2873
12;2025-11-12;17;3189
12;2025-11-12;18;3328
12;2025-11-12;19;2634
12;2025-11-12;20;1576
12;2025-11-12;21;1017
12;2025-11-12;22;510
12;2025-11-12;23;264
12;2025-11-13;0;50
12;2025-11-13;1;2
12;2025-11-13;2;0
12;2025-11-13;3;0
12;2025-11-13;4;6
12;2025-11-13;5;330
12;2025-11-13;6;1429
12;2025-11-13;7;2886
12;2025-11-13;8;3791
12;2025-11-13;9;2572
12;2025-11-13;10;2148
12;2025-11-13;11;2198
12;2025-11-13;12;2224
12;2025-11-13;13;2152
12;2025-11-13;14;2154
12;2025-11-13;15;2405
12;2025-11-13;16;2882
12;2025-11-13;17;3271
12;2025-11-13;18;3412
12;2025-11-13;19;2707
12;2025-11-13;20;1680
12;2025-11-13;21;970
12;2025-11-13;22;506
12;2025-11-13;23;266
12;2025-11-14;0;56
12;2025-11-14;1;2
12;2025-11-14;2;0
12;2025-11-14;3;0
12;2025-11-14;4;5
12;2025-11-14;5;316
12;2025-11-14;6;1441
12;2025-11-14;7;2818
12;2025-11-14;8;3703
12;2025-11-14;9;2471
12;2025-11-14;10;2021
12;2025-11-14;11;2126
12;2025-11-14;12;2145
12;2025-11-14;13;2129
12;2025-11-14;14;2202
12;2025-11-14;15;2531
12;2025-11-14;16;3247
12;2025-11-14;17;3146
12;2025-11-14;18;2751
12;2025-11-14;19;2396
12;2025-11-14;20;1571
12;2025-11-14;21;1025
12;2025-11-14;22;542
12;2025-11-14;23;303
12;2025-11-15;0;83
12;2025-11-15;1;4
12;2025-11-15;2;0
12;2025-11-15;3;0
12;2025-11-15;4;2
12;2025-11-15;5;226
12;2025-11-15;6;837
12;2025-11-15;7;913
12;2025-11-15;8;1008
12;2025-11-15;9;1198
12;2025-11-15;10;1446
12;2025-11-15;11;1482
12;2025-11-15;12;1490
12;2025-11-15;13;1737
12;2025-11-15;14;1658
12;2025-11-15;15;1524
12;2025-11-15;16;1594
12;2025-11-15;17;1550
12;2025-11-15;18;1470
12;2025-11-15;19;1422
12;2025-11-15;20;979
12;2025-11-15;21;698
12;2025-11-15;22;412
12;2025-11-15;23;293
12;2025-11-16;0;83
12;2025-11-16;1;7
12;2025-11-16;2;0
12;2025-11-16;3;0
12;2025-11-16;4;2
12;2025-11-16;5;147
12;2025-11-16;6;524
12;2025-11-16;7;639
12;2025-11-16;8;713
12;2025-11-16;9;928
12;2025-11-16;10;1092
12;2025-11-16;11;1263
12;2025-11-16;12;1306
12;2025-11-16;13;1553
12;2025-11-16;14;1450
12;2025-11-16;15;1330
12;2025-11-16;16;1415
12;2025-11-16;17;1404
12;2025-11-16;18;1254
12;2025-11-16;19;1032
12;2025-11-16;20;762
12;2025-11-16;21;599
12;2025-11-16;22;382
12;2025-11-16;23;206
12;2025-11-17;0;58
12;2025-11-17;1;2
12;2025-11-17;2;0
12;2025-11-17;3;0
12;2025-11-17;4;5
12;2025-11-17;5;331
12;2025-11-17;6;1427
12;2025-11-17;7;2806
12;2025-11-17;8;3631
12;2025-11-17;9;2537
12;2025-11-17;10;2022
12;2025-11-17;11;1915
12;2025-11-17;12;2068
12;2025-11-17;13;2050
12;2025-11-17;14;2012
12;2025-11-17;15;2282
12;2025-11-17;16;2762
12;2025-11-17;17;3087
12;2025-11-17;18;3326
12;2025-11-17;19;2526
12;2025-11-17;20;1604
12;2025-11-17;21;947
12;2025-11-17;22;452
12;2025-11-17;23;230
12;2025-11-18;0;50
12;2025-11-18;1;1
12;2025-11-18;2;0
12;2025-11-18;3;0
12;2025-11-18;4;5
12;2025-11-18;5;334
12;2025-11-18;6;1470
12;2025-11-18;7;2885
12;2025-11-18;8;3857
12;2025-11-18;9;2628
12;2025-11-18;10;2198
12;2025-11-18;11;2164
12;2025-11-18;12;2126
12;2025-11-18;13;2165
12;2025-11-18;14;2153
12;2025-11-18;15;2314
12;2025-11-18;16;2885
12;2025-11-18;17;3221
12;2025-11-18;18;3359
12;2025-11-18;19;2673
12;2025-11-18;20;1603
12;2025-11-18;21;954
12;2025-11-18;22;500
12;2025-11-18;23;239
12;2025-11-19;0;54
12;2025-11-19;1;2
12;2025-11-19;2;0
12;2025-11-19;3;0
12;2025-11-19;4;6
12;2025-11-19;5;343
12;2025-11-19;6;1534
12;2025-11-19;7;2825
12;2025-11-19;8;3685
12;2025-11-19;9;2712
12;2025-11-19;10;2176
12;2025-11-19;11;2168
12;2025-11-19;12;2182
12;2025-11-19;13;2164
12;2025-11-19;14;2144
12;2025-11-19;15;2399
12;2025-11-19;16;2873
12;2025-11-19;17;3189
12;2025-11-19;18;3328
12;2025-11-19;19;2634
12;2025-11-19;20;1576
12;2025-11-19;21;1017
12;2025-11-19;22;510
12;2025-11-19;23;264
12;2025-11-20;0;50
12;2025-11-20;1;2
12;2025-11-20;2;0
12;2025-11-20;3;0
12;2025-11-20;4;6
12;2025-11-20;5;330
12;2025-11-20;6;1429
12;2025-11-20;7;2886
12;2025-11-20;8;3791
12;2025-11-20;9;2572
12;2025-11-20;10;2148
12;2025-11-20;11;2198
12;2025-11-20;12;2224
12;2025-11-20;13;2152
12;2025-11-20;14;2154
12;2025-11-20;15;2405
12;2025-11-20;16;2882
12;2025-11-20;17;3271
12;2025-11-20;18;3412
12;2025-11-20;19;2707
12;2025-11-20;20;1680
12;2025-11-20;21;970
12;2025-11-20;22;506
12;2025-11-20;23;266
12;2025-11-21;0;56
12;2025-11-21;1;2
12;2025-11-21;2;0
12;2025-11-21;3;0
12;2025-11-21;4;5
12;2025-11-21;5;316
12;2025-11-21;6;1441
12;2025-11-21;7;2818
12;2025-11-21;8;3703
12;2025-11-21;9;2471
12;2025-11-21;10;2021
12;2025-11-21;11;2126
12;2025-11-21;12;2145
12;2025-11-21;13;2129
12;2025-11-21;14;2202
12;2025-11-21;15;2531
12;2025-11-21;16;3247
12;2025-11-21;17;3146
12;2025-11-21;18;2751
12;2025-11-21;19;2396
12;2025-11-21;20;1571
12;2025-11-21;21;1025
12;2025-11-21;22;542
12;2025-11-21;23;303
12;2025-11-22;0;83
12;2025-11-22;1;4
12;2025-11-22;2;0
12;2025-11-22;3;0
12;2025-11-22;4;2
12;2025-11-22;5;226
12;2025-11-22;6;837
12;2025-11-22;7;913
12;2025-11-22;8;1008
12;2025-11-22;9;1198
12;2025-11-22;10;1446
12;2025-11-22;11;1482
12;2025-11-22;12;1490
12;2025-11-22;13;1737
12;2025-11-22;14;1658
12;2025-11-22;15;1524
12;2025-11-22;16;1594
12;2025-11-22;17;1550
12;2025-11-22;18;1470
12;2025-11-22;19;1422
12;2025-11-22;20;979
12;2025-11-22;21;698
12;2025-11-22;22;412
12;2025-11-22;23;293
12;2025-11-23;0;83
12;2025-11-23;1;7
12;2025-11-23;2;0
12;2025-11-23;3;0
12;2025-11-23;4;2
12;2025-11-23;5;147
12;2025-11-23;6;524
12;2025-11-23;7;639
12;2025-11-23;8;713
12;2025-11-23;9;928
12;2025-11-23;10;1092
12;2025-11-23;11;1263
12;2025-11-23;12;1306
12;2025-11-23;13;1553
12;2025-11-23;14;1450
12;2025-11-23;15;1330
12;2025-11-23;16;1415
12;2025-11-23;17;1404
12;2025-11-23;18;1254
12;2025-11-23;19;1032
12;2025-11-23;20;762
12;2025-11-23;21;599
12;2025-11-23;22;382
12;2025-11-23;23;206
12;2025-11-24;0;58
12;2025-11-24;1;2
12;2025-11-24;2;0
12;2025-11-24;3;0
12;2025-11-24;4;5
12;2025-11-24;5;331
12;2025-11-24;6;1427
12;2025-11-24;7;2806
12;2025-11-24;8;3631
12;2025-11-24;9;2537
12;2025-11-24;10;2022
12;2025-11-24;11;1915
12;2025-11-24;12;2068
12;2025-11-24;13;2050
12;2025-11-24;14;2012
12;2025-11-24;15;2282
12;2025-11-24;16;2762
12;2025-11-24;17;3087
12;2025-11-24;18;3326
12;2025-11-24;19;2526
12;2025-11-24;20;1604
12;2025-11-24;21;947
12;2025-11-24;22;452
12;2025-11-24;23;230
12;2025-11-25;0;50
12;2025-11-25;1;1
12;2025-11-25;2;0
12;2025-11-25;3;0
12;2025-11-25;4;5
12;2025-11-25;5;334
12;2025-11-25;6;1470
12;2025-11-25;7;2885
12;2025-11-25;8;3857
12;2025-11-25;9;2628
12;2025-11-25;10;2198
12;2025-11-25;11;2164
12;2025-11-25;12;2126
12;2025-11-25;13;2165
12;2025-11-25;14;2153
12;2025-11-25;15;2314
12;2025-11-25;16;2885
12;2025-11-25;17;3221
12;2025-11-25;18;3359
12;2025-11-25;19;2673
12;2025-11-25;20;1603
12;2025-11-25;21;954
12;2025-11-25;22;500
12;2025-11-25;23;239
12;2025-11-26;0;54
12;2025-11-26;1;2
12;2025-11-26;2;0
12;2025-11-26;3;0
12;2025-11-26;4;6
12;2025-11-26;5;343
12;2025-11-26;6;1534
12;2025-11-26;7;2825
12;2025-11-26;8;3685
12;2025-11-26;9;2712
12;2025-11-26;10;2176
12;2025-11-26;11;2168
12;2025-11-26;12;2182
12;2025-11-26;13;2164
12;2025-11-26;14;2144
12;2025-11-26;15;2399
12;2025-11-26;16;2873
12;2025-11-26;17;3189
12;2025-11-26;18;3328
12;2025-11-26;19;2634
12;2025-11-26;20;1576
12;2025-11-26;21;1017
12;2025-11-26;22;510
12;2025-11-26;23;264
12;2025-11-27;0;50
12;2025-11-27;1;2
12;2025-11-27;2;0
12;2025-11-27;3;0
12;2025-11-27;4;6
12;2025-11-27;5;330
12;2025-11-27;6;1429
12;2025-11-27;7;2886
12;2025-11-27;8;3791
12;2025-11-27;9;2572
12;2025-11-27;10;2148
12;2025-11-27;11;2198
12;2025-11-27;12;2224
12;2025-11-27;13;2152
12;2025-11-27;14;2154
12;2025-11-27;15;2405
12;2025-11-27;16;2882
12;2025-11-27;17;3271
12;2025-11-27;18;3412
12;2025-11-27;19;2707
12;2025-11-27;20;1680
12;2025-11-27;21;970
12;2025-11-27;22;506
12;2025-11-27;23;266
12;2025-11-28;0;56
12;2025-11-28;1;2
12;2025-11-28;2;0
12;2025-11-28;3;0
12;2025-11-28;4;5
12;2025-11-28;5;316
12;2025-11-28;6;1441
12;2025-11-28;7;2818
12;2025-11-28;8;3703
12;2025-11-28;9;2471
12;2025-11-28;10;2021
12;2025-11-28;11;2126
12;2025-11-28;12;2145
12;2025-11-28;13;2129
12;2025-11-28;14;2202
12;2025-11-28;15;2531
12;2025-11-28;16;3247
12;2025-11-28;17;3146
12;2025-11-28;18;2751
12;2025-11-28;19;2396
12;2025-11-28;20;1571
12;2025-11-28;21;1025
12;2025-11-28;22;542
12;2025-11-28;23;303
12;2025-11-29;0;83
12;2025-11-29;1;4
12;2025-11-29;2;0
12;2025-11-29;3;0
12;2025-11-29;4;2
12;2025-11-29;5;226
12;2025-11-29;6;837
12;2025-11-29;7;913
12;2025-11-29;8;1008
12;2025-11-29;9;1198
12;2025-11-29;10;1446
12;2025-11-29;11;1482
12;2025-11-29;12;1490
12;2025-11-29;13;1737
12;2025-11-29;14;1658
12;2025-11-29;15;1524
12;2025-11-29;16;1594
12;2025-11-29;17;1550
12;2025-11-29;18;1470
12;2025-11-29;19;1422
12;2025-11-29;20;979
12;2025-11-29;21;698
12;2025-11-29;22;412
12;2025-11-29;23;293
12;2025-11-30;0;83
12;2025-11-30;1;7
12;2025-11-30;2;0
12;2025-11-30;3;0
12;2025-11-30;4;2
12;2025-11-30;5;147
12;2025-11-30;6;524
12;2025-11-30;7;639
12;2025-11-30;8;713
12;2025-11-30;9;928
12;2025-11-30;10;1092
12;2025-11-30;11;1263
12;2025-11-30;12;1306
12;2025-11-30;13;1553
12;2025-11-30;14;1450
12;2025-11-30;15;1330
12;2025-11-30;16;1415
12;2025-11-30;17;1404
12;2025-11-30;18;1254
12;2025-11-30;19;1032
12;2025-11-30;20;762
12;2025-11-30;21;599
12;2025-11-30;22;382
12;2025-11-30;23;206
12;2025-12-01;0;58
12;2025-12-01;1;2
12;2025-12-01;2;0
12;2025-12-01;3;0
12;2025-12-01;4;5
12;2025-12-01;5;331
12;2025-12-01;6;1427
12;2025-12-01;7;2806
12;2025-12-01;8;3631
12;2025-12-01;9;2537
12;2025-12-01;10;2022
12;2025-12-01;11;1915
12;2025-12-01;12;2068
12;2025-12-01;13;2050
12;2025-12-01;14;2012
12;2025-12-01;15;2282
12;2025-12-01;16;2762
12;2025-12-01;17;3087
12;2025-12-01;18;3326
12;2025-12-01;19;2526
12;2025-12-01;20;1604
12;2025-12-01;21;947
12;2025-12-01;22;452
12;2025-12-01;23;230
12;2025-12-02;0;50
12;2025-12-02;1;1
12;2025-12-02;2;0
12;2025-12-02;3;0
12;2025-12-02;4;5
12;2025-12-02;5;334
12;2025-12-02;6;1470
12;2025-12-02;7;2885
12;2025-12-02;8;3857
12;2025-12-02;9;2628
12;2025-12-02;10;2198
12;2025-12-02;11;2164
12;2025-12-02;12;2126
12;2025-12-02;13;2165
12;2025-12-02;14;2153
12;2025-12-02;15;2314
12;2025-12-02;16;2885
12;2025-12-02;17;3221
12;2025-12-02;18;3359
12;2025-12-02;19;2673
12;2025-12-02;20;1603
12;2025-12-02;21;954
12;2025-12-02;22;500
12;2025-12-02;23;239
12;2025-12-03;0;54
12;2025-12-03;1;2
12;2025-12-03;2;0
12;2025-12-03;3;0
12;2025-12-03;4;6
12;2025-12-03;5;343
12;2025-12-03;6;1534
12;2025-12-03;7;2825
12;2025-12-03;8;3685
12;2025-12-03;9;2712
12;2025-12-03;10;2176
12;2025-12-03;11;2168
12;2025-12-03;12;2182
12;2025-12-03;13;2164
12;2025-12-03;14;2144
12;2025-12-03;15;2399
12;2025-12-03;16;2873
12;2025-12-03;17;3189
12;2025-12-03;18;3328
12;2025-12-03;19;2634
12;2025-12-03;20;1576
12;2025-12-03;21;1017
12;2025-12-03;22;510
12;2025-12-03;23;264
12;2025-12-04;0;50
12;2025-12-04;1;2
12;2025-12-04;2;0
12;2025-12-04;3;0
12;2025-12-04;4;6
12;2025-12-04;5;330
12;2025-12-04;6;1429
12;2025-12-04;7;2886
12;2025-12-04;8;3791
12;2025-12-04;9;2572
12;2025-12-04;10;2148
12;2025-12-04;11;2198
12;2025-12-04;12;2224
12;2025-12-04;13;2152
12;2025-12-04;14;2154
12;2025-12-04;15;2405
12;2025-12-04;16;2882
12;2025-12-04;17;3271
12;2025-12-04;18;3412
12;2025-12-04;19;2707
12;2025-12-04;20;1680
12;2025-12-04;21;970
12;2025-12-04;22;506
12;2025-12-04;23;266
12;2025-12-05;0;56
12;2025-12-05;1;2
12;2025-12-05;2;0
12;2025-12-05;3;0
12;2025-12-05;4;5
12;2025-12-05;5;316
12;2025-12-05;6;1441
12;2025-12-05;7;2818
12;2025-12-05;8;3703
12;2025-12-05;9;2471
12;2025-12-05;10;2021
12;2025-12-05;11;2126
12;2025-12-05;12;2145
12;2025-12-05;13;2129
12;2025-12-05;14;2202
12;2025-12-05;15;2531
12;2025-12-05;16;3247
12;2025-12-05;17;3146
12;2025-12-05;18;2751
12;2025-12-05;19;2396
12;2025-12-05;20;1571
12;2025-12-05;21;1025
12;2025-12-05;22;542
12;2025-12-05;23;303
12;2025-12-06;0;83
12;2025-12-06;1;4
12;2025-12-06;2;0
12;2025-12-06;3;0
12;2025-12-06;4;2
12;2025-12-06;5;226
12;2025-12-06;6;837
12;2025-12-06;7;913
12;2025-12-06;8;1008
12;2025-12-06;9;1198
12;2025-12-06;10;1446
12;2025-12-06;11;1482
12;2025-12-06;12;1490
12;2025-12-06;13;1737
12;2025-12-06;14;1658
12;2025-12-06;15;1524
12;2025-12-06;16;1594
12;2025-12-06;17;1550
12;2025-12-06;18;1470
12;2025-12-06;19;1422
12;2025-12-06;20;979
12;2025-12-06;21;698
12;2025-12-06;22;412
12;2025-12-06;23;293
12;2025-12-07;0;83
12;2025-12-07;1;7
12;2025-12-07;2;0
12;2025-12-07;3;0
12;2025-12-07;4;2
12;2025-12-07;5;147
12;2025-12-07;6;524
12;2025-12-07;7;639
12;2025-12-07;8;713
12;2025-12-07;9;928
12;2025-12-07;10;1092
12;2025-12-07;11;1263
12;2025-12-07;12;1306
12;2025-12-07;13;1553
12;2025-12-07;14;1450
12;2025-12-07;15;1330
12;2025-12-07;16;1415
12;2025-12-07;17;1404
12;2025-12-07;18;1254
12;2025-12-07;19;1032
12;2025-12-07;20;762
12;2025-12-07;21;599
12;2025-12-07;22;382
12;2025-12-07;23;206
12;2025-12-08;0;58
12;2025-12-08;1;2
12;2025-12-08;2;0
12;2025-12-08;3;0
12;2025-12-08;4;5
12;2025-12-08;5;331
12;2025-12-08;6;1427
12;2025-12-08;7;2806
12;2025-12-08;8;3631
12;2025-12-08;9;2537
12;2025-12-08;10;2022
12;2025-12-08;11;1915
12;2025-12-08;12;2068
12;2025-12-08;13;2050
12;2025-12-08;14;2012
12;2025-12-08;15;2282
12;2025-12-08;16;2762
12;2025-12-08;17;3087
12;2025-12-08;18;3326
12;2025-12-08;19;2526
12;2025-12-08;20;1604
12;2025-12-08;21;947
12;2025-12-08;22;452
12;2025-12-08;23;230
12;2025-12-09;0;50
12;2025-12-09;1;1
12;2025-12-09;2;0
12;2025-12-09;3;0
12;2025-12-09;4;5
12;2025-12-09;5;334
12;2025-12-09;6;1470
12;2025-12-09;7;2885
12;2025-12-09;8;3857
12;2025-12-09;9;2628
12;2025-12-09;10;2198
12;2025-12-09;11;2164
12;2025-12-09;12;2126
12;2025-12-09;13;2165
12;2025-12-09;14;2153
12;2025-12-09;15;2314
12;2025-12-09;16;2885
12;2025-12-09;17;3221
12;2025-12-09;18;3359
12;2025-12-09;19;2673
12;2025-12-09;20;1603
12;2025-12-09;21;954
12;2025-12-09;22;500
12;2025-12-09;23;239
12;2025-12-10;0;54
12;2025-12-10;1;2
12;2025-12-10;2;0
12;2025-12-10;3;0
12;2025-12-10;4;6
12;2025-12-10;5;343
12;2025-12-10;6;1534
12;2025-12-10;7;2825
12;2025-12-10;8;3685
12;2025-12-10;9;2712
12;2025-12-10;10;2176
12;2025-12-10;11;2168
12;2025-12-10;12;2182
12;2025-12-10;13;2164
12;2025-12-10;14;2144
12;2025-12-10;15;2399
12;2025-12-10;16;2873
12;2025-12-10;17;3189
12;2025-12-10;18;3328
12;2025-12-10;19;2634
12;2025-12-10;20;1576
12;2025-12-10;21;1017
12;2025-12-10;22;510
12;2025-12-10;23;264
12;2025-12-11;0;50
12;2025-12-11;1;2
12;2025-12-11;2;0
12;2025-12-11;3;0
12;2025-12-11;4;6
12;2025-12-11;5;330
12;2025-12-11;6;1429
12;2025-12-11;7;2886
12;2025-12-11;8;3791
12;2025-12-11;9;2572
12;2025-12-11;10;2148
12;2025-12-11;11;2198
12;2025-12-11;12;2224
12;2025-12-11;13;2152
12;2025-12-11;14;2154
12;2025-12-11;15;2405
12;2025-12-11;16;2882
12;2025-12-11;17;3271
12;2025-12-11;18;3412
12;2025-12-11;19;2707
12;2025-12-11;20;1680
12;2025-12-11;21;970
12;2025-12-11;22;506
12;2025-12-11;23;266
12;2025-12-12;0;56
12;2025-12-12;1;2
12;2025-12-12;2;0
12;2025-12-12;3;0
12;2025-12-12;4;5
12;2025-12-12;5;316
12;2025-12-12;6;1441
12;2025-12-12;7;2818
12;2025-12-12;8;3703
12;2025-12-12;9;2471
12;2025-12-12;10;2021
12;2025-12-12;11;2126
12;2025-12-12;12;2145
12;2025-12-12;13;2129
12;2025-12-12;14;2202
12;2025-12-12;15;2531
12;2025-12-12;16;3247
12;2025-12-12;17;3146
12;2025-12-12;18;2751
12;2025-12-12;19;2396
12;2025-12-12;20;1571
12;2025-12-12;21;1025
12;2025-12-12;22;542
12;2025-12-12;23;303
12;2025-12-13;0;83
12;2025-12-13;1;4
12;2025-12-13;2;0
12;2025-12-13;3;0
12;2025-12-13;4;2
12;2025-12-13;5;226
12;2025-12-13;6;837
12;2025-12-13;7;913
12;2025-12-13;8;1008
12;2025-12-13;9;1198
12;2025-12-13;10;1446
12;2025-12-13;11;1482
12;2025-12-13;12;1490
12;2025-12-13;13;1737
12;2025-12-13;14;1658
12;2025-12-13;15;1524
12;2025-12-13;16;1594
12;2025-12-13;17;1550
12;2025-12-13;18;1470
12;2025-12-13;19;1422
12;2025-12-13;20;979
12;2025-12-13;21;698
12;2025-12-13;22;412
12;2025-12-13;23;293
12;2025-12-14;0;83
12;2025-12-14;1;7
12;2025-12-14;2;0
12;2025-12-14;3;0
12;2025-12-14;4;2
12;2025-12-14;5;147
12;2025-12-14;6;524
12;2025-12-14;7;639
12;2025-12-14;8;713
12;2025-12-14;9;928
12;2025-12-14;10;1092
12;2025-12-14;11;1263
12;2025-12-14;12;1306
12;2025-12-14;13;1553
12;2025-12-14;14;1450
12;2025-12-14;15;1330
12;2025-12-14;16;1415
12;2025-12-14;17;1404
12;2025-12-14;18;1254
12;2025-12-14;19;1032
12;2025-12-14;20;762
12;2025-12-14;21;599
12;2025-12-14;22;382
12;2025-12-14;23;206
12;2025-12-15;0;58
12;2025-12-15;1;2
12;2025-12-15;2;0
12;2025-12-15;3;0
12;2025-12-15;4;5
12;2025-12-15;5;331
12;2025-12-15;6;1427
12;2025-12-15;7;2806
12;2025-12-15;8;3631
12;2025-12-15;9;2537
12;2025-12-15;10;2022
12;2025-12-15;11;1915
12;2025-12-15;12;2068
12;2025-12-15;13;2050
12;2025-12-15;14;2012
12;2025-12-15;15;2282
12;2025-12-15;16;2762
12;2025-12-15;17;3087
12;2025-12-15;18;3326
12;2025-12-15;19;2526
12;2025-12-15;20;1604
12;2025-12-15;21;947
12;2025-12-15;22;452
12;2025-12-15;23;230
12;2025-12-16;0;50
12;2025-12-16;1;1
12;2025-12-16;2;0
12;2025-12-16;3;0
12;2025-12-16;4;5
12;2025-12-16;5;334
12;2025-12-16;6;1470
12;2025-12-16;7;2885
12;2025-12-16;8;3857
12;2025-12-16;9;2628
12;2025-12-16;10;2198
12;2025-12-16;11;2164
12;2025-12-16;12;2126
12;2025-12-16;13;2165
12;2025-12-16;14;2153
12;2025-12-16;15;2314
12;2025-12-16;16;2885
12;2025-12-16;17;3221
12;2025-12-16;18;3359
12;2025-12-16;19;2673
12;2025-12-16;20;1603
12;2025-12-16;21;954
12;2025-12-16;22;500
12;2025-12-16;23;239
12;2025-12-17;0;54
12;2025-12-17;1;2
12;2025-12-17;2;0
12;2025-12-17;3;0
12;2025-12-17;4;6
12;2025-12-17;5;343
12;2025-12-17;6;1534
12;2025-12-17;7;2825
12;2025-12-17;8;3685
12;2025-12-17;9;2712
12;2025-12-17;10;2176
12;2025-12-17;11;2168
12;2025-12-17;12;2182
12;2025-12-17;13;2164
12;2025-12-17;14;2144
12;2025-12-17;15;2399
12;2025-12-17;16;2873
12;2025-12-17;17;3189
12;2025-12-17;18;3328
12;2025-12-17;19;2634
12;2025-12-17;20;1576
12;2025-12-17;21;1017
12;2025-12-17;22;510
12;2025-12-17;23;264
12;2025-12-18;0;50
12;2025-12-18;1;2
12;2025-12-18;2;0
12;2025-12-18;3;0
12;2025-12-18;4;6
12;2025-12-18;5;330
12;2025-12-18;6;1429
12;2025-12-18;7;2886
12;2025-12-18;8;3791
12;2025-12-18;9;2572
12;2025-12-18;10;2148
12;2025-12-18;11;2198
12;2025-12-18;12;2224
12;2025-12-18;13;2152
12;2025-12-18;14;2154
12;2025-12-18;15;2405
12;2025-12-18;16;2882
12;2025-12-18;17;3271
12;2025-12-18;18;3412
12;2025-12-18;19;2707
12;2025-12-18;20;1680
12;2025-12-18;21;970
12;2025-12-18;22;506
12;2025-12-18;23;266
12;2025-12-19;0;56
12;2025-12-19;1;2
12;2025-12-19;2;0
12;2025-12-19;3;0
12;2025-12-19;4;5
12;2025-12-19;5;316
12;2025-12-19;6;1441
12;2025-12-19;7;2818
12;2025-12-19;8;3703
12;2025-12-19;9;2471
12;2025-12-19;10;2021
12;2025-12-19;11;2126
12;2025-12-19;12;2145
12;2025-12-19;13;2129
12;2025-12-19;14;2202
12;2025-12-19;15;2531
12;2025-12-19;16;3247
12;2025-12-19;17;3146
12;2025-12-19;18;2751
12;2025-12-19;19;2396
12;2025-12-19;20;1571
12;2025-12-19;21;1025
12;2025-12-19;22;542
12;2025-12-19;23;303
12;2025-12-20;0;83
12;2025-12-20;1;4
12;2025-12-20;2;0
12;2025-12-20;3;0
12;2025-12-20;4;2
12;2025-12-20;5;226
12;2025-12-20;6;837
12;2025-12-20;7;913
12;2025-12-20;8;1008
12;2025-12-20;9;1198
12;2025-12-20;10;1446
12;2025-12-20;11;1482
12;2025-12-20;12;1490
12;2025-12-20;13;1737
12;2025-12-20;14;1658
12;2025-12-20;15;1524
12;2025-12-20;16;1594
12;2025-12-20;17;1550
12;2025-12-20;18;1470
12;2025-12-20;19;1422
12;2025-12-20;20;979
12;2025-12-20;21;698
12;2025-12-20;22;412
12;2025-12-20;23;293
12;2025-12-21;0;83
12;2025-12-21;1;7
12;2025-12-21;2;0
12;2025-12-21;3;0
12;2025-12-21;4;2
12;2025-12-21;5;147
12;2025-12-21;6;524
12;2025-12-21;7;639
12;2025-12-21;8;713
12;2025-12-21;9;928
12;2025-12-21;10;1092
12;2025-12-21;11;1263
12;2025-12-21;12;1306
12;2025-12-21;13;1553
12;2025-12-21;14;1450
12;2025-12-21;15;1330
12;2025-12-21;16;1415
12;2025-12-21;17;1404
12;2025-12-21;18;1254
12;2025-12-21;19;1032
12;2025-12-21;20;762
12;2025-12-21;21;599
12;2025-12-21;22;382
12;2025-12-21;23;206
12;2025-12-22;0;58
12;2025-12-22;1;2
12;2025-12-22;2;0
12;2025-12-22;3;0
12;2025-12-22;4;5
12;2025-12-22;5;331
12;2025-12-22;6;1427
12;2025-12-22;7;2806
12;2025-12-22;8;3631
12;2025-12-22;9;2537
12;2025-12-22;10;2022
12;2025-12-22;11;1915
12;2025-12-22;12;2068
12;2025-12-22;13;2050
12;2025-12-22;14;2012
12;2025-12-22;15;2282
12;2025-12-22;16;2762
12;2025-12-22;17;3087
12;2025-12-22;18;3326
12;2025-12-22;19;2526
12;2025-12-22;20;1604
12;2025-12-22;21;947
12;2025-12-22;22;452
12;2025-12-22;23;230
12;2025-12-23;0;50
12;2025-12-23;1;1
12;2025-12-23;2;0
12;2025-12-23;3;0
12;2025-12-23;4;5
12;2025-12-23;5;334
12;2025-12-23;6;1470
12;2025-12-23;7;2885
12;2025-12-23;8;3857
12;2025-12-23;9;2628
12;2025-12-23;10;2198
12;2025-12-23;11;2164
12;2025-12-23;12;2126
12;2025-12-23;13;2165
12;2025-12-23;14;2153
12;2025-12-23;15;2314
12;2025-12-23;16;2885
12;2025-12-23;17;3221
12;2025-12-23;18;3359
12;2025-12-23;19;2673
12;2025-12-23;20;1603
12;2025-12-23;21;954
12;2025-12-23;22;500
12;2025-12-23;23;239
12;2025-12-24;0;54
12;2025-12-24;1;2
12;2025-12-24;2;0
12;2025-12-24;3;0
12;2025-12-24;4;6
12;2025-12-24;5;343
12;2025-12-24;6;1534
12;2025-12-24;7;2825
12;2025-12-24;8;3685
12;2025-12-24;9;2712
12;2025-12-24;10;2176
12;2025-12-24;11;2168
12;2025-12-24;12;2182
12;2025-12-24;13;2164
12;2025-12-24;14;2144
12;2025-12-24;15;2399
12;2025-12-24;16;2873
12;2025-12-24;17;3189
12;2025-12-24;18;3328
12;2025-12-24;19;2634
12;2025-12-24;20;1576
12;2025-12-24;21;1017
12;2025-12-24;22;510
12;2025-12-24;23;264
12;2025-12-25;0;50
12;2025-12-25;1;2
12;2025-12-25;2;0
12;2025-12-25;3;0
12;2025-12-25;4;6
12;2025-12-25;5;330
12;2025-12-25;6;1429
12;2025-12-25;7;2886
12;2025-12-25;8;3791
12;2025-12-25;9;2572
12;2025-12-25;10;2148
12;2025-12-25;11;2198
12;2025-12-25;12;2224
12;2025-12-25;13;2152
12;2025-12-25;14;2154
12;2025-12-25;15;2405
12;2025-12-25;16;2882
12;2025-12-25;17;3271
12;2025-12-25;18;3412
12;2025-12-25;19;2707
12;2025-12-25;20;1680
12;2025-12-25;21;970
12;2025-12-25;22;506
12;2025-12-25;23;266
12;2025-12-26;0;56
12;2025-12-26;1;2
12;2025-12-26;2;0
12;2025-12-26;3;0
12;2025-12-26;4;5
12;2025-12-26;5;316
12;2025-12-26;6;1441
12;2025-12-26;7;2818
12;2025-12-26;8;3703
12;2025-12-26;9;2471
12;2025-12-26;10;2021
12;2025-12-26;11;2126
12;2025-12-26;12;2145
12;2025-12-26;13;2129
12;2025-12-26;14;2202
12;2025-12-26;15;2531
12;2025-12-26;16;3247
12;2025-12-26;17;3146
12;2025-12-26;18;2751
12;2025-12-26;19;2396
12;2025-12-26;20;1571
12;2025-12-26;21;1025
12;2025-12-26;22;542
12;2025-12-26;23;303
12;2025-12-27;0;83
12;2025-12-27;1;4
12;2025-12-27;2;0
12;2025-12-27;3;0
12;2025-12-27;4;2
12;2025-12-27;5;226
12;2025-12-27;6;837
12;2025-12-27;7;913
12;2025-12-27;8;1008
12;2025-12-27;9;1198
12;2025-12-27;10;1446
12;2025-12-27;11;1482
12;2025-12-27;12;1490
12;2025-12-27;13;1737
12;2025-12-27;14;1658
12;2025-12-27;15;1524
12;2025-12-27;16;1594
12;2025-12-27;17;1550
12;2025-12-27;18;1470
12;2025-12-27;19;1422
12;2025-12-27;20;979
12;2025-12-27;21;698
12;2025-12-27;22;412
12;2025-12-27;23;293
12;2025-12-28;0;83
12;2025-12-28;1;7
12;2025-12-28;2;0
12;2025-12-28;3;0
12;2025-12-28;4;2
12;2025-12-28;5;147
12;2025-12-28;6;524
12;2025-12-28;7;639
12;2025-12-28;8;713
12;2025-12-28;9;928
12;2025-12-28;10;1092
12;2025-12-28;11;1263
12;2025-12-28;12;1306
12;2025-12-28;13;1553
12;2025-12-28;14;1450
12;2025-12-28;15;1330
12;2025-12-28;16;1415
12;2025-12-28;17;1404
12;2025-12-28;18;1254
12;2025-12-28;19;1032
12;2025-12-28;20;762
12;2025-12-28;21;599
12;2025-12-28;22;382
12;2025-12-28;23;206
12;2025-12-29;0;58
12;2025-12-29;1;2
12;2025-12-29;2;0
12;2025-12-29;3;0
12;2025-12-29;4;5
12;2025-12-29;5;331
12;2025-12-29;6;1427
12;2025-12-29;7;2806
12;2025-12-29;8;3631
12;2025-12-29;9;2537
12;2025-12-29;10;2022
12;2025-12-29;11;1915
12;2025-12-29;12;2068
12;2025-12-29;13;2050
12;2025-12-29;14;2012
12;2025-12-29;15;2282
12;2025-12-29;16;2762
12;2025-12-29;17;3087
12;2025-12-29;18;3326
12;2025-12-29;19;2526
12;2025-12-29;20;1604
12;2025-12-29;21;947
12;2025-12-29;22;452
12;2025-12-29;23;230
12;2025-12-30;0;50
12;2025-12-30;1;1
12;2025-12-30;2;0
12;2025-12-30;3;0
12;2025-12-30;4;5
12;2025-12-30;5;334
12;2025-12-30;6;1470
12;2025-12-30;7;2885
12;2025-12-30;8;3857
12;2025-12-30;9;2628
12;2025-12-30;10;2198
12;2025-12-30;11;2164
12;2025-12-30;12;2126
12;2025-12-30;13;2165
12;2025-12-30;14;2153
12;2025-12-30;15;2314
12;2025-12-30;16;2885
12;2025-12-30;17;3221
12;2025-12-30;18;3359
12;2025-12-30;19;2673
12;2025-12-30;20;1603
12;2025-12-30;21;954
12;2025-12-30;22;500
12;2025-12-30;23;239
12;2025-12-31;0;75
12;2025-12-31;1;5
12;2025-12-31;2;0
12;2025-12-31;3;0
12;2025-12-31;4;1
12;2025-12-31;5;139
12;2025-12-31;6;516
12;2025-12-31;7;627
12;2025-12-31;8;699
12;2025-12-31;9;913
12;2025-12-31;10;1075
12;2025-12-31;11;1244
12;2025-12-31;12;1287
12;2025-12-31;13;1536
12;2025-12-31;14;1431
12;2025-12-31;15;1311
12;2025-12-31;16;1396
12;2025-12-31;17;1386
12;2025-12-31;18;1237
12;2025-12-31;19;1021
12;2025-12-31;20;752
12;2025-12-31;21;589
12;2025-12-31;22;372
12;2025-12-31;23;197
17;2025-11-01;0;122
17;2025-11-01;1;11
17;2025-11-01;2;0
17;2025-11-01;3;0
17;2025-11-01;4;23
17;2025-11-01;5;295
17;2025-11-01;6;1511
17;2025-11-01;7;4014
17;2025-11-01;8;5304
17;2025-11-01;9;3793
17;2025-11-01;10;3011
17;2025-11-01;11;2973
17;2025-11-01;12;3063
17;2025-11-01;13;3137
17;2025-11-01;14;3177
17;2025-11-01;15;3549
17;2025-11-01;16;4255
17;2025-11-01;17;4716
17;2025-11-01;18;4503
17;2025-11-01;19;3347
17;2025-11-01;20;2378
17;2025-11-01;21;1591
17;2025-11-01;22;889
17;2025-11-01;23;424
17;2025-11-02;0;160
17;2025-11-02;1;19
17;2025-11-02;2;0
17;2025-11-02;3;0
17;2025-11-02;4;4
17;2025-11-02;5;95
17;2025-11-02;6;422
17;2025-11-02;7;788
17;2025-11-02;8;1275
17;2025-11-02;9;1779
17;2025-11-02;10;2071
17;2025-11-02;11;2547
17;2025-11-02;12;2981
17;2025-11-02;13;3262
17;2025-11-02;14;3387
17;2025-11-02;15;3408
17;2025-11-02;16;3383
17;2025-11-02;17;3234
17;2025-11-02;18;2824
17;2025-11-02;19;2313
17;2025-11-02;20;1762
17;2025-11-02;21;1258
17;2025-11-02;22;801
17;2025-11-02;23;323
17;2025-11-03;0;160
17;2025-11-03;1;19
17;2025-11-03;2;0
17;2025-11-03;3;0
17;2025-11-03;4;4
17;2025-11-03;5;95
17;2025-11-03;6;422
17;2025-11-03;7;788
17;2025-11-03;8;1275
17;2025-11-03;9;1779
17;2025-11-03;10;2071
17;2025-11-03;11;2546
17;2025-11-03;12;2981
17;2025-11-03;13;3262
17;2025-11-03;14;3387
17;2025-11-03;15;3408
17;2025-11-03;16;3383
17;2025-11-03;17;3234
17;2025-11-03;18;2824
17;2025-11-03;19;2313
17;2025-11-03;20;1762
17;2025-11-03;21;1258
17;2025-11-03;22;801
17;2025-11-03;23;323
17;2025-11-04;0;160
17;2025-11-04;1;19
17;2025-11-04;2;0
17;2025-11-04;3;0
17;2025-11-04;4;4
17;2025-11-04;5;95
17;2025-11-04;6;422
17;2025-11-04;7;788
17;2025-11-04;8;1275
17;2025-11-04;9;1779
17;2025-11-04;10;2071
17;2025-11-04;11;2546
17;2025-11-04;12;2981
17;2025-11-04;13;3262
17;2025-11-04;14;3387
17;2025-11-04;15;3408
17;2025-11-04;16;3383
17;2025-11-04;17;3234
17;2025-11-04;18;2824
17;2025-11-04;19;2313
17;2025-11-04;20;1762
17;2025-11-04;21;1258
17;2025-11-04;22;801
17;2025-11-04;23;323
17;2025-11-05;0;109
17;2025-11-05;1;9
17;2025-11-05;2;0
17;2025-11-05;3;0
17;2025-11-05;4;27
17;2025-11-05;5;314
17;2025-11-05;6;1545
17;2025-11-05;7;4095
17;2025-11-05;8;5420
17;2025-11-05;9;3841
17;2025-11-05;10;3024
17;2025-11-05;11;3004
17;2025-11-05;12;2988
17;2025-11-05;13;3097
17;2025-11-05;14;3120
17;2025-11-05;15;3311
17;2025-11-05;16;3709
17;2025-11-05;17;4559
17;2025-11-05;18;5002
17;2025-11-05;19;3514
17;2025-11-05;20;2384
17;2025-11-05;21;1495
17;2025-11-05;22;801
17;2025-11-05;23;374
17;2025-11-06;0;115
17;2025-11-06;1;9
17;2025-11-06;2;0
17;2025-11-06;3;0
17;2025-11-06;4;26
17;2025-11-06;5;314
17;2025-11-06;6;1538
17;2025-11-06;7;4093
17;2025-11-06;8;5418
17;2025-11-06;9;3864
17;2025-11-06;10;3064
17;2025-11-06;11;2976
17;2025-11-06;12;3052
17;2025-11-06;13;3077
17;2025-11-06;14;3169
17;2025-11-06;15;3310
17;2025-11-06;16;3772
17;2025-11-06;17;4584
17;2025-11-06;18;5035
17;2025-11-06;19;3570
17;2025-11-06;20;2458
17;2025-11-06;21;1513
17;2025-11-06;22;831
17;2025-11-06;23;379
17;2025-11-07;0;131
17;2025-11-07;1;14
17;2025-11-07;2;0
17;2025-11-07;3;0
17;2025-11-07;4;26
17;2025-11-07;5;304
17;2025-11-07;6;1518
17;2025-11-07;7;4027
17;2025-11-07;8;5318
17;2025-11-07;9;3808
17;2025-11-07;10;3026
17;2025-11-07;11;2981
17;2025-11-07;12;3077
17;2025-11-07;13;3151
17;2025-11-07;14;3192
17;2025-11-07;15;3564
17;2025-11-07;16;4269
17;2025-11-07;17;4730
17;2025-11-07;18;4516
17;2025-11-07;19;3353
17;2025-11-07;20;2381
17;2025-11-07;21;1596
17;2025-11-07;22;894
17;2025-11-07;23;445
17;2025-11-08;0;193
17;2025-11-08;1;19
17;2025-11-08;2;0
17;2025-11-08;3;0
17;2025-11-08;4;5
17;2025-11-08;5;122
17;2025-11-08;6;574
17;2025-11-08;7;1256
17;2025-11-08;8;1887
17;2025-11-08;9;2407
17;2025-11-08;10;2613
17;2025-11-08;11;3135
17;2025-11-08;12;3487
17;2025-11-08;13;3731
17;2025-11-08;14;3743
17;2025-11-08;15;3770
17;2025-11-08;16;3740
17;2025-11-08;17;3475
17;2025-11-08;18;3308
17;2025-11-08;19;2691
17;2025-11-08;20;2030
17;2025-11-08;21;1494
17;2025-11-08;22;915
17;2025-11-08;23;440
17;2025-11-09;0;160
17;2025-11-09;1;19
17;2025-11-09;2;0
17;2025-11-09;3;0
17;2025-11-09;4;4
17;2025-11-09;5;95
17;2025-11-09;6;421
17;2025-11-09;7;787
17;2025-11-09;8;1274
17;2025-11-09;9;1778
17;2025-11-09;10;2071
17;2025-11-09;11;2546
17;2025-11-09;12;2981
17;2025-11-09;13;3261
17;2025-11-09;14;3387
17;2025-11-09;15;3408
17;2025-11-09;16;3383
17;2025-11-09;17;3234
17;2025-11-09;18;2824
17;2025-11-09;19;2313
17;2025-11-09;20;1762
17;2025-11-09;21;1258
17;2025-11-09;22;800
17;2025-11-09;23;322
17;2025-11-10;0;95
17;2025-11-10;1;11
17;2025-11-10;2;0
17;2025-11-10;3;0
17;2025-11-10;4;26
17;2025-11-10;5;301
17;2025-11-10;6;1499
17;2025-11-10;7;4036
17;2025-11-10;8;5435
17;2025-11-10;9;3744
17;2025-11-10;10;2860
17;2025-11-10;11;2847
17;2025-11-10;12;2860
17;2025-11-10;13;2916
17;2025-11-10;14;2973
17;2025-11-10;15;3181
17;2025-11-10;16;3652
17;2025-11-10;17;4491
17;2025-11-10;18;4950
17;2025-11-10;19;3549
17;2025-11-10;20;2348
17;2025-11-10;21;1372
17;2025-11-10;22;723
17;2025-11-10;23;315
17;2025-11-11;0;105
17;2025-11-11;1;9
17;2025-11-11;2;0
17;2025-11-11;3;0
17;2025-11-11;4;27
17;2025-11-11;5;314
17;2025-11-11;6;1551
17;2025-11-11;7;4159
17;2025-11-11;8;5553
17;2025-11-11;9;3910
17;2025-11-11;10;3027
17;2025-11-11;11;2893
17;2025-11-11;12;2999
17;2025-11-11;13;3037
17;2025-11-11;14;3153
17;2025-11-11;15;3253
17;2025-11-11;16;3634
17;2025-11-11;17;4580
17;2025-11-11;18;5057
17;2025-11-11;19;3558
17;2025-11-11;20;2418
17;2025-11-11;21;1416
17;2025-11-11;22;759
17;2025-11-11;23;342
17;2025-11-12;0;109
17;2025-11-12;1;9
17;2025-11-12;2;0
17;2025-11-12;3;0
17;2025-11-12;4;27
17;2025-11-12;5;314
17;2025-11-12;6;1545
17;2025-11-12;7;4095
17;2025-11-12;8;5420
17;2025-11-12;9;3841
17;2025-11-12;10;3024
17;2025-11-12;11;3004
17;2025-11-12;12;2988
17;2025-11-12;13;3097
17;2025-11-12;14;3120
17;2025-11-12;15;3311
17;2025-11-12;16;3709
17;2025-11-12;17;4559
17;2025-11-12;18;5002
17;2025-11-12;19;3514
17;2025-11-12;20;2384
17;2025-11-12;21;1495
17;2025-11-12;22;801
17;2025-11-12;23;374
17;2025-11-13;0;115
17;2025-11-13;1;9
17;2025-11-13;2;0
17;2025-11-13;3;0
17;2025-11-13;4;26
17;2025-11-13;5;314
17;2025-11-13;6;1538
17;2025-11-13;7;4093
17;2025-11-13;8;5418
17;2025-11-13;9;3864
17;2025-11-13;10;3064
17;2025-11-13;11;2976
17;2025-11-13;12;3052
17;2025-11-13;13;3077
17;2025-11-13;14;3169
17;2025-11-13;15;3310
17;2025-11-13;16;3772
17;2025-11-13;17;4584
17;2025-11-13;18;5035
17;2025-11-13;19;3570
17;2025-11-13;20;2458
17;2025-11-13;21;1513
17;2025-11-13;22;831
17;2025-11-13;23;379
17;2025-11-14;0;131
17;2025-11-14;1;14
17;2025-11-14;2;0
17;2025-11-14;3;0
17;2025-11-14;4;26
17;2025-11-14;5;304
17;2025-11-14;6;1518
17;2025-11-14;7;4027
17;2025-11-14;8;5318
17;2025-11-14;9;3808
17;2025-11-14;10;3026
17;2025-11-14;11;2981
17;2025-11-14;12;3077
17;2025-11-14;13;3151
17;2025-11-14;14;3192
17;2025-11-14;15;3564
17;2025-11-14;16;4269
17;2025-11-14;17;4730
17;2025-11-14;18;4516
17;2025-11-14;19;3353
17;2025-11-14;20;2381
17;2025-11-14;21;1596
17;2025-11-14;22;894
17;2025-11-14;23;445
17;2025-11-15;0;193
17;2025-11-15;1;19
17;2025-11-15;2;0
17;2025-11-15;3;0
17;2025-11-15;4;5
17;2025-11-15;5;122
17;2025-11-15;6;574
17;2025-11-15;7;1256
17;2025-11-15;8;1887
17;2025-11-15;9;2407
17;2025-11-15;10;2613
17;2025-11-15;11;3135
17;2025-11-15;12;3487
17;2025-11-15;13;3731
17;2025-11-15;14;3743
17;2025-11-15;15;3770
17;2025-11-15;16;3740
17;2025-11-15;17;3475
17;2025-11-15;18;3308
17;2025-11-15;19;2691
17;2025-11-15;20;2030
17;2025-11-15;21;1494
17;2025-11-15;22;915
17;2025-11-15;23;440
17;2025-11-16;0;160
17;2025-11-16;1;19
17;2025-11-16;2;0
17;2025-11-16;3;0
17;2025-11-16;4;4
17;2025-11-16;5;95
17;2025-11-16;6;421
17;2025-11-16;7;787
17;2025-11-16;8;1274
17;2025-11-16;9;1778
17;2025-11-16;10;2071
17;2025-11-16;11;2546
17;2025-11-16;12;2981
17;2025-11-16;13;3261
17;2025-11-16;14;3387
17;2025-11-16;15;3408
17;2025-11-16;16;3383
17;2025-11-16;17;3234
17;2025-11-16;18;2824
17;2025-11-16;19;2313
17;2025-11-16;20;1762
17;2025-11-16;21;1258
17;2025-11-16;22;800
17;2025-11-16;23;322
17;2025-11-17;0;95
17;2025-11-17;1;11
17;2025-11-17;2;0
17;2025-11-17;3;0
17;2025-11-17;4;26
17;2025-11-17;5;301
17;2025-11-17;6;1499
17;2025-11-17;7;4036
17;2025-11-17;8;5435
17;2025-11-17;9;3744
17;2025-11-17;10;2860
17;2025-11-17;11;2847
17;2025-11-17;12;2860
17;2025-11-17;13;2916
17;2025-11-17;14;2973
17;2025-11-17;15;3181
17;2025-11-17;16;3652
17;2025-11-17;17;4491
17;2025-11-17;18;4950
17;2025-11-17;19;3549
17;2025-11-17;20;2348
17;2025-11-17;21;1372
17;2025-11-17;22;723
17;2025-11-17;23;315
17;2025-11-18;0;105
17;2025-11-18;1;9
17;2025-11-18;2;0
17;2025-11-18;3;0
17;2025-11-18;4;27
17;2025-11-18;5;314
17;2025-11-18;6;1551
17;2025-11-18;7;4159
17;2025-11-18;8;5553
17;2025-11-18;9;3910
17;2025-11-18;10;3027
17;2025-11-18;11;2893
17;2025-11-18;12;2999
17;2025-11-18;13;3037
17;2025-11-18;14;3153
17;2025-11-18;15;3253
17;2025-11-18;16;3634
17;2025-11-18;17;4580
17;2025-11-18;18;5057
17;2025-11-18;19;3558
17;2025-11-18;20;2418
17;2025-11-18;21;1416
17;2025-11-18;22;759
17;2025-11-18;23;342
17;2025-11-19;0;109
17;2025-11-19;1;9
17;2025-11-19;2;0
17;2025-11-19;3;0
17;2025-11-19;4;27
17;2025-11-19;5;314
17;2025-11-19;6;1545
17;2025-11-19;7;4095
17;2025-11-19;8;5420
17;2025-11-19;9;3841
17;2025-11-19;10;3024
17;2025-11-19;11;3004
17;2025-11-19;12;2988
17;2025-11-19;13;3097
17;2025-11-19;14;3120
17;2025-11-19;15;3311
17;2025-11-19;16;3709
17;2025-11-19;17;4559
17;2025-11-19;18;5002
17;2025-11-19;19;3514
17;2025-11-19;20;2384
17;2025-11-19;21;1495
17;2025-11-19;22;801
17;2025-11-19;23;374
17;2025-11-20;0;115
17;2025-11-20;1;9
17;2025-11-20;2;0
17;2025-11-20;3;0
17;2025-11-20;4;26
17;2025-11-20;5;314
17;2025-11-20;6;1538
17;2025-11-20;7;4093
17;2025-11-20;8;5418
17;2025-11-20;9;3864
17;2025-11-20;10;3064
17;2025-11-20;11;2976
17;2025-11-20;12;3052
17;2025-11-20;13;3077
17;2025-11-20;14;3169
17;2025-11-20;15;3310
17;2025-11-20;16;3772
17;2025-11-20;17;4584
17;2025-11-20;18;5035
17;2025-11-20;19;3570
17;2025-11-20;20;2458
17;2025-11-20;21;1513
17;2025-11-20;22;831
17;2025-11-20;23;379
17;2025-11-21;0;131
17;2025-11-21;1;14
17;2025-11-21;2;0
17;2025-11-21;3;0
17;2025-11-21;4;26
17;2025-11-21;5;304
17;2025-11-21;6;1518
17;2025-11-21;7;4027
17;2025-11-21;8;5318
17;2025-11-21;9;3808
17;2025-11-21;10;3026
17;2025-11-21;11;2981
17;2025-11-21;12;3077
17;2025-11-21;13;3151
17;2025-11-21;14;3192
17;2025-11-21;15;3564
17;2025-11-21;16;4269
17;2025-11-21;17;4730
17;2025-11-21;18;4516
17;2025-11-21;19;3353
17;2025-11-21;20;2381
17;2025-11-21;21;1596
17;2025-11-21;22;894
17;2025-11-21;23;445
17;2025-11-22;0;193
17;2025-11-22;1;19
17;2025-11-22;2;0
17;2025-11-22;3;0
17;2025-11-22;4;5
17;2025-11-22;5;122
17;2025-11-22;6;574
17;2025-11-22;7;1256
17;2025-11-22;8;1887
17;2025-11-22;9;2407
17;2025-11-22;10;2613
17;2025-11-22;11;3135
17;2025-11-22;12;3487
17;2025-11-22;13;3731
17;2025-11-22;14;3743
17;2025-11-22;15;3770
17;2025-11-22;16;3740
17;2025-11-22;17;3475
17;2025-11-22;18;3308
17;2025-11-22;19;2691
17;2025-11-22;20;2030
17;2025-11-22;21;1494
17;2025-11-22;22;915
17;2025-11-22;23;440
17;2025-11-23;0;160
17;2025-11-23;1;19
17;2025-11-23;2;0
17;2025-11-23;3;0
17;2025-11-23;4;4
17;2025-11-23;5;95
17;2025-11-23;6;421
17;2025-11-23;7;787
17;2025-11-23;8;1274
17;2025-11-23;9;1778
17;2025-11-23;10;2071
17;2025-11-23;11;2546
17;2025-11-23;12;2981
17;2025-11-23;13;3261
17;2025-11-23;14;3387
17;2025-11-23;15;3408
17;2025-11-23;16;3383
17;2025-11-23;17;3234
17;2025-11-23;18;2824
17;2025-11-23;19;2313
17;2025-11-23;20;1762
17;2025-11-23;21;1258
17;2025-11-23;22;800
17;2025-11-23;23;322
17;2025-11-24;0;95
17;2025-11-24;1;11
17;2025-11-24;2;0
17;2025-11-24;3;0
17;2025-11-24;4;26
17;2025-11-24;5;301
17;2025-11-24;6;1499
17;2025-11-24;7;4036
17;2025-11-24;8;5435
17;2025-11-24;9;3744
17;2025-11-24;10;2860
17;2025-11-24;11;2847
17;2025-11-24;12;2860
17;2025-11-24;13;2916
17;2025-11-24;14;2973
17;2025-11-24;15;3181
17;2025-11-24;16;3652
17;2025-11-24;17;4491
17;2025-11-24;18;4950
17;2025-11-24;19;3549
17;2025-11-24;20;2348
17;2025-11-24;21;1372
17;2025-11-24;22;723
17;2025-11-24;23;315
17;2025-11-25;0;105
17;2025-11-25;1;9
17;2025-11-25;2;0
17;2025-11-25;3;0
17;2025-11-25;4;27
17;2025-11-25;5;314
17;2025-11-25;6;1551
17;2025-11-25;7;4159
17;2025-11-25;8;5553
17;2025-11-25;9;3910
17;2025-11-25;10;3027
17;2025-11-25;11;2893
17;2025-11-25;12;2999
17;2025-11-25;13;3037
17;2025-11-25;14;3153
17;2025-11-25;15;3253
17;2025-11-25;16;3634
17;2025-11-25;17;4580
17;2025-11-25;18;5057
17;2025-11-25;19;3558
17;2025-11-25;20;2418
17;2025-11-25;21;1416
17;2025-11-25;22;759
17;2025-11-25;23;342
17;2025-11-26;0;109
17;2025-11-26;1;9
17;2025-11-26;2;0
17;2025-11-26;3;0
17;2025-11-26;4;27
17;2025-11-26;5;314
17;2025-11-26;6;1545
17;2025-11-26;7;4095
17;2025-11-26;8;5420
17;2025-11-26;9;3841
17;2025-11-26;10;3024
17;2025-11-26;11;3004
17;2025-11-26;12;2988
17;2025-11-26;13;3097
17;2025-11-26;14;3120
17;2025-11-26;15;3311
17;2025-11-26;16;3709
17;2025-11-26;17;4559
17;2025-11-26;18;5002
17;2025-11-26;19;3514
17;2025-11-26;20;2384
17;2025-11-26;21;1495
17;2025-11-26;22;801
17;2025-11-26;23;374
17;2025-11-27;0;115
17;2025-11-27;1;9
17;2025-11-27;2;0
17;2025-11-27;3;0
17;2025-11-27;4;26
17;2025-11-27;5;314
17;2025-11-27;6;1538
17;2025-11-27;7;4093
17;2025-11-27;8;5418
17;2025-11-27;9;3864
17;2025-11-27;10;3064
17;2025-11-27;11;2976
17;2025-11-27;12;3052
17;2025-11-27;13;3077
17;2025-11-27;14;3169
17;2025-11-27;15;3310
17;2025-11-27;16;3772
17;2025-11-27;17;4584
17;2025-11-27;18;5035
17;2025-11-27;19;3570
17;2025-11-27;20;2458
17;2025-11-27;21;1513
17;2025-11-27;22;831
17;2025-11-27;23;379
17;2025-11-28;0;131
17;2025-11-28;1;14
17;2025-11-28;2;0
17;2025-11-28;3;0
17;2025-11-28;4;26
17;2025-11-28;5;304
17;2025-11-28;6;1518
17;2025-11-28;7;4027
17;2025-11-28;8;5318
17;2025-11-28;9;3808
17;2025-11-28;10;3026
17;2025-11-28;11;2981
17;2025-11-28;12;3077
17;2025-11-28;13;3151
17;2025-11-28;14;3192
17;2025-11-28;15;3564
17;2025-11-28;16;4269
17;2025-11-28;17;4730
17;2025-11-28;18;4516
17;2025-11-28;19;3353
17;2025-11-28;20;2381
17;2025-11-28;21;1596
17;2025-11-28;22;894
17;2025-11-28;23;445
17;2025-11-29;0;193
17;2025-11-29;1;19
17;2025-11-29;2;0
17;2025-11-29;3;0
17;2025-11-29;4;5
17;2025-11-29;5;122
17;2025-11-29;6;574
17;2025-11-29;7;1256
17;2025-11-29;8;1887
17;2025-11-29;9;2407
17;2025-11-29;10;2613
17;2025-11-29;11;3135
17;2025-11-29;12;3487
17;2025-11-29;13;3731
17;2025-11-29;14;3743
17;2025-11-29;15;3770
17;2025-11-29;16;3740
17;2025-11-29;17;3475
17;2025-11-29;18;3308
17;2025-11-29;19;2691
17;2025-11-29;20;2030
17;2025-11-29;21;1494
17;2025-11-29;22;915
17;2025-11-29;23;440
17;2025-11-30;0;160
17;2025-11-30;1;19
17;2025-11-30;2;0
17;2025-11-30;3;0
17;2025-11-30;4;4
17;2025-11-30;5;95
17;2025-11-30;6;421
17;2025-11-30;7;787
17;2025-11-30;8;1274
17;2025-11-30;9;1778
17;2025-11-30;10;2071
17;2025-11-30;11;2546
17;2025-11-30;12;2981
17;2025-11-30;13;3261
17;2025-11-30;14;3387
17;2025-11-30;15;3408
17;2025-11-30;16;3383
17;2025-11-30;17;3234
17;2025-11-30;18;2824
17;2025-11-30;19;2313
17;2025-11-30;20;1762
17;2025-11-30;21;1258
17;2025-11-30;22;800
17;2025-11-30;23;322
17;2025-12-01;0;95
17;2025-12-01;1;11
17;2025-12-01;2;0
17;2025-12-01;3;0
17;2025-12-01;4;26
17;2025-12-01;5;301
17;2025-12-01;6;1499
17;2025-12-01;7;4036
17;2025-12-01;8;5435
17;2025-12-01;9;3744
17;2025-12-01;10;2860
17;2025-12-01;11;2847
17;2025-12-01;12;2860
17;2025-12-01;13;2916
17;2025-12-01;14;2973
17;2025-12-01;15;3181
17;2025-12-01;16;3652
17;2025-12-01;17;4491
17;2025-12-01;18;4950
17;2025-12-01;19;3549
17;2025-12-01;20;2348
17;2025-12-01;21;1372
17;2025-12-01;22;723
17;2025-12-01;23;315
17;2025-12-02;0;105
17;2025-12-02;1;9
17;2025-12-02;2;0
17;2025-12-02;3;0
17;2025-12-02;4;27
17;2025-12-02;5;314
17;2025-12-02;6;1551
17;2025-12-02;7;4159
17;2025-12-02;8;5553
17;2025-12-02;9;3910
17;2025-12-02;10;3027
17;2025-12-02;11;2893
17;2025-12-02;12;2999
17;2025-12-02;13;3037
17;2025-12-02;14;3153
17;2025-12-02;15;3253
17;2025-12-02;16;3634
17;2025-12-02;17;4580
17;2025-12-02;18;5057
17;2025-12-02;19;3558
17;2025-12-02;20;2418
17;2025-12-02;21;1416
17;2025-12-02;22;759
17;2025-12-02;23;342
17;2025-12-03;0;109
17;2025-12-03;1;9
17;2025-12-03;2;0
17;2025-12-03;3;0
17;2025-12-03;4;27
17;2025-12-03;5;314
17;2025-12-03;6;1545
17;2025-12-03;7;4095
17;2025-12-03;8;5420
17;2025-12-03;9;3841
17;2025-12-03;10;3024
17;2025-12-03;11;3004
17;2025-12-03;12;2988
17;2025-12-03;13;3097
17;2025-12-03;14;3120
17;2025-12-03;15;3311
17;2025-12-03;16;3709
17;2025-12-03;17;4559
17;2025-12-03;18;5002
17;2025-12-03;19;3514
17;2025-12-03;20;2384
17;2025-12-03;21;1495
17;2025-12-03;22;801
17;2025-12-03;23;374
17;2025-12-04;0;115
17;2025-12-04;1;9
17;2025-12-04;2;0
17;2025-12-04;3;0
17;2025-12-04;4;26
17;2025-12-04;5;314
17;2025-12-04;6;1538
17;2025-12-04;7;4093
17;2025-12-04;8;5418
17;2025-12-04;9;3864
17;2025-12-04;10;3064
17;2025-12-04;11;2976
17;2025-12-04;12;3052
17;2025-12-04;13;3077
17;2025-12-04;14;3169
17;2025-12-04;15;3310
17;2025-12-04;16;3772
17;2025-12-04;17;4584
17;2025-12-04;18;5035
17;2025-12-04;19;3570
17;2025-12-04;20;2458
17;2025-12-04;21;1513
17;2025-12-04;22;831
17;2025-12-04;23;379
17;2025-12-05;0;131
17;2025-12-05;1;14
17;2025-12-05;2;0
17;2025-12-05;3;0
17;2025-12-05;4;26
17;2025-12-05;5;304
17;2025-12-05;6;1518
17;2025-12-05;7;4027
17;2025-12-05;8;5318
17;2025-12-05;9;3808
17;2025-12-05;10;3026
17;2025-12-05;11;2981
17;2025-12-05;12;3077
17;2025-12-05;13;3151
17;2025-12-05;14;3192
17;2025-12-05;15;3564
17;2025-12-05;16;4269
17;2025-12-05;17;4730
17;2025-12-05;18;4516
17;2025-12-05;19;3353
17;2025-12-05;20;2381
17;2025-12-05;21;1596
17;2025-12-05;22;894
17;2025-12-05;23;445
17;2025-12-06;0;193
17;2025-12-06;1;19
17;2025-12-06;2;0
17;2025-12-06;3;0
17;2025-12-06;4;5
17;2025-12-06;5;122
17;2025-12-06;6;574
17;2025-12-06;7;1256
17;2025-12-06;8;1887
17;2025-12-06;9;2407
17;2025-12-06;10;2613
17;2025-12-06;11;3135
17;2025-12-06;12;3487
17;2025-12-06;13;3731
17;2025-12-06;14;3743
17;2025-12-06;15;3770
17;2025-12-06;16;3740
17;2025-12-06;17;3475
17;2025-12-06;18;3308
17;2025-12-06;19;2691
17;2025-12-06;20;2030
17;2025-12-06;21;1494
17;2025-12-06;22;915
17;2025-12-06;23;440
17;2025-12-07;0;160
17;2025-12-07;1;19
17;2025-12-07;2;0
17;2025-12-07;3;0
17;2025-12-07;4;4
17;2025-12-07;5;95
17;2025-12-07;6;421
17;2025-12-07;7;787
17;2025-12-07;8;1274
17;2025-12-07;9;1778
17;2025-12-07;10;2071
17;2025-12-07;11;2546
17;2025-12-07;12;2981
17;2025-12-07;13;3261
17;2025-12-07;14;3387
17;2025-12-07;15;3408
17;2025-12-07;16;3383
17;2025-12-07;17;3234
17;2025-12-07;18;2824
17;2025-12-07;19;2313
17;2025-12-07;20;1762
17;2025-12-07;21;1258
17;2025-12-07;22;800
17;2025-12-07;23;322
17;2025-12-08;0;95
17;2025-12-08;1;11
17;2025-12-08;2;0
17;2025-12-08;3;0
17;2025-12-08;4;26
17;2025-12-08;5;301
17;2025-12-08;6;1499
17;2025-12-08;7;4036
17;2025-12-08;8;5435
17;2025-12-08;9;3744
17;2025-12-08;10;2860
17;2025-12-08;11;2847
17;2025-12-08;12;2860
17;2025-12-08;13;2916
17;2025-12-08;14;2973
17;2025-12-08;15;3181
17;2025-12-08;16;3652
17;2025-12-08;17;4491
17;2025-12-08;18;4950
17;2025-12-08;19;3549
17;2025-12-08;20;2348
17;2025-12-08;21;1372
17;2025-12-08;22;723
17;2025-12-08;23;315
17;2025-12-09;0;105
17;2025-12-09;1;9
17;2025-12-09;2;0
17;2025-12-09;3;0
17;2025-12-09;4;27
17;2025-12-09;5;314
17;2025-12-09;6;1551
17;2025-12-09;7;4159
17;2025-12-09;8;5553
17;2025-12-09;9;3910
17;2025-12-09;10;3027
17;2025-12-09;11;2893
17;2025-12-09;12;2999
17;2025-12-09;13;3037
17;2025-12-09;14;3153
17;2025-12-09;15;3253
17;2025-12-09;16;3634
17;2025-12-09;17;4580
17;2025-12-09;18;5057
17;2025-12-09;19;3558
17;2025-12-09;20;2418
17;2025-12-09;21;1416
17;2025-12-09;22;759
17;2025-12-09;23;342
17;2025-12-10;0;109
17;2025-12-10;1;9
17;2025-12-10;2;0
17;2025-12-10;3;0
17;2025-12-10;4;27
17;2025-12-10;5;314
17;2025-12-10;6;1545
17;2025-12-10;7;4095
17;2025-12-10;8;5420
17;2025-12-10;9;3841
17;2025-12-10;10;3024
17;2025-12-10;11;3004
17;2025-12-10;12;2988
17;2025-12-10;13;3097
17;2025-12-10;14;3120
17;2025-12-10;15;3311
17;2025-12-10;16;3709
17;2025-12-10;17;4559
17;2025-12-10;18;5002
17;2025-12-10;19;3514
17;2025-12-10;20;2384
17;2025-12-10;21;1495
17;2025-12-10;22;801
17;2025-12-10;23;374
17;2025-12-11;0;115
17;2025-12-11;1;9
17;2025-12-11;2;0
17;2025-12-11;3;0
17;2025-12-11;4;26
17;2025-12-11;5;314
17;2025-12-11;6;1538
17;2025-12-11;7;4093
17;2025-12-11;8;5418
17;2025-12-11;9;3864
17;2025-12-11;10;3064
17;2025-12-11;11;2976
17;2025-12-11;12;3052
17;2025-12-11;13;3077
17;2025-12-11;14;3169
17;2025-12-11;15;3310
17;2025-12-11;16;3772
17;2025-12-11;17;4584
17;2025-12-11;18;5035
17;2025-12-11;19;3570
17;2025-12-11;20;2458
17;2025-12-11;21;1513
17;2025-12-11;22;831
17;2025-12-11;23;379
17;2025-12-12;0;131
17;2025-12-12;1;14
17;2025-12-12;2;0
17;2025-12-12;3;0
17;2025-12-12;4;26
17;2025-12-12;5;304
17;2025-12-12;6;1518
17;2025-12-12;7;4027
17;2025-12-12;8;5318
17;2025-12-12;9;3808
17;2025-12-12;10;3026
17;2025-12-12;11;2981
17;2025-12-12;12;3077
17;2025-12-12;13;3151
17;2025-12-12;14;3192
17;2025-12-12;15;3564
17;2025-12-12;16;4269
17;2025-12-12;17;4730
17;2025-12-12;18;4516
17;2025-12-12;19;3353
17;2025-12-12;20;2381
17;2025-12-12;21;1596
17;2025-12-12;22;894
17;2025-12-12;23;445
17;2025-12-13;0;193
17;2025-12-13;1;19
17;2025-12-13;2;0
17;2025-12-13;3;0
17;2025-12-13;4;5
17;2025-12-13;5;122
17;2025-12-13;6;574
17;2025-12-13;7;1256
17;2025-12-13;8;1887
17;2025-12-13;9;2407
17;2025-12-13;10;2613
17;2025-12-13;11;3135
17;2025-12-13;12;3487
17;2025-12-13;13;3731
17;2025-12-13;14;3743
17;2025-12-13;15;3770
17;2025-12-13;16;3740
17;2025-12-13;17;3475
17;2025-12-13;18;3308
17;2025-12-13;19;2691
17;2025-12-13;20;2030
17;2025-12-13;21;1494
17;2025-12-13;22;915
17;2025-12-13;23;440
17;2025-12-14;0;160
17;2025-12-14;1;19
17;2025-12-14;2;0
17;2025-12-14;3;0
17;2025-12-14;4;4
17;2025-12-14;5;95
17;2025-12-14;6;421
17;2025-12-14;7;787
17;2025-12-14;8;1274
17;2025-12-14;9;1778
17;2025-12-14;10;2071
17;2025-12-14;11;2546
17;2025-12-14;12;2981
17;2025-12-14;13;3261
17;2025-12-14;14;3387
17;2025-12-14;15;3408
17;2025-12-14;16;3383
17;2025-12-14;17;3234
17;2025-12-14;18;2824
17;2025-12-14;19;2313
17;2025-12-14;20;1762
17;2025-12-14;21;1258
17;2025-12-14;22;800
17;2025-12-14;23;322
17;2025-12-15;0;95
17;2025-12-15;1;11
17;2025-12-15;2;0
17;2025-12-15;3;0
17;2025-12-15;4;26
17;2025-12-15;5;301
17;2025-12-15;6;1499
17;2025-12-15;7;4036
17;2025-12-15;8;5435
17;2025-12-15;9;3744
17;2025-12-15;10;2860
17;2025-12-15;11;2847
17;2025-12-15;12;2860
17;2025-12-15;13;2916
17;2025-12-15;14;2973
17;2025-12-15;15;3181
17;2025-12-15;16;3652
17;2025-12-15;17;4491
17;2025-12-15;18;4950
17;2025-12-15;19;3549
17;2025-12-15;20;2348
17;2025-12-15;21;1372
17;2025-12-15;22;723
17;2025-12-15;23;315
17;2025-12-16;0;105
17;2025-12-16;1;9
17;2025-12-16;2;0
17;2025-12-16;3;0
17;2025-12-16;4;27
17;2025-12-16;5;314
17;2025-12-16;6;1551
17;2025-12-16;7;4159
17;2025-12-16;8;5553
17;2025-12-16;9;3910
17;2025-12-16;10;3027
17;2025-12-16;11;2893
17;2025-12-16;12;2999
17;2025-12-16;13;3037
17;2025-12-16;14;3153
17;2025-12-16;15;3253
17;2025-12-16;16;3634
17;2025-12-16;17;4580
17;2025-12-16;18;5057
17;2025-12-16;19;3558
17;2025-12-16;20;2418
17;2025-12-16;21;1416
17;2025-12-16;22;759
17;2025-12-16;23;342
17;2025-12-17;0;109
17;2025-12-17;1;9
17;2025-12-17;2;0
17;2025-12-17;3;0
17;2025-12-17;4;27
17;2025-12-17;5;314
17;2025-12-17;6;1545
17;2025-12-17;7;4095
17;2025-12-17;8;5420
17;2025-12-17;9;3841
17;2025-12-17;10;3024
17;2025-12-17;11;3004
17;2025-12-17;12;2988
17;2025-12-17;13;3097
17;2025-12-17;14;3120
17;2025-12-17;15;3311
17;2025-12-17;16;3709
17;2025-12-17;17;4559
17;2025-12-17;18;5002
17;2025-12-17;19;3514
17;2025-12-17;20;2384
17;2025-12-17;21;1495
17;2025-12-17;22;801
17;2025-12-17;23;374
17;2025-12-18;0;115
17;2025-12-18;1;9
17;2025-12-18;2;0
17;2025-12-18;3;0
17;2025-12-18;4;26
17;2025-12-18;5;314
17;2025-12-18;6;1538
17;2025-12-18;7;4093
17;2025-12-18;8;5418
17;2025-12-18;9;3864
17;2025-12-18;10;3064
17;2025-12-18;11;2976
17;2025-12-18;12;3052
17;2025-12-18;13;3077
17;2025-12-18;14;3169
17;2025-12-18;15;3310
17;2025-12-18;16;3772
17;2025-12-18;17;4584
17;2025-12-18;18;5035
17;2025-12-18;19;3570
17;2025-12-18;20;2458
17;2025-12-18;21;1513
17;2025-12-18;22;831
17;2025-12-18;23;379
17;2025-12-19;0;131
17;2025-12-19;1;14
17;2025-12-19;2;0
17;2025-12-19;3;0
17;2025-12-19;4;26
17;2025-12-19;5;304
17;2025-12-19;6;1518
17;2025-12-19;7;4027
17;2025-12-19;8;5318
17;2025-12-19;9;3808
17;2025-12-19;10;3026
17;2025-12-19;11;2981
17;2025-12-19;12;3077
17;2025-12-19;13;3151
17;2025-12-19;14;3192
17;2025-12-19;15;3564
17;2025-12-19;16;4269
17;2025-12-19;17;4730
17;2025-12-19;18;4516
17;2025-12-19;19;3353
17;2025-12-19;20;2381
17;2025-12-19;21;1596
17;2025-12-19;22;894
17;2025-12-19;23;445
17;2025-12-20;0;193
17;2025-12-20;1;19
17;2025-12-20;2;0
17;2025-12-20;3;0
17;2025-12-20;4;5
17;2025-12-20;5;122
17;2025-12-20;6;574
17;2025-12-20;7;1256
17;2025-12-20;8;1887
17;2025-12-20;9;2407
17;2025-12-20;10;2613
17;2025-12-20;11;3135
17;2025-12-20;12;3487
17;2025-12-20;13;3731
17;2025-12-20;14;3743
17;2025-12-20;15;3770
17;2025-12-20;16;3740
17;2025-12-20;17;3475
17;2025-12-20;18;3308
17;2025-12-20;19;2691
17;2025-12-20;20;2030
17;2025-12-20;21;1494
17;2025-12-20;22;915
17;2025-12-20;23;440
17;2025-12-21;0;160
17;2025-12-21;1;19
17;2025-12-21;2;0
17;2025-12-21;3;0
17;2025-12-21;4;4
17;2025-12-21;5;95
17;2025-12-21;6;421
17;2025-12-21;7;787
17;2025-12-21;8;1274
17;2025-12-21;9;1778
17;2025-12-21;10;2071
17;2025-12-21;11;2546
17;2025-12-21;12;2981
17;2025-12-21;13;3261
17;2025-12-21;14;3387
17;2025-12-21;15;3408
17;2025-12-21;16;3383
17;2025-12-21;17;3234
17;2025-12-21;18;2824
17;2025-12-21;19;2313
17;2025-12-21;20;1762
17;2025-12-21;21;1258
17;2025-12-21;22;800
17;2025-12-21;23;322
17;2025-12-22;0;95
17;2025-12-22;1;11
17;2025-12-22;2;0
17;2025-12-22;3;0
17;2025-12-22;4;26
17;2025-12-22;5;301
17;2025-12-22;6;1499
17;2025-12-22;7;4036
17;2025-12-22;8;5435
17;2025-12-22;9;3744
17;2025-12-22;10;2860
17;2025-12-22;11;2847
17;2025-12-22;12;2860
17;2025-12-22;13;2916
17;2025-12-22;14;2973
17;2025-12-22;15;3181
17;2025-12-22;16;3652
17;2025-12-22;17;4491
17;2025-12-22;18;4950
17;2025-12-22;19;3549
17;2025-12-22;20;2348
17;2025-12-22;21;1372
17;2025-12-22;22;723
17;2025-12-22;23;315
17;2025-12-23;0;105
17;2025-12-23;1;9
17;2025-12-23;2;0
17;2025-12-23;3;0
17;2025-12-23;4;27
17;2025-12-23;5;314
17;2025-12-23;6;1551
17;2025-12-23;7;4159
17;2025-12-23;8;5553
17;2025-12-23;9;3910
17;2025-12-23;10;3027
17;2025-12-23;11;2893
17;2025-12-23;12;2999
17;2025-12-23;13;3037
17;2025-12-23;14;3153
17;2025-12-23;15;3253
17;2025-12-23;16;3634
17;2025-12-23;17;4580
17;2025-12-23;18;5057
17;2025-12-23;19;3558
17;2025-12-23;20;2418
17;2025-12-23;21;1416
17;2025-12-23;22;759
17;2025-12-23;23;342
17;2025-12-24;0;109
17;2025-12-24;1;9
17;2025-12-24;2;0
17;2025-12-24;3;0
17;2025-12-24;4;27
17;2025-12-24;5;314
17;2025-12-24;6;1545
17;2025-12-24;7;4095
17;2025-12-24;8;5420
17;2025-12-24;9;3841
17;2025-12-24;10;3024
17;2025-12-24;11;3004
17;2025-12-24;12;2988
17;2025-12-24;13;3097
17;2025-12-24;14;3120
17;2025-12-24;15;3311
17;2025-12-24;16;3709
17;2025-12-24;17;4559
17;2025-12-24;18;5002
17;2025-12-24;19;3514
17;2025-12-24;20;2384
17;2025-12-24;21;1495
17;2025-12-24;22;801
17;2025-12-24;23;374
17;2025-12-25;0;115
17;2025-12-25;1;9
17;2025-12-25;2;0
17;2025-12-25;3;0
17;2025-12-25;4;26
17;2025-12-25;5;314
17;2025-12-25;6;1538
17;2025-12-25;7;4093
17;2025-12-25;8;5418
17;2025-12-25;9;3864
17;2025-12-25;10;3064
17;2025-12-25;11;2976
17;2025-12-25;12;3052
17;2025-12-25;13;3077
17;2025-12-25;14;3169
17;2025-12-25;15;3310
17;2025-12-25;16;3772
17;2025-12-25;17;4584
17;2025-12-25;18;5035
17;2025-12-25;19;3570
17;2025-12-25;20;2458
17;2025-12-25;21;1513
17;2025-12-25;22;831
17;2025-12-25;23;379
17;2025-12-26;0;131
17;2025-12-26;1;14
17;2025-12-26;2;0
17;2025-12-26;3;0
17;2025-12-26;4;26
17;2025-12-26;5;304
17;2025-12-26;6;1518
17;2025-12-26;7;4027
17;2025-12-26;8;5318
17;2025-12-26;9;3808
17;2025-12-26;10;3026
17;2025-12-26;11;2981
17;2025-12-26;12;3077
17;2025-12-26;13;3151
17;2025-12-26;14;3192
17;2025-12-26;15;3564
17;2025-12-26;16;4269
17;2025-12-26;17;4730
17;2025-12-26;18;4516
17;2025-12-26;19;3353
17;2025-12-26;20;2381
17;2025-12-26;21;1596
17;2025-12-26;22;894
17;2025-12-26;23;445
17;2025-12-27;0;193
17;2025-12-27;1;19
17;2025-12-27;2;0
17;2025-12-27;3;0
17;2025-12-27;4;5
17;2025-12-27;5;122
17;2025-12-27;6;574
17;2025-12-27;7;1256
17;2025-12-27;8;1887
17;2025-12-27;9;2407
17;2025-12-27;10;2613
17;2025-12-27;11;3135
17;2025-12-27;12;3487
17;2025-12-27;13;3731
17;2025-12-27;14;3743
17;2025-12-27;15;3770
17;2025-12-27;16;3740
17;2025-12-27;17;3475
17;2025-12-27;18;3308
17;2025-12-27;19;2691
17;2025-12-27;20;2030
17;2025-12-27;21;1494
17;2025-12-27;22;915
17;2025-12-27;23;440
17;2025-12-28;0;160
17;2025-12-28;1;19
17;2025-12-28;2;0
17;2025-12-28;3;0
17;2025-12-28;4;4
17;2025-12-28;5;95
17;2025-12-28;6;421
17;2025-12-28;7;787
17;2025-12-28;8;1274
17;2025-12-28;9;1778
17;2025-12-28;10;2071
17;2025-12-28;11;2546
17;2025-12-28;12;2981
17;2025-12-28;13;3261
17;2025-12-28;14;3387
17;2025-12-28;15;3408
17;2025-12-28;16;3383
17;2025-12-28;17;3234
17;2025-12-28;18;2824
17;2025-12-28;19;2313
17;2025-12-28;20;1762
17;2025-12-28;21;1258
17;2025-12-28;22;800
17;2025-12-28;23;322
17;2025-12-29;0;95
17;2025-12-29;1;11
17;2025-12-29;2;0
17;2025-12-29;3;0
17;2025-12-29;4;26
17;2025-12-29;5;301
17;2025-12-29;6;1499
17;2025-12-29;7;4036
17;2025-12-29;8;5435
17;2025-12-29;9;3744
17;2025-12-29;10;2860
17;2025-12-29;11;2847
17;2025-12-29;12;2860
17;2025-12-29;13;2916
17;2025-12-29;14;2973
17;2025-12-29;15;3181
17;2025-12-29;16;3652
17;2025-12-29;17;4491
17;2025-12-29;18;4950
17;2025-12-29;19;3549
17;2025-12-29;20;2348
17;2025-12-29;21;1372
17;2025-12-29;22;723
17;2025-12-29;23;315
17;2025-12-30;0;105
17;2025-12-30;1;9
17;2025-12-30;2;0
17;2025-12-30;3;0
17;2025-12-30;4;27
17;2025-12-30;5;314
17;2025-12-30;6;1551
17;2025-12-30;7;4159
17;2025-12-30;8;5553
17;2025-12-30;9;3910
17;2025-12-30;10;3027
17;2025-12-30;11;2893
17;2025-12-30;12;2999
17;2025-12-30;13;3037
17;2025-12-30;14;3153
17;2025-12-30;15;3253
17;2025-12-30;16;3634
17;2025-12-30;17;4580
17;2025-12-30;18;5057
17;2025-12-30;19;3558
17;2025-12-30;20;2418
17;2025-12-30;21;1416
17;2025-12-30;22;759
17;2025-12-30;23;342
17;2025-12-31;0;160
17;2025-12-31;1;19
17;2025-12-31;2;0
17;2025-12-31;3;0
17;2025-12-31;4;4
17;2025-12-31;5;95
17;2025-12-31;6;422
17;2025-12-31;7;788
17;2025-12-31;8;1275
17;2025-12-31;9;1779
17;2025-12-31;10;2071
17;2025-12-31;11;2546
17;2025-12-31;12;2981
17;2025-12-31;13;3262
17;2025-12-31;14;3387
17;2025-12-31;15;3408
17;2025-12-31;16;3383
17;2025-12-31;17;3234
17;2025-12-31;18;2824
17;2025-12-31;19;2313
17;2025-12-31;20;1762
17;2025-12-31;21;1258
17;2025-12-31;22;801
17;2025-12-31;23;323
25;2025-11-01;0;0
25;2025-11-01;1;0
25;2025-11-01;2;0
25;2025-11-01;3;0
25;2025-11-01;4;0
25;2025-11-01;5;2
25;2025-11-01;6;150
25;2025-11-01;7;524
25;2025-11-01;8;830
25;2025-11-01;9;435
25;2025-11-01;10;343
25;2025-11-01;11;423
25;2025-11-01;12;422
25;2025-11-01;13;529
25;2025-11-01;14;502
25;2025-11-01;15;595
25;2025-11-01;16;734
25;2025-11-01;17;752
25;2025-11-01;18;654
25;2025-11-01;19;455
25;2025-11-01;20;302
25;2025-11-01;21;210
25;2025-11-01;22;134
25;2025-11-01;23;6
25;2025-11-02;0;12
25;2025-11-02;1;0
25;2025-11-02;2;0
25;2025-11-02;3;0
25;2025-11-02;4;0
25;2025-11-02;5;1
25;2025-11-02;6;42
25;2025-11-02;7;101
25;2025-11-02;8;193
25;2025-11-02;9;213
25;2025-11-02;10;239
25;2025-11-02;11;298
25;2025-11-02;12;355
25;2025-11-02;13;467
25;2025-11-02;14;509
25;2025-11-02;15;626
25;2025-11-02;16;520
25;2025-11-02;17;471
25;2025-11-02;18;427
25;2025-11-02;19;372
25;2025-11-02;20;250
25;2025-11-02;21;200
25;2025-11-02;22;115
25;2025-11-02;23;43
25;2025-11-03;0;11
25;2025-11-03;1;0
25;2025-11-03;2;0
25;2025-11-03;3;0
25;2025-11-03;4;0
25;2025-11-03;5;1
25;2025-11-03;6;42
25;2025-11-03;7;100
25;2025-11-03;8;193
25;2025-11-03;9;212
25;2025-11-03;10;239
25;2025-11-03;11;297
25;2025-11-03;12;355
25;2025-11-03;13;467
25;2025-11-03;14;509
25;2025-11-03;15;626
25;2025-11-03;16;520
25;2025-11-03;17;471
25;2025-11-03;18;427
25;2025-11-03;19;372
25;2025-11-03;20;250
25;2025-11-03;21;199
25;2025-11-03;22;115
25;2025-11-03;23;43
25;2025-11-04;0;11
25;2025-11-04;1;0
25;2025-11-04;2;0
25;2025-11-04;3;0
25;2025-11-04;4;0
25;2025-11-04;5;1
25;2025-11-04;6;42
25;2025-11-04;7;100
25;2025-11-04;8;193
25;2025-11-04;9;212
25;2025-11-04;10;239
25;2025-11-04;11;297
25;2025-11-04;12;355
25;2025-11-04;13;467
25;2025-11-04;14;509
25;2025-11-04;15;626
25;2025-11-04;16;520
25;2025-11-04;17;471
25;2025-11-04;18;427
25;2025-11-04;19;372
25;2025-11-04;20;250
25;2025-11-04;21;199
25;2025-11-04;22;115
25;2025-11-04;23;43
25;2025-11-05;0;0
25;2025-11-05;1;0
25;2025-11-05;2;0
25;2025-11-05;3;0
25;2025-11-05;4;0
25;2025-11-05;5;3
25;2025-11-05;6;162
25;2025-11-05;7;527
25;2025-11-05;8;900
25;2025-11-05;9;469
25;2025-11-05;10;342
25;2025-11-05;11;409
25;2025-11-05;12;421
25;2025-11-05;13;538
25;2025-11-05;14;432
25;2025-11-05;15;519
25;2025-11-05;16;661
25;2025-11-05;17;716
25;2025-11-05;18;800
25;2025-11-05;19;488
25;2025-11-05;20;337
25;2025-11-05;21;210
25;2025-11-05;22;116
25;2025-11-05;23;6
25;2025-11-06;0;0
25;2025-11-06;1;0
25;2025-11-06;2;0
25;2025-11-06;3;0
25;2025-11-06;4;0
25;2025-11-06;5;4
25;2025-11-06;6;151
25;2025-11-06;7;532
25;2025-11-06;8;926
25;2025-11-06;9;462
25;2025-11-06;10;374
25;2025-11-06;11;405
25;2025-11-06;12;392
25;2025-11-06;13;512
25;2025-11-06;14;460
25;2025-11-06;15;554
25;2025-11-06;16;651
25;2025-11-06;17;749
25;2025-11-06;18;780
25;2025-11-06;19;505
25;2025-11-06;20;303
25;2025-11-06;21;207
25;2025-11-06;22;118
25;2025-11-06;23;6
25;2025-11-07;0;0
25;2025-11-07;1;0
25;2025-11-07;2;0
25;2025-11-07;3;0
25;2025-11-07;4;0
25;2025-11-07;5;1
25;2025-11-07;6;151
25;2025-11-07;7;526
25;2025-11-07;8;831
25;2025-11-07;9;436
25;2025-11-07;10;344
25;2025-11-07;11;425
25;2025-11-07;12;423
25;2025-11-07;13;531
25;2025-11-07;14;504
25;2025-11-07;15;596
25;2025-11-07;16;735
25;2025-11-07;17;753
25;2025-11-07;18;655
25;2025-11-07;19;456
25;2025-11-07;20;303
25;2025-11-07;21;211
25;2025-11-07;22;136
25;2025-11-07;23;7
25;2025-11-08;0;0
25;2025-11-08;1;0
25;2025-11-08;2;0
25;2025-11-08;3;0
25;2025-11-08;4;0
25;2025-11-08;5;1
25;2025-11-08;6;55
25;2025-11-08;7;149
25;2025-11-08;8;348
25;2025-11-08;9;318
25;2025-11-08;10;303
25;2025-11-08;11;449
25;2025-11-08;12;439
25;2025-11-08;13;556
25;2025-11-08;14;615
25;2025-11-08;15;701
25;2025-11-08;16;616
25;2025-11-08;17;526
25;2025-11-08;18;515
25;2025-11-08;19;470
25;2025-11-08;20;300
25;2025-11-08;21;225
25;2025-11-08;22;149
25;2025-11-08;23;56
25;2025-11-09;0;12
25;2025-11-09;1;0
25;2025-11-09;2;0
25;2025-11-09;3;0
25;2025-11-09;4;0
25;2025-11-09;5;1
25;2025-11-09;6;43
25;2025-11-09;7;101
25;2025-11-09;8;193
25;2025-11-09;9;213
25;2025-11-09;10;239
25;2025-11-09;11;298
25;2025-11-09;12;356
25;2025-11-09;13;467
25;2025-11-09;14;509
25;2025-11-09;15;626
25;2025-11-09;16;520
25;2025-11-09;17;471
25;2025-11-09;18;428
25;2025-11-09;19;373
25;2025-11-09;20;250
25;2025-11-09;21;200
25;2025-11-09;22;115
25;2025-11-09;23;43
25;2025-11-10;0;8
25;2025-11-10;1;0
25;2025-11-10;2;0
25;2025-11-10;3;0
25;2025-11-10;4;0
25;2025-11-10;5;2
25;2025-11-10;6;154
25;2025-11-10;7;548
25;2025-11-10;8;879
25;2025-11-10;9;473
25;2025-11-10;10;326
25;2025-11-10;11;389
25;2025-11-10;12;379
25;2025-11-10;13;496
25;2025-11-10;14;388
25;2025-11-10;15;492
25;2025-11-10;16;650
25;2025-11-10;17;712
25;2025-11-10;18;781
25;2025-11-10;19;476
25;2025-11-10;20;298
25;2025-11-10;21;201
25;2025-11-10;22;107
25;2025-11-10;23;6
25;2025-11-11;0;0
25;2025-11-11;1;0
25;2025-11-11;2;0
25;2025-11-11;3;0
25;2025-11-11;4;0
25;2025-11-11;5;2
25;2025-11-11;6;158
25;2025-11-11;7;531
25;2025-11-11;8;882
25;2025-11-11;9;490
25;2025-11-11;10;372
25;2025-11-11;11;418
25;2025-11-11;12;364
25;2025-11-11;13;458
25;2025-11-11;14;448
25;2025-11-11;15;506
25;2025-11-11;16;645
25;2025-11-11;17;699
25;2025-11-11;18;766
25;2025-11-11;19;479
25;2025-11-11;20;303
25;2025-11-11;21;200
25;2025-11-11;22;109
25;2025-11-11;23;7
25;2025-11-12;0;0
25;2025-11-12;1;0
25;2025-11-12;2;0
25;2025-11-12;3;0
25;2025-11-12;4;0
25;2025-11-12;5;3
25;2025-11-12;6;162
25;2025-11-12;7;527
25;2025-11-12;8;900
25;2025-11-12;9;469
25;2025-11-12;10;342
25;2025-11-12;11;409
25;2025-11-12;12;421
25;2025-11-12;13;538
25;2025-11-12;14;432
25;2025-11-12;15;519
25;2025-11-12;16;661
25;2025-11-12;17;716
25;2025-11-12;18;800
25;2025-11-12;19;488
25;2025-11-12;20;337
25;2025-11-12;21;210
25;2025-11-12;22;116
25;2025-11-12;23;6
25;2025-11-13;0;0
25;2025-11-13;1;0
25;2025-11-13;2;0
25;2025-11-13;3;0
25;2025-11-13;4;0
25;2025-11-13;5;4
25;2025-11-13;6;151
25;2025-11-13;7;532
25;2025-11-13;8;926
25;2025-11-13;9;462
25;2025-11-13;10;374
25;2025-11-13;11;405
25;2025-11-13;12;392
25;2025-11-13;13;512
25;2025-11-13;14;460
25;2025-11-13;15;554
25;2025-11-13;16;651
25;2025-11-13;17;749
25;2025-11-13;18;780
25;2025-11-13;19;505
25;2025-11-13;20;303
25;2025-11-13;21;207
25;2025-11-13;22;118
25;2025-11-13;23;6
25;2025-11-14;0;0
25;2025-11-14;1;0
25;2025-11-14;2;0
25;2025-11-14;3;0
25;2025-11-14;4;0
25;2025-11-14;5;1
25;2025-11-14;6;151
25;2025-11-14;7;526
25;2025-11-14;8;831
25;2025-11-14;9;436
25;2025-11-14;10;344
25;2025-11-14;11;425
25;2025-11-14;12;423
25;2025-11-14;13;531
25;2025-11-14;14;504
25;2025-11-14;15;596
25;2025-11-14;16;735
25;2025-11-14;17;753
25;2025-11-14;18;655
25;2025-11-14;19;456
25;2025-11-14;20;303
25;2025-11-14;21;211
25;2025-11-14;22;136
25;2025-11-14;23;7
25;2025-11-15;0;0
25;2025-11-15;1;0
25;2025-11-15;2;0
25;2025-11-15;3;0
25;2025-11-15;4;0
25;2025-11-15;5;1
25;2025-11-15;6;55
25;2025-11-15;7;149
25;2025-11-15;8;348
25;2025-11-15;9;318
25;2025-11-15;10;303
25;2025-11-15;11;449
25;2025-11-15;12;439
25;2025-11-15;13;556
25;2025-11-15;14;615
25;2025-11-15;15;701
25;2025-11-15;16;616
25;2025-11-15;17;526
25;2025-11-15;18;515
25;2025-11-15;19;470
25;2025-11-15;20;300
25;2025-11-15;21;225
25;2025-11-15;22;149
25;2025-11-15;23;56
25;2025-11-16;0;12
25;2025-11-16;1;0
25;2025-11-16;2;0
25;2025-11-16;3;0
25;2025-11-16;4;0
25;2025-11-16;5;1
25;2025-11-16;6;43
25;2025-11-16;7;101
25;2025-11-16;8;193
25;2025-11-16;9;213
25;2025-11-16;10;239
25;2025-11-16;11;298
25;2025-11-16;12;356
25;2025-11-16;13;467
25;2025-11-16;14;509
25;2025-11-16;15;626
25;2025-11-16;16;520
25;2025-11-16;17;471
25;2025-11-16;18;428
25;2025-11-16;19;373
25;2025-11-16;20;250
25;2025-11-16;21;200
25;2025-11-16;22;115
25;2025-11-16;23;43
25;2025-11-17;0;8
25;2025-11-17;1;0
25;2025-11-17;2;0
25;2025-11-17;3;0
25;2025-11-17;4;0
25;2025-11-17;5;2
25;2025-11-17;6;154
25;2025-11-17;7;548
25;2025-11-17;8;879
25;2025-11-17;9;473
25;2025-11-17;10;326
25;2025-11-17;11;389
25;2025-11-17;12;379
25;2025-11-17;13;496
25;2025-11-17;14;388
25;2025-11-17;15;492
25;2025-11-17;16;650
25;2025-11-17;17;712
25;2025-11-17;18;781
25;2025-11-17;19;476
25;2025-11-17;20;298
25;2025-11-17;21;201
25;2025-11-17;22;107
25;2025-11-17;23;6
25;2025-11-18;0;0
25;2025-11-18;1;0
25;2025-11-18;2;0
25;2025-11-18;3;0
25;2025-11-18;4;0
25;2025-11-18;5;2
25;2025-11-18;6;158
25;2025-11-18;7;531
25;2025-11-18;8;882
25;2025-11-18;9;490
25;2025-11-18;10;372
25;2025-11-18;11;418
25;2025-11-18;12;364
25;2025-11-18;13;458
25;2025-11-18;14;448
25;2025-11-18;15;506
25;2025-11-18;16;645
25;2025-11-18;17;699
25;2025-11-18;18;766
25;2025-11-18;19;479
25;2025-11-18;20;303
25;2025-11-18;21;200
25;2025-11-18;22;109
25;2025-11-18;23;7
25;2025-11-19;0;0
25;2025-11-19;1;0
25;2025-11-19;2;0
25;2025-11-19;3;0
25;2025-11-19;4;0
25;2025-11-19;5;3
25;2025-11-19;6;162
25;2025-11-19;7;527
25;2025-11-19;8;900
25;2025-11-19;9;469
25;2025-11-19;10;342
25;2025-11-19;11;409
25;2025-11-19;12;421
25;2025-11-19;13;538
25;2025-11-19;14;432
25;2025-11-19;15;519
25;2025-11-19;16;661
25;2025-11-19;17;716
25;2025-11-19;18;800
25;2025-11-19;19;488
25;2025-11-19;20;337
25;2025-11-19;21;210
25;2025-11-19;22;116
25;2025-11-19;23;6
25;2025-11-20;0;0
25;2025-11-20;1;0
25;2025-11-20;2;0
25;2025-11-20;3;0
25;2025-11-20;4;0
25;2025-11-20;5;4
25;2025-11-20;6;151
25;2025-11-20;7;532
25;2025-11-20;8;926
25;2025-11-20;9;462
25;2025-11-20;10;374
25;2025-11-20;11;405
25;2025-11-20;12;392
25;2025-11-20;13;512
25;2025-11-20;14;460
25;2025-11-20;15;554
25;2025-11-20;16;651
25;2025-11-20;17;749
25;2025-11-20;18;780
25;2025-11-20;19;505
25;2025-11-20;20;303
25;2025-11-20;21;207
25;2025-11-20;22;118
25;2025-11-20;23;6
25;2025-11-21;0;0
25;2025-11-21;1;0
25;2025-11-21;2;0
25;2025-11-21;3;0
25;2025-11-21;4;0
25;2025-11-21;5;1
25;2025-11-21;6;151
25;2025-11-21;7;526
25;2025-11-21;8;831
25;2025-11-21;9;436
25;2025-11-21;10;344
25;2025-11-21;11;425
25;2025-11-21;12;423
25;2025-11-21;13;531
25;2025-11-21;14;504
25;2025-11-21;15;596
25;2025-11-21;16;735
25;2025-11-21;17;753
25;2025-11-21;18;655
25;2025-11-21;19;456
25;2025-11-21;20;303
25;2025-11-21;21;211
25;2025-11-21;22;136
25;2025-11-21;23;7
25;2025-11-22;0;0
25;2025-11-22;1;0
25;2025-11-22;2;0
25;2025-11-22;3;0
25;2025-11-22;4;0
25;2025-11-22;5;1
25;2025-11-22;6;55
25;2025-11-22;7;149
25;2025-11-22;8;348
25;2025-11-22;9;318
25;2025-11-22;10;303
25;2025-11-22;11;449
25;2025-11-22;12;439
25;2025-11-22;13;556
25;2025-11-22;14;615
25;2025-11-22;15;701
25;2025-11-22;16;616
25;2025-11-22;17;526
25;2025-11-22;18;515
25;2025-11-22;19;470
25;2025-11-22;20;300
25;2025-11-22;21;225
25;2025-11-22;22;149
25;2025-11-22;23;56
25;2025-11-23;0;12
25;2025-11-23;1;0
25;2025-11-23;2;0
25;2025-11-23;3;0
25;2025-11-23;4;0
25;2025-11-23;5;1
25;2025-11-23;6;43
25;2025-11-23;7;101
25;2025-11-23;8;193
25;2025-11-23;9;213
25;2025-11-23;10;239
25;2025-11-23;11;298
25;2025-11-23;12;356
25;2025-11-23;13;467
25;2025-11-23;14;509
25;2025-11-23;15;626
25;2025-11-23;16;520
25;2025-11-23;17;471
25;2025-11-23;18;428
25;2025-11-23;19;373
25;2025-11-23;20;250
25;2025-11-23;21;200
25;2025-11-23;22;115
25;2025-11-23;23;43
25;2025-11-24;0;8
25;2025-11-24;1;0
25;2025-11-24;2;0
25;2025-11-24;3;0
25;2025-11-24;4;0
25;2025-11-24;5;2
25;2025-11-24;6;154
25;2025-11-24;7;548
25;2025-11-24;8;879
25;2025-11-24;9;473
25;2025-11-24;10;326
25;2025-11-24;11;389
25;2025-11-24;12;379
25;2025-11-24;13;496
25;2025-11-24;14;388
25;2025-11-24;15;492
25;2025-11-24;16;650
25;2025-11-24;17;712
25;2025-11-24;18;781
25;2025-11-24;19;476
25;2025-11-24;20;298
25;2025-11-24;21;201
25;2025-11-24;22;107
25;2025-11-24;23;6
25;2025-11-25;0;0
25;2025-11-25;1;0
25;2025-11-25;2;0
25;2025-11-25;3;0
25;2025-11-25;4;0
25;2025-11-25;5;2
25;2025-11-25;6;158
25;2025-11-25;7;531
25;2025-11-25;8;882
25;2025-11-25;9;490
25;2025-11-25;10;372
25;2025-11-25;11;418
25;2025-11-25;12;364
25;2025-11-25;13;458
25;2025-11-25;14;448
25;2025-11-25;15;506
25;2025-11-25;16;645
25;2025-11-25;17;699
25;2025-11-25;18;766
25;2025-11-25;19;479
25;2025-11-25;20;303
25;2025-11-25;21;200
25;2025-11-25;22;109
25;2025-11-25;23;7
25;2025-11-26;0;0
25;2025-11-26;1;0
25;2025-11-26;2;0
25;2025-11-26;3;0
25;2025-11-26;4;0
25;2025-11-26;5;3
25;2025-11-26;6;162
25;2025-11-26;7;527
25;2025-11-26;8;900
25;2025-11-26;9;469
25;2025-11-26;10;342
25;2025-11-26;11;409
25;2025-11-26;12;421
25;2025-11-26;13;538
25;2025-11-26;14;432
25;2025-11-26;15;519
25;2025-11-26;16;661
25;2025-11-26;17;716
25;2025-11-26;18;800
25;2025-11-26;19;488
25;2025-11-26;20;337
25;2025-11-26;21;210
25;2025-11-26;22;116
25;2025-11-26;23;6
25;2025-11-27;0;0
25;2025-11-27;1;0
25;2025-11-27;2;0
25;2025-11-27;3;0
25;2025-11-27;4;0
25;2025-11-27;5;4
25;2025-11-27;6;151
25;2025-11-27;7;532
25;2025-11-27;8;926
25;2025-11-27;9;462
25;2025-11-27;10;374
25;2025-11-27;11;405
25;2025-11-27;12;392
25;2025-11-27;13;512
25;2025-11-27;14;460
25;2025-11-27;15;554
25;2025-11-27;16;651
25;2025-11-27;17;749
25;2025-11-27;18;780
25;2025-11-27;19;505
25;2025-11-27;20;303
25;2025-11-27;21;207
25;2025-11-27;22;118
25;2025-11-27;23;6
25;2025-11-28;0;0
25;2025-11-28;1;0
25;2025-11-28;2;0
25;2025-11-28;3;0
25;2025-11-28;4;0
25;2025-11-28;5;1
25;2025-11-28;6;151
25;2025-11-28;7;526
25;2025-11-28;8;831
25;2025-11-28;9;436
25;2025-11-28;10;344
25;2025-11-28;11;425
25;2025-11-28;12;423
25;2025-11-28;13;531
25;2025-11-28;14;504
25;2025-11-28;15;596
25;2025-11-28;16;735
25;2025-11-28;17;753
25;2025-11-28;18;655
25;2025-11-28;19;456
25;2025-11-28;20;303
25;2025-11-28;21;211
25;2025-11-28;22;136
25;2025-11-28;23;7
25;2025-11-29;0;0
25;2025-11-29;1;0
25;2025-11-29;2;0
25;2025-11-29;3;0
25;2025-11-29;4;0
25;2025-11-29;5;1
25;2025-11-29;6;55
25;2025-11-29;7;149
25;2025-11-29;8;348
25;2025-11-29;9;318
25;2025-11-29;10;303
25;2025-11-29;11;449
25;2025-11-29;12;439
25;2025-11-29;13;556
25;2025-11-29;14;615
25;2025-11-29;15;701
25;2025-11-29;16;616
25;2025-11-29;17;526
25;2025-11-29;18;515
25;2025-11-29;19;470
25;2025-11-29;20;300
25;2025-11-29;21;225
25;2025-11-29;22;149
25;2025-11-29;23;56
25;2025-11-30;0;12
25;2025-11-30;1;0
25;2025-11-30;2;0
25;2025-11-30;3;0
25;2025-11-30;4;0
25;2025-11-30;5;1
25;2025-11-30;6;43
25;2025-11-30;7;101
25;2025-11-30;8;193
25;2025-11-30;9;213
25;2025-11-30;10;239
25;2025-11-30;11;298
25;2025-11-30;12;356
25;2025-11-30;13;467
25;2025-11-30;14;509
25;2025-11-30;15;626
25;2025-11-30;16;520
25;2025-11-30;17;471
25;2025-11-30;18;428
25;2025-11-30;19;373
25;2025-11-30;20;250
25;2025-11-30;21;200
25;2025-11-30;22;115
25;2025-11-30;23;43
25;2025-12-01;0;8
25;2025-12-01;1;0
25;2025-12-01;2;0
25;2025-12-01;3;0
25;2025-12-01;4;0
25;2025-12-01;5;2
25;2025-12-01;6;154
25;2025-12-01;7;548
25;2025-12-01;8;879
25;2025-12-01;9;473
25;2025-12-01;10;326
25;2025-12-01;11;389
25;2025-12-01;12;379
25;2025-12-01;13;496
25;2025-12-01;14;388
25;2025-12-01;15;492
25;2025-12-01;16;650
25;2025-12-01;17;712
25;2025-12-01;18;781
25;2025-12-01;19;476
25;2025-12-01;20;298
25;2025-12-01;21;201
25;2025-12-01;22;107
25;2025-12-01;23;6
25;2025-12-02;0;0
25;2025-12-02;1;0
25;2025-12-02;2;0
25;2025-12-02;3;0
25;2025-12-02;4;0
25;2025-12-02;5;2
25;2025-12-02;6;158
25;2025-12-02;7;531
25;2025-12-02;8;882
25;2025-12-02;9;490
25;2025-12-02;10;372
25;2025-12-02;11;418
25;2025-12-02;12;364
25;2025-12-02;13;458
25;2025-12-02;14;448
25;2025-12-02;15;506
25;2025-12-02;16;645
25;2025-12-02;17;699
25;2025-12-02;18;766
25;2025-12-02;19;479
25;2025-12-02;20;303
25;2025-12-02;21;200
25;2025-12-02;22;109
25;2025-12-02;23;7
25;2025-12-03;0;0
25;2025-12-03;1;0
25;2025-12-03;2;0
25;2025-12-03;3;0
25;2025-12-03;4;0
25;2025-12-03;5;3
25;2025-12-03;6;162
25;2025-12-03;7;527
25;2025-12-03;8;900
25;2025-12-03;9;469
25;2025-12-03;10;342
25;2025-12-03;11;409
25;2025-12-03;12;421
25;2025-12-03;13;538
25;2025-12-03;14;432
25;2025-12-03;15;519
25;2025-12-03;16;661
25;2025-12-03;17;716
25;2025-12-03;18;800
25;2025-12-03;19;488
25;2025-12-03;20;337
25;2025-12-03;21;210
25;2025-12-03;22;116
25;2025-12-03;23;6
25;2025-12-04;0;0
25;2025-12-04;1;0
25;2025-12-04;2;0
25;2025-12-04;3;0
25;2025-12-04;4;0
25;2025-12-04;5;4
25;2025-12-04;6;151
25;2025-12-04;7;532
25;2025-12-04;8;926
25;2025-12-04;9;462
25;2025-12-04;10;374
25;2025-12-04;11;405
25;2025-12-04;12;392
25;2025-12-04;13;512
25;2025-12-04;14;460
25;2025-12-04;15;554
25;2025-12-04;16;651
25;2025-12-04;17;749
25;2025-12-04;18;780
25;2025-12-04;19;505
25;2025-12-04;20;303
25;2025-12-04;21;207
25;2025-12-04;22;118
25;2025-12-04;23;6
25;2025-12-05;0;0
25;2025-12-05;1;0
25;2025-12-05;2;0
25;2025-12-05;3;0
25;2025-12-05;4;0
25;2025-12-05;5;1
25;2025-12-05;6;151
25;2025-12-05;7;526
25;2025-12-05;8;831
25;2025-12-05;9;436
25;2025-12-05;10;344
25;2025-12-05;11;425
25;2025-12-05;12;423
25;2025-12-05;13;531
25;2025-12-05;14;504
25;2025-12-05;15;596
25;2025-12-05;16;735
25;2025-12-05;17;753
25;2025-12-05;18;655
25;2025-12-05;19;456
25;2025-12-05;20;303
25;2025-12-05;21;211
25;2025-12-05;22;136
25;2025-12-05;23;7
25;2025-12-06;0;0
25;2025-12-06;1;0
25;2025-12-06;2;0
25;2025-12-06;3;0
25;2025-12-06;4;0
25;2025-12-06;5;1
25;2025-12-06;6;55
25;2025-12-06;7;149
25;2025-12-06;8;348
25;2025-12-06;9;318
25;2025-12-06;10;303
25;2025-12-06;11;449
25;2025-12-06;12;439
25;2025-12-06;13;556
25;2025-12-06;14;615
25;2025-12-06;15;701
25;2025-12-06;16;616
25;2025-12-06;17;526
25;2025-12-06;18;515
25;2025-12-06;19;470
25;2025-12-06;20;300
25;2025-12-06;21;225
25;2025-12-06;22;149
25;2025-12-06;23;56
25;2025-12-07;0;12
25;2025-12-07;1;0
25;2025-12-07;2;0
25;2025-12-07;3;0
25;2025-12-07;4;0
25;2025-12-07;5;1
25;2025-12-07;6;43
25;2025-12-07;7;101
25;2025-12-07;8;193
25;2025-12-07;9;213
25;2025-12-07;10;239
25;2025-12-07;11;298
25;2025-12-07;12;356
25;2025-12-07;13;467
25;2025-12-07;14;509
25;2025-12-07;15;626
25;2025-12-07;16;520
25;2025-12-07;17;471
25;2025-12-07;18;428
25;2025-12-07;19;373
25;2025-12-07;20;250
25;2025-12-07;21;200
25;2025-12-07;22;115
25;2025-12-07;23;43
25;2025-12-08;0;8
25;2025-12-08;1;0
25;2025-12-08;2;0
25;2025-12-08;3;0
25;2025-12-08;4;0
25;2025-12-08;5;2
25;2025-12-08;6;154
25;2025-12-08;7;548
25;2025-12-08;8;879
25;2025-12-08;9;473
25;2025-12-08;10;326
25;2025-12-08;11;389
25;2025-12-08;12;379
25;2025-12-08;13;496
25;2025-12-08;14;388
25;2025-12-08;15;492
25;2025-12-08;16;650
25;2025-12-08;17;712
25;2025-12-08;18;781
25;2025-12-08;19;476
25;2025-12-08;20;298
25;2025-12-08;21;201
25;2025-12-08;22;107
25;2025-12-08;23;6
25;2025-12-09;0;0
25;2025-12-09;1;0
25;2025-12-09;2;0
25;2025-12-09;3;0
25;2025-12-09;4;0
25;2025-12-09;5;2
25;2025-12-09;6;158
25;2025-12-09;7;531
25;2025-12-09;8;882
25;2025-12-09;9;490
25;2025-12-09;10;372
25;2025-12-09;11;418
25;2025-12-09;12;364
25;2025-12-09;13;458
25;2025-12-09;14;448
25;2025-12-09;15;506
25;2025-12-09;16;645
25;2025-12-09;17;699
25;2025-12-09;18;766
25;2025-12-09;19;479
25;2025-12-09;20;303
25;2025-12-09;21;200
25;2025-12-09;22;109
25;2025-12-09;23;7
25;2025-12-10;0;0
25;2025-12-10;1;0
25;2025-12-10;2;0
25;2025-12-10;3;0
25;2025-12-10;4;0
25;2025-12-10;5;3
25;2025-12-10;6;162
25;2025-12-10;7;527
25;2025-12-10;8;900
25;2025-12-10;9;469
25;2025-12-10;10;342
25;2025-12-10;11;409
25;2025-12-10;12;421
25;2025-12-10;13;538
25;2025-12-10;14;432
25;2025-12-10;15;519
25;2025-12-10;16;661
25;2025-12-10;17;716
25;2025-12-10;18;800
25;2025-12-10;19;488
25;2025-12-10;20;337
25;2025-12-10;21;210
25;2025-12-10;22;116
25;2025-12-10;23;6
25;2025-12-11;0;0
25;2025-12-11;1;0
25;2025-12-11;2;0
25;2025-12-11;3;0
25;2025-12-11;4;0
25;2025-12-11;5;4
25;2025-12-11;6;151
25;2025-12-11;7;532
25;2025-12-11;8;926
25;2025-12-11;9;462
25;2025-12-11;10;374
25;2025-12-11;11;405
25;2025-12-11;12;392
25;2025-12-11;13;512
25;2025-12-11;14;460
25;2025-12-11;15;554
25;2025-12-11;16;651
25;2025-12-11;17;749
25;2025-12-11;18;780
25;2025-12-11;19;505
25;2025-12-11;20;303
25;2025-12-11;21;207
25;2025-12-11;22;118
25;2025-12-11;23;6
25;2025-12-12;0;0
25;2025-12-12;1;0
25;2025-12-12;2;0
25;2025-12-12;3;0
25;2025-12-12;4;0
25;2025-12-12;5;1
25;2025-12-12;6;151
25;2025-12-12;7;526
25;2025-12-12;8;831
25;2025-12-12;9;436
25;2025-12-12;10;344
25;2025-12-12;11;425
25;2025-12-12;12;423
25;2025-12-12;13;531
25;2025-12-12;14;504
25;2025-12-12;15;596
25;2025-12-12;16;735
25;2025-12-12;17;753
25;2025-12-12;18;655
25;2025-12-12;19;456
25;2025-12-12;20;303
25;2025-12-12;21;211
25;2025-12-12;22;136
25;2025-12-12;23;7
25;2025-12-13;0;0
25;2025-12-13;1;0
25;2025-12-13;2;0
25;2025-12-13;3;0
25;2025-12-13;4;0
25;2025-12-13;5;1
25;2025-12-13;6;55
25;2025-12-13;7;149
25;2025-12-13;8;348
25;2025-12-13;9;318
25;2025-12-13;10;303
25;2025-12-13;11;449
25;2025-12-13;12;439
25;2025-12-13;13;556
25;2025-12-13;14;615
25;2025-12-13;15;701
25;2025-12-13;16;616
25;2025-12-13;17;526
25;2025-12-13;18;515
25;2025-12-13;19;470
25;2025-12-13;20;300
25;2025-12-13;21;225
25;2025-12-13;22;149
25;2025-12-13;23;56
25;2025-12-14;0;12
25;2025-12-14;1;0
25;2025-12-14;2;0
25;2025-12-14;3;0
25;2025-12-14;4;0
25;2025-12-14;5;1
25;2025-12-14;6;43
25;2025-12-14;7;101
25;2025-12-14;8;193
25;2025-12-14;9;213
25;2025-12-14;10;239
25;2025-12-14;11;298
25;2025-12-14;12;356
25;2025-12-14;13;467
25;2025-12-14;14;509
25;2025-12-14;15;626
25;2025-12-14;16;520
25;2025-12-14;17;471
25;2025-12-14;18;428
25;2025-12-14;19;373
25;2025-12-14;20;250
25;2025-12-14;21;200
25;2025-12-14;22;115
25;2025-12-14;23;43
25;2025-12-15;0;8
25;2025-12-15;1;0
25;2025-12-15;2;0
25;2025-12-15;3;0
25;2025-12-15;4;0
25;2025-12-15;5;2
25;2025-12-15;6;154
25;2025-12-15;7;548
25;2025-12-15;8;879
25;2025-12-15;9;473
25;2025-12-15;10;326
25;2025-12-15;11;389
25;2025-12-15;12;379
25;2025-12-15;13;496
25;2025-12-15;14;388
25;2025-12-15;15;492
25;2025-12-15;16;650
25;2025-12-15;17;712
25;2025-12-15;18;781
25;2025-12-15;19;476
25;2025-12-15;20;298
25;2025-12-15;21;201
25;2025-12-15;22;107
25;2025-12-15;23;6
25;2025-12-16;0;0
25;2025-12-16;1;0
25;2025-12-16;2;0
25;2025-12-16;3;0
25;2025-12-16;4;0
25;2025-12-16;5;2
25;2025-12-16;6;158
25;2025-12-16;7;531
25;2025-12-16;8;882
25;2025-12-16;9;490
25;2025-12-16;10;372
25;2025-12-16;11;418
25;2025-12-16;12;364
25;2025-12-16;13;458
25;2025-12-16;14;448
25;2025-12-16;15;506
25;2025-12-16;16;645
25;2025-12-16;17;699
25;2025-12-16;18;766
25;2025-12-16;19;479
25;2025-12-16;20;303
25;2025-12-16;21;200
25;2025-12-16;22;109
25;2025-12-16;23;7
25;2025-12-17;0;0
25;2025-12-17;1;0
25;2025-12-17;2;0
25;2025-12-17;3;0
25;2025-12-17;4;0
25;2025-12-17;5;3
25;2025-12-17;6;162
25;2025-12-17;7;527
25;2025-12-17;8;900
25;2025-12-17;9;469
25;2025-12-17;10;342
25;2025-12-17;11;409
25;2025-12-17;12;421
25;2025-12-17;13;538
25;2025-12-17;14;432
25;2025-12-17;15;519
25;2025-12-17;16;661
25;2025-12-17;17;716
25;2025-12-17;18;800
25;2025-12-17;19;488
25;2025-12-17;20;337
25;2025-12-17;21;210
25;2025-12-17;22;116
25;2025-12-17;23;6
25;2025-12-18;0;0
25;2025-12-18;1;0
25;2025-12-18;2;0
25;2025-12-18;3;0
25;2025-12-18;4;0
25;2025-12-18;5;4
25;2025-12-18;6;151
25;2025-12-18;7;532
25;2025-12-18;8;926
25;2025-12-18;9;462
25;2025-12-18;10;374
25;2025-12-18;11;405
25;2025-12-18;12;392
25;2025-12-18;13;512
25;2025-12-18;14;460
25;2025-12-18;15;554
25;2025-12-18;16;651
25;2025-12-18;17;749
25;2025-12-18;18;780
25;2025-12-18;19;505
25;2025-12-18;20;303
25;2025-12-18;21;207
25;2025-12-18;22;118
25;2025-12-18;23;6
25;2025-12-19;0;0
25;2025-12-19;1;0
25;2025-12-19;2;0
25;2025-12-19;3;0
25;2025-12-19;4;0
25;2025-12-19;5;1
25;2025-12-19;6;151
25;2025-12-19;7;526
25;2025-12-19;8;831
25;2025-12-19;9;436
25;2025-12-19;10;344
25;2025-12-19;11;425
25;2025-12-19;12;423
25;2025-12-19;13;531
25;2025-12-19;14;504
25;2025-12-19;15;596
25;2025-12-19;16;735
25;2025-12-19;17;753
25;2025-12-19;18;655
25;2025-12-19;19;456
25;2025-12-19;20;303
25;2025-12-19;21;211
25;2025-12-19;22;136
25;2025-12-19;23;7
25;2025-12-20;0;0
25;2025-12-20;1;0
25;2025-12-20;2;0
25;2025-12-20;3;0
25;2025-12-20;4;0
25;2025-12-20;5;1
25;2025-12-20;6;55
25;2025-12-20;7;149
25;2025-12-20;8;348
25;2025-12-20;9;318
25;2025-12-20;10;303
25;2025-12-20;11;449
25;2025-12-20;12;439
25;2025-12-20;13;556
25;2025-12-20;14;615
25;2025-12-20;15;701
25;2025-12-20;16;616
25;2025-12-20;17;526
25;2025-12-20;18;515
25;2025-12-20;19;470
25;2025-12-20;20;300
25;2025-12-20;21;225
25;2025-12-20;22;149
25;2025-12-20;23;56
25;2025-12-21;0;12
25;2025-12-21;1;0
25;2025-12-21;2;0
25;2025-12-21;3;0
25;2025-12-21;4;0
25;2025-12-21;5;1
25;2025-12-21;6;43
25;2025-12-21;7;101
25;2025-12-21;8;193
25;2025-12-21;9;213
25;2025-12-21;10;239
25;2025-12-21;11;298
25;2025-12-21;12;356
25;2025-12-21;13;467
25;2025-12-21;14;509
25;2025-12-21;15;626
25;2025-12-21;16;520
25;2025-12-21;17;471
25;2025-12-21;18;428
25;2025-12-21;19;373
25;2025-12-21;20;250
25;2025-12-21;21;200
25;2025-12-21;22;115
25;2025-12-21;23;43
25;2025-12-22;0;8
25;2025-12-22;1;0
25;2025-12-22;2;0
25;2025-12-22;3;0
25;2025-12-22;4;0
25;2025-12-22;5;2
25;2025-12-22;6;154
25;2025-12-22;7;548
25;2025-12-22;8;879
25;2025-12-22;9;473
25;2025-12-22;10;326
25;2025-12-22;11;389
25;2025-12-22;12;379
25;2025-12-22;13;496
25;2025-12-22;14;388
25;2025-12-22;15;492
25;2025-12-22;16;650
25;2025-12-22;17;712
25;2025-12-22;18;781
25;2025-12-22;19;476
25;2025-12-22;20;298
25;2025-12-22;21;201
25;2025-12-22;22;107
25;2025-12-22;23;6
25;2025-12-23;0;0
25;2025-12-23;1;0
25;2025-12-23;2;0
25;2025-12-23;3;0
25;2025-12-23;4;0
25;2025-12-23;5;2
25;2025-12-23;6;158
25;2025-12-23;7;531
25;2025-12-23;8;882
25;2025-12-23;9;490
25;2025-12-23;10;372
25;2025-12-23;11;418
25;2025-12-23;12;364
25;2025-12-23;13;458
25;2025-12-23;14;448
25;2025-12-23;15;506
25;2025-12-23;16;645
25;2025-12-23;17;699
25;2025-12-23;18;766
25;2025-12-23;19;479
25;2025-12-23;20;303
25;2025-12-23;21;200
25;2025-12-23;22;109
25;2025-12-23;23;7
25;2025-12-24;0;0
25;2025-12-24;1;0
25;2025-12-24;2;0
25;2025-12-24;3;0
25;2025-12-24;4;0
25;2025-12-24;5;3
25;2025-12-24;6;162
25;2025-12-24;7;527
25;2025-12-24;8;900
25;2025-12-24;9;469
25;2025-12-24;10;342
25;2025-12-24;11;409
25;2025-12-24;12;421
25;2025-12-24;13;538
25;2025-12-24;14;432
25;2025-12-24;15;519
25;2025-12-24;16;661
25;2025-12-24;17;716
25;2025-12-24;18;800
25;2025-12-24;19;488
25;2025-12-24;20;337
25;2025-12-24;21;210
25;2025-12-24;22;116
25;2025-12-24;23;6
25;2025-12-25;0;0
25;2025-12-25;1;0
25;2025-12-25;2;0
25;2025-12-25;3;0
25;2025-12-25;4;0
25;2025-12-25;5;4
25;2025-12-25;6;151
25;2025-12-25;7;532
25;2025-12-25;8;926
25;2025-12-25;9;462
25;2025-12-25;10;374
25;2025-12-25;11;405
25;2025-12-25;12;392
25;2025-12-25;13;512
25;2025-12-25;14;460
25;2025-12-25;15;554
25;2025-12-25;16;651
25;2025-12-25;17;749
25;2025-12-25;18;780
25;2025-12-25;19;505
25;2025-12-25;20;303
25;2025-12-25;21;207
25;2025-12-25;22;118
25;2025-12-25;23;6
25;2025-12-26;0;0
25;2025-12-26;1;0
25;2025-12-26;2;0
25;2025-12-26;3;0
25;2025-12-26;4;0
25;2025-12-26;5;1
25;2025-12-26;6;151
25;2025-12-26;7;526
25;2025-12-26;8;831
25;2025-12-26;9;436
25;2025-12-26;10;344
25;2025-12-26;11;425
25;2025-12-26;12;423
25;2025-12-26;13;531
25;2025-12-26;14;504
25;2025-12-26;15;596
25;2025-12-26;16;735
25;2025-12-26;17;753
25;2025-12-26;18;655
25;2025-12-26;19;456
25;2025-12-26;20;303
25;2025-12-26;21;211
25;2025-12-26;22;136
25;2025-12-26;23;7
25;2025-12-27;0;0
25;2025-12-27;1;0
25;2025-12-27;2;0
25;2025-12-27;3;0
25;2025-12-27;4;0
25;2025-12-27;5;1
25;2025-12-27;6;55
25;2025-12-27;7;149
25;2025-12-27;8;348
25;2025-12-27;9;318
25;2025-12-27;10;303
25;2025-12-27;11;449
25;2025-12-27;12;439
25;2025-12-27;13;556
25;2025-12-27;14;615
25;2025-12-27;15;701
25;2025-12-27;16;616
25;2025-12-27;17;526
25;2025-12-27;18;515
25;2025-12-27;19;470
25;2025-12-27;20;300
25;2025-12-27;21;225
25;2025-12-27;22;149
25;2025-12-27;23;56
25;2025-12-28;0;12
25;2025-12-28;1;0
25;2025-12-28;2;0
25;2025-12-28;3;0
25;2025-12-28;4;0
25;2025-12-28;5;1
25;2025-12-28;6;43
25;2025-12-28;7;101
25;2025-12-28;8;193
25;2025-12-28;9;213
25;2025-12-28;10;239
25;2025-12-28;11;298
25;2025-12-28;12;356
25;2025-12-28;13;467
25;2025-12-28;14;509
25;2025-12-28;15;626
25;2025-12-28;16;520
25;2025-12-28;17;471
25;2025-12-28;18;428
25;2025-12-28;19;373
25;2025-12-28;20;250
25;2025-12-28;21;200
25;2025-12-28;22;115
25;2025-12-28;23;43
25;2025-12-29;0;8
25;2025-12-29;1;0
25;2025-12-29;2;0
25;2025-12-29;3;0
25;2025-12-29;4;0
25;2025-12-29;5;2
25;2025-12-29;6;154
25;2025-12-29;7;548
25;2025-12-29;8;879
25;2025-12-29;9;473
25;2025-12-29;10;326
25;2025-12-29;11;389
25;2025-12-29;12;379
25;2025-12-29;13;496
25;2025-12-29;14;388
25;2025-12-29;15;492
25;2025-12-29;16;650
25;2025-12-29;17;712
25;2025-12-29;18;781
25;2025-12-29;19;476
25;2025-12-29;20;298
25;2025-12-29;21;201
25;2025-12-29;22;107
25;2025-12-29;23;6
25;2025-12-30;0;0
25;2025-12-30;1;0
25;2025-12-30;2;0
25;2025-12-30;3;0
25;2025-12-30;4;0
25;2025-12-30;5;2
25;2025-12-30;6;158
25;2025-12-30;7;531
25;2025-12-30;8;882
25;2025-12-30;9;490
25;2025-12-30;10;372
25;2025-12-30;11;418
25;2025-12-30;12;364
25;2025-12-30;13;458
25;2025-12-30;14;448
25;2025-12-30;15;506
25;2025-12-30;16;645
25;2025-12-30;17;699
25;2025-12-30;18;766
25;2025-12-30;19;479
25;2025-12-30;20;303
25;2025-12-30;21;200
25;2025-12-30;22;109
25;2025-12-30;23;7
25;2025-12-31;0;11
25;2025-12-31;1;0
25;2025-12-31;2;0
25;2025-12-31;3;0
25;2025-12-31;4;0
25;2025-12-31;5;1
25;2025-12-31;6;42
25;2025-12-31;7;100
25;2025-12-31;8;193
25;2025-12-31;9;212
25;2025-12-31;10;239
25;2025-12-31;11;297
25;2025-12-31;12;355
25;2025-12-31;13;467
25;2025-12-31;14;509
25;2025-12-31;15;626
25;2025-12-31;16;520
25;2025-12-31;17;471
25;2025-12-31;18;427
25;2025-12-31;19;372
25;2025-12-31;20;250
25;2025-12-31;21;199
25;2025-12-31;22;115
25;2025-12-31;23;43
26;2025-11-01;0;34
26;2025-11-01;1;2
26;2025-11-01;2;0
26;2025-11-01;3;0
26;2025-11-01;4;1
26;2025-11-01;5;89
26;2025-11-01;6;519
26;2025-11-01;7;1094
26;2025-11-01;8;2129
26;2025-11-01;9;1427
26;2025-11-01;10;1244
26;2025-11-01;11;1113
26;2025-11-01;12;1161
26;2025-11-01;13;1224
26;2025-11-01;14;1274
26;2025-11-01;15;1429
26;2025-11-01;16;1671
26;2025-11-01;17;1729
26;2025-11-01;18;1482
26;2025-11-01;19;1145
26;2025-11-01;20;781
26;2025-11-01;21;469
26;2025-11-01;22;235
26;2025-11-01;23;165
26;2025-11-02;0;44
26;2025-11-02;1;4
26;2025-11-02;2;0
26;2025-11-02;3;0
26;2025-11-02;4;2
26;2025-11-02;5;31
26;2025-11-02;6;162
26;2025-11-02;7;251
26;2025-11-02;8;351
26;2025-11-02;9;493
26;2025-11-02;10;558
26;2025-11-02;11;735
26;2025-11-02;12;779
26;2025-11-02;13;826
26;2025-11-02;14;788
26;2025-11-02;15;737
26;2025-11-02;16;717
26;2025-11-02;17;712
26;2025-11-02;18;664
26;2025-11-02;19;571
26;2025-11-02;20;408
26;2025-11-02;21;280
26;2025-11-02;22;193
26;2025-11-02;23;102
26;2025-11-03;0;39
26;2025-11-03;1;3
26;2025-11-03;2;0
26;2025-11-03;3;0
26;2025-11-03;4;1
26;2025-11-03;5;28
26;2025-11-03;6;152
26;2025-11-03;7;236
26;2025-11-03;8;336
26;2025-11-03;9;476
26;2025-11-03;10;541
26;2025-11-03;11;715
26;2025-11-03;12;759
26;2025-11-03;13;806
26;2025-11-03;14;768
26;2025-11-03;15;717
26;2025-11-03;16;697
26;2025-11-03;17;692
26;2025-11-03;18;647
26;2025-11-03;19;556
26;2025-11-03;20;394
26;2025-11-03;21;266
26;2025-11-03;22;180
26;2025-11-03;23;97
26;2025-11-04;0;39
26;2025-11-04;1;3
26;2025-11-04;2;0
26;2025-11-04;3;0
26;2025-11-04;4;1
26;2025-11-04;5;28
26;2025-11-04;6;152
26;2025-11-04;7;236
26;2025-11-04;8;336
26;2025-11-04;9;476
26;2025-11-04;10;541
26;2025-11-04;11;715
26;2025-11-04;12;759
26;2025-11-04;13;806
26;2025-11-04;14;768
26;2025-11-04;15;717
26;2025-11-04;16;697
26;2025-11-04;17;692
26;2025-11-04;18;647
26;2025-11-04;19;556
26;2025-11-04;20;394
26;2025-11-04;21;266
26;2025-11-04;22;180
26;2025-11-04;23;97
26;2025-11-05;0;27
26;2025-11-05;1;1
26;2025-11-05;2;0
26;2025-11-05;3;0
26;2025-11-05;4;0
26;2025-11-05;5;90
26;2025-11-05;6;523
26;2025-11-05;7;1119
26;2025-11-05;8;2270
26;2025-11-05;9;1520
26;2025-11-05;10;1248
26;2025-11-05;11;1126
26;2025-11-05;12;1165
26;2025-11-05;13;1188
26;2025-11-05;14;1306
26;2025-11-05;15;1362
26;2025-11-05;16;1512
26;2025-11-05;17;1662
26;2025-11-05;18;1856
26;2025-11-05;19;1239
26;2025-11-05;20;797
26;2025-11-05;21;502
26;2025-11-05;22;234
26;2025-11-05;23;121
26;2025-11-06;0;33
26;2025-11-06;1;1
26;2025-11-06;2;0
26;2025-11-06;3;0
26;2025-11-06;4;1
26;2025-11-06;5;87
26;2025-11-06;6;492
26;2025-11-06;7;1105
26;2025-11-06;8;2224
26;2025-11-06;9;1527
26;2025-11-06;10;1215
26;2025-11-06;11;1172
26;2025-11-06;12;1138
26;2025-11-06;13;1178
26;2025-11-06;14;1234
26;2025-11-06;15;1353
26;2025-11-06;16;1519
26;2025-11-06;17;1735
26;2025-11-06;18;1950
26;2025-11-06;19;1299
26;2025-11-06;20;797
26;2025-11-06;21;474
26;2025-11-06;22;235
26;2025-11-06;23;127
26;2025-11-07;0;31
26;2025-11-07;1;2
26;2025-11-07;2;0
26;2025-11-07;3;0
26;2025-11-07;4;1
26;2025-11-07;5;86
26;2025-11-07;6;506
26;2025-11-07;7;1080
26;2025-11-07;8;2115
26;2025-11-07;9;1412
26;2025-11-07;10;1230
26;2025-11-07;11;1096
26;2025-11-07;12;1144
26;2025-11-07;13;1208
26;2025-11-07;14;1258
26;2025-11-07;15;1412
26;2025-11-07;16;1655
26;2025-11-07;17;1713
26;2025-11-07;18;1467
26;2025-11-07;19;1131
26;2025-11-07;20;766
26;2025-11-07;21;455
26;2025-11-07;22;222
26;2025-11-07;23;151
26;2025-11-08;0;45
26;2025-11-08;1;2
26;2025-11-08;2;0
26;2025-11-08;3;0
26;2025-11-08;4;2
26;2025-11-08;5;46
26;2025-11-08;6;254
26;2025-11-08;7;369
26;2025-11-08;8;610
26;2025-11-08;9;693
26;2025-11-08;10;830
26;2025-11-08;11;994
26;2025-11-08;12;1036
26;2025-11-08;13;1015
26;2025-11-08;14;1060
26;2025-11-08;15;953
26;2025-11-08;16;999
26;2025-11-08;17;913
26;2025-11-08;18;868
26;2025-11-08;19;808
26;2025-11-08;20;530
26;2025-11-08;21;363
26;2025-11-08;22;223
26;2025-11-08;23;147
26;2025-11-09;0;43
26;2025-11-09;1;4
26;2025-11-09;2;0
26;2025-11-09;3;0
26;2025-11-09;4;1
26;2025-11-09;5;31
26;2025-11-09;6;161
26;2025-11-09;7;250
26;2025-11-09;8;350
26;2025-11-09;9;493
26;2025-11-09;10;558
26;2025-11-09;11;736
26;2025-11-09;12;780
26;2025-11-09;13;827
26;2025-11-09;14;789
26;2025-11-09;15;737
26;2025-11-09;16;718
26;2025-11-09;17;712
26;2025-11-09;18;665
26;2025-11-09;19;570
26;2025-11-09;20;408
26;2025-11-09;21;280
26;2025-11-09;22;193
26;2025-11-09;23;102
26;2025-11-10;0;26
26;2025-11-10;1;2
26;2025-11-10;2;0
26;2025-11-10;3;0
26;2025-11-10;4;1
26;2025-11-10;5;89
26;2025-11-10;6;504
26;2025-11-10;7;1118
26;2025-11-10;8;2129
26;2025-11-10;9;1480
26;2025-11-10;10;1210
26;2025-11-10;11;1074
26;2025-11-10;12;1096
26;2025-11-10;13;1166
26;2025-11-10;14;1216
26;2025-11-10;15;1316
26;2025-11-10;16;1496
26;2025-11-10;17;1693
26;2025-11-10;18;1942
26;2025-11-10;19;1278
26;2025-11-10;20;776
26;2025-11-10;21;454
26;2025-11-10;22;204
26;2025-11-10;23;94
26;2025-11-11;0;27
26;2025-11-11;1;1
26;2025-11-11;2;0
26;2025-11-11;3;0
26;2025-11-11;4;1
26;2025-11-11;5;84
26;2025-11-11;6;515
26;2025-11-11;7;1127
26;2025-11-11;8;2300
26;2025-11-11;9;1501
26;2025-11-11;10;1225
26;2025-11-11;11;1094
26;2025-11-11;12;1168
26;2025-11-11;13;1184
26;2025-11-11;14;1215
26;2025-11-11;15;1316
26;2025-11-11;16;1534
26;2025-11-11;17;1770
26;2025-11-11;18;1917
26;2025-11-11;19;1361
26;2025-11-11;20;806
26;2025-11-11;21;463
26;2025-11-11;22;230
26;2025-11-11;23;107
26;2025-11-12;0;27
26;2025-11-12;1;1
26;2025-11-12;2;0
26;2025-11-12;3;0
26;2025-11-12;4;0
26;2025-11-12;5;90
26;2025-11-12;6;523
26;2025-11-12;7;1119
26;2025-11-12;8;2270
26;2025-11-12;9;1520
26;2025-11-12;10;1248
26;2025-11-12;11;1126
26;2025-11-12;12;1165
26;2025-11-12;13;1188
26;2025-11-12;14;1306
26;2025-11-12;15;1362
26;2025-11-12;16;1512
26;2025-11-12;17;1662
26;2025-11-12;18;1856
26;2025-11-12;19;1239
26;2025-11-12;20;797
26;2025-11-12;21;502
26;2025-11-12;22;234
26;2025-11-12;23;121
26;2025-11-13;0;33
26;2025-11-13;1;1
26;2025-11-13;2;0
26;2025-11-13;3;0
26;2025-11-13;4;1
26;2025-11-13;5;87
26;2025-11-13;6;492
26;2025-11-13;7;1105
26;2025-11-13;8;2224
26;2025-11-13;9;1527
26;2025-11-13;10;1215
26;2025-11-13;11;1172
26;2025-11-13;12;1138
26;2025-11-13;13;1178
26;2025-11-13;14;1234
26;2025-11-13;15;1353
26;2025-11-13;16;1519
26;2025-11-13;17;1735
26;2025-11-13;18;1950
26;2025-11-13;19;1299
26;2025-11-13;20;797
26;2025-11-13;21;474
26;2025-11-13;22;235
26;2025-11-13;23;127
26;2025-11-14;0;31
26;2025-11-14;1;2
26;2025-11-14;2;0
26;2025-11-14;3;0
26;2025-11-14;4;1
26;2025-11-14;5;86
26;2025-11-14;6;506
26;2025-11-14;7;1080
26;2025-11-14;8;2115
26;2025-11-14;9;1412
26;2025-11-14;10;1230
26;2025-11-14;11;1096
26;2025-11-14;12;1144
26;2025-11-14;13;1208
26;2025-11-14;14;1258
26;2025-11-14;15;1412
26;2025-11-14;16;1655
26;2025-11-14;17;1713
26;2025-11-14;18;1467
26;2025-11-14;19;1131
26;2025-11-14;20;766
26;2025-11-14;21;455
26;2025-11-14;22;222
26;2025-11-14;23;151
26;2025-11-15;0;45
26;2025-11-15;1;2
26;2025-11-15;2;0
26;2025-11-15;3;0
26;2025-11-15;4;2
26;2025-11-15;5;46
26;2025-11-15;6;254
26;2025-11-15;7;369
26;2025-11-15;8;610
26;2025-11-15;9;693
26;2025-11-15;10;830
26;2025-11-15;11;994
26;2025-11-15;12;1036
26;2025-11-15;13;1015
26;2025-11-15;14;1060
26;2025-11-15;15;953
26;2025-11-15;16;999
26;2025-11-15;17;913
26;2025-11-15;18;868
26;2025-11-15;19;808
26;2025-11-15;20;530
26;2025-11-15;21;363
26;2025-11-15;22;223
26;2025-11-15;23;147
26;2025-11-16;0;43
26;2025-11-16;1;4
26;2025-11-16;2;0
26;2025-11-16;3;0
26;2025-11-16;4;1
26;2025-11-16;5;31
26;2025-11-16;6;161
26;2025-11-16;7;250
26;2025-11-16;8;350
26;2025-11-16;9;493
26;2025-11-16;10;558
26;2025-11-16;11;736
26;2025-11-16;12;780
26;2025-11-16;13;827
26;2025-11-16;14;789
26;2025-11-16;15;737
26;2025-11-16;16;718
26;2025-11-16;17;712
26;2025-11-16;18;665
26;2025-11-16;19;570
26;2025-11-16;20;408
26;2025-11-16;21;280
26;2025-11-16;22;193
26;2025-11-16;23;102
26;2025-11-17;0;26
26;2025-11-17;1;2
26;2025-11-17;2;0
26;2025-11-17;3;0
26;2025-11-17;4;1
26;2025-11-17;5;89
26;2025-11-17;6;504
26;2025-11-17;7;1118
26;2025-11-17;8;2129
26;2025-11-17;9;1480
26;2025-11-17;10;1210
26;2025-11-17;11;1074
26;2025-11-17;12;1096
26;2025-11-17;13;1166
26;2025-11-17;14;1216
26;2025-11-17;15;1316
26;2025-11-17;16;1496
26;2025-11-17;17;1693
26;2025-11-17;18;1942
26;2025-11-17;19;1278
26;2025-11-17;20;776
26;2025-11-17;21;454
26;2025-11-17;22;204
26;2025-11-17;23;94
26;2025-11-18;0;27
26;2025-11-18;1;1
26;2025-11-18;2;0
26;2025-11-18;3;0
26;2025-11-18;4;1
26;2025-11-18;5;84
26;2025-11-18;6;515
26;2025-11-18;7;1127
26;2025-11-18;8;2300
26;2025-11-18;9;1501
26;2025-11-18;10;1225
26;2025-11-18;11;1094
26;2025-11-18;12;1168
26;2025-11-18;13;1184
26;2025-11-18;14;1215
26;2025-11-18;15;1316
26;2025-11-18;16;1534
26;2025-11-18;17;1770
26;2025-11-18;18;1917
26;2025-11-18;19;1361
26;2025-11-18;20;806
26;2025-11-18;21;463
26;2025-11-18;22;230
26;2025-11-18;23;107
26;2025-11-19;0;27
26;2025-11-19;1;1
26;2025-11-19;2;0
26;2025-11-19;3;0
26;2025-11-19;4;0
26;2025-11-19;5;90
26;2025-11-19;6;523
26;2025-11-19;7;1119
26;2025-11-19;8;2270
26;2025-11-19;9;1520
26;2025-11-19;10;1248
26;2025-11-19;11;1126
26;2025-11-19;12;1165
26;2025-11-19;13;1188
26;2025-11-19;14;1306
26;2025-11-19;15;1362
26;2025-11-19;16;1512
26;2025-11-19;17;1662
26;2025-11-19;18;1856
26;2025-11-19;19;1239
26;2025-11-19;20;797
26;2025-11-19;21;502
26;2025-11-19;22;234
26;2025-11-19;23;121
26;2025-11-20;0;33
26;2025-11-20;1;1
26;2025-11-20;2;0
26;2025-11-20;3;0
26;2025-11-20;4;1
26;2025-11-20;5;87
26;2025-11-20;6;492
26;2025-11-20;7;1105
26;2025-11-20;8;2224
26;2025-11-20;9;1527
26;2025-11-20;10;1215
26;2025-11-20;11;1172
26;2025-11-20;12;1138
26;2025-11-20;13;1178
26;2025-11-20;14;1234
26;2025-11-20;15;1353
26;2025-11-20;16;1519
26;2025-11-20;17;1735
26;2025-11-20;18;1950
26;2025-11-20;19;1299
26;2025-11-20;20;797
26;2025-11-20;21;474
26;2025-11-20;22;235
26;2025-11-20;23;127
26;2025-11-21;0;31
26;2025-11-21;1;2
26;2025-11-21;2;0
26;2025-11-21;3;0
26;2025-11-21;4;1
26;2025-11-21;5;86
26;2025-11-21;6;506
26;2025-11-21;7;1080
26;2025-11-21;8;2115
26;2025-11-21;9;1412
26;2025-11-21;10;1230
26;2025-11-21;11;1096
26;2025-11-21;12;1144
26;2025-11-21;13;1208
26;2025-11-21;14;1258
26;2025-11-21;15;1412
26;2025-11-21;16;1655
26;2025-11-21;17;1713
26;2025-11-21;18;1467
26;2025-11-21;19;1131
26;2025-11-21;20;766
26;2025-11-21;21;455
26;2025-11-21;22;222
26;2025-11-21;23;151
26;2025-11-22;0;45
26;2025-11-22;1;2
26;2025-11-22;2;0
26;2025-11-22;3;0
26;2025-11-22;4;2
26;2025-11-22;5;46
26;2025-11-22;6;254
26;2025-11-22;7;369
26;2025-11-22;8;610
26;2025-11-22;9;693
26;2025-11-22;10;830
26;2025-11-22;11;994
26;2025-11-22;12;1036
26;2025-11-22;13;1015
26;2025-11-22;14;1060
26;2025-11-22;15;953
26;2025-11-22;16;999
26;2025-11-22;17;913
26;2025-11-22;18;868
26;2025-11-22;19;808
26;2025-11-22;20;530
26;2025-11-22;21;363
26;2025-11-22;22;223
26;2025-11-22;23;147
26;2025-11-23;0;43
26;2025-11-23;1;4
26;2025-11-23;2;0
26;2025-11-23;3;0
26;2025-11-23;4;1
26;2025-11-23;5;31
26;2025-11-23;6;161
26;2025-11-23;7;250
26;2025-11-23;8;350
26;2025-11-23;9;493
26;2025-11-23;10;558
26;2025-11-23;11;736
26;2025-11-23;12;780
26;2025-11-23;13;827
26;2025-11-23;14;789
26;2025-11-23;15;737
26;2025-11-23;16;718
26;2025-11-23;17;712
26;2025-11-23;18;665
26;2025-11-23;19;570
26;2025-11-23;20;408
26;2025-11-23;21;280
26;2025-11-23;22;193
26;2025-11-23;23;102
26;2025-11-24;0;26
26;2025-11-24;1;2
26;2025-11-24;2;0
26;2025-11-24;3;0
26;2025-11-24;4;1
26;2025-11-24;5;89
26;2025-11-24;6;504
26;2025-11-24;7;1118
26;2025-11-24;8;2129
26;2025-11-24;9;1480
26;2025-11-24;10;1210
26;2025-11-24;11;1074
26;2025-11-24;12;1096
26;2025-11-24;13;1166
26;2025-11-24;14;1216
26;2025-11-24;15;1316
26;2025-11-24;16;1496
26;2025-11-24;17;1693
26;2025-11-24;18;1942
26;2025-11-24;19;1278
26;2025-11-24;20;776
26;2025-11-24;21;454
26;2025-11-24;22;204
26;2025-11-24;23;94
26;2025-11-25;0;27
26;2025-11-25;1;1
26;2025-11-25;2;0
26;2025-11-25;3;0
26;2025-11-25;4;1
26;2025-11-25;5;84
26;2025-11-25;6;515
26;2025-11-25;7;1127
26;2025-11-25;8;2300
26;2025-11-25;9;1501
26;2025-11-25;10;1225
26;2025-11-25;11;1094
26;2025-11-25;12;1168
26;2025-11-25;13;1184
26;2025-11-25;14;1215
26;2025-11-25;15;1316
26;2025-11-25;16;1534
26;2025-11-25;17;1770
26;2025-11-25;18;1917
26;2025-11-25;19;1361
26;2025-11-25;20;806
26;2025-11-25;21;463
26;2025-11-25;22;230
26;2025-11-25;23;107
26;2025-11-26;0;27
26;2025-11-26;1;1
26;2025-11-26;2;0
26;2025-11-26;3;0
26;2025-11-26;4;0
26;2025-11-26;5;90
26;2025-11-26;6;523
26;2025-11-26;7;1119
26;2025-11-26;8;2270
26;2025-11-26;9;1520
26;2025-11-26;10;1248
26;2025-11-26;11;1126
26;2025-11-26;12;1165
26;2025-11-26;13;1188
26;2025-11-26;14;1306
26;2025-11-26;15;1362
26;2025-11-26;16;1512
26;2025-11-26;17;1662
26;2025-11-26;18;1856
26;2025-11-26;19;1239
26;2025-11-26;20;797
26;2025-11-26;21;502
26;2025-11-26;22;234
26;2025-11-26;23;121
26;2025-11-27;0;33
26;2025-11-27;1;1
26;2025-11-27;2;0
26;2025-11-27;3;0
26;2025-11-27;4;1
26;2025-11-27;5;87
26;2025-11-27;6;492
26;2025-11-27;7;1105
26;2025-11-27;8;2224
26;2025-11-27;9;1527
26;2025-11-27;10;1215
26;2025-11-27;11;1172
26;2025-11-27;12;1138
26;2025-11-27;13;1178
26;2025-11-27;14;1234
26;2025-11-27;15;1353
26;2025-11-27;16;1519
26;2025-11-27;17;1735
26;2025-11-27;18;1950
26;2025-11-27;19;1299
26;2025-11-27;20;797
26;2025-11-27;21;474
26;2025-11-27;22;235
26;2025-11-27;23;127
26;2025-11-28;0;31
26;2025-11-28;1;2
26;2025-11-28;2;0
26;2025-11-28;3;0
26;2025-11-28;4;1
26;2025-11-28;5;86
26;2025-11-28;6;506
26;2025-11-28;7;1080
26;2025-11-28;8;2115
26;2025-11-28;9;1412
26;2025-11-28;10;1230
26;2025-11-28;11;1096
26;2025-11-28;12;1144
26;2025-11-28;13;1208
26;2025-11-28;14;1258
26;2025-11-28;15;1412
26;2025-11-28;16;1655
26;2025-11-28;17;1713
26;2025-11-28;18;1467
26;2025-11-28;19;1131
26;2025-11-28;20;766
26;2025-11-28;21;455
26;2025-11-28;22;222
26;2025-11-28;23;151
26;2025-11-29;0;45
26;2025-11-29;1;2
26;2025-11-29;2;0
26;2025-11-29;3;0
26;2025-11-29;4;2
26;2025-11-29;5;46
26;2025-11-29;6;254
26;2025-11-29;7;369
26;2025-11-29;8;610
26;2025-11-29;9;693
26;2025-11-29;10;830
26;2025-11-29;11;994
26;2025-11-29;12;1036
26;2025-11-29;13;1015
26;2025-11-29;14;1060
26;2025-11-29;15;953
26;2025-11-29;16;999
26;2025-11-29;17;913
26;2025-11-29;18;868
26;2025-11-29;19;808
26;2025-11-29;20;530
26;2025-11-29;21;363
26;2025-11-29;22;223
26;2025-11-29;23;147
26;2025-11-30;0;43
26;2025-11-30;1;4
26;2025-11-30;2;0
26;2025-11-30;3;0
26;2025-11-30;4;1
26;2025-11-30;5;31
26;2025-11-30;6;161
26;2025-11-30;7;250
26;2025-11-30;8;350
26;2025-11-30;9;493
26;2025-11-30;10;558
26;2025-11-30;11;736
26;2025-11-30;12;780
26;2025-11-30;13;827
26;2025-11-30;14;789
26;2025-11-30;15;737
26;2025-11-30;16;718
26;2025-11-30;17;712
26;2025-11-30;18;665
26;2025-11-30;19;570
26;2025-11-30;20;408
26;2025-11-30;21;280
26;2025-11-30;22;193
26;2025-11-30;23;102
26;2025-12-01;0;26
26;2025-12-01;1;2
26;2025-12-01;2;0
26;2025-12-01;3;0
26;2025-12-01;4;1
26;2025-12-01;5;89
26;2025-12-01;6;504
26;2025-12-01;7;1118
26;2025-12-01;8;2129
26;2025-12-01;9;1480
26;2025-12-01;10;1210
26;2025-12-01;11;1074
26;2025-12-01;12;1096
26;2025-12-01;13;1166
26;2025-12-01;14;1216
26;2025-12-01;15;1316
26;2025-12-01;16;1496
26;2025-12-01;17;1693
26;2025-12-01;18;1942
26;2025-12-01;19;1278
26;2025-12-01;20;776
26;2025-12-01;21;454
26;2025-12-01;22;204
26;2025-12-01;23;94
26;2025-12-02;0;27
26;2025-12-02;1;1
26;2025-12-02;2;0
26;2025-12-02;3;0
26;2025-12-02;4;1
26;2025-12-02;5;84
26;2025-12-02;6;515
26;2025-12-02;7;1127
26;2025-12-02;8;2300
26;2025-12-02;9;1501
26;2025-12-02;10;1225
26;2025-12-02;11;1094
26;2025-12-02;12;1168
26;2025-12-02;13;1184
26;2025-12-02;14;1215
26;2025-12-02;15;1316
26;2025-12-02;16;1534
26;2025-12-02;17;1770
26;2025-12-02;18;1917
26;2025-12-02;19;1361
26;2025-12-02;20;806
26;2025-12-02;21;463
26;2025-12-02;22;230
26;2025-12-02;23;107
26;2025-12-03;0;27
26;2025-12-03;1;1
26;2025-12-03;2;0
26;2025-12-03;3;0
26;2025-12-03;4;0
26;2025-12-03;5;90
26;2025-12-03;6;523
26;2025-12-03;7;1119
26;2025-12-03;8;2270
26;2025-12-03;9;1520
26;2025-12-03;10;1248
26;2025-12-03;11;1126
26;2025-12-03;12;1165
26;2025-12-03;13;1188
26;2025-12-03;14;1306
26;2025-12-03;15;1362
26;2025-12-03;16;1512
26;2025-12-03;17;1662
26;2025-12-03;18;1856
26;2025-12-03;19;1239
26;2025-12-03;20;797
26;2025-12-03;21;502
26;2025-12-03;22;234
26;2025-12-03;23;121
26;2025-12-04;0;33
26;2025-12-04;1;1
26;2025-12-04;2;0
26;2025-12-04;3;0
26;2025-12-04;4;1
26;2025-12-04;5;87
26;2025-12-04;6;492
26;2025-12-04;7;1105
26;2025-12-04;8;2224
26;2025-12-04;9;1527
26;2025-12-04;10;1215
26;2025-12-04;11;1172
26;2025-12-04;12;1138
26;2025-12-04;13;1178
26;2025-12-04;14;1234
26;2025-12-04;15;1353
26;2025-12-04;16;1519
26;2025-12-04;17;1735
26;2025-12-04;18;1950
26;2025-12-04;19;1299
26;2025-12-04;20;797
26;2025-12-04;21;474
26;2025-12-04;22;235
26;2025-12-04;23;127
26;2025-12-05;0;31
26;2025-12-05;1;2
26;2025-12-05;2;0
26;2025-12-05;3;0
26;2025-12-05;4;1
26;2025-12-05;5;86
26;2025-12-05;6;506
26;2025-12-05;7;1080
26;2025-12-05;8;2115
26;2025-12-05;9;1412
26;2025-12-05;10;1230
26;2025-12-05;11;1096
26;2025-12-05;12;1144
26;2025-12-05;13;1208
26;2025-12-05;14;1258
26;2025-12-05;15;1412
26;2025-12-05;16;1655
26;2025-12-05;17;1713
26;2025-12-05;18;1467
26;2025-12-05;19;1131
26;2025-12-05;20;766
26;2025-12-05;21;455
26;2025-12-05;22;222
26;2025-12-05;23;151
26;2025-12-06;0;45
26;2025-12-06;1;2
26;2025-12-06;2;0
26;2025-12-06;3;0
26;2025-12-06;4;2
26;2025-12-06;5;46
26;2025-12-06;6;254
26;2025-12-06;7;369
26;2025-12-06;8;610
26;2025-12-06;9;693
26;2025-12-06;10;830
26;2025-12-06;11;994
26;2025-12-06;12;1036
26;2025-12-06;13;1015
26;2025-12-06;14;1060
26;2025-12-06;15;953
26;2025-12-06;16;999
26;2025-12-06;17;913
26;2025-12-06;18;868
26;2025-12-06;19;808
26;2025-12-06;20;530
26;2025-12-06;21;363
26;2025-12-06;22;223
26;2025-12-06;23;147
26;2025-12-07;0;43
26;2025-12-07;1;4
26;2025-12-07;2;0
26;2025-12-07;3;0
26;2025-12-07;4;1
26;2025-12-07;5;31
26;2025-12-07;6;161
26;2025-12-07;7;250
26;2025-12-07;8;350
26;2025-12-07;9;493
26;2025-12-07;10;558
26;2025-12-07;11;736
26;2025-12-07;12;780
26;2025-12-07;13;827
26;2025-12-07;14;789
26;2025-12-07;15;737
26;2025-12-07;16;718
26;2025-12-07;17;712
26;2025-12-07;18;665
26;2025-12-07;19;570
26;2025-12-07;20;408
26;2025-12-07;21;280
26;2025-12-07;22;193
26;2025-12-07;23;102
26;2025-12-08;0;26
26;2025-12-08;1;2
26;2025-12-08;2;0
26;2025-12-08;3;0
26;2025-12-08;4;1
26;2025-12-08;5;89
26;2025-12-08;6;504
26;2025-12-08;7;1118
26;2025-12-08;8;2129
26;2025-12-08;9;1480
26;2025-12-08;10;1210
26;2025-12-08;11;1074
26;2025-12-08;12;1096
26;2025-12-08;13;1166
26;2025-12-08;14;1216
26;2025-12-08;15;1316
26;2025-12-08;16;1496
26;2025-12-08;17;1693
26;2025-12-08;18;1942
26;2025-12-08;19;1278
26;2025-12-08;20;776
26;2025-12-08;21;454
26;2025-12-08;22;204
26;2025-12-08;23;94
26;2025-12-09;0;27
26;2025-12-09;1;1
26;2025-12-09;2;0
26;2025-12-09;3;0
26;2025-12-09;4;1
26;2025-12-09;5;84
26;2025-12-09;6;515
26;2025-12-09;7;1127
26;2025-12-09;8;2300
26;2025-12-09;9;1501
26;2025-12-09;10;1225
26;2025-12-09;11;1094
26;2025-12-09;12;1168
26;2025-12-09;13;1184
26;2025-12-09;14;1215
26;2025-12-09;15;1316
26;2025-12-09;16;1534
26;2025-12-09;17;1770
26;2025-12-09;18;1917
26;2025-12-09;19;1361
26;2025-12-09;20;806
26;2025-12-09;21;463
26;2025-12-09;22;230
26;2025-12-09;23;107
26;2025-12-10;0;27
26;2025-12-10;1;1
26;2025-12-10;2;0
26;2025-12-10;3;0
26;2025-12-10;4;0
26;2025-12-10;5;90
26;2025-12-10;6;523
26;2025-12-10;7;1119
26;2025-12-10;8;2270
26;2025-12-10;9;1520
26;2025-12-10;10;1248
26;2025-12-10;11;1126
26;2025-12-10;12;1165
26;2025-12-10;13;1188
26;2025-12-10;14;1306
26;2025-12-10;15;1362
26;2025-12-10;16;1512
26;2025-12-10;17;1662
26;2025-12-10;18;1856
26;2025-12-10;19;1239
26;2025-12-10;20;797
26;2025-12-10;21;502
26;2025-12-10;22;234
26;2025-12-10;23;121
26;2025-12-11;0;33
26;2025-12-11;1;1
26;2025-12-11;2;0
26;2025-12-11;3;0
26;2025-12-11;4;1
26;2025-12-11;5;87
26;2025-12-11;6;492
26;2025-12-11;7;1105
26;2025-12-11;8;2224
26;2025-12-11;9;1527
26;2025-12-11;10;1215
26;2025-12-11;11;1172
26;2025-12-11;12;1138
26;2025-12-11;13;1178
26;2025-12-11;14;1234
26;2025-12-11;15;1353
26;2025-12-11;16;1519
26;2025-12-11;17;1735
26;2025-12-11;18;1950
26;2025-12-11;19;1299
26;2025-12-11;20;797
26;2025-12-11;21;474
26;2025-12-11;22;235
26;2025-12-11;23;127
26;2025-12-12;0;31
26;2025-12-12;1;2
26;2025-12-12;2;0
26;2025-12-12;3;0
26;2025-12-12;4;1
26;2025-12-12;5;86
26;2025-12-12;6;506
26;2025-12-12;7;1080
26;2025-12-12;8;2115
26;2025-12-12;9;1412
26;2025-12-12;10;1230
26;2025-12-12;11;1096
26;2025-12-12;12;1144
26;2025-12-12;13;1208
26;2025-12-12;14;1258
26;2025-12-12;15;1412
26;2025-12-12;16;1655
26;2025-12-12;17;1713
26;2025-12-12;18;1467
26;2025-12-12;19;1131
26;2025-12-12;20;766
26;2025-12-12;21;455
26;2025-12-12;22;222
26;2025-12-12;23;151
26;2025-12-13;0;45
26;2025-12-13;1;2
26;2025-12-13;2;0
26;2025-12-13;3;0
26;2025-12-13;4;2
26;2025-12-13;5;46
26;2025-12-13;6;254
26;2025-12-13;7;369
26;2025-12-13;8;610
26;2025-12-13;9;693
26;2025-12-13;10;830
26;2025-12-13;11;994
26;2025-12-13;12;1036
26;2025-12-13;13;1015
26;2025-12-13;14;1060
26;2025-12-13;15;953
26;2025-12-13;16;999
26;2025-12-13;17;913
26;2025-12-13;18;868
26;2025-12-13;19;808
26;2025-12-13;20;530
26;2025-12-13;21;363
26;2025-12-13;22;223
26;2025-12-13;23;147
26;2025-12-14;0;43
26;2025-12-14;1;4
26;2025-12-14;2;0
26;2025-12-14;3;0
26;2025-12-14;4;1
26;2025-12-14;5;31
26;2025-12-14;6;161
26;2025-12-14;7;250
26;2025-12-14;8;350
26;2025-12-14;9;493
26;2025-12-14;10;558
26;2025-12-14;11;736
26;2025-12-14;12;780
26;2025-12-14;13;827
26;2025-12-14;14;789
26;2025-12-14;15;737
26;2025-12-14;16;718
26;2025-12-14;17;712
26;2025-12-14;18;665
26;2025-12-14;19;570
26;2025-12-14;20;408
26;2025-12-14;21;280
26;2025-12-14;22;193
26;2025-12-14;23;102
26;2025-12-15;0;26
26;2025-12-15;1;2
26;2025-12-15;2;0
26;2025-12-15;3;0
26;2025-12-15;4;1
26;2025-12-15;5;89
26;2025-12-15;6;504
26;2025-12-15;7;1118
26;2025-12-15;8;2129
26;2025-12-15;9;1480
26;2025-12-15;10;1210
26;2025-12-15;11;1074
26;2025-12-15;12;1096
26;2025-12-15;13;1166
26;2025-12-15;14;1216
26;2025-12-15;15;1316
26;2025-12-15;16;1496
26;2025-12-15;17;1693
26;2025-12-15;18;1942
26;2025-12-15;19;1278
26;2025-12-15;20;776
26;2025-12-15;21;454
26;2025-12-15;22;204
26;2025-12-15;23;94
26;2025-12-16;0;27
26;2025-12-16;1;1
26;2025-12-16;2;0
26;2025-12-16;3;0
26;2025-12-16;4;1
26;2025-12-16;5;84
26;2025-12-16;6;515
26;2025-12-16;7;1127
26;2025-12-16;8;2300
26;2025-12-16;9;1501
26;2025-12-16;10;1225
26;2025-12-16;11;1094
26;2025-12-16;12;1168
26;2025-12-16;13;1184
26;2025-12-16;14;1215
26;2025-12-16;15;1316
26;2025-12-16;16;1534
26;2025-12-16;17;1770
26;2025-12-16;18;1917
26;2025-12-16;19;1361
26;2025-12-16;20;806
26;2025-12-16;21;463
26;2025-12-16;22;230
26;2025-12-16;23;107
26;2025-12-17;0;27
26;2025-12-17;1;1
26;2025-12-17;2;0
26;2025-12-17;3;0
26;2025-12-17;4;0
26;2025-12-17;5;90
26;2025-12-17;6;523
26;2025-12-17;7;1119
26;2025-12-17;8;2270
26;2025-12-17;9;1520
26;2025-12-17;10;1248
26;2025-12-17;11;1126
26;2025-12-17;12;1165
26;2025-12-17;13;1188
26;2025-12-17;14;1306
26;2025-12-17;15;1362
26;2025-12-17;16;1512
26;2025-12-17;17;1662
26;2025-12-17;18;1856
26;2025-12-17;19;1239
26;2025-12-17;20;797
26;2025-12-17;21;502
26;2025-12-17;22;234
26;2025-12-17;23;121
26;2025-12-18;0;33
26;2025-12-18;1;1
26;2025-12-18;2;0
26;2025-12-18;3;0
26;2025-12-18;4;1
26;2025-12-18;5;87
26;2025-12-18;6;492
26;2025-12-18;7;1105
26;2025-12-18;8;2224
26;2025-12-18;9;1527
26;2025-12-18;10;1215
26;2025-12-18;11;1172
26;2025-12-18;12;1138
26;2025-12-18;13;1178
26;2025-12-18;14;1234
26;2025-12-18;15;1353
26;2025-12-18;16;1519
26;2025-12-18;17;1735
26;2025-12-18;18;1950
26;2025-12-18;19;1299
26;2025-12-18;20;797
26;2025-12-18;21;474
26;2025-12-18;22;235
26;2025-12-18;23;127
26;2025-12-19;0;31
26;2025-12-19;1;2
26;2025-12-19;2;0
26;2025-12-19;3;0
26;2025-12-19;4;1
26;2025-12-19;5;86
26;2025-12-19;6;506
26;2025-12-19;7;1080
26;2025-12-19;8;2115
26;2025-12-19;9;1412
26;2025-12-19;10;1230
26;2025-12-19;11;1096
26;2025-12-19;12;1144
26;2025-12-19;13;1208
26;2025-12-19;14;1258
26;2025-12-19;15;1412
26;2025-12-19;16;1655
26;2025-12-19;17;1713
26;2025-12-19;18;1467
26;2025-12-19;19;1131
26;2025-12-19;20;766
26;2025-12-19;21;455
26;2025-12-19;22;222
26;2025-12-19;23;151
26;2025-12-20;0;45
26;2025-12-20;1;2
26;2025-12-20;2;0
26;2025-12-20;3;0
26;2025-12-20;4;2
26;2025-12-20;5;46
26;2025-12-20;6;254
26;2025-12-20;7;369
26;2025-12-20;8;610
26;2025-12-20;9;693
26;2025-12-20;10;830
26;2025-12-20;11;994
26;2025-12-20;12;1036
26;2025-12-20;13;1015
26;2025-12-20;14;1060
26;2025-12-20;15;953
26;2025-12-20;16;999
26;2025-12-20;17;913
26;2025-12-20;18;868
26;2025-12-20;19;808
26;2025-12-20;20;530
26;2025-12-20;21;363
26;2025-12-20;22;223
26;2025-12-20;23;147
26;2025-12-21;0;43
26;2025-12-21;1;4
26;2025-12-21;2;0
26;2025-12-21;3;0
26;2025-12-21;4;1
26;2025-12-21;5;31
26;2025-12-21;6;161
26;2025-12-21;7;250
26;2025-12-21;8;350
26;2025-12-21;9;493
26;2025-12-21;10;558
26;2025-12-21;11;736
26;2025-12-21;12;780
26;2025-12-21;13;827
26;2025-12-21;14;789
26;2025-12-21;15;737
26;2025-12-21;16;718
26;2025-12-21;17;712
26;2025-12-21;18;665
26;2025-12-21;19;570
26;2025-12-21;20;408
26;2025-12-21;21;280
26;2025-12-21;22;193
26;2025-12-21;23;102
26;2025-12-22;0;26
26;2025-12-22;1;2
26;2025-12-22;2;0
26;2025-12-22;3;0
26;2025-12-22;4;1
26;2025-12-22;5;89
26;2025-12-22;6;504
26;2025-12-22;7;1118
26;2025-12-22;8;2129
26;2025-12-22;9;1480
26;2025-12-22;10;1210
26;2025-12-22;11;1074
26;2025-12-22;12;1096
26;2025-12-22;13;1166
26;2025-12-22;14;1216
26;2025-12-22;15;1316
26;2025-12-22;16;1496
26;2025-12-22;17;1693
26;2025-12-22;18;1942
26;2025-12-22;19;1278
26;2025-12-22;20;776
26;2025-12-22;21;454
26;2025-12-22;22;204
26;2025-12-22;23;94
26;2025-12-23;0;27
26;2025-12-23;1;1
26;2025-12-23;2;0
26;2025-12-23;3;0
26;2025-12-23;4;1
26;2025-12-23;5;84
26;2025-12-23;6;515
26;2025-12-23;7;1127
26;2025-12-23;8;2300
26;2025-12-23;9;1501
26;2025-12-23;10;1225
26;2025-12-23;11;1094
26;2025-12-23;12;1168
26;2025-12-23;13;1184
26;2025-12-23;14;1215
26;2025-12-23;15;1316
26;2025-12-23;16;1534
26;2025-12-23;17;1770
26;2025-12-23;18;1917
26;2025-12-23;19;1361
26;2025-12-23;20;806
26;2025-12-23;21;463
26;2025-12-23;22;230
26;2025-12-23;23;107
26;2025-12-24;0;27
26;2025-12-24;1;1
26;2025-12-24;2;0
26;2025-12-24;3;0
26;2025-12-24;4;0
26;2025-12-24;5;90
26;2025-12-24;6;523
26;2025-12-24;7;1119
26;2025-12-24;8;2270
26;2025-12-24;9;1520
26;2025-12-24;10;1248
26;2025-12-24;11;1126
26;2025-12-24;12;1165
26;2025-12-24;13;1188
26;2025-12-24;14;1306
26;2025-12-24;15;1362
26;2025-12-24;16;1512
26;2025-12-24;17;1662
26;2025-12-24;18;1856
26;2025-12-24;19;1239
26;2025-12-24;20;797
26;2025-12-24;21;502
26;2025-12-24;22;234
26;2025-12-24;23;121
26;2025-12-25;0;33
26;2025-12-25;1;1
26;2025-12-25;2;0
26;2025-12-25;3;0
26;2025-12-25;4;1
26;2025-12-25;5;87
26;2025-12-25;6;492
26;2025-12-25;7;1105
26;2025-12-25;8;2224
26;2025-12-25;9;1527
26;2025-12-25;10;1215
26;2025-12-25;11;1172
26;2025-12-25;12;1138
26;2025-12-25;13;1178
26;2025-12-25;14;1234
26;2025-12-25;15;1353
26;2025-12-25;16;1519
26;2025-12-25;17;1735
26;2025-12-25;18;1950
26;2025-12-25;19;1299
26;2025-12-25;20;797
26;2025-12-25;21;474
26;2025-12-25;22;235
26;2025-12-25;23;127
26;2025-12-26;0;31
26;2025-12-26;1;2
26;2025-12-26;2;0
26;2025-12-26;3;0
26;2025-12-26;4;1
26;2025-12-26;5;86
26;2025-12-26;6;506
26;2025-12-26;7;1080
26;2025-12-26;8;2115
26;2025-12-26;9;1412
26;2025-12-26;10;1230
26;2025-12-26;11;1096
26;2025-12-26;12;1144
26;2025-12-26;13;1208
26;2025-12-26;14;1258
26;2025-12-26;15;1412
26;2025-12-26;16;1655
26;2025-12-26;17;1713
26;2025-12-26;18;1467
26;2025-12-26;19;1131
26;2025-12-26;20;766
26;2025-12-26;21;455
26;2025-12-26;22;222
26;2025-12-26;23;151
26;2025-12-27;0;45
26;2025-12-27;1;2
26;2025-12-27;2;0
26;2025-12-27;3;0
26;2025-12-27;4;2
26;2025-12-27;5;46
26;2025-12-27;6;254
26;2025-12-27;7;369
26;2025-12-27;8;610
26;2025-12-27;9;693
26;2025-12-27;10;830
26;2025-12-27;11;994
26;2025-12-27;12;1036
26;2025-12-27;13;1015
26;2025-12-27;14;1060
26;2025-12-27;15;953
26;2025-12-27;16;999
26;2025-12-27;17;913
26;2025-12-27;18;868
26;2025-12-27;19;808
26;2025-12-27;20;530
26;2025-12-27;21;363
26;2025-12-27;22;223
26;2025-12-27;23;147
26;2025-12-28;0;43
26;2025-12-28;1;4
26;2025-12-28;2;0
26;2025-12-28;3;0
26;2025-12-28;4;1
26;2025-12-28;5;31
26;2025-12-28;6;161
26;2025-12-28;7;250
26;2025-12-28;8;350
26;2025-12-28;9;493
26;2025-12-28;10;558
26;2025-12-28;11;736
26;2025-12-28;12;780
26;2025-12-28;13;827
26;2025-12-28;14;789
26;2025-12-28;15;737
26;2025-12-28;16;718
26;2025-12-28;17;712
26;2025-12-28;18;665
26;2025-12-28;19;570
26;2025-12-28;20;408
26;2025-12-28;21;280
26;2025-12-28;22;193
26;2025-12-28;23;102
26;2025-12-29;0;26
26;2025-12-29;1;2
26;2025-12-29;2;0
26;2025-12-29;3;0
26;2025-12-29;4;1
26;2025-12-29;5;89
26;2025-12-29;6;504
26;2025-12-29;7;1118
26;2025-12-29;8;2129
26;2025-12-29;9;1480
26;2025-12-29;10;1210
26;2025-12-29;11;1074
26;2025-12-29;12;1096
26;2025-12-29;13;1166
26;2025-12-29;14;1216
26;2025-12-29;15;1316
26;2025-12-29;16;1496
26;2025-12-29;17;1693
26;2025-12-29;18;1942
26;2025-12-29;19;1278
26;2025-12-29;20;776
26;2025-12-29;21;454
26;2025-12-29;22;204
26;2025-12-29;23;94
26;2025-12-30;0;27
26;2025-12-30;1;1
26;2025-12-30;2;0
26;2025-12-30;3;0
26;2025-12-30;4;1
26;2025-12-30;5;84
26;2025-12-30;6;515
26;2025-12-30;7;1127
26;2025-12-30;8;2300
26;2025-12-30;9;1501
26;2025-12-30;10;1225
26;2025-12-30;11;1094
26;2025-12-30;12;1168
26;2025-12-30;13;1184
26;2025-12-30;14;1215
26;2025-12-30;15;1316
26;2025-12-30;16;1534
26;2025-12-30;17;1770
26;2025-12-30;18;1917
26;2025-12-30;19;1361
26;2025-12-30;20;806
26;2025-12-30;21;463
26;2025-12-30;22;230
26;2025-12-30;23;107
26;2025-12-31;0;39
26;2025-12-31;1;3
26;2025-12-31;2;0
26;2025-12-31;3;0
26;2025-12-31;4;1
26;2025-12-31;5;28
26;2025-12-31;6;152
26;2025-12-31;7;236
26;2025-12-31;8;336
26;2025-12-31;9;476
26;2025-12-31;10;541
26;2025-12-31;11;715
26;2025-12-31;12;759
26;2025-12-31;13;806
26;2025-12-31;14;768
26;2025-12-31;15;717
26;2025-12-31;16;697
26;2025-12-31;17;692
26;2025-12-31;18;647
26;2025-12-31;19;556
26;2025-12-31;20;394
26;2025-12-31;21;266
26;2025-12-31;22;180
26;2025-12-31;23;97
28;2025-11-01;0;0
28;2025-11-01;1;0
28;2025-11-01;2;0
28;2025-11-01;3;0
28;2025-11-01;4;2
28;2025-11-01;5;78
28;2025-11-01;6;265
28;2025-11-01;7;797
28;2025-11-01;8;1159
28;2025-11-01;9;840
28;2025-11-01;10;635
28;2025-11-01;11;556
28;2025-11-01;12;701
28;2025-11-01;13;719
28;2025-11-01;14;708
28;2025-11-01;15;741
28;2025-11-01;16;989
28;2025-11-01;17;1000
28;2025-11-01;18;840
28;2025-11-01;19;637
28;2025-11-01;20;470
28;2025-11-01;21;320
28;2025-11-01;22;149
28;2025-11-01;23;19
28;2025-11-02;0;1
28;2025-11-02;1;0
28;2025-11-02;2;0
28;2025-11-02;3;0
28;2025-11-02;4;0
28;2025-11-02;5;27
28;2025-11-02;6;77
28;2025-11-02;7;146
28;2025-11-02;8;229
28;2025-11-02;9;300
28;2025-11-02;10;344
28;2025-11-02;11;367
28;2025-11-02;12;422
28;2025-11-02;13;486
28;2025-11-02;14;472
28;2025-11-02;15;481
28;2025-11-02;16;443
28;2025-11-02;17;444
28;2025-11-02;18;396
28;2025-11-02;19;344
28;2025-11-02;20;282
28;2025-11-02;21;229
28;2025-11-02;22;110
28;2025-11-02;23;11
28;2025-11-03;0;0
28;2025-11-03;1;0
28;2025-11-03;2;0
28;2025-11-03;3;0
28;2025-11-03;4;0
28;2025-11-03;5;24
28;2025-11-03;6;75
28;2025-11-03;7;144
28;2025-11-03;8;226
28;2025-11-03;9;297
28;2025-11-03;10;341
28;2025-11-03;11;363
28;2025-11-03;12;418
28;2025-11-03;13;481
28;2025-11-03;14;468
28;2025-11-03;15;477
28;2025-11-03;16;438
28;2025-11-03;17;440
28;2025-11-03;18;391
28;2025-11-03;19;340
28;2025-11-03;20;279
28;2025-11-03;21;226
28;2025-11-03;22;108
28;2025-11-03;23;10
28;2025-11-04;0;0
28;2025-11-04;1;0
28;2025-11-04;2;0
28;2025-11-04;3;0
28;2025-11-04;4;0
28;2025-11-04;5;24
28;2025-11-04;6;75
28;2025-11-04;7;144
28;2025-11-04;8;226
28;2025-11-04;9;297
28;2025-11-04;10;341
28;2025-11-04;11;363
28;2025-11-04;12;418
28;2025-11-04;13;481
28;2025-11-04;14;468
28;2025-11-04;15;477
28;2025-11-04;16;438
28;2025-11-04;17;440
28;2025-11-04;18;391
28;2025-11-04;19;340
28;2025-11-04;20;279
28;2025-11-04;21;226
28;2025-11-04;22;108
28;2025-11-04;23;10
28;2025-11-05;0;0
28;2025-11-05;1;0
28;2025-11-05;2;0
28;2025-11-05;3;0
28;2025-11-05;4;1
28;2025-11-05;5;84
28;2025-11-05;6;288
28;2025-11-05;7;797
28;2025-11-05;8;1248
28;2025-11-05;9;846
28;2025-11-05;10;651
28;2025-11-05;11;602
28;2025-11-05;12;698
28;2025-11-05;13;739
28;2025-11-05;14;691
28;2025-11-05;15;718
28;2025-11-05;16;877
28;2025-11-05;17;1028
28;2025-11-05;18;971
28;2025-11-05;19;746
28;2025-11-05;20;509
28;2025-11-05;21;323
28;2025-11-05;22;148
28;2025-11-05;23;17
28;2025-11-06;0;0
28;2025-11-06;1;0
28;2025-11-06;2;0
28;2025-11-06;3;0
28;2025-11-06;4;1
28;2025-11-06;5;76
28;2025-11-06;6;283
28;2025-11-06;7;861
28;2025-11-06;8;1298
28;2025-11-06;9;913
28;2025-11-06;10;660
28;2025-11-06;11;564
28;2025-11-06;12;723
28;2025-11-06;13;742
28;2025-11-06;14;686
28;2025-11-06;15;726
28;2025-11-06;16;861
28;2025-11-06;17;1006
28;2025-11-06;18;1044
28;2025-11-06;19;758
28;2025-11-06;20;553
28;2025-11-06;21;333
28;2025-11-06;22;147
28;2025-11-06;23;17
28;2025-11-07;0;0
28;2025-11-07;1;0
28;2025-11-07;2;0
28;2025-11-07;3;0
28;2025-11-07;4;1
28;2025-11-07;5;77
28;2025-11-07;6;264
28;2025-11-07;7;795
28;2025-11-07;8;1158
28;2025-11-07;9;839
28;2025-11-07;10;633
28;2025-11-07;11;554
28;2025-11-07;12;699
28;2025-11-07;13;717
28;2025-11-07;14;706
28;2025-11-07;15;739
28;2025-11-07;16;987
28;2025-11-07;17;998
28;2025-11-07;18;838
28;2025-11-07;19;635
28;2025-11-07;20;469
28;2025-11-07;21;319
28;2025-11-07;22;148
28;2025-11-07;23;19
28;2025-11-08;0;0
28;2025-11-08;1;0
28;2025-11-08;2;0
28;2025-11-08;3;0
28;2025-11-08;4;1
28;2025-11-08;5;36
28;2025-11-08;6;97
28;2025-11-08;7;218
28;2025-11-08;8;386
28;2025-11-08;9;452
28;2025-11-08;10;469
28;2025-11-08;11;500
28;2025-11-08;12;568
28;2025-11-08;13;573
28;2025-11-08;14;583
28;2025-11-08;15;571
28;2025-11-08;16;539
28;2025-11-08;17;542
28;2025-11-08;18;484
28;2025-11-08;19;399
28;2025-11-08;20;305
28;2025-11-08;21;262
28;2025-11-08;22;129
28;2025-11-08;23;15
28;2025-11-09;0;0
28;2025-11-09;1;0
28;2025-11-09;2;0
28;2025-11-09;3;0
28;2025-11-09;4;0
28;2025-11-09;5;27
28;2025-11-09;6;77
28;2025-11-09;7;146
28;2025-11-09;8;229
28;2025-11-09;9;300
28;2025-11-09;10;344
28;2025-11-09;11;367
28;2025-11-09;12;422
28;2025-11-09;13;485
28;2025-11-09;14;472
28;2025-11-09;15;481
28;2025-11-09;16;442
28;2025-11-09;17;444
28;2025-11-09;18;395
28;2025-11-09;19;343
28;2025-11-09;20;282
28;2025-11-09;21;229
28;2025-11-09;22;110
28;2025-11-09;23;11
28;2025-11-10;0;0
28;2025-11-10;1;0
28;2025-11-10;2;0
28;2025-11-10;3;0
28;2025-11-10;4;1
28;2025-11-10;5;79
28;2025-11-10;6;280
28;2025-11-10;7;800
28;2025-11-10;8;1224
28;2025-11-10;9;871
28;2025-11-10;10;622
28;2025-11-10;11;542
28;2025-11-10;12;661
28;2025-11-10;13;677
28;2025-11-10;14;628
28;2025-11-10;15;667
28;2025-11-10;16;895
28;2025-11-10;17;956
28;2025-11-10;18;970
28;2025-11-10;19;732
28;2025-11-10;20;489
28;2025-11-10;21;308
28;2025-11-10;22;124
28;2025-11-10;23;11
28;2025-11-11;0;0
28;2025-11-11;1;0
28;2025-11-11;2;0
28;2025-11-11;3;0
28;2025-11-11;4;1
28;2025-11-11;5;74
28;2025-11-11;6;266
28;2025-11-11;7;811
28;2025-11-11;8;1256
28;2025-11-11;9;889
28;2025-11-11;10;688
28;2025-11-11;11;574
28;2025-11-11;12;679
28;2025-11-11;13;749
28;2025-11-11;14;671
28;2025-11-11;15;696
28;2025-11-11;16;849
28;2025-11-11;17;978
28;2025-11-11;18;955
28;2025-11-11;19;750
28;2025-11-11;20;540
28;2025-11-11;21;319
28;2025-11-11;22;127
28;2025-11-11;23;18
28;2025-11-12;0;0
28;2025-11-12;1;0
28;2025-11-12;2;0
28;2025-11-12;3;0
28;2025-11-12;4;1
28;2025-11-12;5;84
28;2025-11-12;6;288
28;2025-11-12;7;797
28;2025-11-12;8;1248
28;2025-11-12;9;846
28;2025-11-12;10;651
28;2025-11-12;11;602
28;2025-11-12;12;698
28;2025-11-12;13;739
28;2025-11-12;14;691
28;2025-11-12;15;718
28;2025-11-12;16;877
28;2025-11-12;17;1028
28;2025-11-12;18;971
28;2025-11-12;19;746
28;2025-11-12;20;509
28;2025-11-12;21;323
28;2025-11-12;22;148
28;2025-11-12;23;17
28;2025-11-13;0;0
28;2025-11-13;1;0
28;2025-11-13;2;0
28;2025-11-13;3;0
28;2025-11-13;4;1
28;2025-11-13;5;76
28;2025-11-13;6;283
28;2025-11-13;7;861
28;2025-11-13;8;1298
28;2025-11-13;9;913
28;2025-11-13;10;660
28;2025-11-13;11;564
28;2025-11-13;12;723
28;2025-11-13;13;742
28;2025-11-13;14;686
28;2025-11-13;15;726
28;2025-11-13;16;861
28;2025-11-13;17;1006
28;2025-11-13;18;1044
28;2025-11-13;19;758
28;2025-11-13;20;553
28;2025-11-13;21;333
28;2025-11-13;22;147
28;2025-11-13;23;17
28;2025-11-14;0;0
28;2025-11-14;1;0
28;2025-11-14;2;0
28;2025-11-14;3;0
28;2025-11-14;4;1
28;2025-11-14;5;77
28;2025-11-14;6;264
28;2025-11-14;7;795
28;2025-11-14;8;1158
28;2025-11-14;9;839
28;2025-11-14;10;633
28;2025-11-14;11;554
28;2025-11-14;12;699
28;2025-11-14;13;717
28;2025-11-14;14;706
28;2025-11-14;15;739
28;2025-11-14;16;987
28;2025-11-14;17;998
28;2025-11-14;18;838
28;2025-11-14;19;635
28;2025-11-14;20;469
28;2025-11-14;21;319
28;2025-11-14;22;148
28;2025-11-14;23;19
28;2025-11-15;0;0
28;2025-11-15;1;0
28;2025-11-15;2;0
28;2025-11-15;3;0
28;2025-11-15;4;1
28;2025-11-15;5;36
28;2025-11-15;6;97
28;2025-11-15;7;218
28;2025-11-15;8;386
28;2025-11-15;9;452
28;2025-11-15;10;469
28;2025-11-15;11;500
28;2025-11-15;12;568
28;2025-11-15;13;573
28;2025-11-15;14;583
28;2025-11-15;15;571
28;2025-11-15;16;539
28;2025-11-15;17;542
28;2025-11-15;18;484
28;2025-11-15;19;399
28;2025-11-15;20;305
28;2025-11-15;21;262
28;2025-11-15;22;129
28;2025-11-15;23;15
28;2025-11-16;0;0
28;2025-11-16;1;0
28;2025-11-16;2;0
28;2025-11-16;3;0
28;2025-11-16;4;0
28;2025-11-16;5;27
28;2025-11-16;6;77
28;2025-11-16;7;146
28;2025-11-16;8;229
28;2025-11-16;9;300
28;2025-11-16;10;344
28;2025-11-16;11;367
28;2025-11-16;12;422
28;2025-11-16;13;485
28;2025-11-16;14;472
28;2025-11-16;15;481
28;2025-11-16;16;442
28;2025-11-16;17;444
28;2025-11-16;18;395
28;2025-11-16;19;343
28;2025-11-16;20;282
28;2025-11-16;21;229
28;2025-11-16;22;110
28;2025-11-16;23;11
28;2025-11-17;0;0
28;2025-11-17;1;0
28;2025-11-17;2;0
28;2025-11-17;3;0
28;2025-11-17;4;1
28;2025-11-17;5;79
28;2025-11-17;6;280
28;2025-11-17;7;800
28;2025-11-17;8;1224
28;2025-11-17;9;871
28;2025-11-17;10;622
28;2025-11-17;11;542
28;2025-11-17;12;661
28;2025-11-17;13;677
28;2025-11-17;14;628
28;2025-11-17;15;667
28;2025-11-17;16;895
28;2025-11-17;17;956
28;2025-11-17;18;970
28;2025-11-17;19;732
28;2025-11-17;20;489
28;2025-11-17;21;308
28;2025-11-17;22;124
28;2025-11-17;23;11
28;2025-11-18;0;0
28;2025-11-18;1;0
28;2025-11-18;2;0
28;2025-11-18;3;0
28;2025-11-18;4;1
28;2025-11-18;5;74
28;2025-11-18;6;266
28;2025-11-18;7;811
28;2025-11-18;8;1256
28;2025-11-18;9;889
28;2025-11-18;10;688
28;2025-11-18;11;574
28;2025-11-18;12;679
28;2025-11-18;13;749
28;2025-11-18;14;671
28;2025-11-18;15;696
28;2025-11-18;16;849
28;2025-11-18;17;978
28;2025-11-18;18;955
28;2025-11-18;19;750
28;2025-11-18;20;540
28;2025-11-18;21;319
28;2025-11-18;22;127
28;2025-11-18;23;18
28;2025-11-19;0;0
28;2025-11-19;1;0
28;2025-11-19;2;0
28;2025-11-19;3;0
28;2025-11-19;4;1
28;2025-11-19;5;84
28;2025-11-19;6;288
28;2025-11-19;7;797
28;2025-11-19;8;1248
28;2025-11-19;9;846
28;2025-11-19;10;651
28;2025-11-19;11;602
28;2025-11-19;12;698
28;2025-11-19;13;739
28;2025-11-19;14;691
28;2025-11-19;15;718
28;2025-11-19;16;877
28;2025-11-19;17;1028
28;2025-11-19;18;971
28;2025-11-19;19;746
28;2025-11-19;20;509
28;2025-11-19;21;323
28;2025-11-19;22;148
28;2025-11-19;23;17
28;2025-11-20;0;0
28;2025-11-20;1;0
28;2025-11-20;2;0
28;2025-11-20;3;0
28;2025-11-20;4;1
28;2025-11-20;5;76
28;2025-11-20;6;283
28;2025-11-20;7;861
28;2025-11-20;8;1298
28;2025-11-20;9;913
28;2025-11-20;10;660
28;2025-11-20;11;564
28;2025-11-20;12;723
28;2025-11-20;13;742
28;2025-11-20;14;686
28;2025-11-20;15;726
28;2025-11-20;16;861
28;2025-11-20;17;1006
28;2025-11-20;18;1044
28;2025-11-20;19;758
28;2025-11-20;20;553
28;2025-11-20;21;333
28;2025-11-20;22;147
28;2025-11-20;23;17
28;2025-11-21;0;0
28;2025-11-21;1;0
28;2025-11-21;2;0
28;2025-11-21;3;0
28;2025-11-21;4;1
28;2025-11-21;5;77
28;2025-11-21;6;264
28;2025-11-21;7;795
28;2025-11-21;8;1158
28;2025-11-21;9;839
28;2025-11-21;10;633
28;2025-11-21;11;554
28;2025-11-21;12;699
28;2025-11-21;13;717
28;2025-11-21;14;706
28;2025-11-21;15;739
28;2025-11-21;16;987
28;2025-11-21;17;998
28;2025-11-21;18;838
28;2025-11-21;19;635
28;2025-11-21;20;469
28;2025-11-21;21;319
28;2025-11-21;22;148
28;2025-11-21;23;19
28;2025-11-22;0;0
28;2025-11-22;1;0
28;2025-11-22;2;0
28;2025-11-22;3;0
28;2025-11-22;4;1
28;2025-11-22;5;36
28;2025-11-22;6;97
28;2025-11-22;7;218
28;2025-11-22;8;386
28;2025-11-22;9;452
28;2025-11-22;10;469
28;2025-11-22;11;500
28;2025-11-22;12;568
28;2025-11-22;13;573
28;2025-11-22;14;583
28;2025-11-22;15;571
28;2025-11-22;16;539
28;2025-11-22;17;542
28;2025-11-22;18;484
28;2025-11-22;19;399
28;2025-11-22;20;305
28;2025-11-22;21;262
28;2025-11-22;22;129
28;2025-11-22;23;15
28;2025-11-23;0;0
28;2025-11-23;1;0
28;2025-11-23;2;0
28;2025-11-23;3;0
28;2025-11-23;4;0
28;2025-11-23;5;27
28;2025-11-23;6;77
28;2025-11-23;7;146
28;2025-11-23;8;229
28;2025-11-23;9;300
28;2025-11-23;10;344
28;2025-11-23;11;367
28;2025-11-23;12;422
28;2025-11-23;13;485
28;2025-11-23;14;472
28;2025-11-23;15;481
28;2025-11-23;16;442
28;2025-11-23;17;444
28;2025-11-23;18;395
28;2025-11-23;19;343
28;2025-11-23;20;282
28;2025-11-23;21;229
28;2025-11-23;22;110
28;2025-11-23;23;11
28;2025-11-24;0;0
28;2025-11-24;1;0
28;2025-11-24;2;0
28;2025-11-24;3;0
28;2025-11-24;4;1
28;2025-11-24;5;79
28;2025-11-24;6;280
28;2025-11-24;7;800
28;2025-11-24;8;1224
28;2025-11-24;9;871
28;2025-11-24;10;622
28;2025-11-24;11;542
28;2025-11-24;12;661
28;2025-11-24;13;677
28;2025-11-24;14;628
28;2025-11-24;15;667
28;2025-11-24;16;895
28;2025-11-24;17;956
28;2025-11-24;18;970
28;2025-11-24;19;732
28;2025-11-24;20;489
28;2025-11-24;21;308
28;2025-11-24;22;124
28;2025-11-24;23;11
28;2025-11-25;0;0
28;2025-11-25;1;0
28;2025-11-25;2;0
28;2025-11-25;3;0
28;2025-11-25;4;1
28;2025-11-25;5;74
28;2025-11-25;6;266
28;2025-11-25;7;811
28;2025-11-25;8;1256
28;2025-11-25;9;889
28;2025-11-25;10;688
28;2025-11-25;11;574
28;2025-11-25;12;679
28;2025-11-25;13;749
28;2025-11-25;14;671
28;2025-11-25;15;696
28;2025-11-25;16;849
28;2025-11-25;17;978
28;2025-11-25;18;955
28;2025-11-25;19;750
28;2025-11-25;20;540
28;2025-11-25;21;319
28;2025-11-25;22;127
28;2025-11-25;23;18
28;2025-11-26;0;0
28;2025-11-26;1;0
28;2025-11-26;2;0
28;2025-11-26;3;0
28;2025-11-26;4;1
28;2025-11-26;5;84
28;2025-11-26;6;288
28;2025-11-26;7;797
28;2025-11-26;8;1248
28;2025-11-26;9;846
28;2025-11-26;10;651
28;2025-11-26;11;602
28;2025-11-26;12;698
28;2025-11-26;13;739
28;2025-11-26;14;691
28;2025-11-26;15;718
28;2025-11-26;16;877
28;2025-11-26;17;1028
28;2025-11-26;18;971
28;2025-11-26;19;746
28;2025-11-26;20;509
28;2025-11-26;21;323
28;2025-11-26;22;148
28;2025-11-26;23;17
28;2025-11-27;0;0
28;2025-11-27;1;0
28;2025-11-27;2;0
28;2025-11-27;3;0
28;2025-11-27;4;1
28;2025-11-27;5;76
28;2025-11-27;6;283
28;2025-11-27;7;861
28;2025-11-27;8;1298
28;2025-11-27;9;913
28;2025-11-27;10;660
28;2025-11-27;11;564
28;2025-11-27;12;723
28;2025-11-27;13;742
28;2025-11-27;14;686
28;2025-11-27;15;726
28;2025-11-27;16;861
28;2025-11-27;17;1006
28;2025-11-27;18;1044
28;2025-11-27;19;758
28;2025-11-27;20;553
28;2025-11-27;21;333
28;2025-11-27;22;147
28;2025-11-27;23;17
28;2025-11-28;0;0
28;2025-11-28;1;0
28;2025-11-28;2;0
28;2025-11-28;3;0
28;2025-11-28;4;1
28;2025-11-28;5;77
28;2025-11-28;6;264
28;2025-11-28;7;795
28;2025-11-28;8;1158
28;2025-11-28;9;839
28;2025-11-28;10;633
28;2025-11-28;11;554
28;2025-11-28;12;699
28;2025-11-28;13;717
28;2025-11-28;14;706
28;2025-11-28;15;739
28;2025-11-28;16;987
28;2025-11-28;17;998
28;2025-11-28;18;838
28;2025-11-28;19;635
28;2025-11-28;20;469
28;2025-11-28;21;319
28;2025-11-28;22;148
28;2025-11-28;23;19
28;2025-11-29;0;0
28;2025-11-29;1;0
28;2025-11-29;2;0
28;2025-11-29;3;0
28;2025-11-29;4;1
28;2025-11-29;5;36
28;2025-11-29;6;97
28;2025-11-29;7;218
28;2025-11-29;8;386
28;2025-11-29;9;452
28;2025-11-29;10;469
28;2025-11-29;11;500
28;2025-11-29;12;568
28;2025-11-29;13;573
28;2025-11-29;14;583
28;2025-11-29;15;571
28;2025-11-29;16;539
28;2025-11-29;17;542
28;2025-11-29;18;484
28;2025-11-29;19;399
28;2025-11-29;20;305
28;2025-11-29;21;262
28;2025-11-29;22;129
28;2025-11-29;23;15
28;2025-11-30;0;0
28;2025-11-30;1;0
28;2025-11-30;2;0
28;2025-11-30;3;0
28;2025-11-30;4;0
28;2025-11-30;5;27
28;2025-11-30;6;77
28;2025-11-30;7;146
28;2025-11-30;8;229
28;2025-11-30;9;300
28;2025-11-30;10;344
28;2025-11-30;11;367
28;2025-11-30;12;422
28;2025-11-30;13;485
28;2025-11-30;14;472
28;2025-11-30;15;481
28;2025-11-30;16;442
28;2025-11-30;17;444
28;2025-11-30;18;395
28;2025-11-30;19;343
28;2025-11-30;20;282
28;2025-11-30;21;229
28;2025-11-30;22;110
28;2025-11-30;23;11
28;2025-12-01;0;0
28;2025-12-01;1;0
28;2025-12-01;2;0
28;2025-12-01;3;0
28;2025-12-01;4;1
28;2025-12-01;5;79
28;2025-12-01;6;280
28;2025-12-01;7;800
28;2025-12-01;8;1224
28;2025-12-01;9;871
28;2025-12-01;10;622
28;2025-12-01;11;542
28;2025-12-01;12;661
28;2025-12-01;13;677
28;2025-12-01;14;628
28;2025-12-01;15;667
28;2025-12-01;16;895
28;2025-12-01;17;956
28;2025-12-01;18;970
28;2025-12-01;19;732
28;2025-12-01;20;489
28;2025-12-01;21;308
28;2025-12-01;22;124
28;2025-12-01;23;11
28;2025-12-02;0;0
28;2025-12-02;1;0
28;2025-12-02;2;0
28;2025-12-02;3;0
28;2025-12-02;4;1
28;2025-12-02;5;74
28;2025-12-02;6;266
28;2025-12-02;7;811
28;2025-12-02;8;1256
28;2025-12-02;9;889
28;2025-12-02;10;688
28;2025-12-02;11;574
28;2025-12-02;12;679
28;2025-12-02;13;749
28;2025-12-02;14;671
28;2025-12-02;15;696
28;2025-12-02;16;849
28;2025-12-02;17;978
28;2025-12-02;18;955
28;2025-12-02;19;750
28;2025-12-02;20;540
28;2025-12-02;21;319
28;2025-12-02;22;127
28;2025-12-02;23;18
28;2025-12-03;0;0
28;2025-12-03;1;0
28;2025-12-03;2;0
28;2025-12-03;3;0
28;2025-12-03;4;1
28;2025-12-03;5;84
28;2025-12-03;6;288
28;2025-12-03;7;797
28;2025-12-03;8;1248
28;2025-12-03;9;846
28;2025-12-03;10;651
28;2025-12-03;11;602
28;2025-12-03;12;698
28;2025-12-03;13;739
28;2025-12-03;14;691
28;2025-12-03;15;718
28;2025-12-03;16;877
28;2025-12-03;17;1028
28;2025-12-03;18;971
28;2025-12-03;19;746
28;2025-12-03;20;509
28;2025-12-03;21;323
28;2025-12-03;22;148
28;2025-12-03;23;17
28;2025-12-04;0;0
28;2025-12-04;1;0
28;2025-12-04;2;0
28;2025-12-04;3;0
28;2025-12-04;4;1
28;2025-12-04;5;76
28;2025-12-04;6;283
28;2025-12-04;7;861
28;2025-12-04;8;1298
28;2025-12-04;9;913
28;2025-12-04;10;660
28;2025-12-04;11;564
28;2025-12-04;12;723
28;2025-12-04;13;742
28;2025-12-04;14;686
28;2025-12-04;15;726
28;2025-12-04;16;861
28;2025-12-04;17;1006
28;2025-12-04;18;1044
28;2025-12-04;19;758
28;2025-12-04;20;553
28;2025-12-04;21;333
28;2025-12-04;22;147
28;2025-12-04;23;17
28;2025-12-05;0;0
28;2025-12-05;1;0
28;2025-12-05;2;0
28;2025-12-05;3;0
28;2025-12-05;4;1
28;2025-12-05;5;77
28;2025-12-05;6;264
28;2025-12-05;7;795
28;2025-12-05;8;1158
28;2025-12-05;9;839
28;2025-12-05;10;633
28;2025-12-05;11;554
28;2025-12-05;12;699
28;2025-12-05;13;717
28;2025-12-05;14;706
28;2025-12-05;15;739
28;2025-12-05;16;987
28;2025-12-05;17;998
28;2025-12-05;18;838
28;2025-12-05;19;635
28;2025-12-05;20;469
28;2025-12-05;21;319
28;2025-12-05;22;148
28;2025-12-05;23;19
28;2025-12-06;0;0
28;2025-12-06;1;0
28;2025-12-06;2;0
28;2025-12-06;3;0
28;2025-12-06;4;1
28;2025-12-06;5;36
28;2025-12-06;6;97
28;2025-12-06;7;218
28;2025-12-06;8;386
28;2025-12-06;9;452
28;2025-12-06;10;469
28;2025-12-06;11;500
28;2025-12-06;12;568
28;2025-12-06;13;573
28;2025-12-06;14;583
28;2025-12-06;15;571
28;2025-12-06;16;539
28;2025-12-06;17;542
28;2025-12-06;18;484
28;2025-12-06;19;399
28;2025-12-06;20;305
28;2025-12-06;21;262
28;2025-12-06;22;129
28;2025-12-06;23;15
28;2025-12-07;0;0
28;2025-12-07;1;0
28;2025-12-07;2;0
28;2025-12-07;3;0
28;2025-12-07;4;0
28;2025-12-07;5;27
28;2025-12-07;6;77
28;2025-12-07;7;146
28;2025-12-07;8;229
28;2025-12-07;9;300
28;2025-12-07;10;344
28;2025-12-07;11;367
28;2025-12-07;12;422
28;2025-12-07;13;485
28;2025-12-07;14;472
28;2025-12-07;15;481
28;2025-12-07;16;442
28;2025-12-07;17;444
28;2025-12-07;18;395
28;2025-12-07;19;343
28;2025-12-07;20;282
28;2025-12-07;21;229
28;2025-12-07;22;110
28;2025-12-07;23;11
28;2025-12-08;0;0
28;2025-12-08;1;0
28;2025-12-08;2;0
28;2025-12-08;3;0
28;2025-12-08;4;1
28;2025-12-08;5;79
28;2025-12-08;6;280
28;2025-12-08;7;800
28;2025-12-08;8;1224
28;2025-12-08;9;871
28;2025-12-08;10;622
28;2025-12-08;11;542
28;2025-12-08;12;661
28;2025-12-08;13;677
28;2025-12-08;14;628
28;2025-12-08;15;667
28;2025-12-08;16;895
28;2025-12-08;17;956
28;2025-12-08;18;970
28;2025-12-08;19;732
28;2025-12-08;20;489
28;2025-12-08;21;308
28;2025-12-08;22;124
28;2025-12-08;23;11
28;2025-12-09;0;0
28;2025-12-09;1;0
28;2025-12-09;2;0
28;2025-12-09;3;0
28;2025-12-09;4;1
28;2025-12-09;5;74
28;2025-12-09;6;266
28;2025-12-09;7;811
28;2025-12-09;8;1256
28;2025-12-09;9;889
28;2025-12-09;10;688
28;2025-12-09;11;574
28;2025-12-09;12;679
28;2025-12-09;13;749
28;2025-12-09;14;671
28;2025-12-09;15;696
28;2025-12-09;16;849
28;2025-12-09;17;978
28;2025-12-09;18;955
28;2025-12-09;19;750
28;2025-12-09;20;540
28;2025-12-09;21;319
28;2025-12-09;22;127
28;2025-12-09;23;18
28;2025-12-10;0;0
28;2025-12-10;1;0
28;2025-12-10;2;0
28;2025-12-10;3;0
28;2025-12-10;4;1
28;2025-12-10;5;84
28;2025-12-10;6;288
28;2025-12-10;7;797
28;2025-12-10;8;1248
28;2025-12-10;9;846
28;2025-12-10;10;651
28;2025-12-10;11;602
28;2025-12-10;12;698
28;2025-12-10;13;739
28;2025-12-10;14;691
28;2025-12-10;15;718
28;2025-12-10;16;877
28;2025-12-10;17;1028
28;2025-12-10;18;971
28;2025-12-10;19;746
28;2025-12-10;20;509
28;2025-12-10;21;323
28;2025-12-10;22;148
28;2025-12-10;23;17
28;2025-12-11;0;0
28;2025-12-11;1;0
28;2025-12-11;2;0
28;2025-12-11;3;0
28;2025-12-11;4;1
28;2025-12-11;5;76
28;2025-12-11;6;283
28;2025-12-11;7;861
28;2025-12-11;8;1298
28;2025-12-11;9;913
28;2025-12-11;10;660
28;2025-12-11;11;564
28;2025-12-11;12;723
28;2025-12-11;13;742
28;2025-12-11;14;686
28;2025-12-11;15;726
28;2025-12-11;16;861
28;2025-12-11;17;1006
28;2025-12-11;18;1044
28;2025-12-11;19;758
28;2025-12-11;20;553
28;2025-12-11;21;333
28;2025-12-11;22;147
28;2025-12-11;23;17
28;2025-12-12;0;0
28;2025-12-12;1;0
28;2025-12-12;2;0
28;2025-12-12;3;0
28;2025-12-12;4;1
28;2025-12-12;5;77
28;2025-12-12;6;264
28;2025-12-12;7;795
28;2025-12-12;8;1158
28;2025-12-12;9;839
28;2025-12-12;10;633
28;2025-12-12;11;554
28;2025-12-12;12;699
28;2025-12-12;13;717
28;2025-12-12;14;706
28;2025-12-12;15;739
28;2025-12-12;16;987
28;2025-12-12;17;998
28;2025-12-12;18;838
28;2025-12-12;19;635
28;2025-12-12;20;469
28;2025-12-12;21;319
28;2025-12-12;22;148
28;2025-12-12;23;19
28;2025-12-13;0;0
28;2025-12-13;1;0
28;2025-12-13;2;0
28;2025-12-13;3;0
28;2025-12-13;4;1
28;2025-12-13;5;36
28;2025-12-13;6;97
28;2025-12-13;7;218
28;2025-12-13;8;386
28;2025-12-13;9;452
28;2025-12-13;10;469
28;2025-12-13;11;500
28;2025-12-13;12;568
28;2025-12-13;13;573
28;2025-12-13;14;583
28;2025-12-13;15;571
28;2025-12-13;16;539
28;2025-12-13;17;542
28;2025-12-13;18;484
28;2025-12-13;19;399
28;2025-12-13;20;305
28;2025-12-13;21;262
28;2025-12-13;22;129
28;2025-12-13;23;15
28;2025-12-14;0;0
28;2025-12-14;1;0
28;2025-12-14;2;0
28;2025-12-14;3;0
28;2025-12-14;4;0
28;2025-12-14;5;27
28;2025-12-14;6;77
28;2025-12-14;7;146
28;2025-12-14;8;229
28;2025-12-14;9;300
28;2025-12-14;10;344
28;2025-12-14;11;367
28;2025-12-14;12;422
28;2025-12-14;13;485
28;2025-12-14;14;472
28;2025-12-14;15;481
28;2025-12-14;16;442
28;2025-12-14;17;444
28;2025-12-14;18;395
28;2025-12-14;19;343
28;2025-12-14;20;282
28;2025-12-14;21;229
28;2025-12-14;22;110
28;2025-12-14;23;11
28;2025-12-15;0;0
28;2025-12-15;1;0
28;2025-12-15;2;0
28;2025-12-15;3;0
28;2025-12-15;4;1
28;2025-12-15;5;79
28;2025-12-15;6;280
28;2025-12-15;7;800
28;2025-12-15;8;1224
28;2025-12-15;9;871
28;2025-12-15;10;622
28;2025-12-15;11;542
28;2025-12-15;12;661
28;2025-12-15;13;677
28;2025-12-15;14;628
28;2025-12-15;15;667
28;2025-12-15;16;895
28;2025-12-15;17;956
28;2025-12-15;18;970
28;2025-12-15;19;732
28;2025-12-15;20;489
28;2025-12-15;21;308
28;2025-12-15;22;124
28;2025-12-15;23;11
28;2025-12-16;0;0
28;2025-12-16;1;0
28;2025-12-16;2;0
28;2025-12-16;3;0
28;2025-12-16;4;1
28;2025-12-16;5;74
28;2025-12-16;6;266
28;2025-12-16;7;811
28;2025-12-16;8;1256
28;2025-12-16;9;889
28;2025-12-16;10;688
28;2025-12-16;11;574
28;2025-12-16;12;679
28;2025-12-16;13;749
28;2025-12-16;14;671
28;2025-12-16;15;696
28;2025-12-16;16;849
28;2025-12-16;17;978
28;2025-12-16;18;955
28;2025-12-16;19;750
28;2025-12-16;20;540
28;2025-12-16;21;319
28;2025-12-16;22;127
28;2025-12-16;23;18
28;2025-12-17;0;0
28;2025-12-17;1;0
28;2025-12-17;2;0
28;2025-12-17;3;0
28;2025-12-17;4;1
28;2025-12-17;5;84
28;2025-12-17;6;288
28;2025-12-17;7;797
28;2025-12-17;8;1248
28;2025-12-17;9;846
28;2025-12-17;10;651
28;2025-12-17;11;602
28;2025-12-17;12;698
28;2025-12-17;13;739
28;2025-12-17;14;691
28;2025-12-17;15;718
28;2025-12-17;16;877
28;2025-12-17;17;1028
28;2025-12-17;18;971
28;2025-12-17;19;746
28;2025-12-17;20;509
28;2025-12-17;21;323
28;2025-12-17;22;148
28;2025-12-17;23;17
28;2025-12-18;0;0
28;2025-12-18;1;0
28;2025-12-18;2;0
28;2025-12-18;3;0
28;2025-12-18;4;1
28;2025-12-18;5;76
28;2025-12-18;6;283
28;2025-12-18;7;861
28;2025-12-18;8;1298
28;2025-12-18;9;913
28;2025-12-18;10;660
28;2025-12-18;11;564
28;2025-12-18;12;723
28;2025-12-18;13;742
28;2025-12-18;14;686
28;2025-12-18;15;726
28;2025-12-18;16;861
28;2025-12-18;17;1006
28;2025-12-18;18;1044
28;2025-12-18;19;758
28;2025-12-18;20;553
28;2025-12-18;21;333
28;2025-12-18;22;147
28;2025-12-18;23;17
28;2025-12-19;0;0
28;2025-12-19;1;0
28;2025-12-19;2;0
28;2025-12-19;3;0
28;2025-12-19;4;1
28;2025-12-19;5;77
28;2025-12-19;6;264
28;2025-12-19;7;795
28;2025-12-19;8;1158
28;2025-12-19;9;839
28;2025-12-19;10;633
28;2025-12-19;11;554
28;2025-12-19;12;699
28;2025-12-19;13;717
28;2025-12-19;14;706
28;2025-12-19;15;739
28;2025-12-19;16;987
28;2025-12-19;17;998
28;2025-12-19;18;838
28;2025-12-19;19;635
28;2025-12-19;20;469
28;2025-12-19;21;319
28;2025-12-19;22;148
28;2025-12-19;23;19
28;2025-12-20;0;0
28;2025-12-20;1;0
28;2025-12-20;2;0
28;2025-12-20;3;0
28;2025-12-20;4;1
28;2025-12-20;5;36
28;2025-12-20;6;97
28;2025-12-20;7;218
28;2025-12-20;8;386
28;2025-12-20;9;452
28;2025-12-20;10;469
28;2025-12-20;11;500
28;2025-12-20;12;568
28;2025-12-20;13;573
28;2025-12-20;14;583
28;2025-12-20;15;571
28;2025-12-20;16;539
28;2025-12-20;17;542
28;2025-12-20;18;484
28;2025-12-20;19;399
28;2025-12-20;20;305
28;2025-12-20;21;262
28;2025-12-20;22;129
28;2025-12-20;23;15
28;2025-12-21;0;0
28;2025-12-21;1;0
28;2025-12-21;2;0
28;2025-12-21;3;0
28;2025-12-21;4;0
28;2025-12-21;5;27
28;2025-12-21;6;77
28;2025-12-21;7;146
28;2025-12-21;8;229
28;2025-12-21;9;300
28;2025-12-21;10;344
28;2025-12-21;11;367
28;2025-12-21;12;422
28;2025-12-21;13;485
28;2025-12-21;14;472
28;2025-12-21;15;481
28;2025-12-21;16;442
28;2025-12-21;17;444
28;2025-12-21;18;395
28;2025-12-21;19;343
28;2025-12-21;20;282
28;2025-12-21;21;229
28;2025-12-21;22;110
28;2025-12-21;23;11
28;2025-12-22;0;0
28;2025-12-22;1;0
28;2025-12-22;2;0
28;2025-12-22;3;0
28;2025-12-22;4;1
28;2025-12-22;5;79
28;2025-12-22;6;280
28;2025-12-22;7;800
28;2025-12-22;8;1224
28;2025-12-22;9;871
28;2025-12-22;10;622
28;2025-12-22;11;542
28;2025-12-22;12;661
28;2025-12-22;13;677
28;2025-12-22;14;628
28;2025-12-22;15;667
28;2025-12-22;16;895
28;2025-12-22;17;956
28;2025-12-22;18;970
28;2025-12-22;19;732
28;2025-12-22;20;489
28;2025-12-22;21;308
28;2025-12-22;22;124
28;2025-12-22;23;11
28;2025-12-23;0;0
28;2025-12-23;1;0
28;2025-12-23;2;0
28;2025-12-23;3;0
28;2025-12-23;4;1
28;2025-12-23;5;74
28;2025-12-23;6;266
28;2025-12-23;7;811
28;2025-12-23;8;1256
28;2025-12-23;9;889
28;2025-12-23;10;688
28;2025-12-23;11;574
28;2025-12-23;12;679
28;2025-12-23;13;749
28;2025-12-23;14;671
28;2025-12-23;15;696
28;2025-12-23;16;849
28;2025-12-23;17;978
28;2025-12-23;18;955
28;2025-12-23;19;750
28;2025-12-23;20;540
28;2025-12-23;21;319
28;2025-12-23;22;127
28;2025-12-23;23;18
28;2025-12-24;0;0
28;2025-12-24;1;0
28;2025-12-24;2;0
28;2025-12-24;3;0
28;2025-12-24;4;1
28;2025-12-24;5;84
28;2025-12-24;6;288
28;2025-12-24;7;797
28;2025-12-24;8;1248
28;2025-12-24;9;846
28;2025-12-24;10;651
28;2025-12-24;11;602
28;2025-12-24;12;698
28;2025-12-24;13;739
28;2025-12-24;14;691
28;2025-12-24;15;718
28;2025-12-24;16;877
28;2025-12-24;17;1028
28;2025-12-24;18;971
28;2025-12-24;19;746
28;2025-12-24;20;509
28;2025-12-24;21;323
28;2025-12-24;22;148
28;2025-12-24;23;17
28;2025-12-25;0;0
28;2025-12-25;1;0
28;2025-12-25;2;0
28;2025-12-25;3;0
28;2025-12-25;4;1
28;2025-12-25;5;76
28;2025-12-25;6;283
28;2025-12-25;7;861
28;2025-12-25;8;1298
28;2025-12-25;9;913
28;2025-12-25;10;660
28;2025-12-25;11;564
28;2025-12-25;12;723
28;2025-12-25;13;742
28;2025-12-25;14;686
28;2025-12-25;15;726
28;2025-12-25;16;861
28;2025-12-25;17;1006
28;2025-12-25;18;1044
28;2025-12-25;19;758
28;2025-12-25;20;553
28;2025-12-25;21;333
28;2025-12-25;22;147
28;2025-12-25;23;17
28;2025-12-26;0;0
28;2025-12-26;1;0
28;2025-12-26;2;0
28;2025-12-26;3;0
28;2025-12-26;4;1
28;2025-12-26;5;77
28;2025-12-26;6;264
28;2025-12-26;7;795
28;2025-12-26;8;1158
28;2025-12-26;9;839
28;2025-12-26;10;633
28;2025-12-26;11;554
28;2025-12-26;12;699
28;2025-12-26;13;717
28;2025-12-26;14;706
28;2025-12-26;15;739
28;2025-12-26;16;987
28;2025-12-26;17;998
28;2025-12-26;18;838
28;2025-12-26;19;635
28;2025-12-26;20;469
28;2025-12-26;21;319
28;2025-12-26;22;148
28;2025-12-26;23;19
28;2025-12-27;0;0
28;2025-12-27;1;0
28;2025-12-27;2;0
28;2025-12-27;3;0
28;2025-12-27;4;1
28;2025-12-27;5;36
28;2025-12-27;6;97
28;2025-12-27;7;218
28;2025-12-27;8;386
28;2025-12-27;9;452
28;2025-12-27;10;469
28;2025-12-27;11;500
28;2025-12-27;12;568
28;2025-12-27;13;573
28;2025-12-27;14;583
28;2025-12-27;15;571
28;2025-12-27;16;539
28;2025-12-27;17;542
28;2025-12-27;18;484
28;2025-12-27;19;399
28;2025-12-27;20;305
28;2025-12-27;21;262
28;2025-12-27;22;129
28;2025-12-27;23;15
28;2025-12-28;0;0
28;2025-12-28;1;0
28;2025-12-28;2;0
28;2025-12-28;3;0
28;2025-12-28;4;0
28;2025-12-28;5;27
28;2025-12-28;6;77
28;2025-12-28;7;146
28;2025-12-28;8;229
28;2025-12-28;9;300
28;2025-12-28;10;344
28;2025-12-28;11;367
28;2025-12-28;12;422
28;2025-12-28;13;485
28;2025-12-28;14;472
28;2025-12-28;15;481
28;2025-12-28;16;442
28;2025-12-28;17;444
28;2025-12-28;18;395
28;2025-12-28;19;343
28;2025-12-28;20;282
28;2025-12-28;21;229
28;2025-12-28;22;110
28;2025-12-28;23;11
28;2025-12-29;0;0
28;2025-12-29;1;0
28;2025-12-29;2;0
28;2025-12-29;3;0
28;2025-12-29;4;1
28;2025-12-29;5;79
28;2025-12-29;6;280
28;2025-12-29;7;800
28;2025-12-29;8;1224
28;2025-12-29;9;871
28;2025-12-29;10;622
28;2025-12-29;11;542
28;2025-12-29;12;661
28;2025-12-29;13;677
28;2025-12-29;14;628
28;2025-12-29;15;667
28;2025-12-29;16;895
28;2025-12-29;17;956
28;2025-12-29;18;970
28;2025-12-29;19;732
28;2025-12-29;20;489
28;2025-12-29;21;308
28;2025-12-29;22;124
28;2025-12-29;23;11
28;2025-12-30;0;0
28;2025-12-30;1;0
28;2025-12-30;2;0
28;2025-12-30;3;0
28;2025-12-30;4;1
28;2025-12-30;5;74
28;2025-12-30;6;266
28;2025-12-30;7;811
28;2025-12-30;8;1256
28;2025-12-30;9;889
28;2025-12-30;10;688
28;2025-12-30;11;574
28;2025-12-30;12;679
28;2025-12-30;13;749
28;2025-12-30;14;671
28;2025-12-30;15;696
28;2025-12-30;16;849
28;2025-12-30;17;978
28;2025-12-30;18;955
28;2025-12-30;19;750
28;2025-12-30;20;540
28;2025-12-30;21;319
28;2025-12-30;22;127
28;2025-12-30;23;18
28;2025-12-31;0;0
28;2025-12-31;1;0
28;2025-12-31;2;0
28;2025-12-31;3;0
28;2025-12-31;4;0
28;2025-12-31;5;24
28;2025-12-31;6;75
28;2025-12-31;7;144
28;2025-12-31;8;226
28;2025-12-31;9;297
28;2025-12-31;10;341
28;2025-12-31;11;363
28;2025-12-31;12;418
28;2025-12-31;13;481
28;2025-12-31;14;468
28;2025-12-31;15;477
28;2025-12-31;16;438
28;2025-12-31;17;440
28;2025-12-31;18;391
28;2025-12-31;19;340
28;2025-12-31;20;279
28;2025-12-31;21;226
28;2025-12-31;22;108
28;2025-12-31;23;10
50;2025-11-01;0;45
50;2025-11-01;1;5
50;2025-11-01;2;0
50;2025-11-01;3;0
50;2025-11-01;4;3
50;2025-11-01;5;72
50;2025-11-01;6;578
50;2025-11-01;7;1785
50;2025-11-01;8;2744
50;2025-11-01;9;2120
50;2025-11-01;10;1604
50;2025-11-01;11;1683
50;2025-11-01;12;1576
50;2025-11-01;13;1522
50;2025-11-01;14;1462
50;2025-11-01;15;1801
50;2025-11-01;16;2104
50;2025-11-01;17;2240
50;2025-11-01;18;1869
50;2025-11-01;19;1280
50;2025-11-01;20;846
50;2025-11-01;21;572
50;2025-11-01;22;320
50;2025-11-01;23;183
50;2025-11-02;0;7
50;2025-11-02;1;4
50;2025-11-02;2;0
50;2025-11-02;3;0
50;2025-11-02;4;1
50;2025-11-02;5;7
50;2025-11-02;6;7
50;2025-11-02;7;7
50;2025-11-02;8;7
50;2025-11-02;9;7
50;2025-11-02;10;7
50;2025-11-02;11;7
50;2025-11-02;12;7
50;2025-11-02;13;7
50;2025-11-02;14;7
50;2025-11-02;15;7
50;2025-11-02;16;7
50;2025-11-02;17;7
50;2025-11-02;18;7
50;2025-11-02;19;7
50;2025-11-02;20;7
50;2025-11-02;21;7
50;2025-11-02;22;7
50;2025-11-02;23;7
50;2025-11-03;0;7
50;2025-11-03;1;4
50;2025-11-03;2;0
50;2025-11-03;3;0
50;2025-11-03;4;1
50;2025-11-03;5;7
50;2025-11-03;6;7
50;2025-11-03;7;7
50;2025-11-03;8;7
50;2025-11-03;9;7
50;2025-11-03;10;7
50;2025-11-03;11;7
50;2025-11-03;12;7
50;2025-11-03;13;7
50;2025-11-03;14;7
50;2025-11-03;15;7
50;2025-11-03;16;7
50;2025-11-03;17;7
50;2025-11-03;18;7
50;2025-11-03;19;7
50;2025-11-03;20;7
50;2025-11-03;21;7
50;2025-11-03;22;7
50;2025-11-03;23;7
50;2025-11-04;0;7
50;2025-11-04;1;4
50;2025-11-04;2;0
50;2025-11-04;3;0
50;2025-11-04;4;1
50;2025-11-04;5;7
50;2025-11-04;6;7
50;2025-11-04;7;7
50;2025-11-04;8;7
50;2025-11-04;9;7
50;2025-11-04;10;7
50;2025-11-04;11;7
50;2025-11-04;12;7
50;2025-11-04;13;7
50;2025-11-04;14;7
50;2025-11-04;15;7
50;2025-11-04;16;7
50;2025-11-04;17;7
50;2025-11-04;18;7
50;2025-11-04;19;7
50;2025-11-04;20;7
50;2025-11-04;21;7
50;2025-11-04;22;7
50;2025-11-04;23;7
50;2025-11-05;0;35
50;2025-11-05;1;4
50;2025-11-05;2;0
50;2025-11-05;3;0
50;2025-11-05;4;3
50;2025-11-05;5;73
50;2025-11-05;6;574
50;2025-11-05;7;1807
50;2025-11-05;8;2808
50;2025-11-05;9;2167
50;2025-11-05;10;1711
50;2025-11-05;11;1604
50;2025-11-05;12;1519
50;2025-11-05;13;1550
50;2025-11-05;14;1467
50;2025-11-05;15;1744
50;2025-11-05;16;1764
50;2025-11-05;17;2496
50;2025-11-05;18;2565
50;2025-11-05;19;1562
50;2025-11-05;20;898
50;2025-11-05;21;638
50;2025-11-05;22;299
50;2025-11-05;23;146
50;2025-11-06;0;40
50;2025-11-06;1;2
50;2025-11-06;2;0
50;2025-11-06;3;0
50;2025-11-06;4;2
50;2025-11-06;5;72
50;2025-11-06;6;575
50;2025-11-06;7;1825
50;2025-11-06;8;2757
50;2025-11-06;9;2201
50;2025-11-06;10;1730
50;2025-11-06;11;1572
50;2025-11-06;12;1535
50;2025-11-06;13;1516
50;2025-11-06;14;1441
50;2025-11-06;15;1639
50;2025-11-06;16;1882
50;2025-11-06;17;2408
50;2025-11-06;18;2572
50;2025-11-06;19;1548
50;2025-11-06;20;978
50;2025-11-06;21;692
50;2025-11-06;22;304
50;2025-11-06;23;160
50;2025-11-07;0;42
50;2025-11-07;1;3
50;2025-11-07;2;0
50;2025-11-07;3;0
50;2025-11-07;4;2
50;2025-11-07;5;69
50;2025-11-07;6;575
50;2025-11-07;7;1782
50;2025-11-07;8;2741
50;2025-11-07;9;2117
50;2025-11-07;10;1600
50;2025-11-07;11;1679
50;2025-11-07;12;1573
50;2025-11-07;13;1519
50;2025-11-07;14;1459
50;2025-11-07;15;1797
50;2025-11-07;16;2101
50;2025-11-07;17;2237
50;2025-11-07;18;1866
50;2025-11-07;19;1276
50;2025-11-07;20;843
50;2025-11-07;21;569
50;2025-11-07;22;317
50;2025-11-07;23;180
50;2025-11-08;0;6
50;2025-11-08;1;3
50;2025-11-08;2;0
50;2025-11-08;3;0
50;2025-11-08;4;1
50;2025-11-08;5;6
50;2025-11-08;6;6
50;2025-11-08;7;6
50;2025-11-08;8;6
50;2025-11-08;9;6
50;2025-11-08;10;6
50;2025-11-08;11;6
50;2025-11-08;12;6
50;2025-11-08;13;6
50;2025-11-08;14;6
50;2025-11-08;15;6
50;2025-11-08;16;6
50;2025-11-08;17;6
50;2025-11-08;18;6
50;2025-11-08;19;6
50;2025-11-08;20;6
50;2025-11-08;21;6
50;2025-11-08;22;6
50;2025-11-08;23;6
50;2025-11-09;0;6
50;2025-11-09;1;3
50;2025-11-09;2;0
50;2025-11-09;3;0
50;2025-11-09;4;1
50;2025-11-09;5;6
50;2025-11-09;6;6
50;2025-11-09;7;6
50;2025-11-09;8;6
50;2025-11-09;9;6
50;2025-11-09;10;6
50;2025-11-09;11;6
50;2025-11-09;12;6
50;2025-11-09;13;6
50;2025-11-09;14;6
50;2025-11-09;15;6
50;2025-11-09;16;6
50;2025-11-09;17;6
50;2025-11-09;18;6
50;2025-11-09;19;6
50;2025-11-09;20;6
50;2025-11-09;21;6
50;2025-11-09;22;6
50;2025-11-09;23;6
50;2025-11-10;0;30
50;2025-11-10;1;4
50;2025-11-10;2;0
50;2025-11-10;3;0
50;2025-11-10;4;3
50;2025-11-10;5;70
50;2025-11-10;6;548
50;2025-11-10;7;1835
50;2025-11-10;8;2836
50;2025-11-10;9;2193
50;2025-11-10;10;1687
50;2025-11-10;11;1584
50;2025-11-10;12;1421
50;2025-11-10;13;1455
50;2025-11-10;14;1394
50;2025-11-10;15;1634
50;2025-11-10;16;1697
50;2025-11-10;17;2430
50;2025-11-10;18;2571
50;2025-11-10;19;1527
50;2025-11-10;20;921
50;2025-11-10;21;620
50;2025-11-10;22;271
50;2025-11-10;23;126
50;2025-11-11;0;35
50;2025-11-11;1;2
50;2025-11-11;2;0
50;2025-11-11;3;0
50;2025-11-11;4;2
50;2025-11-11;5;70
50;2025-11-11;6;593
50;2025-11-11;7;1852
50;2025-11-11;8;2907
50;2025-11-11;9;2274
50;2025-11-11;10;1724
50;2025-11-11;11;1624
50;2025-11-11;12;1561
50;2025-11-11;13;1537
50;2025-11-11;14;1459
50;2025-11-11;15;1689
50;2025-11-11;16;1739
50;2025-11-11;17;2435
50;2025-11-11;18;2684
50;2025-11-11;19;1570
50;2025-11-11;20;989
50;2025-11-11;21;645
50;2025-11-11;22;293
50;2025-11-11;23;134
50;2025-11-12;0;35
50;2025-11-12;1;4
50;2025-11-12;2;0
50;2025-11-12;3;0
50;2025-11-12;4;3
50;2025-11-12;5;73
50;2025-11-12;6;574
50;2025-11-12;7;1807
50;2025-11-12;8;2808
50;2025-11-12;9;2167
50;2025-11-12;10;1711
50;2025-11-12;11;1604
50;2025-11-12;12;1519
50;2025-11-12;13;1550
50;2025-11-12;14;1467
50;2025-11-12;15;1744
50;2025-11-12;16;1764
50;2025-11-12;17;2496
50;2025-11-12;18;2565
50;2025-11-12;19;1562
50;2025-11-12;20;898
50;2025-11-12;21;638
50;2025-11-12;22;299
50;2025-11-12;23;146
50;2025-11-13;0;40
50;2025-11-13;1;2
50;2025-11-13;2;0
50;2025-11-13;3;0
50;2025-11-13;4;2
50;2025-11-13;5;72
50;2025-11-13;6;575
50;2025-11-13;7;1825
50;2025-11-13;8;2757
50;2025-11-13;9;2201
50;2025-11-13;10;1730
50;2025-11-13;11;1572
50;2025-11-13;12;1535
50;2025-11-13;13;1516
50;2025-11-13;14;1441
50;2025-11-13;15;1639
50;2025-11-13;16;1882
50;2025-11-13;17;2408
50;2025-11-13;18;2572
50;2025-11-13;19;1548
50;2025-11-13;20;978
50;2025-11-13;21;692
50;2025-11-13;22;304
50;2025-11-13;23;160
50;2025-11-14;0;42
50;2025-11-14;1;3
50;2025-11-14;2;0
50;2025-11-14;3;0
50;2025-11-14;4;2
50;2025-11-14;5;69
50;2025-11-14;6;575
50;2025-11-14;7;1782
50;2025-11-14;8;2741
50;2025-11-14;9;2117
50;2025-11-14;10;1600
50;2025-11-14;11;1679
50;2025-11-14;12;1573
50;2025-11-14;13;1519
50;2025-11-14;14;1459
50;2025-11-14;15;1797
50;2025-11-14;16;2101
50;2025-11-14;17;2237
50;2025-11-14;18;1866
50;2025-11-14;19;1276
50;2025-11-14;20;843
50;2025-11-14;21;569
50;2025-11-14;22;317
50;2025-11-14;23;180
50;2025-11-15;0;6
50;2025-11-15;1;3
50;2025-11-15;2;0
50;2025-11-15;3;0
50;2025-11-15;4;1
50;2025-11-15;5;6
50;2025-11-15;6;6
50;2025-11-15;7;6
50;2025-11-15;8;6
50;2025-11-15;9;6
50;2025-11-15;10;6
50;2025-11-15;11;6
50;2025-11-15;12;6
50;2025-11-15;13;6
50;2025-11-15;14;6
50;2025-11-15;15;6
50;2025-11-15;16;6
50;2025-11-15;17;6
50;2025-11-15;18;6
50;2025-11-15;19;6
50;2025-11-15;20;6
50;2025-11-15;21;6
50;2025-11-15;22;6
50;2025-11-15;23;6
50;2025-11-16;0;6
50;2025-11-16;1;3
50;2025-11-16;2;0
50;2025-11-16;3;0
50;2025-11-16;4;1
50;2025-11-16;5;6
50;2025-11-16;6;6
50;2025-11-16;7;6
50;2025-11-16;8;6
50;2025-11-16;9;6
50;2025-11-16;10;6
50;2025-11-16;11;6
50;2025-11-16;12;6
50;2025-11-16;13;6
50;2025-11-16;14;6
50;2025-11-16;15;6
50;2025-11-16;16;6
50;2025-11-16;17;6
50;2025-11-16;18;6
50;2025-11-16;19;6
50;2025-11-16;20;6
50;2025-11-16;21;6
50;2025-11-16;22;6
50;2025-11-16;23;6
50;2025-11-17;0;30
50;2025-11-17;1;4
50;2025-11-17;2;0
50;2025-11-17;3;0
50;2025-11-17;4;3
50;2025-11-17;5;70
50;2025-11-17;6;548
50;2025-11-17;7;1835
50;2025-11-17;8;2836
50;2025-11-17;9;2193
50;2025-11-17;10;1687
50;2025-11-17;11;1584
50;2025-11-17;12;1421
50;2025-11-17;13;1455
50;2025-11-17;14;1394
50;2025-11-17;15;1634
50;2025-11-17;16;1697
50;2025-11-17;17;2430
50;2025-11-17;18;2571
50;2025-11-17;19;1527
50;2025-11-17;20;921
50;2025-11-17;21;620
50;2025-11-17;22;271
50;2025-11-17;23;126
50;2025-11-18;0;35
50;2025-11-18;1;2
50;2025-11-18;2;0
50;2025-11-18;3;0
50;2025-11-18;4;2
50;2025-11-18;5;70
50;2025-11-18;6;593
50;2025-11-18;7;1852
50;2025-11-18;8;2907
50;2025-11-18;9;2274
50;2025-11-18;10;1724
50;2025-11-18;11;1624
50;2025-11-18;12;1561
50;2025-11-18;13;1537
50;2025-11-18;14;1459
50;2025-11-18;15;1689
50;2025-11-18;16;1739
50;2025-11-18;17;2435
50;2025-11-18;18;2684
50;2025-11-18;19;1570
50;2025-11-18;20;989
50;2025-11-18;21;645
50;2025-11-18;22;293
50;2025-11-18;23;134
50;2025-11-19;0;35
50;2025-11-19;1;4
50;2025-11-19;2;0
50;2025-11-19;3;0
50;2025-11-19;4;3
50;2025-11-19;5;73
50;2025-11-19;6;574
50;2025-11-19;7;1807
50;2025-11-19;8;2808
50;2025-11-19;9;2167
50;2025-11-19;10;1711
50;2025-11-19;11;1604
50;2025-11-19;12;1519
50;2025-11-19;13;1550
50;2025-11-19;14;1467
50;2025-11-19;15;1744
50;2025-11-19;16;1764
50;2025-11-19;17;2496
50;2025-11-19;18;2565
50;2025-11-19;19;1562
50;2025-11-19;20;898
50;2025-11-19;21;638
50;2025-11-19;22;299
50;2025-11-19;23;146
50;2025-11-20;0;40
50;2025-11-20;1;2
50;2025-11-20;2;0
50;2025-11-20;3;0
50;2025-11-20;4;2
50;2025-11-20;5;72
50;2025-11-20;6;575
50;2025-11-20;7;1825
50;2025-11-20;8;2757
50;2025-11-20;9;2201
50;2025-11-20;10;1730
50;2025-11-20;11;1572
50;2025-11-20;12;1535
50;2025-11-20;13;1516
50;2025-11-20;14;1441
50;2025-11-20;15;1639
50;2025-11-20;16;1882
50;2025-11-20;17;2408
50;2025-11-20;18;2572
50;2025-11-20;19;1548
50;2025-11-20;20;978
50;2025-11-20;21;692
50;2025-11-20;22;304
50;2025-11-20;23;160
50;2025-11-21;0;42
50;2025-11-21;1;3
50;2025-11-21;2;0
50;2025-11-21;3;0
50;2025-11-21;4;2
50;2025-11-21;5;69
50;2025-11-21;6;575
50;2025-11-21;7;1782
50;2025-11-21;8;2741
50;2025-11-21;9;2117
50;2025-11-21;10;1600
50;2025-11-21;11;1679
50;2025-11-21;12;1573
50;2025-11-21;13;1519
50;2025-11-21;14;1459
50;2025-11-21;15;1797
50;2025-11-21;16;2101
50;2025-11-21;17;2237
50;2025-11-21;18;1866
50;2025-11-21;19;1276
50;2025-11-21;20;843
50;2025-11-21;21;569
50;2025-11-21;22;317
50;2025-11-21;23;180
50;2025-11-22;0;6
50;2025-11-22;1;3
50;2025-11-22;2;0
50;2025-11-22;3;0
50;2025-11-22;4;1
50;2025-11-22;5;6
50;2025-11-22;6;6
50;2025-11-22;7;6
50;2025-11-22;8;6
50;2025-11-22;9;6
50;2025-11-22;10;6
50;2025-11-22;11;6
50;2025-11-22;12;6
50;2025-11-22;13;6
50;2025-11-22;14;6
50;2025-11-22;15;6
50;2025-11-22;16;6
50;2025-11-22;17;6
50;2025-11-22;18;6
50;2025-11-22;19;6
50;2025-11-22;20;6
50;2025-11-22;21;6
50;2025-11-22;22;6
50;2025-11-22;23;6
50;2025-11-23;0;6
50;2025-11-23;1;3
50;2025-11-23;2;0
50;2025-11-23;3;0
50;2025-11-23;4;1
50;2025-11-23;5;6
50;2025-11-23;6;6
50;2025-11-23;7;6
50;2025-11-23;8;6
50;2025-11-23;9;6
50;2025-11-23;10;6
50;2025-11-23;11;6
50;2025-11-23;12;6
50;2025-11-23;13;6
50;2025-11-23;14;6
50;2025-11-23;15;6
50;2025-11-23;16;6
50;2025-11-23;17;6
50;2025-11-23;18;6
50;2025-11-23;19;6
50;2025-11-23;20;6
50;2025-11-23;21;6
50;2025-11-23;22;6
50;2025-11-23;23;6
50;2025-11-24;0;30
50;2025-11-24;1;4
50;2025-11-24;2;0
50;2025-11-24;3;0
50;2025-11-24;4;3
50;2025-11-24;5;70
50;2025-11-24;6;548
50;2025-11-24;7;1835
50;2025-11-24;8;2836
50;2025-11-24;9;2193
50;2025-11-24;10;1687
50;2025-11-24;11;1584
50;2025-11-24;12;1421
50;2025-11-24;13;1455
50;2025-11-24;14;1394
50;2025-11-24;15;1634
50;2025-11-24;16;1697
50;2025-11-24;17;2430
50;2025-11-24;18;2571
50;2025-11-24;19;1527
50;2025-11-24;20;921
50;2025-11-24;21;620
50;2025-11-24;22;271
50;2025-11-24;23;126
50;2025-11-25;0;35
50;2025-11-25;1;2
50;2025-11-25;2;0
50;2025-11-25;3;0
50;2025-11-25;4;2
50;2025-11-25;5;70
50;2025-11-25;6;593
50;2025-11-25;7;1852
50;2025-11-25;8;2907
50;2025-11-25;9;2274
50;2025-11-25;10;1724
50;2025-11-25;11;1624
50;2025-11-25;12;1561
50;2025-11-25;13;1537
50;2025-11-25;14;1459
50;2025-11-25;15;1689
50;2025-11-25;16;1739
50;2025-11-25;17;2435
50;2025-11-25;18;2684
50;2025-11-25;19;1570
50;2025-11-25;20;989
50;2025-11-25;21;645
50;2025-11-25;22;293
50;2025-11-25;23;134
50;2025-11-26;0;35
50;2025-11-26;1;4
50;2025-11-26;2;0
50;2025-11-26;3;0
50;2025-11-26;4;3
50;2025-11-26;5;73
50;2025-11-26;6;574
50;2025-11-26;7;1807
50;2025-11-26;8;2808
50;2025-11-26;9;2167
50;2025-11-26;10;1711
50;2025-11-26;11;1604
50;2025-11-26;12;1519
50;2025-11-26;13;1550
50;2025-11-26;14;1467
50;2025-11-26;15;1744
50;2025-11-26;16;1764
50;2025-11-26;17;2496
50;2025-11-26;18;2565
50;2025-11-26;19;1562
50;2025-11-26;20;898
50;2025-11-26;21;638
50;2025-11-26;22;299
50;2025-11-26;23;146
50;2025-11-27;0;40
50;2025-11-27;1;2
50;2025-11-27;2;0
50;2025-11-27;3;0
50;2025-11-27;4;2
50;2025-11-27;5;72
50;2025-11-27;6;575
50;2025-11-27;7;1825
50;2025-11-27;8;2757
50;2025-11-27;9;2201
50;2025-11-27;10;1730
50;2025-11-27;11;1572
50;2025-11-27;12;1535
50;2025-11-27;13;1516
50;2025-11-27;14;1441
50;2025-11-27;15;1639
50;2025-11-27;16;1882
50;2025-11-27;17;2408
50;2025-11-27;18;2572
50;2025-11-27;19;1548
50;2025-11-27;20;978
50;2025-11-27;21;692
50;2025-11-27;22;304
50;2025-11-27;23;160
50;2025-11-28;0;42
50;2025-11-28;1;3
50;2025-11-28;2;0
50;2025-11-28;3;0
50;2025-11-28;4;2
50;2025-11-28;5;69
50;2025-11-28;6;575
50;2025-11-28;7;1782
50;2025-11-28;8;2741
50;2025-11-28;9;2117
50;2025-11-28;10;1600
50;2025-11-28;11;1679
50;2025-11-28;12;1573
50;2025-11-28;13;1519
50;2025-11-28;14;1459
50;2025-11-28;15;1797
50;2025-11-28;16;2101
50;2025-11-28;17;2237
50;2025-11-28;18;1866
50;2025-11-28;19;1276
50;2025-11-28;20;843
50;2025-11-28;21;569
50;2025-11-28;22;317
50;2025-11-28;23;180
50;2025-11-29;0;6
50;2025-11-29;1;3
50;2025-11-29;2;0
50;2025-11-29;3;0
50;2025-11-29;4;1
50;2025-11-29;5;6
50;2025-11-29;6;6
50;2025-11-29;7;6
50;2025-11-29;8;6
50;2025-11-29;9;6
50;2025-11-29;10;6
50;2025-11-29;11;6
50;2025-11-29;12;6
50;2025-11-29;13;6
50;2025-11-29;14;6
50;2025-11-29;15;6
50;2025-11-29;16;6
50;2025-11-29;17;6
50;2025-11-29;18;6
50;2025-11-29;19;6
50;2025-11-29;20;6
50;2025-11-29;21;6
50;2025-11-29;22;6
50;2025-11-29;23;6
50;2025-11-30;0;6
50;2025-11-30;1;3
50;2025-11-30;2;0
50;2025-11-30;3;0
50;2025-11-30;4;1
50;2025-11-30;5;6
50;2025-11-30;6;6
50;2025-11-30;7;6
50;2025-11-30;8;6
50;2025-11-30;9;6
50;2025-11-30;10;6
50;2025-11-30;11;6
50;2025-11-30;12;6
50;2025-11-30;13;6
50;2025-11-30;14;6
50;2025-11-30;15;6
50;2025-11-30;16;6
50;2025-11-30;17;6
50;2025-11-30;18;6
50;2025-11-30;19;6
50;2025-11-30;20;6
50;2025-11-30;21;6
50;2025-11-30;22;6
50;2025-11-30;23;6
50;2025-12-01;0;30
50;2025-12-01;1;4
50;2025-12-01;2;0
50;2025-12-01;3;0
50;2025-12-01;4;3
50;2025-12-01;5;70
50;2025-12-01;6;548
50;2025-12-01;7;1835
50;2025-12-01;8;2836
50;2025-12-01;9;2193
50;2025-12-01;10;1687
50;2025-12-01;11;1584
50;2025-12-01;12;1421
50;2025-12-01;13;1455
50;2025-12-01;14;1394
50;2025-12-01;15;1634
50;2025-12-01;16;1697
50;2025-12-01;17;2430
50;2025-12-01;18;2571
50;2025-12-01;19;1527
50;2025-12-01;20;921
50;2025-12-01;21;620
50;2025-12-01;22;271
50;2025-12-01;23;126
50;2025-12-02;0;35
50;2025-12-02;1;2
50;2025-12-02;2;0
50;2025-12-02;3;0
50;2025-12-02;4;2
50;2025-12-02;5;70
50;2025-12-02;6;593
50;2025-12-02;7;1852
50;2025-12-02;8;2907
50;2025-12-02;9;2274
50;2025-12-02;10;1724
50;2025-12-02;11;1624
50;2025-12-02;12;1561
50;2025-12-02;13;1537
50;2025-12-02;14;1459
50;2025-12-02;15;1689
50;2025-12-02;16;1739
50;2025-12-02;17;2435
50;2025-12-02;18;2684
50;2025-12-02;19;1570
50;2025-12-02;20;989
50;2025-12-02;21;645
50;2025-12-02;22;293
50;2025-12-02;23;134
50;2025-12-03;0;35
50;2025-12-03;1;4
50;2025-12-03;2;0
50;2025-12-03;3;0
50;2025-12-03;4;3
50;2025-12-03;5;73
50;2025-12-03;6;574
50;2025-12-03;7;1807
50;2025-12-03;8;2808
50;2025-12-03;9;2167
50;2025-12-03;10;1711
50;2025-12-03;11;1604
50;2025-12-03;12;1519
50;2025-12-03;13;1550
50;2025-12-03;14;1467
50;2025-12-03;15;1744
50;2025-12-03;16;1764
50;2025-12-03;17;2496
50;2025-12-03;18;2565
50;2025-12-03;19;1562
50;2025-12-03;20;898
50;2025-12-03;21;638
50;2025-12-03;22;299
50;2025-12-03;23;146
50;2025-12-04;0;40
50;2025-12-04;1;2
50;2025-12-04;2;0
50;2025-12-04;3;0
50;2025-12-04;4;2
50;2025-12-04;5;72
50;2025-12-04;6;575
50;2025-12-04;7;1825
50;2025-12-04;8;2757
50;2025-12-04;9;2201
50;2025-12-04;10;1730
50;2025-12-04;11;1572
50;2025-12-04;12;1535
50;2025-12-04;13;1516
50;2025-12-04;14;1441
50;2025-12-04;15;1639
50;2025-12-04;16;1882
50;2025-12-04;17;2408
50;2025-12-04;18;2572
50;2025-12-04;19;1548
50;2025-12-04;20;978
50;2025-12-04;21;692
50;2025-12-04;22;304
50;2025-12-04;23;160
50;2025-12-05;0;42
50;2025-12-05;1;3
50;2025-12-05;2;0
50;2025-12-05;3;0
50;2025-12-05;4;2
50;2025-12-05;5;69
50;2025-12-05;6;575
50;2025-12-05;7;1782
50;2025-12-05;8;2741
50;2025-12-05;9;2117
50;2025-12-05;10;1600
50;2025-12-05;11;1679
50;2025-12-05;12;1573
50;2025-12-05;13;1519
50;2025-12-05;14;1459
50;2025-12-05;15;1797
50;2025-12-05;16;2101
50;2025-12-05;17;2237
50;2025-12-05;18;1866
50;2025-12-05;19;1276
50;2025-12-05;20;843
50;2025-12-05;21;569
50;2025-12-05;22;317
50;2025-12-05;23;180
50;2025-12-06;0;6
50;2025-12-06;1;3
50;2025-12-06;2;0
50;2025-12-06;3;0
50;2025-12-06;4;1
50;2025-12-06;5;6
50;2025-12-06;6;6
50;2025-12-06;7;6
50;2025-12-06;8;6
50;2025-12-06;9;6
50;2025-12-06;10;6
50;2025-12-06;11;6
50;2025-12-06;12;6
50;2025-12-06;13;6
50;2025-12-06;14;6
50;2025-12-06;15;6
50;2025-12-06;16;6
50;2025-12-06;17;6
50;2025-12-06;18;6
50;2025-12-06;19;6
50;2025-12-06;20;6
50;2025-12-06;21;6
50;2025-12-06;22;6
50;2025-12-06;23;6
50;2025-12-07;0;6
50;2025-12-07;1;3
50;2025-12-07;2;0
50;2025-12-07;3;0
50;2025-12-07;4;1
50;2025-12-07;5;6
50;2025-12-07;6;6
50;2025-12-07;7;6
50;2025-12-07;8;6
50;2025-12-07;9;6
50;2025-12-07;10;6
50;2025-12-07;11;6
50;2025-12-07;12;6
50;2025-12-07;13;6
50;2025-12-07;14;6
50;2025-12-07;15;6
50;2025-12-07;16;6
50;2025-12-07;17;6
50;2025-12-07;18;6
50;2025-12-07;19;6
50;2025-12-07;20;6
50;2025-12-07;21;6
50;2025-12-07;22;6
50;2025-12-07;23;6
50;2025-12-08;0;30
50;2025-12-08;1;4
50;2025-12-08;2;0
50;2025-12-08;3;0
50;2025-12-08;4;3
50;2025-12-08;5;70
50;2025-12-08;6;548
50;2025-12-08;7;1835
50;2025-12-08;8;2836
50;2025-12-08;9;2193
50;2025-12-08;10;1687
50;2025-12-08;11;1584
50;2025-12-08;12;1421
50;2025-12-08;13;1455
50;2025-12-08;14;1394
50;2025-12-08;15;1634
50;2025-12-08;16;1697
50;2025-12-08;17;2430
50;2025-12-08;18;2571
50;2025-12-08;19;1527
50;2025-12-08;20;921
50;2025-12-08;21;620
50;2025-12-08;22;271
50;2025-12-08;23;126
50;2025-12-09;0;35
50;2025-12-09;1;2
50;2025-12-09;2;0
50;2025-12-09;3;0
50;2025-12-09;4;2
50;2025-12-09;5;70
50;2025-12-09;6;593
50;2025-12-09;7;1852
50;2025-12-09;8;2907
50;2025-12-09;9;2274
50;2025-12-09;10;1724
50;2025-12-09;11;1624
50;2025-12-09;12;1561
50;2025-12-09;13;1537
50;2025-12-09;14;1459
50;2025-12-09;15;1689
50;2025-12-09;16;1739
50;2025-12-09;17;2435
50;2025-12-09;18;2684
50;2025-12-09;19;1570
50;2025-12-09;20;989
50;2025-12-09;21;645
50;2025-12-09;22;293
50;2025-12-09;23;134
50;2025-12-10;0;35
50;2025-12-10;1;4
50;2025-12-10;2;0
50;2025-12-10;3;0
50;2025-12-10;4;3
50;2025-12-10;5;73
50;2025-12-10;6;574
50;2025-12-10;7;1807
50;2025-12-10;8;2808
50;2025-12-10;9;2167
50;2025-12-10;10;1711
50;2025-12-10;11;1604
50;2025-12-10;12;1519
50;2025-12-10;13;1550
50;2025-12-10;14;1467
50;2025-12-10;15;1744
50;2025-12-10;16;1764
50;2025-12-10;17;2496
50;2025-12-10;18;2565
50;2025-12-10;19;1562
50;2025-12-10;20;898
50;2025-12-10;21;638
50;2025-12-10;22;299
50;2025-12-10;23;146
50;2025-12-11;0;40
50;2025-12-11;1;2
50;2025-12-11;2;0
50;2025-12-11;3;0
50;2025-12-11;4;2
50;2025-12-11;5;72
50;2025-12-11;6;575
50;2025-12-11;7;1825
50;2025-12-11;8;2757
50;2025-12-11;9;2201
50;2025-12-11;10;1730
50;2025-12-11;11;1572
50;2025-12-11;12;1535
50;2025-12-11;13;1516
50;2025-12-11;14;1441
50;2025-12-11;15;1639
50;2025-12-11;16;1882
50;2025-12-11;17;2408
50;2025-12-11;18;2572
50;2025-12-11;19;1548
50;2025-12-11;20;978
50;2025-12-11;21;692
50;2025-12-11;22;304
50;2025-12-11;23;160
50;2025-12-12;0;42
50;2025-12-12;1;3
50;2025-12-12;2;0
50;2025-12-12;3;0
50;2025-12-12;4;2
50;2025-12-12;5;69
50;2025-12-12;6;575
50;2025-12-12;7;1782
50;2025-12-12;8;2741
50;2025-12-12;9;2117
50;2025-12-12;10;1600
50;2025-12-12;11;1679
50;2025-12-12;12;1573
50;2025-12-12;13;1519
50;2025-12-12;14;1459
50;2025-12-12;15;1797
50;2025-12-12;16;2101
50;2025-12-12;17;2237
50;2025-12-12;18;1866
50;2025-12-12;19;1276
50;2025-12-12;20;843
50;2025-12-12;21;569
50;2025-12-12;22;317
50;2025-12-12;23;180
50;2025-12-13;0;6
50;2025-12-13;1;3
50;2025-12-13;2;0
50;2025-12-13;3;0
50;2025-12-13;4;1
50;2025-12-13;5;6
50;2025-12-13;6;6
50;2025-12-13;7;6
50;2025-12-13;8;6
50;2025-12-13;9;6
50;2025-12-13;10;6
50;2025-12-13;11;6
50;2025-12-13;12;6
50;2025-12-13;13;6
50;2025-12-13;14;6
50;2025-12-13;15;6
50;2025-12-13;16;6
50;2025-12-13;17;6
50;2025-12-13;18;6
50;2025-12-13;19;6
50;2025-12-13;20;6
50;2025-12-13;21;6
50;2025-12-13;22;6
50;2025-12-13;23;6
50;2025-12-14;0;6
50;2025-12-14;1;3
50;2025-12-14;2;0
50;2025-12-14;3;0
50;2025-12-14;4;1
50;2025-12-14;5;6
50;2025-12-14;6;6
50;2025-12-14;7;6
50;2025-12-14;8;6
50;2025-12-14;9;6
50;2025-12-14;10;6
50;2025-12-14;11;6
50;2025-12-14;12;6
50;2025-12-14;13;6
50;2025-12-14;14;6
50;2025-12-14;15;6
50;2025-12-14;16;6
50;2025-12-14;17;6
50;2025-12-14;18;6
50;2025-12-14;19;6
50;2025-12-14;20;6
50;2025-12-14;21;6
50;2025-12-14;22;6
50;2025-12-14;23;6
50;2025-12-15;0;30
50;2025-12-15;1;4
50;2025-12-15;2;0
50;2025-12-15;3;0
50;2025-12-15;4;3
50;2025-12-15;5;70
50;2025-12-15;6;548
50;2025-12-15;7;1835
50;2025-12-15;8;2836
50;2025-12-15;9;2193
50;2025-12-15;10;1687
50;2025-12-15;11;1584
50;2025-12-15;12;1421
50;2025-12-15;13;1455
50;2025-12-15;14;1394
50;2025-12-15;15;1634
50;2025-12-15;16;1697
50;2025-12-15;17;2430
50;2025-12-15;18;2571
50;2025-12-15;19;1527
50;2025-12-15;20;921
50;2025-12-15;21;620
50;2025-12-15;22;271
50;2025-12-15;23;126
50;2025-12-16;0;35
50;2025-12-16;1;2
50;2025-12-16;2;0
50;2025-12-16;3;0
50;2025-12-16;4;2
50;2025-12-16;5;70
50;2025-12-16;6;593
50;2025-12-16;7;1852
50;2025-12-16;8;2907
50;2025-12-16;9;2274
50;2025-12-16;10;1724
50;2025-12-16;11;1624
50;2025-12-16;12;1561
50;2025-12-16;13;1537
50;2025-12-16;14;1459
50;2025-12-16;15;1689
50;2025-12-16;16;1739
50;2025-12-16;17;2435
50;2025-12-16;18;2684
50;2025-12-16;19;1570
50;2025-12-16;20;989
50;2025-12-16;21;645
50;2025-12-16;22;293
50;2025-12-16;23;134
50;2025-12-17;0;35
50;2025-12-17;1;4
50;2025-12-17;2;0
50;2025-12-17;3;0
50;2025-12-17;4;3
50;2025-12-17;5;73
50;2025-12-17;6;574
50;2025-12-17;7;1807
50;2025-12-17;8;2808
50;2025-12-17;9;2167
50;2025-12-17;10;1711
50;2025-12-17;11;1604
50;2025-12-17;12;1519
50;2025-12-17;13;1550
50;2025-12-17;14;1467
50;2025-12-17;15;1744
50;2025-12-17;16;1764
50;2025-12-17;17;2496
50;2025-12-17;18;2565
50;2025-12-17;19;1562
50;2025-12-17;20;898
50;2025-12-17;21;638
50;2025-12-17;22;299
50;2025-12-17;23;146
50;2025-12-18;0;40
50;2025-12-18;1;2
50;2025-12-18;2;0
50;2025-12-18;3;0
50;2025-12-18;4;2
50;2025-12-18;5;72
50;2025-12-18;6;575
50;2025-12-18;7;1825
50;2025-12-18;8;2757
50;2025-12-18;9;2201
50;2025-12-18;10;1730
50;2025-12-18;11;1572
50;2025-12-18;12;1535
50;2025-12-18;13;1516
50;2025-12-18;14;1441
50;2025-12-18;15;1639
50;2025-12-18;16;1882
50;2025-12-18;17;2408
50;2025-12-18;18;2572
50;2025-12-18;19;1548
50;2025-12-18;20;978
50;2025-12-18;21;692
50;2025-12-18;22;304
50;2025-12-18;23;160
50;2025-12-19;0;42
50;2025-12-19;1;3
50;2025-12-19;2;0
50;2025-12-19;3;0
50;2025-12-19;4;2
50;2025-12-19;5;69
50;2025-12-19;6;575
50;2025-12-19;7;1782
50;2025-12-19;8;2741
50;2025-12-19;9;2117
50;2025-12-19;10;1600
50;2025-12-19;11;1679
50;2025-12-19;12;1573
50;2025-12-19;13;1519
50;2025-12-19;14;1459
50;2025-12-19;15;1797
50;2025-12-19;16;2101
50;2025-12-19;17;2237
50;2025-12-19;18;1866
50;2025-12-19;19;1276
50;2025-12-19;20;843
50;2025-12-19;21;569
50;2025-12-19;22;317
50;2025-12-19;23;180
50;2025-12-20;0;6
50;2025-12-20;1;3
50;2025-12-20;2;0
50;2025-12-20;3;0
50;2025-12-20;4;1
50;2025-12-20;5;6
50;2025-12-20;6;6
50;2025-12-20;7;6
50;2025-12-20;8;6
50;2025-12-20;9;6
50;2025-12-20;10;6
50;2025-12-20;11;6
50;2025-12-20;12;6
50;2025-12-20;13;6
50;2025-12-20;14;6
50;2025-12-20;15;6
50;2025-12-20;16;6
50;2025-12-20;17;6
50;2025-12-20;18;6
50;2025-12-20;19;6
50;2025-12-20;20;6
50;2025-12-20;21;6
50;2025-12-20;22;6
50;2025-12-20;23;6
50;2025-12-21;0;6
50;2025-12-21;1;3
50;2025-12-21;2;0
50;2025-12-21;3;0
50;2025-12-21;4;1
50;2025-12-21;5;6
50;2025-12-21;6;6
50;2025-12-21;7;6
50;2025-12-21;8;6
50;2025-12-21;9;6
50;2025-12-21;10;6
50;2025-12-21;11;6
50;2025-12-21;12;6
50;2025-12-21;13;6
50;2025-12-21;14;6
50;2025-12-21;15;6
50;2025-12-21;16;6
50;2025-12-21;17;6
50;2025-12-21;18;6
50;2025-12-21;19;6
50;2025-12-21;20;6
50;2025-12-21;21;6
50;2025-12-21;22;6
50;2025-12-21;23;6
50;2025-12-22;0;30
50;2025-12-22;1;4
50;2025-12-22;2;0
50;2025-12-22;3;0
50;2025-12-22;4;3
50;2025-12-22;5;70
50;2025-12-22;6;548
50;2025-12-22;7;1835
50;2025-12-22;8;2836
50;2025-12-22;9;2193
50;2025-12-22;10;1687
50;2025-12-22;11;1584
50;2025-12-22;12;1421
50;2025-12-22;13;1455
50;2025-12-22;14;1394
50;2025-12-22;15;1634
50;2025-12-22;16;1697
50;2025-12-22;17;2430
50;2025-12-22;18;2571
50;2025-12-22;19;1527
50;2025-12-22;20;921
50;2025-12-22;21;620
50;2025-12-22;22;271
50;2025-12-22;23;126
50;2025-12-23;0;35
50;2025-12-23;1;2
50;2025-12-23;2;0
50;2025-12-23;3;0
50;2025-12-23;4;2
50;2025-12-23;5;70
50;2025-12-23;6;593
50;2025-12-23;7;1852
50;2025-12-23;8;2907
50;2025-12-23;9;2274
50;2025-12-23;10;1724
50;2025-12-23;11;1624
50;2025-12-23;12;1561
50;2025-12-23;13;1537
50;2025-12-23;14;1459
50;2025-12-23;15;1689
50;2025-12-23;16;1739
50;2025-12-23;17;2435
50;2025-12-23;18;2684
50;2025-12-23;19;1570
50;2025-12-23;20;989
50;2025-12-23;21;645
50;2025-12-23;22;293
50;2025-12-23;23;134
50;2025-12-24;0;35
50;2025-12-24;1;4
50;2025-12-24;2;0
50;2025-12-24;3;0
50;2025-12-24;4;3
50;2025-12-24;5;73
50;2025-12-24;6;574
50;2025-12-24;7;1807
50;2025-12-24;8;2808
50;2025-12-24;9;2167
50;2025-12-24;10;1711
50;2025-12-24;11;1604
50;2025-12-24;12;1519
50;2025-12-24;13;1550
50;2025-12-24;14;1467
50;2025-12-24;15;1744
50;2025-12-24;16;1764
50;2025-12-24;17;2496
50;2025-12-24;18;2565
50;2025-12-24;19;1562
50;2025-12-24;20;898
50;2025-12-24;21;638
50;2025-12-24;22;299
50;2025-12-24;23;146
50;2025-12-25;0;40
50;2025-12-25;1;2
50;2025-12-25;2;0
50;2025-12-25;3;0
50;2025-12-25;4;2
50;2025-12-25;5;72
50;2025-12-25;6;575
50;2025-12-25;7;1825
50;2025-12-25;8;2757
50;2025-12-25;9;2201
50;2025-12-25;10;1730
50;2025-12-25;11;1572
50;2025-12-25;12;1535
50;2025-12-25;13;1516
50;2025-12-25;14;1441
50;2025-12-25;15;1639
50;2025-12-25;16;1882
50;2025-12-25;17;2408
50;2025-12-25;18;2572
50;2025-12-25;19;1548
50;2025-12-25;20;978
50;2025-12-25;21;692
50;2025-12-25;22;304
50;2025-12-25;23;160
50;2025-12-26;0;42
50;2025-12-26;1;3
50;2025-12-26;2;0
50;2025-12-26;3;0
50;2025-12-26;4;2
50;2025-12-26;5;69
50;2025-12-26;6;575
50;2025-12-26;7;1782
50;2025-12-26;8;2741
50;2025-12-26;9;2117
50;2025-12-26;10;1600
50;2025-12-26;11;1679
50;2025-12-26;12;1573
50;2025-12-26;13;1519
50;2025-12-26;14;1459
50;2025-12-26;15;1797
50;2025-12-26;16;2101
50;2025-12-26;17;2237
50;2025-12-26;18;1866
50;2025-12-26;19;1276
50;2025-12-26;20;843
50;2025-12-26;21;569
50;2025-12-26;22;317
50;2025-12-26;23;180
50;2025-12-27;0;6
50;2025-12-27;1;3
50;2025-12-27;2;0
50;2025-12-27;3;0
50;2025-12-27;4;1
50;2025-12-27;5;6
50;2025-12-27;6;6
50;2025-12-27;7;6
50;2025-12-27;8;6
50;2025-12-27;9;6
50;2025-12-27;10;6
50;2025-12-27;11;6
50;2025-12-27;12;6
50;2025-12-27;13;6
50;2025-12-27;14;6
50;2025-12-27;15;6
50;2025-12-27;16;6
50;2025-12-27;17;6
50;2025-12-27;18;6
50;2025-12-27;19;6
50;2025-12-27;20;6
50;2025-12-27;21;6
50;2025-12-27;22;6
50;2025-12-27;23;6
50;2025-12-28;0;6
50;2025-12-28;1;3
50;2025-12-28;2;0
50;2025-12-28;3;0
50;2025-12-28;4;1
50;2025-12-28;5;6
50;2025-12-28;6;6
50;2025-12-28;7;6
50;2025-12-28;8;6
50;2025-12-28;9;6
50;2025-12-28;10;6
50;2025-12-28;11;6
50;2025-12-28;12;6
50;2025-12-28;13;6
50;2025-12-28;14;6
50;2025-12-28;15;6
50;2025-12-28;16;6
50;2025-12-28;17;6
50;2025-12-28;18;6
50;2025-12-28;19;6
50;2025-12-28;20;6
50;2025-12-28;21;6
50;2025-12-28;22;6
50;2025-12-28;23;6
50;2025-12-29;0;30
50;2025-12-29;1;4
50;2025-12-29;2;0
50;2025-12-29;3;0
50;2025-12-29;4;3
50;2025-12-29;5;70
50;2025-12-29;6;548
50;2025-12-29;7;1835
50;2025-12-29;8;2836
50;2025-12-29;9;2193
50;2025-12-29;10;1687
50;2025-12-29;11;1584
50;2025-12-29;12;1421
50;2025-12-29;13;1455
50;2025-12-29;14;1394
50;2025-12-29;15;1634
50;2025-12-29;16;1697
50;2025-12-29;17;2430
50;2025-12-29;18;2571
50;2025-12-29;19;1527
50;2025-12-29;20;921
50;2025-12-29;21;620
50;2025-12-29;22;271
50;2025-12-29;23;126
50;2025-12-30;0;35
50;2025-12-30;1;2
50;2025-12-30;2;0
50;2025-12-30;3;0
50;2025-12-30;4;2
50;2025-12-30;5;70
50;2025-12-30;6;593
50;2025-12-30;7;1852
50;2025-12-30;8;2907
50;2025-12-30;9;2274
50;2025-12-30;10;1724
50;2025-12-30;11;1624
50;2025-12-30;12;1561
50;2025-12-30;13;1537
50;2025-12-30;14;1459
50;2025-12-30;15;1689
50;2025-12-30;16;1739
50;2025-12-30;17;2435
50;2025-12-30;18;2684
50;2025-12-30;19;1570
50;2025-12-30;20;989
50;2025-12-30;21;645
50;2025-12-30;22;293
50;2025-12-30;23;134
50;2025-12-31;0;7
50;2025-12-31;1;4
50;2025-12-31;2;0
50;2025-12-31;3;0
50;2025-12-31;4;1
50;2025-12-31;5;7
50;2025-12-31;6;7
50;2025-12-31;7;7
50;2025-12-31;8;7
50;2025-12-31;9;7
50;2025-12-31;10;7
50;2025-12-31;11;7
50;2025-12-31;12;7
50;2025-12-31;13;7
50;2025-12-31;14;7
50;2025-12-31;15;7
50;2025-12-31;16;7
50;2025-12-31;17;7
50;2025-12-31;18;7
50;2025-12-31;19;7
50;2025-12-31;20;7
50;2025-12-31;21;7
50;2025-12-31;22;7
50;2025-12-31;23;7
